 
================ Simulation Parameters ================
----------- Mesh Parameters -----------
nx = 8
ny = 12
nz = 12
Lx = 1
Ly = 1
Lz = 1
clusterY = 2
clusterZ = 2
 
------ Timestepping Parameters --------
t_final = 0.3
dt = 0.05
vis_steps = 1
 
------ Dimensionless Parameters -------
Re = 10
Ha = 10
kappa = 10
=======================================================
 
 
=============== Finite Element Spaces =================
dim(j) = 28992
dim(phi) = 1152
dim(j+phi) = 30144
dim(u) = 31875
dim(p) = 1521
dim(u+p) = 33396
dim(j+phi+u+p) = 63540
=======================================================
 
Time step 0, time = 0, time elapsed = 17.2986
   Pass :  1   Iteration :   0  || r || = 20.6176


 Num MPI tasks = 1

 Num OpenMP threads = 12


BoomerAMG SETUP PARAMETERS:

 Max levels = 25
 Num levels = 6

 Strength Threshold = 0.700000
 Interpolation Truncation Factor = 0.000000
 Maximum Row Sum Threshold for Dependency Weakening = 0.900000

 Coarsening Type = HMIS 

 No. of levels of aggressive coarsening: 1

 Interpolation on agg. levels= multipass interpolation
 measures are determined locally


 No global partition option chosen.

 Interpolation = extended+i interpolation

Operator Matrix Information:

             nonzero            entries/row          row sums
lev    rows  entries sparse   min  max     avg      min         max
======================================================================
  0    1521    34225  0.015     8   27    22.5  -1.769e-16   1.874e-16
  1     469    21529  0.098    13  138    45.9  -7.349e-16   6.180e-16
  2     176     9080  0.293    11  154    51.6  -7.631e-16   1.280e-15
  3      55     1569  0.519    11   55    28.5  -5.148e-15   1.166e-15
  4      13      133  0.787     4   13    10.2  -1.964e-15   4.483e-15
  5       1        1  1.000     1    1     1.0  -4.324e-15  -4.324e-15


Interpolation Matrix Information:
                    entries/row        min        max            row sums
lev  rows x cols  min  max  avgW     weight      weight       min         max
================================================================================
  0  1521 x 469     1   21   2.7   1.348e-02   1.000e+00   1.000e+00   1.000e+00
  1   469 x 176     1    4   2.9  -1.786e-01   1.000e+00   1.000e+00   1.000e+00
  2   176 x 55      1    4   2.5  -2.501e-01   1.000e+00   1.000e+00   1.000e+00
  3    55 x 13      1    4   1.9   5.690e-02   1.000e+00   1.000e+00   1.000e+00
  4    13 x 1       1    1   1.0   1.000e+00   1.000e+00   1.000e+00   1.000e+00


     Complexity:   grid = 1.469428
               operator = 1.944105
                 memory = 2.085259




BoomerAMG SOLVER PARAMETERS:

  Maximum number of cycles:         2 
  Stopping Tolerance:               0.000000e+00 
  Cycle type (1 = V, 2 = W, etc.):  1

  Relaxation Parameters:
   Visiting Grid:                     down   up  coarse
            Number of sweeps:            1    1     1 
   Type 0=Jac, 3=hGS, 6=hSGS, 9=GE:      6    6     9 
   Point types, partial sweeps (1=C, -1=F):
                  Pre-CG relaxation (down):   0
                   Post-CG relaxation (up):   0
                             Coarsest grid:   0

||yp|| = 0
||xi|| = 0
||eta|| = 0
||yp|| = 0
||yphi|| = 0.00235831
||BtYp|| = 0
||ru|| = 1
||yu|| = 1.3187
||GtYphi|| = 0.0539057
||KtYu|| = 0.207501
||rj|| = 0.214392
||yj|| = 0.0096694
||rphi|| = 1.16568e-05
||rp|| = 0
||y|| = 1.31873
   Pass :  1   Iteration :   1  || r || = 1.95868
||yp|| = 38.4886
||xi|| = 34.4413
||eta|| = 0.523856
||yp|| = 38.4886
||yphi|| = 0.932601
||BtYp|| = 0.0778398
||ru|| = 0.0781617
||yu|| = 8.64404
||GtYphi|| = 3.15747
||KtYu|| = 1.77222
||rj|| = 3.83591
||yj|| = 0.128901
||rphi|| = 0.00599302
||rp|| = 0.00604446
||y|| = 39.4586
   Pass :  1   Iteration :   2  || r || = 1.5324
||yp|| = 53.9933
||xi|| = 48.9764
||eta|| = 0.301824
||yp|| = 53.9933
||yphi|| = 0.344812
||BtYp|| = 0.169009
||ru|| = 0.170224
||yu|| = 13.0439
||GtYphi|| = 1.65111
||KtYu|| = 2.86076
||rj|| = 3.54287
||yj|| = 0.192657
||rphi|| = 0.00207316
||rp|| = 0.00703642
||y|| = 55.548
   Pass :  1   Iteration :   3  || r || = 1.40882
||yp|| = 147.262
||xi|| = 133.738
||eta|| = 0.177622
||yp|| = 147.262
||yphi|| = 0.265996
||BtYp|| = 0.487601
||ru|| = 0.490307
||yu|| = 35.9798
||GtYphi|| = 1.95655
||KtYu|| = 7.64591
||rj|| = 8.39631
||yj|| = 0.523622
||rphi|| = 0.00190209
||rp|| = 0.0161494
||y|| = 151.595
   Pass :  1   Iteration :   4  || r || = 1.33926
||yp|| = 152.279
||xi|| = 138.179
||eta|| = 0.288218
||yp|| = 152.279
||yphi|| = 0.719133
||BtYp|| = 0.675673
||ru|| = 0.679676
||yu|| = 53.8476
||GtYphi|| = 2.44578
||KtYu|| = 11.3692
||rj|| = 12.3506
||yj|| = 0.853323
||rphi|| = 0.00572204
||rp|| = 0.0259271
||y|| = 161.523
   Pass :  1   Iteration :   5  || r || = 1.10011
||yp|| = 273.913
||xi|| = 248.83
||eta|| = 0.290842
||yp|| = 273.913
||yphi|| = 0.457472
||BtYp|| = 1.02008
||ru|| = 1.0225
||yu|| = 76.8145
||GtYphi|| = 2.43993
||KtYu|| = 10.9328
||rj|| = 11.8064
||yj|| = 0.794273
||rphi|| = 0.00353878
||rp|| = 0.0358366
||y|| = 284.482
   Pass :  1   Iteration :   6  || r || = 0.922945
||yp|| = 269.93
||xi|| = 245.147
||eta|| = 0.338965
||yp|| = 269.93
||yphi|| = 0.287448
||BtYp|| = 1.36
||ru|| = 1.36154
||yu|| = 98.7237
||GtYphi|| = 1.35123
||KtYu|| = 10.9877
||rj|| = 11.652
||yj|| = 0.784513
||rphi|| = 0.00248846
||rp|| = 0.0487241
||y|| = 287.418
   Pass :  1   Iteration :   7  || r || = 0.87335
||yp|| = 363.744
||xi|| = 330.457
||eta|| = 0.466658
||yp|| = 363.744
||yphi|| = 0.46891
||BtYp|| = 2.23109
||ru|| = 2.23179
||yu|| = 119.165
||GtYphi|| = 2.32849
||KtYu|| = 10.7976
||rj|| = 11.7095
||yj|| = 0.691853
||rphi|| = 0.00386799
||rp|| = 0.0654515
||y|| = 382.767
   Pass :  1   Iteration :   8  || r || = 0.869777
||yp|| = 676.773
||xi|| = 614.994
||eta|| = 0.280102
||yp|| = 676.773
||yphi|| = 0.224289
||BtYp|| = 4.0912
||ru|| = 4.09233
||yu|| = 179.13
||GtYphi|| = 1.91384
||KtYu|| = 15.1999
||rj|| = 16.1342
||yj|| = 1.11156
||rphi|| = 0.00178733
||rp|| = 0.0992581
||y|| = 700.079
   Pass :  1   Iteration :   9  || r || = 0.864523
||yp|| = 574.068
||xi|| = 521.617
||eta|| = 0.239265
||yp|| = 574.068
||yphi|| = 0.641263
||BtYp|| = 3.00612
||ru|| = 3.00719
||yu|| = 137.156
||GtYphi|| = 2.42693
||KtYu|| = 11.5853
||rj|| = 12.5077
||yj|| = 0.859711
||rphi|| = 0.00472371
||rp|| = 0.0701573
||y|| = 590.226
   Pass :  1   Iteration :  10  || r || = 0.860832
||yp|| = 482.715
||xi|| = 438.592
||eta|| = 0.271305
||yp|| = 482.715
||yphi|| = 0.948206
||BtYp|| = 2.96668
||ru|| = 2.96739
||yu|| = 130.151
||GtYphi|| = 2.91515
||KtYu|| = 10.7285
||rj|| = 11.5541
||yj|| = 0.813439
||rphi|| = 0.00729788
||rp|| = 0.0702978
||y|| = 499.955
   Pass :  1   Iteration :  11  || r || = 0.860526
||yp|| = 688.484
||xi|| = 625.698
||eta|| = 0.235851
||yp|| = 688.484
||yphi|| = 0.805844
||BtYp|| = 4.44339
||ru|| = 4.44412
||yu|| = 185.629
||GtYphi|| = 2.56958
||KtYu|| = 13.6487
||rj|| = 14.6445
||yj|| = 0.96777
||rphi|| = 0.00648481
||rp|| = 0.105283
||y|| = 713.07
   Pass :  1   Iteration :  12  || r || = 0.834989
||yp|| = 532.689
||xi|| = 484.018
||eta|| = 0.23322
||yp|| = 532.689
||yphi|| = 0.531532
||BtYp|| = 3.24623
||ru|| = 3.24717
||yu|| = 146.653
||GtYphi|| = 2.17974
||KtYu|| = 12.4541
||rj|| = 13.3034
||yj|| = 0.849889
||rphi|| = 0.00423702
||rp|| = 0.0772724
||y|| = 552.509
   Pass :  1   Iteration :  13  || r || = 0.80646
||yp|| = 413.093
||xi|| = 375.34
||eta|| = 0.298117
||yp|| = 413.093
||yphi|| = 0.825796
||BtYp|| = 2.47156
||ru|| = 2.47258
||yu|| = 118.695
||GtYphi|| = 2.65098
||KtYu|| = 12.3107
||rj|| = 13.293
||yj|| = 0.922923
||rphi|| = 0.0061425
||rp|| = 0.0633904
||y|| = 429.809
   Pass :  1   Iteration :  14  || r || = 0.763614
||yp|| = 520.523
||xi|| = 472.947
||eta|| = 0.300932
||yp|| = 520.523
||yphi|| = 0.60405
||BtYp|| = 3.10135
||ru|| = 3.10232
||yu|| = 137.867
||GtYphi|| = 2.58246
||KtYu|| = 11.5748
||rj|| = 12.4675
||yj|| = 0.872681
||rphi|| = 0.00414084
||rp|| = 0.0751836
||y|| = 538.472
   Pass :  1   Iteration :  15  || r || = 0.751627
||yp|| = 830.636
||xi|| = 754.845
||eta|| = 0.265961
||yp|| = 830.636
||yphi|| = 0.311668
||BtYp|| = 5.60309
||ru|| = 5.60358
||yu|| = 228.913
||GtYphi|| = 1.72838
||KtYu|| = 14.4704
||rj|| = 15.2533
||yj|| = 0.992361
||rphi|| = 0.00280666
||rp|| = 0.132669
||y|| = 861.602
   Pass :  1   Iteration :  16  || r || = 0.749452
||yp|| = 416.825
||xi|| = 378.748
||eta|| = 0.224737
||yp|| = 416.825
||yphi|| = 0.207837
||BtYp|| = 2.56396
||ru|| = 2.56523
||yu|| = 115.502
||GtYphi|| = 1.59875
||KtYu|| = 11.8143
||rj|| = 12.6948
||yj|| = 0.895641
||rphi|| = 0.00153752
||rp|| = 0.0638466
||y|| = 432.533
   Pass :  1   Iteration :  17  || r || = 0.736881
||yp|| = 708.397
||xi|| = 643.691
||eta|| = 0.368149
||yp|| = 708.397
||yphi|| = 0.398575
||BtYp|| = 4.17407
||ru|| = 4.17453
||yu|| = 188.472
||GtYphi|| = 1.88191
||KtYu|| = 14.6251
||rj|| = 15.326
||yj|| = 0.992883
||rphi|| = 0.00305627
||rp|| = 0.0991014
||y|| = 733.041
   Pass :  1   Iteration :  18  || r || = 0.735348
||yp|| = 554.495
||xi|| = 503.874
||eta|| = 0.28521
||yp|| = 554.495
||yphi|| = 0.342571
||BtYp|| = 3.49022
||ru|| = 3.49123
||yu|| = 151.86
||GtYphi|| = 1.62585
||KtYu|| = 12.0797
||rj|| = 12.8496
||yj|| = 0.78523
||rphi|| = 0.00251762
||rp|| = 0.0853002
||y|| = 574.915
   Pass :  1   Iteration :  19  || r || = 0.718861
||yp|| = 595.556
||xi|| = 541.208
||eta|| = 0.297108
||yp|| = 595.556
||yphi|| = 0.782455
||BtYp|| = 3.99986
||ru|| = 4.00073
||yu|| = 177.817
||GtYphi|| = 2.44297
||KtYu|| = 14.1822
||rj|| = 15.0574
||yj|| = 1.07596
||rphi|| = 0.00642097
||rp|| = 0.106198
||y|| = 621.537
   Pass :  1   Iteration :  20  || r || = 0.698135
||yp|| = 445.399
||xi|| = 404.653
||eta|| = 0.261864
||yp|| = 445.399
||yphi|| = 0.342775
||BtYp|| = 2.25423
||ru|| = 2.25585
||yu|| = 111.077
||GtYphi|| = 1.74265
||KtYu|| = 11.8577
||rj|| = 12.5994
||yj|| = 0.895595
||rphi|| = 0.00282606
||rp|| = 0.0577632
||y|| = 459.042
   Pass :  1   Iteration :  21  || r || = 0.690515
||yp|| = 603.234
||xi|| = 548.162
||eta|| = 0.247023
||yp|| = 603.234
||yphi|| = 0.400409
||BtYp|| = 3.99963
||ru|| = 4.00013
||yu|| = 169.747
||GtYphi|| = 1.9957
||KtYu|| = 12.3707
||rj|| = 13.2622
||yj|| = 0.864896
||rphi|| = 0.00290733
||rp|| = 0.0980269
||y|| = 626.663
   Pass :  1   Iteration :  22  || r || = 0.681502
||yp|| = 590.07
||xi|| = 536.147
||eta|| = 0.30448
||yp|| = 590.07
||yphi|| = 0.174977
||BtYp|| = 3.36756
||ru|| = 3.36875
||yu|| = 156.536
||GtYphi|| = 1.61403
||KtYu|| = 13.6271
||rj|| = 14.4672
||yj|| = 0.988622
||rphi|| = 0.00149568
||rp|| = 0.0847569
||y|| = 610.482
   Pass :  1   Iteration :  23  || r || = 0.666652
||yp|| = 510.209
||xi|| = 463.573
||eta|| = 0.312052
||yp|| = 510.209
||yphi|| = 0.294017
||BtYp|| = 2.33527
||ru|| = 2.33626
||yu|| = 112.795
||GtYphi|| = 2.32944
||KtYu|| = 13.7013
||rj|| = 14.7012
||yj|| = 0.902484
||rphi|| = 0.00210291
||rp|| = 0.0548348
||y|| = 522.529
   Pass :  1   Iteration :  24  || r || = 0.619139
||yp|| = 523.973
||xi|| = 476.079
||eta|| = 0.330119
||yp|| = 523.973
||yphi|| = 0.313277
||BtYp|| = 2.95116
||ru|| = 2.95259
||yu|| = 132.845
||GtYphi|| = 2.06354
||KtYu|| = 13.0193
||rj|| = 13.8692
||yj|| = 0.936034
||rphi|| = 0.00248905
||rp|| = 0.0738098
||y|| = 540.552
   Pass :  1   Iteration :  25  || r || = 0.543168
||yp|| = 413.074
||xi|| = 375.252
||eta|| = 0.260867
||yp|| = 413.074
||yphi|| = 0.148902
||BtYp|| = 1.45716
||ru|| = 1.45965
||yu|| = 97.5578
||GtYphi|| = 1.43158
||KtYu|| = 12.6462
||rj|| = 13.374
||yj|| = 1.00491
||rphi|| = 0.00122791
||rp|| = 0.0473258
||y|| = 424.439
   Pass :  1   Iteration :  26  || r || = 0.465842
||yp|| = 340.773
||xi|| = 309.591
||eta|| = 0.227112
||yp|| = 340.773
||yphi|| = 0.209613
||BtYp|| = 1.6359
||ru|| = 1.63736
||yu|| = 89.213
||GtYphi|| = 1.96832
||KtYu|| = 10.8356
||rj|| = 11.7532
||yj|| = 0.753686
||rphi|| = 0.00153956
||rp|| = 0.046622
||y|| = 352.259
   Pass :  1   Iteration :  27  || r || = 0.422353
||yp|| = 581.051
||xi|| = 528.007
||eta|| = 0.243053
||yp|| = 581.051
||yphi|| = 0.203369
||BtYp|| = 3.77797
||ru|| = 3.77879
||yu|| = 156.37
||GtYphi|| = 1.4122
||KtYu|| = 12.9343
||rj|| = 13.7573
||yj|| = 0.919794
||rphi|| = 0.00166099
||rp|| = 0.0925144
||y|| = 601.725
   Pass :  1   Iteration :  28  || r || = 0.377918
||yp|| = 434.842
||xi|| = 395.081
||eta|| = 0.262748
||yp|| = 434.842
||yphi|| = 0.162422
||BtYp|| = 1.96389
||ru|| = 1.96504
||yu|| = 100.127
||GtYphi|| = 1.64156
||KtYu|| = 10.478
||rj|| = 11.2307
||yj|| = 0.743442
||rphi|| = 0.00123153
||rp|| = 0.0516071
||y|| = 446.222
   Pass :  1   Iteration :  29  || r || = 0.360112
||yp|| = 615.741
||xi|| = 559.552
||eta|| = 0.245325
||yp|| = 615.741
||yphi|| = 0.184334
||BtYp|| = 3.60824
||ru|| = 3.60866
||yu|| = 159.7
||GtYphi|| = 1.85771
||KtYu|| = 12.9811
||rj|| = 13.7713
||yj|| = 0.922926
||rphi|| = 0.00153518
||rp|| = 0.0883131
||y|| = 636.115
   Pass :  1   Iteration :  30  || r || = 0.352233
||yp|| = 537.279
||xi|| = 488.128
||eta|| = 0.369375
||yp|| = 537.279
||yphi|| = 0.258459
||BtYp|| = 2.49357
||ru|| = 2.49541
||yu|| = 133.981
||GtYphi|| = 1.85211
||KtYu|| = 13.695
||rj|| = 14.5327
||yj|| = 0.998893
||rphi|| = 0.00205708
||rp|| = 0.0629778
||y|| = 553.734
   Pass :  1   Iteration :  31  || r || = 0.342845
||yp|| = 430.083
||xi|| = 390.759
||eta|| = 0.347017
||yp|| = 430.083
||yphi|| = 0.282957
||BtYp|| = 2.75676
||ru|| = 2.75753
||yu|| = 124.547
||GtYphi|| = 1.8726
||KtYu|| = 13.1462
||rj|| = 14.0484
||yj|| = 0.845934
||rphi|| = 0.00203667
||rp|| = 0.0723401
||y|| = 447.754
   Pass :  1   Iteration :  32  || r || = 0.335889
||yp|| = 367.097
||xi|| = 333.508
||eta|| = 0.234902
||yp|| = 367.097
||yphi|| = 0.324577
||BtYp|| = 2.04314
||ru|| = 2.04494
||yu|| = 101.337
||GtYphi|| = 1.80669
||KtYu|| = 11.284
||rj|| = 12.1155
||yj|| = 0.770292
||rphi|| = 0.00232008
||rp|| = 0.053966
||y|| = 380.828
   Pass :  1   Iteration :  33  || r || = 0.328244
||yp|| = 512.783
||xi|| = 465.897
||eta|| = 0.28029
||yp|| = 512.783
||yphi|| = 0.288825
||BtYp|| = 2.68185
||ru|| = 2.68277
||yu|| = 137.551
||GtYphi|| = 1.67186
||KtYu|| = 13.334
||rj|| = 14.1626
||yj|| = 0.957719
||rphi|| = 0.00220956
||rp|| = 0.0683673
||y|| = 530.912
   Pass :  1   Iteration :  34  || r || = 0.323792
||yp|| = 455.726
||xi|| = 414.087
||eta|| = 0.245283
||yp|| = 455.726
||yphi|| = 0.325415
||BtYp|| = 2.58061
||ru|| = 2.58165
||yu|| = 122.186
||GtYphi|| = 2.10745
||KtYu|| = 11.6896
||rj|| = 12.5157
||yj|| = 0.808301
||rphi|| = 0.00252799
||rp|| = 0.0642986
||y|| = 471.822
   Pass :  1   Iteration :  35  || r || = 0.321948
||yp|| = 510.639
||xi|| = 463.958
||eta|| = 0.253077
||yp|| = 510.639
||yphi|| = 0.561483
||BtYp|| = 3.03425
||ru|| = 3.03529
||yu|| = 134.577
||GtYphi|| = 2.10385
||KtYu|| = 12.2983
||rj|| = 13.1698
||yj|| = 0.916024
||rphi|| = 0.00440212
||rp|| = 0.0755727
||y|| = 528.076
   Pass :  1   Iteration :  36  || r || = 0.320973
||yp|| = 564.323
||xi|| = 512.802
||eta|| = 0.313038
||yp|| = 564.323
||yphi|| = 0.191583
||BtYp|| = 3.52761
||ru|| = 3.52852
||yu|| = 148.474
||GtYphi|| = 1.68282
||KtYu|| = 13.8732
||rj|| = 14.7595
||yj|| = 0.980737
||rphi|| = 0.0017275
||rp|| = 0.0858538
||y|| = 583.529
   Pass :  1   Iteration :  37  || r || = 0.320878
||yp|| = 468.763
||xi|| = 425.942
||eta|| = 0.336517
||yp|| = 468.763
||yphi|| = 0.513326
||BtYp|| = 2.63025
||ru|| = 2.63148
||yu|| = 122.232
||GtYphi|| = 2.21029
||KtYu|| = 11.9642
||rj|| = 12.7014
||yj|| = 0.776862
||rphi|| = 0.00391057
||rp|| = 0.0631817
||y|| = 484.438
   Pass :  1   Iteration :  38  || r || = 0.320866
||yp|| = 554.309
||xi|| = 503.678
||eta|| = 0.264999
||yp|| = 554.309
||yphi|| = 0.29877
||BtYp|| = 3.39142
||ru|| = 3.39175
||yu|| = 145.69
||GtYphi|| = 2.05828
||KtYu|| = 13.2165
||rj|| = 14.1109
||yj|| = 0.869219
||rphi|| = 0.00254275
||rp|| = 0.0839062
||y|| = 573.136
   Pass :  1   Iteration :  39  || r || = 0.320675
||yp|| = 669.394
||xi|| = 608.266
||eta|| = 0.279354
||yp|| = 669.394
||yphi|| = 0.285433
||BtYp|| = 3.70942
||ru|| = 3.71081
||yu|| = 159.209
||GtYphi|| = 1.80095
||KtYu|| = 13.7243
||rj|| = 14.4836
||yj|| = 0.964113
||rphi|| = 0.00280204
||rp|| = 0.0884674
||y|| = 688.068
   Pass :  1   Iteration :  40  || r || = 0.320569
||yp|| = 591.763
||xi|| = 537.699
||eta|| = 0.248769
||yp|| = 591.763
||yphi|| = 0.457026
||BtYp|| = 3.45018
||ru|| = 3.45056
||yu|| = 147.349
||GtYphi|| = 2.32861
||KtYu|| = 12.4805
||rj|| = 13.3313
||yj|| = 0.913968
||rphi|| = 0.00426358
||rp|| = 0.0821295
||y|| = 609.832
   Pass :  1   Iteration :  41  || r || = 0.318612
||yp|| = 578.365
||xi|| = 525.564
||eta|| = 0.288939
||yp|| = 578.365
||yphi|| = 0.529178
||BtYp|| = 3.91175
||ru|| = 3.91259
||yu|| = 157.913
||GtYphi|| = 2.5249
||KtYu|| = 12.1773
||rj|| = 13.0095
||yj|| = 0.825921
||rphi|| = 0.00461416
||rp|| = 0.0946707
||y|| = 599.536
   Pass :  1   Iteration :  42  || r || = 0.313976
||yp|| = 503.856
||xi|| = 457.864
||eta|| = 0.281598
||yp|| = 503.856
||yphi|| = 0.286582
||BtYp|| = 3.22213
||ru|| = 3.22306
||yu|| = 141.766
||GtYphi|| = 1.88562
||KtYu|| = 12.1031
||rj|| = 12.9432
||yj|| = 0.856941
||rphi|| = 0.0027214
||rp|| = 0.0813873
||y|| = 523.42
   Pass :  1   Iteration :  43  || r || = 0.310185
||yp|| = 555.956
||xi|| = 505.222
||eta|| = 0.305432
||yp|| = 555.956
||yphi|| = 0.378776
||BtYp|| = 3.82002
||ru|| = 3.82067
||yu|| = 158.173
||GtYphi|| = 1.86352
||KtYu|| = 12.2498
||rj|| = 13.0833
||yj|| = 0.82974
||rphi|| = 0.00286766
||rp|| = 0.0945521
||y|| = 578.019
   Pass :  1   Iteration :  44  || r || = 0.309652
||yp|| = 550.472
||xi|| = 500.242
||eta|| = 0.327989
||yp|| = 550.472
||yphi|| = 0.229663
||BtYp|| = 3.74322
||ru|| = 3.744
||yu|| = 156.688
||GtYphi|| = 2.10057
||KtYu|| = 11.3929
||rj|| = 12.2321
||yj|| = 0.717354
||rphi|| = 0.00195778
||rp|| = 0.0931669
||y|| = 572.339
   Pass :  1   Iteration :  45  || r || = 0.309416
||yp|| = 680.15
||xi|| = 618.089
||eta|| = 0.293827
||yp|| = 680.15
||yphi|| = 0.301542
||BtYp|| = 4.65659
||ru|| = 4.65636
||yu|| = 193.791
||GtYphi|| = 1.969
||KtYu|| = 13.6407
||rj|| = 14.5004
||yj|| = 0.946683
||rphi|| = 0.0028379
||rp|| = 0.11502
||y|| = 707.22
   Pass :  1   Iteration :  46  || r || = 0.309317
||yp|| = 682.528
||xi|| = 620.274
||eta|| = 0.270113
||yp|| = 682.528
||yphi|| = 0.344481
||BtYp|| = 4.89229
||ru|| = 4.89402
||yu|| = 199.395
||GtYphi|| = 1.94534
||KtYu|| = 12.8353
||rj|| = 13.6361
||yj|| = 0.85529
||rphi|| = 0.00332311
||rp|| = 0.121478
||y|| = 711.058
   Pass :  1   Iteration :  47  || r || = 0.307485
||yp|| = 706.393
||xi|| = 641.958
||eta|| = 0.275679
||yp|| = 706.393
||yphi|| = 0.628496
||BtYp|| = 4.94547
||ru|| = 4.94441
||yu|| = 198.584
||GtYphi|| = 2.84603
||KtYu|| = 12.3205
||rj|| = 13.3179
||yj|| = 0.806596
||rphi|| = 0.00545451
||rp|| = 0.120614
||y|| = 733.776
   Pass :  1   Iteration :  48  || r || = 0.296045
||yp|| = 688.78
||xi|| = 625.95
||eta|| = 0.26313
||yp|| = 688.78
||yphi|| = 0.452968
||BtYp|| = 4.70015
||ru|| = 4.70184
||yu|| = 189.766
||GtYphi|| = 2.3324
||KtYu|| = 13.2071
||rj|| = 14.0451
||yj|| = 0.88477
||rphi|| = 0.00448671
||rp|| = 0.114448
||y|| = 714.444
   Pass :  1   Iteration :  49  || r || = 0.271245
||yp|| = 560.541
||xi|| = 509.385
||eta|| = 0.266655
||yp|| = 560.541
||yphi|| = 0.605659
||BtYp|| = 3.66635
||ru|| = 3.66595
||yu|| = 152.531
||GtYphi|| = 2.6754
||KtYu|| = 11.6894
||rj|| = 12.6436
||yj|| = 0.768339
||rphi|| = 0.00544996
||rp|| = 0.0903775
||y|| = 580.924
   Pass :  1   Iteration :  50  || r || = 0.228301
||yp|| = 542.261
||xi|| = 492.786
||eta|| = 0.297729
||yp|| = 542.261
||yphi|| = 0.521022
||BtYp|| = 3.66265
||ru|| = 3.6642
||yu|| = 156.039
||GtYphi|| = 2.29471
||KtYu|| = 12.5285
||rj|| = 13.4442
||yj|| = 0.876062
||rphi|| = 0.00456592
||rp|| = 0.0914618
||y|| = 564.267
   Pass :  1   Iteration :  51  || r || = 0.205303
||yp|| = 527.27
||xi|| = 479.147
||eta|| = 0.256675
||yp|| = 527.27
||yphi|| = 0.21046
||BtYp|| = 3.41705
||ru|| = 3.41756
||yu|| = 148.469
||GtYphi|| = 1.61027
||KtYu|| = 12.6552
||rj|| = 13.4469
||yj|| = 0.904519
||rphi|| = 0.00192822
||rp|| = 0.0860212
||y|| = 547.775
   Pass :  1   Iteration :  52  || r || = 0.189197
||yp|| = 528.315
||xi|| = 480.051
||eta|| = 0.309504
||yp|| = 528.315
||yphi|| = 0.331376
||BtYp|| = 3.13663
||ru|| = 3.13685
||yu|| = 137.625
||GtYphi|| = 2.25339
||KtYu|| = 12.2628
||rj|| = 13.1243
||yj|| = 0.768029
||rphi|| = 0.00263743
||rp|| = 0.0780989
||y|| = 545.947
   Pass :  1   Iteration :  53  || r || = 0.174864
||yp|| = 561.903
||xi|| = 510.503
||eta|| = 0.285436
||yp|| = 561.903
||yphi|| = 0.392007
||BtYp|| = 3.00263
||ru|| = 3.00371
||yu|| = 149.461
||GtYphi|| = 1.95982
||KtYu|| = 12.8662
||rj|| = 13.657
||yj|| = 0.907211
||rphi|| = 0.00318761
||rp|| = 0.0747559
||y|| = 581.441
   Pass :  1   Iteration :  54  || r || = 0.164114
||yp|| = 684.478
||xi|| = 621.941
||eta|| = 0.30122
||yp|| = 684.478
||yphi|| = 0.346452
||BtYp|| = 3.96264
||ru|| = 3.96355
||yu|| = 181.226
||GtYphi|| = 1.79424
||KtYu|| = 14.1929
||rj|| = 15.0426
||yj|| = 1.02748
||rphi|| = 0.00292436
||rp|| = 0.0958412
||y|| = 708.063
   Pass :  1   Iteration :  55  || r || = 0.150962
||yp|| = 444.857
||xi|| = 404.157
||eta|| = 0.263357
||yp|| = 444.857
||yphi|| = 0.305465
||BtYp|| = 2.33414
||ru|| = 2.33596
||yu|| = 107.444
||GtYphi|| = 1.96112
||KtYu|| = 11.4614
||rj|| = 12.1866
||yj|| = 0.834842
||rphi|| = 0.00295955
||rp|| = 0.0585538
||y|| = 457.649
   Pass :  1   Iteration :  56  || r || = 0.145067
||yp|| = 437.801
||xi|| = 397.788
||eta|| = 0.327024
||yp|| = 437.801
||yphi|| = 0.327214
||BtYp|| = 2.22293
||ru|| = 2.22416
||yu|| = 117.286
||GtYphi|| = 1.80919
||KtYu|| = 13.9727
||rj|| = 14.7956
||yj|| = 1.03687
||rphi|| = 0.00275761
||rp|| = 0.0617502
||y|| = 453.24
   Pass :  1   Iteration :  57  || r || = 0.143121
||yp|| = 426.049
||xi|| = 387.059
||eta|| = 0.287825
||yp|| = 426.049
||yphi|| = 0.324232
||BtYp|| = 1.99114
||ru|| = 1.99227
||yu|| = 104.272
||GtYphi|| = 2.0013
||KtYu|| = 11.118
||rj|| = 11.858
||yj|| = 0.756568
||rphi|| = 0.00276707
||rp|| = 0.0540505
||y|| = 438.624
   Pass :  1   Iteration :  58  || r || = 0.142406
||yp|| = 435.56
||xi|| = 395.725
||eta|| = 0.269659
||yp|| = 435.56
||yphi|| = 0.299349
||BtYp|| = 2.07231
||ru|| = 2.07352
||yu|| = 109.148
||GtYphi|| = 2.56475
||KtYu|| = 11.2704
||rj|| = 12.1711
||yj|| = 0.748175
||rphi|| = 0.00277074
||rp|| = 0.0575205
||y|| = 449.028
   Pass :  1   Iteration :  59  || r || = 0.141844
||yp|| = 647.642
||xi|| = 588.454
||eta|| = 0.315306
||yp|| = 647.642
||yphi|| = 0.257908
||BtYp|| = 3.67439
||ru|| = 3.67555
||yu|| = 173.243
||GtYphi|| = 1.57791
||KtYu|| = 15.8957
||rj|| = 16.7698
||yj|| = 1.10692
||rphi|| = 0.00193505
||rp|| = 0.0929473
||y|| = 670.414
   Pass :  1   Iteration :  60  || r || = 0.139863
||yp|| = 447.035
||xi|| = 406.144
||eta|| = 0.377933
||yp|| = 447.035
||yphi|| = 0.336643
||BtYp|| = 2.45403
||ru|| = 2.45497
||yu|| = 124.41
||GtYphi|| = 2.47413
||KtYu|| = 12.155
||rj|| = 13.0771
||yj|| = 0.786444
||rphi|| = 0.00276204
||rp|| = 0.0693637
||y|| = 464.025
   Pass :  1   Iteration :  61  || r || = 0.138246
||yp|| = 496.032
||xi|| = 450.689
||eta|| = 0.381783
||yp|| = 496.032
||yphi|| = 0.294657
||BtYp|| = 2.9122
||ru|| = 2.91295
||yu|| = 144.369
||GtYphi|| = 2.35076
||KtYu|| = 13.1472
||rj|| = 13.9677
||yj|| = 0.909028
||rphi|| = 0.00254843
||rp|| = 0.0777754
||y|| = 516.615
   Pass :  1   Iteration :  62  || r || = 0.136984
||yp|| = 652.216
||xi|| = 592.704
||eta|| = 0.290411
||yp|| = 652.216
||yphi|| = 0.38605
||BtYp|| = 4.07548
||ru|| = 4.07641
||yu|| = 182.024
||GtYphi|| = 2.09871
||KtYu|| = 13.528
||rj|| = 14.4592
||yj|| = 0.824667
||rphi|| = 0.00324098
||rp|| = 0.101674
||y|| = 677.14
   Pass :  1   Iteration :  63  || r || = 0.135855
||yp|| = 593.645
||xi|| = 539.476
||eta|| = 0.257806
||yp|| = 593.645
||yphi|| = 0.288729
||BtYp|| = 3.70684
||ru|| = 3.70705
||yu|| = 167.163
||GtYphi|| = 1.68339
||KtYu|| = 11.8194
||rj|| = 12.5567
||yj|| = 0.647199
||rphi|| = 0.00251382
||rp|| = 0.0916779
||y|| = 616.732
   Pass :  1   Iteration :  64  || r || = 0.135694
||yp|| = 573.903
||xi|| = 521.492
||eta|| = 0.304045
||yp|| = 573.903
||yphi|| = 0.200129
||BtYp|| = 3.29388
||ru|| = 3.29455
||yu|| = 147.319
||GtYphi|| = 1.77824
||KtYu|| = 12.7977
||rj|| = 13.6028
||yj|| = 0.854463
||rphi|| = 0.00159188
||rp|| = 0.0803681
||y|| = 592.51
   Pass :  1   Iteration :  65  || r || = 0.135629
||yp|| = 627.626
||xi|| = 570.249
||eta|| = 0.320653
||yp|| = 627.626
||yphi|| = 0.254141
||BtYp|| = 3.14518
||ru|| = 3.14616
||yu|| = 163.244
||GtYphi|| = 1.88412
||KtYu|| = 14.042
||rj|| = 14.8812
||yj|| = 0.945296
||rphi|| = 0.00227406
||rp|| = 0.0815197
||y|| = 648.509
   Pass :  1   Iteration :  66  || r || = 0.135384
||yp|| = 442.136
||xi|| = 401.651
||eta|| = 0.486413
||yp|| = 442.136
||yphi|| = 0.378587
||BtYp|| = 2.25396
||ru|| = 2.25506
||yu|| = 124.267
||GtYphi|| = 2.57726
||KtYu|| = 12.4384
||rj|| = 13.3647
||yj|| = 0.853913
||rphi|| = 0.00313066
||rp|| = 0.0665424
||y|| = 459.269
   Pass :  1   Iteration :  67  || r || = 0.134935
||yp|| = 390.449
||xi|| = 354.695
||eta|| = 0.306427
||yp|| = 390.449
||yphi|| = 0.522543
||BtYp|| = 1.92973
||ru|| = 1.9313
||yu|| = 114.525
||GtYphi|| = 2.59195
||KtYu|| = 13.2801
||rj|| = 14.2693
||yj|| = 1.01718
||rphi|| = 0.00425266
||rp|| = 0.0606828
||y|| = 406.9
   Pass :  1   Iteration :  68  || r || = 0.133835
||yp|| = 454.595
||xi|| = 412.987
||eta|| = 0.270634
||yp|| = 454.595
||yphi|| = 0.338214
||BtYp|| = 2.17924
||ru|| = 2.18074
||yu|| = 122.87
||GtYphi|| = 2.59058
||KtYu|| = 12.3597
||rj|| = 13.2368
||yj|| = 0.797633
||rphi|| = 0.00303673
||rp|| = 0.0619735
||y|| = 470.908
   Pass :  1   Iteration :  69  || r || = 0.131577
||yp|| = 325.067
||xi|| = 295.268
||eta|| = 0.261347
||yp|| = 325.067
||yphi|| = 0.357859
||BtYp|| = 1.7955
||ru|| = 1.7972
||yu|| = 113.405
||GtYphi|| = 2.55072
||KtYu|| = 13.0036
||rj|| = 13.9191
||yj|| = 0.970795
||rphi|| = 0.00321364
||rp|| = 0.0632257
||y|| = 344.282
   Pass :  1   Iteration :  70  || r || = 0.128227
||yp|| = 540.375
||xi|| = 490.86
||eta|| = 0.434492
||yp|| = 540.375
||yphi|| = 0.703555
||BtYp|| = 2.5522
||ru|| = 2.55311
||yu|| = 148.468
||GtYphi|| = 2.76553
||KtYu|| = 13.8672
||rj|| = 14.759
||yj|| = 0.98824
||rphi|| = 0.00551078
||rp|| = 0.0746585
||y|| = 560.401
   Pass :  1   Iteration :  71  || r || = 0.122033
||yp|| = 336.381
||xi|| = 305.507
||eta|| = 0.30794
||yp|| = 336.381
||yphi|| = 0.203162
||BtYp|| = 1.66776
||ru|| = 1.66879
||yu|| = 108.859
||GtYphi|| = 2.01592
||KtYu|| = 10.909
||rj|| = 11.5875
||yj|| = 0.73372
||rphi|| = 0.00166149
||rp|| = 0.0572294
||y|| = 353.558
   Pass :  1   Iteration :  72  || r || = 0.117314
||yp|| = 543.036
||xi|| = 493.255
||eta|| = 0.346063
||yp|| = 543.036
||yphi|| = 0.443213
||BtYp|| = 2.83748
||ru|| = 2.83907
||yu|| = 179.481
||GtYphi|| = 1.71681
||KtYu|| = 14.806
||rj|| = 15.6109
||yj|| = 1.01331
||rphi|| = 0.00335103
||rp|| = 0.0901086
||y|| = 571.929
   Pass :  1   Iteration :  73  || r || = 0.109276
||yp|| = 586.321
||xi|| = 532.685
||eta|| = 0.322787
||yp|| = 586.321
||yphi|| = 0.169304
||BtYp|| = 2.76451
||ru|| = 2.76498
||yu|| = 154.608
||GtYphi|| = 1.85502
||KtYu|| = 15.2405
||rj|| = 15.9738
||yj|| = 0.940182
||rphi|| = 0.00151665
||rp|| = 0.0777459
||y|| = 606.364
   Pass :  1   Iteration :  74  || r || = 0.0937885
||yp|| = 351.235
||xi|| = 319.073
||eta|| = 0.250138
||yp|| = 351.235
||yphi|| = 0.290478
||BtYp|| = 1.54543
||ru|| = 1.5465
||yu|| = 89.4104
||GtYphi|| = 2.35479
||KtYu|| = 11.3656
||rj|| = 12.3565
||yj|| = 0.715983
||rphi|| = 0.00232048
||rp|| = 0.0456037
||y|| = 362.437
   Pass :  1   Iteration :  75  || r || = 0.0824437
||yp|| = 434.271
||xi|| = 394.558
||eta|| = 0.21634
||yp|| = 434.271
||yphi|| = 0.152821
||BtYp|| = 2.53661
||ru|| = 2.53792
||yu|| = 126.489
||GtYphi|| = 1.42638
||KtYu|| = 14.0608
||rj|| = 14.8838
||yj|| = 0.95559
||rphi|| = 0.0013187
||rp|| = 0.0720444
||y|| = 452.318
   Pass :  1   Iteration :  76  || r || = 0.0719011
||yp|| = 475.486
||xi|| = 432.014
||eta|| = 0.257277
||yp|| = 475.486
||yphi|| = 0.239174
||BtYp|| = 2.7667
||ru|| = 2.76758
||yu|| = 135.391
||GtYphi|| = 1.61243
||KtYu|| = 12.7277
||rj|| = 13.4156
||yj|| = 0.789807
||rphi|| = 0.00180553
||rp|| = 0.0766879
||y|| = 494.387
   Pass :  1   Iteration :  77  || r || = 0.068277
||yp|| = 484.648
||xi|| = 440.322
||eta|| = 0.251145
||yp|| = 484.648
||yphi|| = 0.121129
||BtYp|| = 2.5894
||ru|| = 2.59072
||yu|| = 129.858
||GtYphi|| = 1.34437
||KtYu|| = 13.3406
||rj|| = 14.1199
||yj|| = 0.870052
||rphi|| = 0.000906301
||rp|| = 0.0718927
||y|| = 501.744
   Pass :  1   Iteration :  78  || r || = 0.0672864
||yp|| = 417.584
||xi|| = 379.345
||eta|| = 0.275076
||yp|| = 417.584
||yphi|| = 0.236292
||BtYp|| = 2.19069
||ru|| = 2.19214
||yu|| = 124.588
||GtYphi|| = 2.09624
||KtYu|| = 12.5022
||rj|| = 13.3926
||yj|| = 0.910723
||rphi|| = 0.00184198
||rp|| = 0.0694945
||y|| = 435.774
   Pass :  1   Iteration :  79  || r || = 0.0666564
||yp|| = 520.846
||xi|| = 473.119
||eta|| = 0.450206
||yp|| = 520.846
||yphi|| = 0.225186
||BtYp|| = 2.6729
||ru|| = 2.67451
||yu|| = 158.082
||GtYphi|| = 1.89234
||KtYu|| = 15.2448
||rj|| = 15.9018
||yj|| = 0.943317
||rphi|| = 0.0018266
||rp|| = 0.0794475
||y|| = 544.309
   Pass :  1   Iteration :  80  || r || = 0.0662114
||yp|| = 479.952
||xi|| = 436.016
||eta|| = 0.327128
||yp|| = 479.952
||yphi|| = 0.233003
||BtYp|| = 2.57488
||ru|| = 2.57605
||yu|| = 146.197
||GtYphi|| = 1.92801
||KtYu|| = 14.0793
||rj|| = 14.971
||yj|| = 0.935625
||rphi|| = 0.00192401
||rp|| = 0.0783571
||y|| = 501.725
   Pass :  1   Iteration :  81  || r || = 0.0656377
||yp|| = 468.142
||xi|| = 425.333
||eta|| = 0.293913
||yp|| = 468.142
||yphi|| = 0.292151
||BtYp|| = 2.64461
||ru|| = 2.64619
||yu|| = 133.578
||GtYphi|| = 1.79342
||KtYu|| = 14.1725
||rj|| = 14.9703
||yj|| = 0.891683
||rphi|| = 0.00211067
||rp|| = 0.0723383
||y|| = 486.827
   Pass :  1   Iteration :  82  || r || = 0.065009
||yp|| = 423.18
||xi|| = 384.505
||eta|| = 0.313846
||yp|| = 423.18
||yphi|| = 0.32003
||BtYp|| = 2.36904
||ru|| = 2.36924
||yu|| = 113.891
||GtYphi|| = 2.10947
||KtYu|| = 12.0238
||rj|| = 12.8835
||yj|| = 0.736458
||rphi|| = 0.00224729
||rp|| = 0.0636131
||y|| = 438.239
   Pass :  1   Iteration :  83  || r || = 0.0647904
||yp|| = 496.968
||xi|| = 451.524
||eta|| = 0.280622
||yp|| = 496.968
||yphi|| = 0.157843
||BtYp|| = 2.54671
||ru|| = 2.54799
||yu|| = 129.378
||GtYphi|| = 1.84212
||KtYu|| = 13.6329
||rj|| = 14.4293
||yj|| = 0.980666
||rphi|| = 0.00129564
||rp|| = 0.0667602
||y|| = 513.533
   Pass :  1   Iteration :  84  || r || = 0.0645506
||yp|| = 492.345
||xi|| = 447.345
||eta|| = 0.274346
||yp|| = 492.345
||yphi|| = 0.137974
||BtYp|| = 2.61199
||ru|| = 2.61338
||yu|| = 130.582
||GtYphi|| = 1.53733
||KtYu|| = 13.9136
||rj|| = 14.7602
||yj|| = 0.897765
||rphi|| = 0.00100846
||rp|| = 0.0723888
||y|| = 509.368
   Pass :  1   Iteration :  85  || r || = 0.0641967
||yp|| = 433.814
||xi|| = 394.156
||eta|| = 0.255962
||yp|| = 433.814
||yphi|| = 0.192613
||BtYp|| = 2.59746
||ru|| = 2.59724
||yu|| = 119.262
||GtYphi|| = 1.92699
||KtYu|| = 11.0858
||rj|| = 11.8148
||yj|| = 0.672622
||rphi|| = 0.00153863
||rp|| = 0.0710342
||y|| = 449.909
   Pass :  1   Iteration :  86  || r || = 0.0641253
||yp|| = 558.331
||xi|| = 507.285
||eta|| = 0.331748
||yp|| = 558.331
||yphi|| = 0.179707
||BtYp|| = 3.26733
||ru|| = 3.26871
||yu|| = 161.679
||GtYphi|| = 1.54199
||KtYu|| = 14.8136
||rj|| = 15.5671
||yj|| = 0.991816
||rphi|| = 0.00130646
||rp|| = 0.0942054
||y|| = 581.27
   Pass :  1   Iteration :  87  || r || = 0.0641199
||yp|| = 575.693
||xi|| = 523.041
||eta|| = 0.289595
||yp|| = 575.693
||yphi|| = 0.233765
||BtYp|| = 3.32348
||ru|| = 3.32451
||yu|| = 166.101
||GtYphi|| = 1.93434
||KtYu|| = 14.4311
||rj|| = 15.1825
||yj|| = 0.907965
||rphi|| = 0.0017289
||rp|| = 0.0938992
||y|| = 599.177
   Pass :  1   Iteration :  88  || r || = 0.0640975
||yp|| = 425.344
||xi|| = 386.418
||eta|| = 0.279095
||yp|| = 425.344
||yphi|| = 0.211311
||BtYp|| = 2.41298
||ru|| = 2.41389
||yu|| = 115.971
||GtYphi|| = 2.18776
||KtYu|| = 10.297
||rj|| = 11.1073
||yj|| = 0.67228
||rphi|| = 0.00178217
||rp|| = 0.0676753
||y|| = 440.871
   Pass :  1   Iteration :  89  || r || = 0.0640944
||yp|| = 566.269
||xi|| = 514.49
||eta|| = 0.295877
||yp|| = 566.269
||yphi|| = 0.144087
||BtYp|| = 3.45699
||ru|| = 3.45814
||yu|| = 171.985
||GtYphi|| = 1.38984
||KtYu|| = 14.5718
||rj|| = 15.3774
||yj|| = 0.999478
||rphi|| = 0.00116455
||rp|| = 0.1003
||y|| = 591.811
   Pass :  1   Iteration :  90  || r || = 0.0640021
||yp|| = 576.898
||xi|| = 524.17
||eta|| = 0.322706
||yp|| = 576.898
||yphi|| = 0.161074
||BtYp|| = 3.23786
||ru|| = 3.23837
||yu|| = 152.038
||GtYphi|| = 1.79761
||KtYu|| = 12.341
||rj|| = 13.0711
||yj|| = 0.826822
||rphi|| = 0.00128467
||rp|| = 0.0868421
||y|| = 596.597
   Pass :  1   Iteration :  91  || r || = 0.0634593
||yp|| = 475.798
||xi|| = 432.322
||eta|| = 0.339403
||yp|| = 475.798
||yphi|| = 0.157026
||BtYp|| = 2.68485
||ru|| = 2.68545
||yu|| = 132.895
||GtYphi|| = 1.60182
||KtYu|| = 12.5565
||rj|| = 13.2633
||yj|| = 0.877465
||rphi|| = 0.00135098
||rp|| = 0.0733458
||y|| = 494.01
   Pass :  1   Iteration :  92  || r || = 0.0624331
||yp|| = 584.881
||xi|| = 531.436
||eta|| = 0.269418
||yp|| = 584.881
||yphi|| = 0.177236
||BtYp|| = 3.39104
||ru|| = 3.39197
||yu|| = 159.182
||GtYphi|| = 1.50944
||KtYu|| = 14.0711
||rj|| = 14.8791
||yj|| = 0.949135
||rphi|| = 0.00140795
||rp|| = 0.0874686
||y|| = 606.157
   Pass :  1   Iteration :  93  || r || = 0.060898
||yp|| = 565.517
||xi|| = 513.806
||eta|| = 0.344969
||yp|| = 565.517
||yphi|| = 0.426784
||BtYp|| = 3.09386
||ru|| = 3.09424
||yu|| = 152.69
||GtYphi|| = 1.99525
||KtYu|| = 12.7862
||rj|| = 13.5693
||yj|| = 0.841713
||rphi|| = 0.00328593
||rp|| = 0.0843241
||y|| = 585.769
   Pass :  1   Iteration :  94  || r || = 0.0580712
||yp|| = 640.339
||xi|| = 581.883
||eta|| = 0.444754
||yp|| = 640.339
||yphi|| = 0.349041
||BtYp|| = 4.13828
||ru|| = 4.13874
||yu|| = 190.15
||GtYphi|| = 1.83508
||KtYu|| = 13.6248
||rj|| = 14.3898
||yj|| = 0.937256
||rphi|| = 0.00262901
||rp|| = 0.108802
||y|| = 667.976
   Pass :  1   Iteration :  95  || r || = 0.053701
||yp|| = 688.213
||xi|| = 625.387
||eta|| = 0.279236
||yp|| = 688.213
||yphi|| = 0.216466
||BtYp|| = 4.57254
||ru|| = 4.57317
||yu|| = 195.738
||GtYphi|| = 1.78028
||KtYu|| = 13.3474
||rj|| = 14.1745
||yj|| = 0.857153
||rphi|| = 0.00176835
||rp|| = 0.118279
||y|| = 715.508
   Pass :  1   Iteration :  96  || r || = 0.0472593
||yp|| = 685.653
||xi|| = 623.089
||eta|| = 0.283941
||yp|| = 685.653
||yphi|| = 0.284431
||BtYp|| = 4.78165
||ru|| = 4.78229
||yu|| = 200.546
||GtYphi|| = 1.61419
||KtYu|| = 13.1834
||rj|| = 14.0065
||yj|| = 0.844954
||rphi|| = 0.00241182
||rp|| = 0.123578
||y|| = 714.38
   Pass :  1   Iteration :  97  || r || = 0.041564
||yp|| = 530.713
||xi|| = 482.283
||eta|| = 0.304985
||yp|| = 530.713
||yphi|| = 0.358246
||BtYp|| = 3.66614
||ru|| = 3.66673
||yu|| = 156.536
||GtYphi|| = 1.68739
||KtYu|| = 11.1674
||rj|| = 11.9402
||yj|| = 0.736356
||rphi|| = 0.00272673
||rp|| = 0.0975497
||y|| = 553.318
   Pass :  1   Iteration :  98  || r || = 0.0391784
||yp|| = 629.533
||xi|| = 572.041
||eta|| = 0.315091
||yp|| = 629.533
||yphi|| = 0.215679
||BtYp|| = 4.02967
||ru|| = 4.03035
||yu|| = 181.187
||GtYphi|| = 1.74497
||KtYu|| = 14.1757
||rj|| = 14.9725
||yj|| = 1.01059
||rphi|| = 0.00173138
||rp|| = 0.108327
||y|| = 655.089
   Pass :  1   Iteration :  99  || r || = 0.0369684
||yp|| = 673.969
||xi|| = 612.479
||eta|| = 0.279712
||yp|| = 673.969
||yphi|| = 0.19698
||BtYp|| = 4.75067
||ru|| = 4.75131
||yu|| = 193.896
||GtYphi|| = 1.60447
||KtYu|| = 12.9453
||rj|| = 13.7449
||yj|| = 0.870221
||rphi|| = 0.00158377
||rp|| = 0.119585
||y|| = 701.306
   Pass :  1   Iteration : 100  || r || = 0.0348577
||yp|| = 546.716
||xi|| = 496.829
||eta|| = 0.277249
||yp|| = 546.716
||yphi|| = 0.206395
||BtYp|| = 3.43132
||ru|| = 3.43205
||yu|| = 148.327
||GtYphi|| = 1.69245
||KtYu|| = 11.7606
||rj|| = 12.557
||yj|| = 0.762265
||rphi|| = 0.00177998
||rp|| = 0.0884069
||y|| = 566.48
   Pass :  1   Iteration : 101  || r || = 0.0337702
||yp|| = 640.085
||xi|| = 581.685
||eta|| = 0.262079
||yp|| = 640.085
||yphi|| = 0.169492
||BtYp|| = 4.31532
||ru|| = 4.31606
||yu|| = 185.139
||GtYphi|| = 1.70719
||KtYu|| = 12.9435
||rj|| = 13.7153
||yj|| = 0.832484
||rphi|| = 0.00148772
||rp|| = 0.110467
||y|| = 666.322
   Pass :  1   Iteration : 102  || r || = 0.0331987
||yp|| = 619.042
||xi|| = 562.55
||eta|| = 0.25729
||yp|| = 619.042
||yphi|| = 0.190803
||BtYp|| = 4.02236
||ru|| = 4.02288
||yu|| = 169.823
||GtYphi|| = 1.64788
||KtYu|| = 13.4292
||rj|| = 14.2683
||yj|| = 0.802009
||rphi|| = 0.00149319
||rp|| = 0.100086
||y|| = 641.914
   Pass :  1   Iteration : 103  || r || = 0.0329504
||yp|| = 586.279
||xi|| = 532.721
||eta|| = 0.327558
||yp|| = 586.279
||yphi|| = 0.253282
||BtYp|| = 3.46561
||ru|| = 3.46691
||yu|| = 165.767
||GtYphi|| = 1.79079
||KtYu|| = 14.0394
||rj|| = 14.8039
||yj|| = 0.898886
||rphi|| = 0.00209063
||rp|| = 0.0925443
||y|| = 609.264
   Pass :  1   Iteration : 104  || r || = 0.0328705
||yp|| = 616.543
||xi|| = 560.257
||eta|| = 0.268523
||yp|| = 616.543
||yphi|| = 0.305373
||BtYp|| = 3.9634
||ru|| = 3.96408
||yu|| = 174.08
||GtYphi|| = 1.88492
||KtYu|| = 13.5644
||rj|| = 14.4306
||yj|| = 0.90287
||rphi|| = 0.00234399
||rp|| = 0.104643
||y|| = 640.648
   Pass :  1   Iteration : 105  || r || = 0.0328256
||yp|| = 491.556
||xi|| = 446.566
||eta|| = 0.353816
||yp|| = 491.556
||yphi|| = 0.235198
||BtYp|| = 2.37605
||ru|| = 2.37692
||yu|| = 128.816
||GtYphi|| = 1.76555
||KtYu|| = 12.4262
||rj|| = 13.2214
||yj|| = 0.837362
||rphi|| = 0.00176962
||rp|| = 0.0688936
||y|| = 508.155
   Pass :  1   Iteration : 106  || r || = 0.0328085
||yp|| = 567.213
||xi|| = 515.413
||eta|| = 0.29042
||yp|| = 567.213
||yphi|| = 0.226866
||BtYp|| = 3.76422
||ru|| = 3.76524
||yu|| = 168.227
||GtYphi|| = 1.63372
||KtYu|| = 13.8931
||rj|| = 14.7274
||yj|| = 0.951713
||rphi|| = 0.0018516
||rp|| = 0.0986212
||y|| = 591.635
   Pass :  1   Iteration : 107  || r || = 0.0327674
||yp|| = 503.252
||xi|| = 457.24
||eta|| = 0.332078
||yp|| = 503.252
||yphi|| = 0.137085
||BtYp|| = 2.88949
||ru|| = 2.89045
||yu|| = 141.005
||GtYphi|| = 1.74891
||KtYu|| = 12.5205
||rj|| = 13.2286
||yj|| = 0.828405
||rphi|| = 0.00111974
||rp|| = 0.0847393
||y|| = 522.633
   Pass :  1   Iteration : 108  || r || = 0.0327339
||yp|| = 430.889
||xi|| = 391.5
||eta|| = 0.241596
||yp|| = 430.889
||yphi|| = 0.195299
||BtYp|| = 2.52083
||ru|| = 2.52204
||yu|| = 121.661
||GtYphi|| = 1.72106
||KtYu|| = 12.1683
||rj|| = 12.9719
||yj|| = 0.837183
||rphi|| = 0.00163412
||rp|| = 0.0718793
||y|| = 447.736
   Pass :  1   Iteration : 109  || r || = 0.0326874
||yp|| = 542.955
||xi|| = 493.309
||eta|| = 0.311369
||yp|| = 542.955
||yphi|| = 0.215224
||BtYp|| = 3.08546
||ru|| = 3.08666
||yu|| = 149.63
||GtYphi|| = 1.97148
||KtYu|| = 14.2472
||rj|| = 15.0906
||yj|| = 0.974974
||rphi|| = 0.00186285
||rp|| = 0.0850249
||y|| = 563.196
   Pass :  1   Iteration : 110  || r || = 0.0326559
||yp|| = 477.968
||xi|| = 434.234
||eta|| = 0.289188
||yp|| = 477.968
||yphi|| = 0.303457
||BtYp|| = 2.87267
||ru|| = 2.87377
||yu|| = 139.881
||GtYphi|| = 1.84574
||KtYu|| = 12.3691
||rj|| = 13.1645
||yj|| = 0.883332
||rphi|| = 0.00225866
||rp|| = 0.0805235
||y|| = 498.017
   Pass :  1   Iteration : 111  || r || = 0.0326221
||yp|| = 460.08
||xi|| = 418.019
||eta|| = 0.264091
||yp|| = 460.08
||yphi|| = 0.258276
||BtYp|| = 2.84693
||ru|| = 2.84833
||yu|| = 133.532
||GtYphi|| = 1.79344
||KtYu|| = 12.8129
||rj|| = 13.6394
||yj|| = 0.907596
||rphi|| = 0.00199629
||rp|| = 0.0789112
||y|| = 479.067
   Pass :  1   Iteration : 112  || r || = 0.0326141
||yp|| = 472.649
||xi|| = 429.437
||eta|| = 0.276831
||yp|| = 472.649
||yphi|| = 0.365901
||BtYp|| = 2.821
||ru|| = 2.82236
||yu|| = 132.095
||GtYphi|| = 2.02296
||KtYu|| = 13.0253
||rj|| = 13.8627
||yj|| = 0.844658
||rphi|| = 0.00270216
||rp|| = 0.0765744
||y|| = 490.761
   Pass :  1   Iteration : 113  || r || = 0.0326011
||yp|| = 540.035
||xi|| = 490.666
||eta|| = 0.317907
||yp|| = 540.035
||yphi|| = 0.357706
||BtYp|| = 3.12967
||ru|| = 3.13036
||yu|| = 150.748
||GtYphi|| = 1.90896
||KtYu|| = 13.3518
||rj|| = 14.0978
||yj|| = 0.899204
||rphi|| = 0.00287719
||rp|| = 0.0818137
||y|| = 560.681
   Pass :  1   Iteration : 114  || r || = 0.0325269
||yp|| = 487.957
||xi|| = 443.364
||eta|| = 0.229452
||yp|| = 487.957
||yphi|| = 0.286624
||BtYp|| = 2.81143
||ru|| = 2.81259
||yu|| = 130.075
||GtYphi|| = 1.98549
||KtYu|| = 12.5043
||rj|| = 13.3207
||yj|| = 0.838049
||rphi|| = 0.00241196
||rp|| = 0.072931
||y|| = 504.997
   Pass :  1   Iteration : 115  || r || = 0.0322592
||yp|| = 600.412
||xi|| = 545.565
||eta|| = 0.321714
||yp|| = 600.412
||yphi|| = 0.311766
||BtYp|| = 3.61979
||ru|| = 3.62036
||yu|| = 165.557
||GtYphi|| = 1.82181
||KtYu|| = 15.0944
||rj|| = 15.9253
||yj|| = 0.977032
||rphi|| = 0.0025437
||rp|| = 0.091848
||y|| = 622.82
   Pass :  1   Iteration : 116  || r || = 0.0315925
||yp|| = 503.984
||xi|| = 457.882
||eta|| = 0.312979
||yp|| = 503.984
||yphi|| = 0.279221
||BtYp|| = 2.60744
||ru|| = 2.60819
||yu|| = 124.442
||GtYphi|| = 2.01693
||KtYu|| = 11.6173
||rj|| = 12.4298
||yj|| = 0.767603
||rphi|| = 0.00229069
||rp|| = 0.0653095
||y|| = 519.121
   Pass :  1   Iteration : 117  || r || = 0.0305845
||yp|| = 428.104
||xi|| = 388.955
||eta|| = 0.300322
||yp|| = 428.104
||yphi|| = 0.408902
||BtYp|| = 2.47295
||ru|| = 2.47491
||yu|| = 124.532
||GtYphi|| = 2.02774
||KtYu|| = 13.2211
||rj|| = 14.0586
||yj|| = 0.939383
||rphi|| = 0.00310224
||rp|| = 0.0683077
||y|| = 445.851
   Pass :  1   Iteration : 118  || r || = 0.0286996
||yp|| = 592.156
||xi|| = 538.01
||eta|| = 0.332041
||yp|| = 592.156
||yphi|| = 0.357392
||BtYp|| = 3.37946
||ru|| = 3.38043
||yu|| = 153.996
||GtYphi|| = 1.82245
||KtYu|| = 14.4366
||rj|| = 15.1458
||yj|| = 0.92388
||rphi|| = 0.0025541
||rp|| = 0.0805768
||y|| = 611.854
   Pass :  1   Iteration : 119  || r || = 0.0266011
||yp|| = 448.739
||xi|| = 407.71
||eta|| = 0.25015
||yp|| = 448.739
||yphi|| = 0.346916
||BtYp|| = 2.39342
||ru|| = 2.39445
||yu|| = 114.691
||GtYphi|| = 2.05437
||KtYu|| = 12.0225
||rj|| = 12.8409
||yj|| = 0.789923
||rphi|| = 0.00271004
||rp|| = 0.0623587
||y|| = 463.164
   Pass :  1   Iteration : 120  || r || = 0.0244286
||yp|| = 463.25
||xi|| = 420.901
||eta|| = 0.281693
||yp|| = 463.25
||yphi|| = 0.352889
||BtYp|| = 2.5937
||ru|| = 2.59486
||yu|| = 128.967
||GtYphi|| = 1.93043
||KtYu|| = 13.2694
||rj|| = 14.1248
||yj|| = 0.922261
||rphi|| = 0.00292416
||rp|| = 0.069902
||y|| = 480.868
   Pass :  1   Iteration : 121  || r || = 0.0220963
||yp|| = 487.746
||xi|| = 443.117
||eta|| = 0.379666
||yp|| = 487.746
||yphi|| = 0.299258
||BtYp|| = 2.61008
||ru|| = 2.61118
||yu|| = 145.484
||GtYphi|| = 1.77738
||KtYu|| = 14.3718
||rj|| = 15.0929
||yj|| = 0.970274
||rphi|| = 0.00255111
||rp|| = 0.0743732
||y|| = 508.982
   Pass :  1   Iteration : 122  || r || = 0.0209621
||yp|| = 468.722
||xi|| = 425.802
||eta|| = 0.370053
||yp|| = 468.722
||yphi|| = 0.264202
||BtYp|| = 2.65237
||ru|| = 2.65412
||yu|| = 148.015
||GtYphi|| = 1.77028
||KtYu|| = 13.6563
||rj|| = 14.5103
||yj|| = 0.954077
||rphi|| = 0.00218646
||rp|| = 0.0795184
||y|| = 491.538
   Pass :  1   Iteration : 123  || r || = 0.0205383
||yp|| = 480.862
||xi|| = 436.828
||eta|| = 0.377904
||yp|| = 480.862
||yphi|| = 0.211216
||BtYp|| = 2.49781
||ru|| = 2.49935
||yu|| = 145.447
||GtYphi|| = 1.97233
||KtYu|| = 13.9407
||rj|| = 14.6526
||yj|| = 0.934467
||rphi|| = 0.00178281
||rp|| = 0.0739895
||y|| = 502.378
   Pass :  1   Iteration : 124  || r || = 0.0204137
||yp|| = 476.214
||xi|| = 432.656
||eta|| = 0.298546
||yp|| = 476.214
||yphi|| = 0.489402
||BtYp|| = 2.62497
||ru|| = 2.62558
||yu|| = 134.355
||GtYphi|| = 2.09778
||KtYu|| = 13.3312
||rj|| = 14.1717
||yj|| = 0.918534
||rphi|| = 0.00350861
||rp|| = 0.0737407
||y|| = 494.805
   Pass :  1   Iteration : 125  || r || = 0.0203853
||yp|| = 467.55
||xi|| = 424.78
||eta|| = 0.304803
||yp|| = 467.55
||yphi|| = 0.45933
||BtYp|| = 2.43742
||ru|| = 2.43904
||yu|| = 138.596
||GtYphi|| = 2.25758
||KtYu|| = 13.8688
||rj|| = 14.6893
||yj|| = 0.97125
||rphi|| = 0.0036711
||rp|| = 0.0724955
||y|| = 487.661
   Pass :  1   Iteration : 126  || r || = 0.0203853
||yp|| = 525.336
||xi|| = 477.315
||eta|| = 0.30308
||yp|| = 525.336
||yphi|| = 0.322751
||BtYp|| = 2.63812
||ru|| = 2.63751
||yu|| = 132.151
||GtYphi|| = 2.50759
||KtYu|| = 12.4949
||rj|| = 13.275
||yj|| = 0.83853
||rphi|| = 0.00297772
||rp|| = 0.0673547
||y|| = 541.704
   Pass :  1   Iteration : 127  || r || = 0.0203844
||yp|| = 514.228
||xi|| = 467.188
||eta|| = 0.334257
||yp|| = 514.228
||yphi|| = 0.25403
||BtYp|| = 2.85408
||ru|| = 2.85595
||yu|| = 141.929
||GtYphi|| = 1.60209
||KtYu|| = 14.3081
||rj|| = 15.1651
||yj|| = 0.976085
||rphi|| = 0.0019697
||rp|| = 0.0749864
||y|| = 533.456
   Pass :  1   Iteration : 128  || r || = 0.0203789
||yp|| = 558.875
||xi|| = 507.835
||eta|| = 0.387225
||yp|| = 558.875
||yphi|| = 0.393974
||BtYp|| = 3.13398
||ru|| = 3.13428
||yu|| = 147.972
||GtYphi|| = 2.08296
||KtYu|| = 13.597
||rj|| = 14.2916
||yj|| = 0.880654
||rphi|| = 0.00289979
||rp|| = 0.0783253
||y|| = 578.133
   Pass :  1   Iteration : 129  || r || = 0.0203757
||yp|| = 669.945
||xi|| = 608.742
||eta|| = 0.3944
||yp|| = 669.945
||yphi|| = 0.193701
||BtYp|| = 4.04607
||ru|| = 4.04722
||yu|| = 183.819
||GtYphi|| = 1.77673
||KtYu|| = 14.6346
||rj|| = 15.4088
||yj|| = 0.974687
||rphi|| = 0.00154744
||rp|| = 0.100529
||y|| = 694.706
   Pass :  1   Iteration : 130  || r || = 0.0203749
||yp|| = 506.633
||xi|| = 460.265
||eta|| = 0.418679
||yp|| = 506.633
||yphi|| = 0.142399
||BtYp|| = 2.77022
||ru|| = 2.77154
||yu|| = 142.716
||GtYphi|| = 1.86494
||KtYu|| = 13.6359
||rj|| = 14.4491
||yj|| = 0.897291
||rphi|| = 0.00116521
||rp|| = 0.0766081
||y|| = 526.351
   Pass :  1   Iteration : 131  || r || = 0.0203682
||yp|| = 507.588
||xi|| = 461.181
||eta|| = 0.339918
||yp|| = 507.588
||yphi|| = 0.261297
||BtYp|| = 3.06064
||ru|| = 3.06098
||yu|| = 142.012
||GtYphi|| = 1.74909
||KtYu|| = 13.2348
||rj|| = 13.9962
||yj|| = 0.881037
||rphi|| = 0.00203973
||rp|| = 0.0835269
||y|| = 527.081
   Pass :  1   Iteration : 132  || r || = 0.0203367
||yp|| = 467.018
||xi|| = 424.326
||eta|| = 0.268067
||yp|| = 467.018
||yphi|| = 0.251798
||BtYp|| = 2.87668
||ru|| = 2.87807
||yu|| = 138.981
||GtYphi|| = 2.00688
||KtYu|| = 13.1051
||rj|| = 13.9834
||yj|| = 0.891765
||rphi|| = 0.00209324
||rp|| = 0.0802638
||y|| = 487.26
   Pass :  1   Iteration : 133  || r || = 0.0202413
||yp|| = 548.826
||xi|| = 498.687
||eta|| = 0.314955
||yp|| = 548.826
||yphi|| = 0.346977
||BtYp|| = 3.38375
||ru|| = 3.38542
||yu|| = 150.592
||GtYphi|| = 1.92615
||KtYu|| = 13.6485
||rj|| = 14.4365
||yj|| = 0.875759
||rphi|| = 0.00271803
||rp|| = 0.0873926
||y|| = 569.112
   Pass :  1   Iteration : 134  || r || = 0.0201101
||yp|| = 617.21
||xi|| = 560.82
||eta|| = 0.297132
||yp|| = 617.21
||yphi|| = 0.387057
||BtYp|| = 3.55456
||ru|| = 3.55366
||yu|| = 168.919
||GtYphi|| = 1.99055
||KtYu|| = 13.5691
||rj|| = 14.3298
||yj|| = 0.879221
||rphi|| = 0.00300018
||rp|| = 0.0946655
||y|| = 639.908
   Pass :  1   Iteration : 135  || r || = 0.0198714
||yp|| = 693.963
||xi|| = 630.562
||eta|| = 0.299079
||yp|| = 693.963
||yphi|| = 0.157579
||BtYp|| = 4.00264
||ru|| = 4.00452
||yu|| = 172.034
||GtYphi|| = 1.5371
||KtYu|| = 14.9888
||rj|| = 15.7124
||yj|| = 0.992661
||rphi|| = 0.00123751
||rp|| = 0.0949214
||y|| = 714.97
   Pass :  1   Iteration : 136  || r || = 0.0193054
||yp|| = 514.611
||xi|| = 467.54
||eta|| = 0.354402
||yp|| = 514.611
||yphi|| = 0.163049
||BtYp|| = 3.0348
||ru|| = 3.03577
||yu|| = 142.257
||GtYphi|| = 1.64123
||KtYu|| = 13.0071
||rj|| = 13.7855
||yj|| = 0.862604
||rphi|| = 0.0013727
||rp|| = 0.0775194
||y|| = 533.912
   Pass :  1   Iteration : 137  || r || = 0.0181545
||yp|| = 495.322
||xi|| = 450.022
||eta|| = 0.339095
||yp|| = 495.322
||yphi|| = 0.193938
||BtYp|| = 2.70504
||ru|| = 2.70684
||yu|| = 133.014
||GtYphi|| = 1.67922
||KtYu|| = 12.5052
||rj|| = 13.2489
||yj|| = 0.82979
||rphi|| = 0.00142456
||rp|| = 0.0730322
||y|| = 512.872
   Pass :  1   Iteration : 138  || r || = 0.0170656
||yp|| = 568.463
||xi|| = 516.558
||eta|| = 0.406488
||yp|| = 568.463
||yphi|| = 0.124996
||BtYp|| = 3.41307
||ru|| = 3.41457
||yu|| = 153.557
||GtYphi|| = 1.33233
||KtYu|| = 14.1657
||rj|| = 14.9794
||yj|| = 0.960516
||rphi|| = 0.000976319
||rp|| = 0.0897324
||y|| = 588.839
   Pass :  1   Iteration : 139  || r || = 0.0153589
||yp|| = 476.094
||xi|| = 432.588
||eta|| = 0.272598
||yp|| = 476.094
||yphi|| = 0.170402
||BtYp|| = 2.78364
||ru|| = 2.78427
||yu|| = 125.51
||GtYphi|| = 1.64847
||KtYu|| = 11.5219
||rj|| = 12.2444
||yj|| = 0.756104
||rphi|| = 0.00138572
||rp|| = 0.074423
||y|| = 492.361
   Pass :  1   Iteration : 140  || r || = 0.0144529
||yp|| = 591.366
||xi|| = 537.324
||eta|| = 0.359261
||yp|| = 591.366
||yphi|| = 0.160876
||BtYp|| = 3.77368
||ru|| = 3.77465
||yu|| = 168.861
||GtYphi|| = 1.37446
||KtYu|| = 14.1729
||rj|| = 14.9345
||yj|| = 0.967737
||rphi|| = 0.00113607
||rp|| = 0.0989382
||y|| = 615.003
   Pass :  1   Iteration : 141  || r || = 0.0139922
||yp|| = 681.208
||xi|| = 619.08
||eta|| = 0.426782
||yp|| = 681.208
||yphi|| = 0.266177
||BtYp|| = 4.06084
||ru|| = 4.06179
||yu|| = 178.897
||GtYphi|| = 1.85967
||KtYu|| = 13.3337
||rj|| = 14.0971
||yj|| = 0.867502
||rphi|| = 0.00215228
||rp|| = 0.103532
||y|| = 704.308
   Pass :  1   Iteration : 142  || r || = 0.0137104
||yp|| = 565.445
||xi|| = 513.764
||eta|| = 0.345891
||yp|| = 565.445
||yphi|| = 0.321247
||BtYp|| = 3.47281
||ru|| = 3.47413
||yu|| = 162.419
||GtYphi|| = 1.86244
||KtYu|| = 12.9126
||rj|| = 13.7388
||yj|| = 0.84069
||rphi|| = 0.00249944
||rp|| = 0.0900654
||y|| = 588.31
   Pass :  1   Iteration : 143  || r || = 0.0134844
||yp|| = 623.519
||xi|| = 566.543
||eta|| = 0.336374
||yp|| = 623.519
||yphi|| = 0.517481
||BtYp|| = 3.62999
||ru|| = 3.6305
||yu|| = 175.87
||GtYphi|| = 1.9793
||KtYu|| = 13.4162
||rj|| = 14.1906
||yj|| = 0.879006
||rphi|| = 0.00402994
||rp|| = 0.0923657
||y|| = 647.848
   Pass :  1   Iteration : 144  || r || = 0.0133822
||yp|| = 604.572
||xi|| = 549.347
||eta|| = 0.332677
||yp|| = 604.572
||yphi|| = 0.399049
||BtYp|| = 3.69304
||ru|| = 3.69387
||yu|| = 174.098
||GtYphi|| = 1.9718
||KtYu|| = 13.8024
||rj|| = 14.6139
||yj|| = 0.896925
||rphi|| = 0.00312976
||rp|| = 0.0925683
||y|| = 629.141
   Pass :  1   Iteration : 145  || r || = 0.0133346
||yp|| = 539.378
||xi|| = 490.095
||eta|| = 0.370222
||yp|| = 539.378
||yphi|| = 0.304477
||BtYp|| = 3.27392
||ru|| = 3.27443
||yu|| = 151.952
||GtYphi|| = 2.10702
||KtYu|| = 12.7009
||rj|| = 13.5261
||yj|| = 0.816619
||rphi|| = 0.00230345
||rp|| = 0.0867703
||y|| = 560.373
   Pass :  1   Iteration : 146  || r || = 0.0133081
||yp|| = 587.532
||xi|| = 533.821
||eta|| = 0.385762
||yp|| = 587.532
||yphi|| = 0.310794
||BtYp|| = 3.3522
||ru|| = 3.35282
||yu|| = 159.166
||GtYphi|| = 1.94887
||KtYu|| = 13.8619
||rj|| = 14.6541
||yj|| = 0.919423
||rphi|| = 0.00230956
||rp|| = 0.0854571
||y|| = 608.711
   Pass :  1   Iteration : 147  || r || = 0.0133032
||yp|| = 699.604
||xi|| = 635.667
||eta|| = 0.492978
||yp|| = 699.604
||yphi|| = 0.214348
||BtYp|| = 4.22517
||ru|| = 4.22578
||yu|| = 214.712
||GtYphi|| = 1.71413
||KtYu|| = 15.8566
||rj|| = 16.5789
||yj|| = 1.02518
||rphi|| = 0.00166637
||rp|| = 0.111118
||y|| = 731.811
   Pass :  1   Iteration : 148  || r || = 0.0133006
||yp|| = 545.602
||xi|| = 495.729
||eta|| = 0.331152
||yp|| = 545.602
||yphi|| = 0.205191
||BtYp|| = 2.82062
||ru|| = 2.82194
||yu|| = 135.799
||GtYphi|| = 1.83683
||KtYu|| = 12.4064
||rj|| = 13.0624
||yj|| = 0.833527
||rphi|| = 0.00151711
||rp|| = 0.0780208
||y|| = 562.248
   Pass :  1   Iteration : 149  || r || = 0.0132994
||yp|| = 542.974
||xi|| = 493.357
||eta|| = 0.309308
||yp|| = 542.974
||yphi|| = 0.245714
||BtYp|| = 3.44493
||ru|| = 3.44581
||yu|| = 159.475
||GtYphi|| = 1.58329
||KtYu|| = 14.4151
||rj|| = 15.2729
||yj|| = 0.969557
||rphi|| = 0.00178998
||rp|| = 0.0936046
||y|| = 565.91
   Pass :  1   Iteration : 150  || r || = 0.0132941
||yp|| = 681.7
||xi|| = 619.448
||eta|| = 0.388596
||yp|| = 681.7
||yphi|| = 0.281365
||BtYp|| = 3.63082
||ru|| = 3.63161
||yu|| = 179.648
||GtYphi|| = 2.03703
||KtYu|| = 13.7916
||rj|| = 14.4605
||yj|| = 0.864682
||rphi|| = 0.0020692
||rp|| = 0.0956339
||y|| = 704.975
   Pass :  1   Iteration : 151  || r || = 0.0132907
||yp|| = 497.928
||xi|| = 452.385
||eta|| = 0.293608
||yp|| = 497.928
||yphi|| = 0.368956
||BtYp|| = 2.89705
||ru|| = 2.8979
||yu|| = 139.9
||GtYphi|| = 1.7556
||KtYu|| = 13.8394
||rj|| = 14.6953
||yj|| = 0.982179
||rphi|| = 0.00276621
||rp|| = 0.0807223
||y|| = 517.209
   Pass :  1   Iteration : 152  || r || = 0.013287
||yp|| = 522.514
||xi|| = 474.774
||eta|| = 0.264756
||yp|| = 522.514
||yphi|| = 0.477901
||BtYp|| = 2.93833
||ru|| = 2.93928
||yu|| = 135.067
||GtYphi|| = 1.90548
||KtYu|| = 12.1066
||rj|| = 12.9297
||yj|| = 0.825844
||rphi|| = 0.00364654
||rp|| = 0.0795995
||y|| = 539.689
   Pass :  1   Iteration : 153  || r || = 0.0132756
||yp|| = 462.969
||xi|| = 420.657
||eta|| = 0.349781
||yp|| = 462.969
||yphi|| = 0.34271
||BtYp|| = 2.72913
||ru|| = 2.72907
||yu|| = 133.914
||GtYphi|| = 1.95225
||KtYu|| = 13.3287
||rj|| = 14.1545
||yj|| = 0.879376
||rphi|| = 0.0025655
||rp|| = 0.0760642
||y|| = 481.948
   Pass :  1   Iteration : 154  || r || = 0.0132375
||yp|| = 503.061
||xi|| = 457.056
||eta|| = 0.351128
||yp|| = 503.061
||yphi|| = 0.267524
||BtYp|| = 2.81445
||ru|| = 2.81637
||yu|| = 138.708
||GtYphi|| = 1.61159
||KtYu|| = 13.3653
||rj|| = 14.1507
||yj|| = 0.895599
||rphi|| = 0.00215085
||rp|| = 0.0780002
||y|| = 521.835
   Pass :  1   Iteration : 155  || r || = 0.0131468
||yp|| = 554.262
||xi|| = 503.602
||eta|| = 0.416009
||yp|| = 554.262
||yphi|| = 0.235347
||BtYp|| = 3.25004
||ru|| = 3.25114
||yu|| = 160.503
||GtYphi|| = 1.83437
||KtYu|| = 12.443
||rj|| = 13.1606
||yj|| = 0.787925
||rphi|| = 0.00186829
||rp|| = 0.0886857
||y|| = 577.034
   Pass :  1   Iteration : 156  || r || = 0.0130043
||yp|| = 556.023
||xi|| = 505.206
||eta|| = 0.267675
||yp|| = 556.023
||yphi|| = 0.214459
||BtYp|| = 2.94672
||ru|| = 2.94813
||yu|| = 156.052
||GtYphi|| = 1.55161
||KtYu|| = 14.4085
||rj|| = 15.2592
||yj|| = 0.934443
||rphi|| = 0.00164091
||rp|| = 0.084154
||y|| = 577.507
   Pass :  1   Iteration : 157  || r || = 0.0125586
||yp|| = 661.181
||xi|| = 600.796
||eta|| = 0.295951
||yp|| = 661.181
||yphi|| = 0.294202
||BtYp|| = 4.04781
||ru|| = 4.04766
||yu|| = 175.511
||GtYphi|| = 1.65684
||KtYu|| = 12.9454
||rj|| = 13.6442
||yj|| = 0.838429
||rphi|| = 0.00228852
||rp|| = 0.0999591
||y|| = 684.079
   Pass :  1   Iteration : 158  || r || = 0.0118997
||yp|| = 489.919
||xi|| = 445.12
||eta|| = 0.395084
||yp|| = 489.919
||yphi|| = 0.339071
||BtYp|| = 2.71144
||ru|| = 2.7126
||yu|| = 133.225
||GtYphi|| = 1.95889
||KtYu|| = 12.8546
||rj|| = 13.634
||yj|| = 0.836754
||rphi|| = 0.0027236
||rp|| = 0.0744001
||y|| = 507.711
   Pass :  1   Iteration : 159  || r || = 0.0112287
||yp|| = 490.01
||xi|| = 445.189
||eta|| = 0.320613
||yp|| = 490.01
||yphi|| = 0.224222
||BtYp|| = 2.667
||ru|| = 2.66826
||yu|| = 142.846
||GtYphi|| = 1.54326
||KtYu|| = 13.2989
||rj|| = 14.1148
||yj|| = 0.895148
||rphi|| = 0.00185971
||rp|| = 0.0776101
||y|| = 510.407
   Pass :  1   Iteration : 160  || r || = 0.0104044
||yp|| = 432.269
||xi|| = 392.677
||eta|| = 0.327357
||yp|| = 432.269
||yphi|| = 0.194121
||BtYp|| = 2.26572
||ru|| = 2.26607
||yu|| = 127.32
||GtYphi|| = 1.79976
||KtYu|| = 11.2521
||rj|| = 12.0013
||yj|| = 0.709911
||rphi|| = 0.00136706
||rp|| = 0.0678508
||y|| = 450.63
   Pass :  1   Iteration : 161  || r || = 0.0100202
||yp|| = 535.623
||xi|| = 486.681
||eta|| = 0.320739
||yp|| = 535.623
||yphi|| = 0.2434
||BtYp|| = 3.0067
||ru|| = 3.00803
||yu|| = 151.891
||GtYphi|| = 1.73258
||KtYu|| = 13.894
||rj|| = 14.7525
||yj|| = 0.882827
||rphi|| = 0.00174528
||rp|| = 0.0818736
||y|| = 556.744
   Pass :  1   Iteration : 162  || r || = 0.0097289
||yp|| = 474.737
||xi|| = 431.301
||eta|| = 0.350685
||yp|| = 474.737
||yphi|| = 0.182777
||BtYp|| = 2.49111
||ru|| = 2.49257
||yu|| = 133.738
||GtYphi|| = 1.54314
||KtYu|| = 13.4117
||rj|| = 14.1921
||yj|| = 0.896517
||rphi|| = 0.00131251
||rp|| = 0.0723503
||y|| = 493.216
   Pass :  1   Iteration : 163  || r || = 0.00948789
||yp|| = 470.956
||xi|| = 427.877
||eta|| = 0.305725
||yp|| = 470.956
||yphi|| = 0.252401
||BtYp|| = 2.64094
||ru|| = 2.64222
||yu|| = 124.025
||GtYphi|| = 1.90595
||KtYu|| = 11.6676
||rj|| = 12.443
||yj|| = 0.729235
||rphi|| = 0.00220992
||rp|| = 0.0683616
||y|| = 487.014
   Pass :  1   Iteration : 164  || r || = 0.00939382
||yp|| = 452.81
||xi|| = 411.403
||eta|| = 0.292145
||yp|| = 452.81
||yphi|| = 0.249603
||BtYp|| = 2.35953
||ru|| = 2.36055
||yu|| = 118.633
||GtYphi|| = 1.82888
||KtYu|| = 13.1235
||rj|| = 13.9876
||yj|| = 0.816324
||rphi|| = 0.00195287
||rp|| = 0.0652512
||y|| = 468.093
   Pass :  1   Iteration : 165  || r || = 0.0093482
||yp|| = 523.648
||xi|| = 475.741
||eta|| = 0.405213
||yp|| = 523.648
||yphi|| = 0.255348
||BtYp|| = 3.00384
||ru|| = 3.00491
||yu|| = 156.161
||GtYphi|| = 1.62806
||KtYu|| = 15.0936
||rj|| = 15.8933
||yj|| = 0.971193
||rphi|| = 0.00196672
||rp|| = 0.0838746
||y|| = 546.438
   Pass :  1   Iteration : 166  || r || = 0.00932161
||yp|| = 600.538
||xi|| = 545.568
||eta|| = 0.315483
||yp|| = 600.538
||yphi|| = 0.338564
||BtYp|| = 3.0767
||ru|| = 3.07757
||yu|| = 163.347
||GtYphi|| = 1.9048
||KtYu|| = 12.6229
||rj|| = 13.4094
||yj|| = 0.773474
||rphi|| = 0.00238357
||rp|| = 0.0819619
||y|| = 622.358
   Pass :  1   Iteration : 167  || r || = 0.0093084
||yp|| = 482.398
||xi|| = 438.318
||eta|| = 0.309531
||yp|| = 482.398
||yphi|| = 0.318135
||BtYp|| = 2.73813
||ru|| = 2.74001
||yu|| = 138.15
||GtYphi|| = 1.95562
||KtYu|| = 13.7918
||rj|| = 14.6501
||yj|| = 0.878885
||rphi|| = 0.00229153
||rp|| = 0.0751085
||y|| = 501.791
   Pass :  1   Iteration : 168  || r || = 0.00930152
||yp|| = 497.613
||xi|| = 452.089
||eta|| = 0.296839
||yp|| = 497.613
||yphi|| = 0.239709
||BtYp|| = 2.76623
||ru|| = 2.7664
||yu|| = 138.541
||GtYphi|| = 1.86849
||KtYu|| = 13.0018
||rj|| = 13.7628
||yj|| = 0.832635
||rphi|| = 0.00197593
||rp|| = 0.0753467
||y|| = 516.539
   Pass :  1   Iteration : 169  || r || = 0.00929858
||yp|| = 697.675
||xi|| = 633.909
||eta|| = 0.335723
||yp|| = 697.675
||yphi|| = 0.226436
||BtYp|| = 4.29386
||ru|| = 4.29498
||yu|| = 212.033
||GtYphi|| = 1.85295
||KtYu|| = 16.126
||rj|| = 16.8588
||yj|| = 0.946897
||rphi|| = 0.00164469
||rp|| = 0.113208
||y|| = 729.184
   Pass :  1   Iteration : 170  || r || = 0.00929626
||yp|| = 521.125
||xi|| = 473.515
||eta|| = 0.278661
||yp|| = 521.125
||yphi|| = 0.194747
||BtYp|| = 3.19051
||ru|| = 3.1914
||yu|| = 142.281
||GtYphi|| = 1.83141
||KtYu|| = 13.3218
||rj|| = 14.1678
||yj|| = 0.869428
||rphi|| = 0.00173008
||rp|| = 0.0833797
||y|| = 540.2
   Pass :  1   Iteration : 171  || r || = 0.00929536
||yp|| = 506.499
||xi|| = 460.205
||eta|| = 0.289381
||yp|| = 506.499
||yphi|| = 0.224169
||BtYp|| = 2.92656
||ru|| = 2.92767
||yu|| = 140.353
||GtYphi|| = 1.96787
||KtYu|| = 13.1974
||rj|| = 14.0179
||yj|| = 0.804742
||rphi|| = 0.00173358
||rp|| = 0.0777543
||y|| = 525.586
   Pass :  1   Iteration : 172  || r || = 0.00929357
||yp|| = 638.288
||xi|| = 580.004
||eta|| = 0.306669
||yp|| = 638.288
||yphi|| = 0.276069
||BtYp|| = 3.82391
||ru|| = 3.82335
||yu|| = 173.37
||GtYphi|| = 2.05503
||KtYu|| = 14.1762
||rj|| = 14.9925
||yj|| = 0.827158
||rphi|| = 0.00186574
||rp|| = 0.0955633
||y|| = 661.414
   Pass :  1   Iteration : 173  || r || = 0.00928738
||yp|| = 626.588
||xi|| = 569.324
||eta|| = 0.373191
||yp|| = 626.588
||yphi|| = 0.202098
||BtYp|| = 3.62782
||ru|| = 3.62768
||yu|| = 164.233
||GtYphi|| = 1.75874
||KtYu|| = 13.9265
||rj|| = 14.735
||yj|| = 0.910697
||rphi|| = 0.0015816
||rp|| = 0.0920355
||y|| = 647.754
   Pass :  1   Iteration : 174  || r || = 0.00927642
||yp|| = 550.355
||xi|| = 500.054
||eta|| = 0.344391
||yp|| = 550.355
||yphi|| = 0.326194
||BtYp|| = 3.23659
||ru|| = 3.23778
||yu|| = 152.6
||GtYphi|| = 2.02893
||KtYu|| = 13.9805
||rj|| = 14.7551
||yj|| = 0.897363
||rphi|| = 0.00234535
||rp|| = 0.0867365
||y|| = 571.12
   Pass :  1   Iteration : 175  || r || = 0.00923841
||yp|| = 608.37
||xi|| = 552.753
||eta|| = 0.361127
||yp|| = 608.37
||yphi|| = 0.188411
||BtYp|| = 3.50327
||ru|| = 3.50402
||yu|| = 163.793
||GtYphi|| = 1.86126
||KtYu|| = 13.1487
||rj|| = 13.8967
||yj|| = 0.787835
||rphi|| = 0.00166149
||rp|| = 0.092114
||y|| = 630.034
   Pass :  1   Iteration : 176  || r || = 0.00917627
||yp|| = 660.506
||xi|| = 600.234
||eta|| = 0.325858
||yp|| = 660.506
||yphi|| = 0.152361
||BtYp|| = 4.47295
||ru|| = 4.47355
||yu|| = 192.522
||GtYphi|| = 1.59294
||KtYu|| = 14.7875
||rj|| = 15.5501
||yj|| = 0.965783
||rphi|| = 0.00120589
||rp|| = 0.11535
||y|| = 687.992
   Pass :  1   Iteration : 177  || r || = 0.00905501
||yp|| = 719.109
||xi|| = 653.435
||eta|| = 0.340413
||yp|| = 719.109
||yphi|| = 0.261682
||BtYp|| = 4.54071
||ru|| = 4.54111
||yu|| = 199.462
||GtYphi|| = 1.94024
||KtYu|| = 13.7119
||rj|| = 14.5269
||yj|| = 0.836581
||rphi|| = 0.00211787
||rp|| = 0.114164
||y|| = 746.26
   Pass :  1   Iteration : 178  || r || = 0.00878241
||yp|| = 575.81
||xi|| = 523.235
||eta|| = 0.341515
||yp|| = 575.81
||yphi|| = 0.200755
||BtYp|| = 3.80424
||ru|| = 3.80528
||yu|| = 164.444
||GtYphi|| = 1.68684
||KtYu|| = 12.5544
||rj|| = 13.3107
||yj|| = 0.7835
||rphi|| = 0.00165474
||rp|| = 0.0976754
||y|| = 598.832
   Pass :  1   Iteration : 179  || r || = 0.00850172
||yp|| = 663.079
||xi|| = 602.47
||eta|| = 0.337793
||yp|| = 663.079
||yphi|| = 0.245043
||BtYp|| = 4.17736
||ru|| = 4.17698
||yu|| = 188.848
||GtYphi|| = 1.59979
||KtYu|| = 14.6504
||rj|| = 15.3921
||yj|| = 0.945338
||rphi|| = 0.00197007
||rp|| = 0.104241
||y|| = 689.448
   Pass :  1   Iteration : 180  || r || = 0.00821635
||yp|| = 700.301
||xi|| = 636.315
||eta|| = 0.344594
||yp|| = 700.301
||yphi|| = 0.207063
||BtYp|| = 4.19634
||ru|| = 4.19753
||yu|| = 194.791
||GtYphi|| = 1.96322
||KtYu|| = 14.607
||rj|| = 15.3088
||yj|| = 0.885872
||rphi|| = 0.00170541
||rp|| = 0.103794
||y|| = 726.888
   Pass :  1   Iteration : 181  || r || = 0.0080029
||yp|| = 470.932
||xi|| = 427.853
||eta|| = 0.416909
||yp|| = 470.932
||yphi|| = 0.237921
||BtYp|| = 2.67503
||ru|| = 2.67609
||yu|| = 132.683
||GtYphi|| = 1.76854
||KtYu|| = 13.3428
||rj|| = 14.1624
||yj|| = 0.85472
||rphi|| = 0.00197817
||rp|| = 0.0713275
||y|| = 489.267
   Pass :  1   Iteration : 182  || r || = 0.00784069
||yp|| = 510.351
||xi|| = 463.683
||eta|| = 0.31451
||yp|| = 510.351
||yphi|| = 0.322619
||BtYp|| = 3.02161
||ru|| = 3.02209
||yu|| = 137.992
||GtYphi|| = 2.05947
||KtYu|| = 12.6165
||rj|| = 13.4623
||yj|| = 0.790713
||rphi|| = 0.00269028
||rp|| = 0.0757087
||y|| = 528.678
   Pass :  1   Iteration : 183  || r || = 0.00774849
||yp|| = 643.978
||xi|| = 585.154
||eta|| = 0.291742
||yp|| = 643.978
||yphi|| = 0.210855
||BtYp|| = 3.90836
||ru|| = 3.90946
||yu|| = 182.793
||GtYphi|| = 1.8196
||KtYu|| = 13.5286
||rj|| = 14.2671
||yj|| = 0.797173
||rphi|| = 0.00172993
||rp|| = 0.0975126
||y|| = 669.419
   Pass :  1   Iteration : 184  || r || = 0.00771216
||yp|| = 523.003
||xi|| = 475.196
||eta|| = 0.334293
||yp|| = 523.003
||yphi|| = 0.209194
||BtYp|| = 2.79675
||ru|| = 2.79801
||yu|| = 140.975
||GtYphi|| = 1.52002
||KtYu|| = 14.5455
||rj|| = 15.3659
||yj|| = 0.963059
||rphi|| = 0.00158671
||rp|| = 0.0747249
||y|| = 541.671
   Pass :  1   Iteration : 185  || r || = 0.00768804
||yp|| = 472.053
||xi|| = 428.862
||eta|| = 0.356931
||yp|| = 472.053
||yphi|| = 0.176676
||BtYp|| = 2.55529
||ru|| = 2.55647
||yu|| = 129.627
||GtYphi|| = 1.84354
||KtYu|| = 12.3215
||rj|| = 13.1057
||yj|| = 0.745749
||rphi|| = 0.00133338
||rp|| = 0.0684616
||y|| = 489.528
   Pass :  1   Iteration : 186  || r || = 0.00767902
||yp|| = 541.88
||xi|| = 492.315
||eta|| = 0.396799
||yp|| = 541.88
||yphi|| = 0.251292
||BtYp|| = 3.04685
||ru|| = 3.04852
||yu|| = 157.557
||GtYphi|| = 2.16202
||KtYu|| = 14.2382
||rj|| = 15.1461
||yj|| = 0.852395
||rphi|| = 0.00216141
||rp|| = 0.0858253
||y|| = 564.322
   Pass :  1   Iteration : 187  || r || = 0.00767396
||yp|| = 601.766
||xi|| = 546.737
||eta|| = 0.332435
||yp|| = 601.766
||yphi|| = 0.253198
||BtYp|| = 3.26309
||ru|| = 3.26359
||yu|| = 167.655
||GtYphi|| = 1.91718
||KtYu|| = 14.4906
||rj|| = 15.2798
||yj|| = 0.905989
||rphi|| = 0.00251742
||rp|| = 0.0860063
||y|| = 624.685
   Pass :  1   Iteration : 188  || r || = 0.00767183
||yp|| = 488.803
||xi|| = 444.08
||eta|| = 0.315698
||yp|| = 488.803
||yphi|| = 0.295881
||BtYp|| = 2.62472
||ru|| = 2.6263
||yu|| = 143.005
||GtYphi|| = 2.34658
||KtYu|| = 12.4728
||rj|| = 13.3005
||yj|| = 0.730724
||rphi|| = 0.00279193
||rp|| = 0.0765474
||y|| = 509.293
   Pass :  1   Iteration : 189  || r || = 0.00767152
||yp|| = 480.955
||xi|| = 436.957
||eta|| = 0.35943
||yp|| = 480.955
||yphi|| = 0.287553
||BtYp|| = 2.50272
||ru|| = 2.50387
||yu|| = 128.374
||GtYphi|| = 2.04075
||KtYu|| = 12.9701
||rj|| = 13.8504
||yj|| = 0.837296
||rphi|| = 0.00261393
||rp|| = 0.0704502
||y|| = 497.793
   Pass :  1   Iteration : 190  || r || = 0.00767151
||yp|| = 454.039
||xi|| = 412.432
||eta|| = 0.373388
||yp|| = 454.039
||yphi|| = 0.204312
||BtYp|| = 2.34316
||ru|| = 2.34377
||yu|| = 132.324
||GtYphi|| = 1.72064
||KtYu|| = 13.7357
||rj|| = 14.4965
||yj|| = 0.885478
||rphi|| = 0.00169562
||rp|| = 0.0692585
||y|| = 472.929
   Pass :  1   Iteration : 191  || r || = 0.00767109
||yp|| = 471.726
||xi|| = 428.578
||eta|| = 0.387348
||yp|| = 471.726
||yphi|| = 0.288599
||BtYp|| = 2.20001
||ru|| = 2.20153
||yu|| = 120.285
||GtYphi|| = 2.02787
||KtYu|| = 13.8406
||rj|| = 14.729
||yj|| = 0.838837
||rphi|| = 0.00250882
||rp|| = 0.0674043
||y|| = 486.82
   Pass :  1   Iteration : 192  || r || = 0.0076698
||yp|| = 482.664
||xi|| = 438.476
||eta|| = 0.343282
||yp|| = 482.664
||yphi|| = 0.203495
||BtYp|| = 2.51335
||ru|| = 2.51512
||yu|| = 138.762
||GtYphi|| = 1.67381
||KtYu|| = 13.6963
||rj|| = 14.4731
||yj|| = 0.903674
||rphi|| = 0.00182855
||rp|| = 0.0766019
||y|| = 502.215
   Pass :  1   Iteration : 193  || r || = 0.0076644
||yp|| = 492.402
||xi|| = 447.331
||eta|| = 0.333572
||yp|| = 492.402
||yphi|| = 0.220275
||BtYp|| = 2.76495
||ru|| = 2.76809
||yu|| = 151.483
||GtYphi|| = 1.71046
||KtYu|| = 14.2973
||rj|| = 15.0181
||yj|| = 0.916945
||rphi|| = 0.00190682
||rp|| = 0.0795299
||y|| = 515.178
   Pass :  1   Iteration : 194  || r || = 0.00765051
||yp|| = 478.655
||xi|| = 434.851
||eta|| = 0.364993
||yp|| = 478.655
||yphi|| = 0.236348
||BtYp|| = 2.08975
||ru|| = 2.09095
||yu|| = 118.316
||GtYphi|| = 1.97563
||KtYu|| = 12.6167
||rj|| = 13.4781
||yj|| = 0.780164
||rphi|| = 0.00194454
||rp|| = 0.0626272
||y|| = 493.062
   Pass :  1   Iteration : 195  || r || = 0.00762076
||yp|| = 421.939
||xi|| = 383.323
||eta|| = 0.275389
||yp|| = 421.939
||yphi|| = 0.220381
||BtYp|| = 2.31026
||ru|| = 2.31189
||yu|| = 124.392
||GtYphi|| = 1.75606
||KtYu|| = 13.3568
||rj|| = 14.1962
||yj|| = 0.883447
||rphi|| = 0.00182323
||rp|| = 0.0692884
||y|| = 439.894
   Pass :  1   Iteration : 196  || r || = 0.00755377
||yp|| = 506.493
||xi|| = 460.135
||eta|| = 0.327986
||yp|| = 506.493
||yphi|| = 0.249742
||BtYp|| = 2.73985
||ru|| = 2.74138
||yu|| = 143.806
||GtYphi|| = 2.02925
||KtYu|| = 13.2377
||rj|| = 14.0557
||yj|| = 0.810585
||rphi|| = 0.00221495
||rp|| = 0.0813863
||y|| = 526.513
   Pass :  1   Iteration : 197  || r || = 0.00743946
||yp|| = 526.078
||xi|| = 477.958
||eta|| = 0.292639
||yp|| = 526.078
||yphi|| = 0.232526
||BtYp|| = 2.79384
||ru|| = 2.7939
||yu|| = 150.411
||GtYphi|| = 1.8924
||KtYu|| = 12.6691
||rj|| = 13.5059
||yj|| = 0.76655
||rphi|| = 0.00198407
||rp|| = 0.0812819
||y|| = 547.158
   Pass :  1   Iteration : 198  || r || = 0.00725199
||yp|| = 493.645
||xi|| = 448.491
||eta|| = 0.324435
||yp|| = 493.645
||yphi|| = 0.166385
||BtYp|| = 2.94757
||ru|| = 2.94871
||yu|| = 154.166
||GtYphi|| = 1.66125
||KtYu|| = 13.4217
||rj|| = 14.2035
||yj|| = 0.867865
||rphi|| = 0.00128641
||rp|| = 0.0894135
||y|| = 517.159
   Pass :  1   Iteration : 199  || r || = 0.00699585
||yp|| = 487.671
||xi|| = 443.094
||eta|| = 0.252511
||yp|| = 487.671
||yphi|| = 0.249039
||BtYp|| = 2.51601
||ru|| = 2.51731
||yu|| = 127.799
||GtYphi|| = 1.62948
||KtYu|| = 12.6962
||rj|| = 13.5481
||yj|| = 0.765036
||rphi|| = 0.00207558
||rp|| = 0.0719438
||y|| = 504.139
   Pass :  1   Iteration : 200  || r || = 0.00672251
||yp|| = 483.667
||xi|| = 439.466
||eta|| = 0.284609
||yp|| = 483.667
||yphi|| = 0.308915
||BtYp|| = 2.60955
||ru|| = 2.61022
||yu|| = 128.669
||GtYphi|| = 1.96745
||KtYu|| = 12.3954
||rj|| = 13.2019
||yj|| = 0.720532
||rphi|| = 0.00293071
||rp|| = 0.0718208
||y|| = 500.49
   Pass :  1   Iteration : 201  || r || = 0.00658753
||yp|| = 586.755
||xi|| = 533.116
||eta|| = 0.307611
||yp|| = 586.755
||yphi|| = 0.242037
||BtYp|| = 3.34411
||ru|| = 3.34543
||yu|| = 162.566
||GtYphi|| = 2.02677
||KtYu|| = 13.7396
||rj|| = 14.5846
||yj|| = 0.849977
||rphi|| = 0.0023993
||rp|| = 0.0935181
||y|| = 608.859
   Pass :  1   Iteration : 202  || r || = 0.0065111
||yp|| = 531.502
||xi|| = 482.916
||eta|| = 0.310689
||yp|| = 531.502
||yphi|| = 0.23313
||BtYp|| = 2.79574
||ru|| = 2.79589
||yu|| = 141.35
||GtYphi|| = 1.92927
||KtYu|| = 12.5681
||rj|| = 13.3892
||yj|| = 0.788333
||rphi|| = 0.00179865
||rp|| = 0.0769876
||y|| = 549.977
   Pass :  1   Iteration : 203  || r || = 0.00648171
||yp|| = 538.083
||xi|| = 488.9
||eta|| = 0.324291
||yp|| = 538.083
||yphi|| = 0.201132
||BtYp|| = 2.83332
||ru|| = 2.83493
||yu|| = 145.788
||GtYphi|| = 1.87501
||KtYu|| = 13.6071
||rj|| = 14.4428
||yj|| = 0.815615
||rphi|| = 0.00150309
||rp|| = 0.0778803
||y|| = 557.484
   Pass :  1   Iteration : 204  || r || = 0.00646173
||yp|| = 558.387
||xi|| = 507.354
||eta|| = 0.301462
||yp|| = 558.387
||yphi|| = 0.199672
||BtYp|| = 2.91331
||ru|| = 2.91565
||yu|| = 145.142
||GtYphi|| = 1.69203
||KtYu|| = 13.9469
||rj|| = 14.7453
||yj|| = 0.875754
||rphi|| = 0.00176942
||rp|| = 0.0805415
||y|| = 576.943
   Pass :  1   Iteration : 205  || r || = 0.00645098
||yp|| = 476.772
||xi|| = 433.15
||eta|| = 0.341529
||yp|| = 476.772
||yphi|| = 0.24329
||BtYp|| = 2.4078
||ru|| = 2.40798
||yu|| = 131.659
||GtYphi|| = 2.00781
||KtYu|| = 12.5764
||rj|| = 13.4499
||yj|| = 0.740545
||rphi|| = 0.00197158
||rp|| = 0.0701166
||y|| = 494.617
   Pass :  1   Iteration : 206  || r || = 0.00644635
||yp|| = 526.513
||xi|| = 478.352
||eta|| = 0.3325
||yp|| = 526.513
||yphi|| = 0.227989
||BtYp|| = 2.80391
||ru|| = 2.80652
||yu|| = 147.82
||GtYphi|| = 1.95898
||KtYu|| = 13.3876
||rj|| = 14.1659
||yj|| = 0.816514
||rphi|| = 0.00197675
||rp|| = 0.0791301
||y|| = 546.87
   Pass :  1   Iteration : 207  || r || = 0.00644551
||yp|| = 577.753
||xi|| = 524.958
||eta|| = 0.268131
||yp|| = 577.753
||yphi|| = 0.279087
||BtYp|| = 3.41175
||ru|| = 3.4114
||yu|| = 164.01
||GtYphi|| = 1.95212
||KtYu|| = 14.5455
||rj|| = 15.4164
||yj|| = 0.919814
||rphi|| = 0.00228492
||rp|| = 0.0903765
||y|| = 600.582
   Pass :  1   Iteration : 208  || r || = 0.00644482
||yp|| = 493.283
||xi|| = 448.161
||eta|| = 0.341594
||yp|| = 493.283
||yphi|| = 0.255942
||BtYp|| = 2.57536
||ru|| = 2.57726
||yu|| = 134.201
||GtYphi|| = 2.17463
||KtYu|| = 13.096
||rj|| = 13.8884
||yj|| = 0.796139
||rphi|| = 0.00216747
||rp|| = 0.071659
||y|| = 511.213
   Pass :  1   Iteration : 209  || r || = 0.00644382
||yp|| = 457.209
||xi|| = 415.346
||eta|| = 0.31203
||yp|| = 457.209
||yphi|| = 0.245441
||BtYp|| = 2.35662
||ru|| = 2.35855
||yu|| = 129.787
||GtYphi|| = 1.96781
||KtYu|| = 13.3566
||rj|| = 14.1495
||yj|| = 0.88019
||rphi|| = 0.001886
||rp|| = 0.0713519
||y|| = 475.274
   Pass :  1   Iteration : 210  || r || = 0.00644301
||yp|| = 541.777
||xi|| = 492.231
||eta|| = 0.341128
||yp|| = 541.777
||yphi|| = 0.225138
||BtYp|| = 3.03601
||ru|| = 3.03687
||yu|| = 159.943
||GtYphi|| = 1.958
||KtYu|| = 14.7053
||rj|| = 15.5873
||yj|| = 0.938993
||rphi|| = 0.0016611
||rp|| = 0.086958
||y|| = 564.894
   Pass :  1   Iteration : 211  || r || = 0.0064412
||yp|| = 545.188
||xi|| = 495.337
||eta|| = 0.406018
||yp|| = 545.188
||yphi|| = 0.186171
||BtYp|| = 2.92466
||ru|| = 2.92631
||yu|| = 156.177
||GtYphi|| = 1.80821
||KtYu|| = 13.2651
||rj|| = 13.969
||yj|| = 0.801323
||rphi|| = 0.00154212
||rp|| = 0.085338
||y|| = 567.117
   Pass :  1   Iteration : 212  || r || = 0.00643755
||yp|| = 513.541
||xi|| = 466.555
||eta|| = 0.39525
||yp|| = 513.541
||yphi|| = 0.222018
||BtYp|| = 2.92837
||ru|| = 2.92947
||yu|| = 151.641
||GtYphi|| = 1.88257
||KtYu|| = 13.8348
||rj|| = 14.6867
||yj|| = 0.858735
||rphi|| = 0.00188382
||rp|| = 0.0878645
||y|| = 535.462
   Pass :  1   Iteration : 213  || r || = 0.00642754
||yp|| = 568.228
||xi|| = 516.289
||eta|| = 0.336766
||yp|| = 568.228
||yphi|| = 0.189066
||BtYp|| = 3.46106
||ru|| = 3.4628
||yu|| = 160.205
||GtYphi|| = 1.92391
||KtYu|| = 13.7493
||rj|| = 14.5957
||yj|| = 0.812778
||rphi|| = 0.00142655
||rp|| = 0.0953753
||y|| = 590.381
   Pass :  1   Iteration : 214  || r || = 0.00640179
||yp|| = 539.057
||xi|| = 489.776
||eta|| = 0.331636
||yp|| = 539.057
||yphi|| = 0.187161
||BtYp|| = 2.78947
||ru|| = 2.79032
||yu|| = 146.911
||GtYphi|| = 1.71864
||KtYu|| = 12.6856
||rj|| = 13.486
||yj|| = 0.765611
||rphi|| = 0.00140744
||rp|| = 0.089678
||y|| = 558.718
   Pass :  1   Iteration : 215  || r || = 0.00635591
||yp|| = 516.534
||xi|| = 469.226
||eta|| = 0.407465
||yp|| = 516.534
||yphi|| = 0.182211
||BtYp|| = 3.08108
||ru|| = 3.08245
||yu|| = 168.24
||GtYphi|| = 1.54928
||KtYu|| = 14.5884
||rj|| = 15.3685
||yj|| = 0.957802
||rphi|| = 0.00157516
||rp|| = 0.100604
||y|| = 543.243
   Pass :  1   Iteration : 216  || r || = 0.00626402
||yp|| = 534.316
||xi|| = 485.456
||eta|| = 0.310152
||yp|| = 534.316
||yphi|| = 0.249127
||BtYp|| = 2.61786
||ru|| = 2.61839
||yu|| = 135.861
||GtYphi|| = 2.07453
||KtYu|| = 12.9363
||rj|| = 13.8007
||yj|| = 0.757731
||rphi|| = 0.00201813
||rp|| = 0.0783968
||y|| = 551.318
   Pass :  1   Iteration : 217  || r || = 0.00609496
||yp|| = 512.248
||xi|| = 465.324
||eta|| = 0.364131
||yp|| = 512.248
||yphi|| = 0.219821
||BtYp|| = 2.42882
||ru|| = 2.42973
||yu|| = 145.732
||GtYphi|| = 1.66136
||KtYu|| = 13.1645
||rj|| = 14.0063
||yj|| = 0.818433
||rphi|| = 0.00192562
||rp|| = 0.0818862
||y|| = 532.575
   Pass :  1   Iteration : 218  || r || = 0.00579278
||yp|| = 454.856
||xi|| = 413.207
||eta|| = 0.32424
||yp|| = 454.856
||yphi|| = 0.234644
||BtYp|| = 2.63987
||ru|| = 2.64192
||yu|| = 147.922
||GtYphi|| = 1.81255
||KtYu|| = 13.1019
||rj|| = 13.9034
||yj|| = 0.813421
||rphi|| = 0.00194559
||rp|| = 0.0855517
||y|| = 478.305
   Pass :  1   Iteration : 219  || r || = 0.00544918
||yp|| = 540.113
||xi|| = 490.696
||eta|| = 0.296637
||yp|| = 540.113
||yphi|| = 0.231274
||BtYp|| = 2.74343
||ru|| = 2.7443
||yu|| = 149.086
||GtYphi|| = 1.76755
||KtYu|| = 13.0456
||rj|| = 13.8187
||yj|| = 0.760796
||rphi|| = 0.00174846
||rp|| = 0.0855301
||y|| = 560.311
   Pass :  1   Iteration : 220  || r || = 0.00524298
||yp|| = 468.437
||xi|| = 425.532
||eta|| = 0.321302
||yp|| = 468.437
||yphi|| = 0.153952
||BtYp|| = 2.6182
||ru|| = 2.61897
||yu|| = 144.42
||GtYphi|| = 1.62591
||KtYu|| = 14.1163
||rj|| = 14.9636
||yj|| = 0.888268
||rphi|| = 0.00122967
||rp|| = 0.0818888
||y|| = 490.195
   Pass :  1   Iteration : 221  || r || = 0.00512512
||yp|| = 511.45
||xi|| = 464.694
||eta|| = 0.451799
||yp|| = 511.45
||yphi|| = 0.304362
||BtYp|| = 2.73874
||ru|| = 2.74057
||yu|| = 151.246
||GtYphi|| = 1.96656
||KtYu|| = 13.317
||rj|| = 14.062
||yj|| = 0.852008
||rphi|| = 0.00264866
||rp|| = 0.0857172
||y|| = 533.345
   Pass :  1   Iteration : 222  || r || = 0.00508291
||yp|| = 523.817
||xi|| = 475.918
||eta|| = 0.353083
||yp|| = 523.817
||yphi|| = 0.244721
||BtYp|| = 3.0118
||ru|| = 3.01179
||yu|| = 159.206
||GtYphi|| = 1.92004
||KtYu|| = 14.4956
||rj|| = 15.3179
||yj|| = 0.855214
||rphi|| = 0.00185648
||rp|| = 0.0872959
||y|| = 547.477
   Pass :  1   Iteration : 223  || r || = 0.00506622
||yp|| = 605.492
||xi|| = 550.154
||eta|| = 0.461042
||yp|| = 605.492
||yphi|| = 0.180378
||BtYp|| = 3.65857
||ru|| = 3.65767
||yu|| = 182.041
||GtYphi|| = 1.70335
||KtYu|| = 15.0228
||rj|| = 15.7409
||yj|| = 0.953586
||rphi|| = 0.00141683
||rp|| = 0.101077
||y|| = 632.266
   Pass :  1   Iteration : 224  || r || = 0.00505543
||yp|| = 523.716
||xi|| = 475.785
||eta|| = 0.442422
||yp|| = 523.716
||yphi|| = 0.178693
||BtYp|| = 3.04302
||ru|| = 3.04313
||yu|| = 150.815
||GtYphi|| = 1.74231
||KtYu|| = 13.9369
||rj|| = 14.7186
||yj|| = 0.823454
||rphi|| = 0.00159062
||rp|| = 0.0840306
||y|| = 545
   Pass :  1   Iteration : 225  || r || = 0.00505032
||yp|| = 504.96
||xi|| = 458.785
||eta|| = 0.361438
||yp|| = 504.96
||yphi|| = 0.278144
||BtYp|| = 2.64073
||ru|| = 2.64431
||yu|| = 135.721
||GtYphi|| = 2.0887
||KtYu|| = 12.9835
||rj|| = 13.7821
||yj|| = 0.756427
||rphi|| = 0.00213388
||rp|| = 0.071685
||y|| = 522.882
   Pass :  1   Iteration : 226  || r || = 0.00504666
||yp|| = 500.752
||xi|| = 454.947
||eta|| = 0.456968
||yp|| = 500.752
||yphi|| = 0.306444
||BtYp|| = 2.85353
||ru|| = 2.85366
||yu|| = 149.179
||GtYphi|| = 1.90032
||KtYu|| = 15.4547
||rj|| = 16.2769
||yj|| = 1.00718
||rphi|| = 0.00243343
||rp|| = 0.0795149
||y|| = 522.501
   Pass :  1   Iteration : 227  || r || = 0.00504387
||yp|| = 510.266
||xi|| = 463.535
||eta|| = 0.430299
||yp|| = 510.266
||yphi|| = 0.187866
||BtYp|| = 2.7015
||ru|| = 2.70315
||yu|| = 137.785
||GtYphi|| = 1.7495
||KtYu|| = 13.3952
||rj|| = 14.162
||yj|| = 0.82767
||rphi|| = 0.00151454
||rp|| = 0.0720593
||y|| = 528.542
   Pass :  1   Iteration : 228  || r || = 0.00504262
||yp|| = 497.414
||xi|| = 451.937
||eta|| = 0.311753
||yp|| = 497.414
||yphi|| = 0.231394
||BtYp|| = 2.82722
||ru|| = 2.82829
||yu|| = 134.643
||GtYphi|| = 1.84
||KtYu|| = 13.5801
||rj|| = 14.393
||yj|| = 0.845561
||rphi|| = 0.00200362
||rp|| = 0.0750701
||y|| = 515.316
   Pass :  1   Iteration : 229  || r || = 0.00504082
||yp|| = 501.734
||xi|| = 455.787
||eta|| = 0.415906
||yp|| = 501.734
||yphi|| = 0.248938
||BtYp|| = 2.77465
||ru|| = 2.77627
||yu|| = 153.505
||GtYphi|| = 2.02491
||KtYu|| = 13.9224
||rj|| = 14.7691
||yj|| = 0.844208
||rphi|| = 0.00245866
||rp|| = 0.0802437
||y|| = 524.691
   Pass :  1   Iteration : 230  || r || = 0.00503901
||yp|| = 527.712
||xi|| = 479.39
||eta|| = 0.457242
||yp|| = 527.712
||yphi|| = 0.205048
||BtYp|| = 2.43924
||ru|| = 2.44027
||yu|| = 137.748
||GtYphi|| = 1.71307
||KtYu|| = 13.2518
||rj|| = 14.0653
||yj|| = 0.819189
||rphi|| = 0.00158797
||rp|| = 0.0728266
||y|| = 545.395
   Pass :  1   Iteration : 231  || r || = 0.00503605
||yp|| = 518.88
||xi|| = 471.389
||eta|| = 0.459717
||yp|| = 518.88
||yphi|| = 0.224909
||BtYp|| = 3.0456
||ru|| = 3.04704
||yu|| = 152.034
||GtYphi|| = 1.80575
||KtYu|| = 14.2123
||rj|| = 14.9164
||yj|| = 0.932713
||rphi|| = 0.00179979
||rp|| = 0.0859916
||y|| = 540.695
   Pass :  1   Iteration : 232  || r || = 0.00503159
||yp|| = 663.761
||xi|| = 603.106
||eta|| = 0.417012
||yp|| = 663.761
||yphi|| = 0.188194
||BtYp|| = 3.49402
||ru|| = 3.49456
||yu|| = 179.324
||GtYphi|| = 1.7019
||KtYu|| = 14.6057
||rj|| = 15.3099
||yj|| = 0.880102
||rphi|| = 0.00152603
||rp|| = 0.0932446
||y|| = 687.559
   Pass :  1   Iteration : 233  || r || = 0.00501896
||yp|| = 524.499
||xi|| = 476.56
||eta|| = 0.389446
||yp|| = 524.499
||yphi|| = 0.217227
||BtYp|| = 3.22654
||ru|| = 3.22732
||yu|| = 155.337
||GtYphi|| = 1.80656
||KtYu|| = 14.1387
||rj|| = 14.9409
||yj|| = 0.893423
||rphi|| = 0.00173838
||rp|| = 0.0901903
||y|| = 547.019
   Pass :  1   Iteration : 234  || r || = 0.0049738
||yp|| = 594.364
||xi|| = 539.955
||eta|| = 0.430406
||yp|| = 594.364
||yphi|| = 0.240828
||BtYp|| = 3.22808
||ru|| = 3.22856
||yu|| = 180.246
||GtYphi|| = 1.84325
||KtYu|| = 14.8779
||rj|| = 15.5964
||yj|| = 0.886632
||rphi|| = 0.00199131
||rp|| = 0.09316
||y|| = 621.094
   Pass :  1   Iteration : 235  || r || = 0.00490889
||yp|| = 613.546
||xi|| = 557.4
||eta|| = 0.450535
||yp|| = 613.546
||yphi|| = 0.244994
||BtYp|| = 3.76194
||ru|| = 3.76185
||yu|| = 190.737
||GtYphi|| = 1.94027
||KtYu|| = 13.9448
||rj|| = 14.7657
||yj|| = 0.841848
||rphi|| = 0.00195674
||rp|| = 0.106583
||y|| = 642.511
   Pass :  1   Iteration : 236  || r || = 0.0047485
||yp|| = 487.643
||xi|| = 442.99
||eta|| = 0.448026
||yp|| = 487.643
||yphi|| = 0.235571
||BtYp|| = 2.83409
||ru|| = 2.83543
||yu|| = 157.053
||GtYphi|| = 1.92567
||KtYu|| = 14.0171
||rj|| = 14.7639
||yj|| = 0.887681
||rphi|| = 0.00210647
||rp|| = 0.0892063
||y|| = 512.31
   Pass :  1   Iteration : 237  || r || = 0.00456598
||yp|| = 530.833
||xi|| = 482.246
||eta|| = 0.298986
||yp|| = 530.833
||yphi|| = 0.247621
||BtYp|| = 2.9815
||ru|| = 2.98321
||yu|| = 157.182
||GtYphi|| = 1.7719
||KtYu|| = 13.7414
||rj|| = 14.5698
||yj|| = 0.865208
||rphi|| = 0.00200414
||rp|| = 0.0895607
||y|| = 553.616
   Pass :  1   Iteration : 238  || r || = 0.00429579
||yp|| = 511.166
||xi|| = 464.424
||eta|| = 0.455774
||yp|| = 511.166
||yphi|| = 0.279813
||BtYp|| = 2.91646
||ru|| = 2.91678
||yu|| = 159.159
||GtYphi|| = 1.83563
||KtYu|| = 13.089
||rj|| = 13.8821
||yj|| = 0.795777
||rphi|| = 0.00215155
||rp|| = 0.0894865
||y|| = 535.372
   Pass :  1   Iteration : 239  || r || = 0.00406325
||yp|| = 548.454
||xi|| = 498.313
||eta|| = 0.347247
||yp|| = 548.454
||yphi|| = 0.158568
||BtYp|| = 3.04583
||ru|| = 3.04631
||yu|| = 154.034
||GtYphi|| = 1.57952
||KtYu|| = 13.9263
||rj|| = 14.6681
||yj|| = 0.863633
||rphi|| = 0.00132833
||rp|| = 0.0831652
||y|| = 569.674
   Pass :  1   Iteration : 240  || r || = 0.0039544
||yp|| = 613.773
||xi|| = 557.643
||eta|| = 0.347392
||yp|| = 613.773
||yphi|| = 0.224434
||BtYp|| = 3.62716
||ru|| = 3.62685
||yu|| = 172.855
||GtYphi|| = 1.94004
||KtYu|| = 13.5672
||rj|| = 14.4244
||yj|| = 0.837623
||rphi|| = 0.00170315
||rp|| = 0.0968762
||y|| = 637.65
   Pass :  1   Iteration : 241  || r || = 0.00389517
||yp|| = 487.534
||xi|| = 442.901
||eta|| = 0.389241
||yp|| = 487.534
||yphi|| = 0.249702
||BtYp|| = 2.60661
||ru|| = 2.60752
||yu|| = 141.752
||GtYphi|| = 2.09669
||KtYu|| = 13.3647
||rj|| = 14.2593
||yj|| = 0.794723
||rphi|| = 0.00200384
||rp|| = 0.0815779
||y|| = 507.724
   Pass :  1   Iteration : 242  || r || = 0.00386246
||yp|| = 498.664
||xi|| = 453.039
||eta|| = 0.491694
||yp|| = 498.664
||yphi|| = 0.212798
||BtYp|| = 2.71435
||ru|| = 2.71523
||yu|| = 152.611
||GtYphi|| = 1.68543
||KtYu|| = 14.0126
||rj|| = 14.7371
||yj|| = 0.894014
||rphi|| = 0.001575
||rp|| = 0.0835829
||y|| = 521.495
   Pass :  1   Iteration : 243  || r || = 0.0038384
||yp|| = 519.425
||xi|| = 471.92
||eta|| = 0.318325
||yp|| = 519.425
||yphi|| = 0.300429
||BtYp|| = 2.72294
||ru|| = 2.7245
||yu|| = 140.849
||GtYphi|| = 1.79609
||KtYu|| = 14.2617
||rj|| = 15.0462
||yj|| = 0.886254
||rphi|| = 0.0024047
||rp|| = 0.0756714
||y|| = 538.184
   Pass :  1   Iteration : 244  || r || = 0.00382781
||yp|| = 519.997
||xi|| = 472.423
||eta|| = 0.317644
||yp|| = 519.997
||yphi|| = 0.244332
||BtYp|| = 2.51577
||ru|| = 2.51622
||yu|| = 135.907
||GtYphi|| = 2.00279
||KtYu|| = 13.1154
||rj|| = 13.9587
||yj|| = 0.809321
||rphi|| = 0.00179813
||rp|| = 0.0686344
||y|| = 537.464
   Pass :  1   Iteration : 245  || r || = 0.00382367
||yp|| = 549.28
||xi|| = 499.036
||eta|| = 0.32702
||yp|| = 549.28
||yphi|| = 0.19313
||BtYp|| = 2.84951
||ru|| = 2.85172
||yu|| = 153.671
||GtYphi|| = 1.70115
||KtYu|| = 14.1709
||rj|| = 14.9414
||yj|| = 0.915417
||rphi|| = 0.00155794
||rp|| = 0.0802504
||y|| = 570.372
   Pass :  1   Iteration : 246  || r || = 0.0038218
||yp|| = 603.487
||xi|| = 548.319
||eta|| = 0.441
||yp|| = 603.487
||yphi|| = 0.252697
||BtYp|| = 3.46015
||ru|| = 3.46015
||yu|| = 188.838
||GtYphi|| = 2.03782
||KtYu|| = 15.0358
||rj|| = 15.7542
||yj|| = 0.899482
||rphi|| = 0.00224279
||rp|| = 0.103572
||y|| = 632.343
   Pass :  1   Iteration : 247  || r || = 0.00382038
||yp|| = 550.802
||xi|| = 500.365
||eta|| = 0.491493
||yp|| = 550.802
||yphi|| = 0.190313
||BtYp|| = 2.78285
||ru|| = 2.7842
||yu|| = 161.496
||GtYphi|| = 1.72799
||KtYu|| = 13.6951
||rj|| = 14.4797
||yj|| = 0.848875
||rphi|| = 0.00152868
||rp|| = 0.0783193
||y|| = 573.99
   Pass :  1   Iteration : 248  || r || = 0.00382001
||yp|| = 622.333
||xi|| = 565.492
||eta|| = 0.388181
||yp|| = 622.333
||yphi|| = 0.321872
||BtYp|| = 3.67112
||ru|| = 3.6695
||yu|| = 184.536
||GtYphi|| = 1.93469
||KtYu|| = 16.0294
||rj|| = 16.8413
||yj|| = 0.989338
||rphi|| = 0.00274396
||rp|| = 0.0985727
||y|| = 649.117
   Pass :  1   Iteration : 249  || r || = 0.00381978
||yp|| = 551.123
||xi|| = 500.71
||eta|| = 0.354125
||yp|| = 551.123
||yphi|| = 0.275876
||BtYp|| = 3.34462
||ru|| = 3.34537
||yu|| = 152.987
||GtYphi|| = 1.87367
||KtYu|| = 12.4731
||rj|| = 13.1311
||yj|| = 0.760946
||rphi|| = 0.00226264
||rp|| = 0.0853007
||y|| = 571.963
   Pass :  1   Iteration : 250  || r || = 0.00381915
||yp|| = 558.955
||xi|| = 507.773
||eta|| = 0.494856
||yp|| = 558.955
||yphi|| = 0.178054
||BtYp|| = 2.83566
||ru|| = 2.83609
||yu|| = 157.578
||GtYphi|| = 1.76423
||KtYu|| = 14.6741
||rj|| = 15.4456
||yj|| = 0.95772
||rphi|| = 0.00148967
||rp|| = 0.0831427
||y|| = 580.743
   Pass :  1   Iteration : 251  || r || = 0.00381853
||yp|| = 497.206
||xi|| = 451.686
||eta|| = 0.414155
||yp|| = 497.206
||yphi|| = 0.217761
||BtYp|| = 2.78459
||ru|| = 2.78688
||yu|| = 162.367
||GtYphi|| = 1.92343
||KtYu|| = 14.8207
||rj|| = 15.5834
||yj|| = 0.935479
||rphi|| = 0.00181522
||rp|| = 0.0829154
||y|| = 523.046
   Pass :  1   Iteration : 252  || r || = 0.00381651
||yp|| = 491.218
||xi|| = 446.224
||eta|| = 0.43695
||yp|| = 491.218
||yphi|| = 0.214548
||BtYp|| = 2.47862
||ru|| = 2.47974
||yu|| = 149.662
||GtYphi|| = 1.99648
||KtYu|| = 13.1931
||rj|| = 13.9334
||yj|| = 0.82579
||rphi|| = 0.00165792
||rp|| = 0.0769175
||y|| = 513.512
   Pass :  1   Iteration : 253  || r || = 0.00381271
||yp|| = 469.346
||xi|| = 426.407
||eta|| = 0.318704
||yp|| = 469.346
||yphi|| = 0.240103
||BtYp|| = 2.59372
||ru|| = 2.59482
||yu|| = 142.783
||GtYphi|| = 1.73617
||KtYu|| = 14.7561
||rj|| = 15.6055
||yj|| = 0.990215
||rphi|| = 0.00212516
||rp|| = 0.0776684
||y|| = 490.585
   Pass :  1   Iteration : 254  || r || = 0.00379855
||yp|| = 511.472
||xi|| = 464.629
||eta|| = 0.649559
||yp|| = 511.472
||yphi|| = 0.268759
||BtYp|| = 2.81031
||ru|| = 2.81067
||yu|| = 179.698
||GtYphi|| = 1.87352
||KtYu|| = 14.0807
||rj|| = 14.6492
||yj|| = 0.899412
||rphi|| = 0.00207155
||rp|| = 0.0954447
||y|| = 542.122
   Pass :  1   Iteration : 255  || r || = 0.00378451
||yp|| = 594.321
||xi|| = 539.927
||eta|| = 0.364703
||yp|| = 594.321
||yphi|| = 0.251563
||BtYp|| = 3.3345
||ru|| = 3.33524
||yu|| = 174.703
||GtYphi|| = 1.82754
||KtYu|| = 15.2007
||rj|| = 16.0215
||yj|| = 0.965369
||rphi|| = 0.00200405
||rp|| = 0.0895571
||y|| = 619.467
   Pass :  1   Iteration : 256  || r || = 0.0037543
||yp|| = 597.952
||xi|| = 543.268
||eta|| = 0.365733
||yp|| = 597.952
||yphi|| = 0.241686
||BtYp|| = 3.29108
||ru|| = 3.29209
||yu|| = 163.629
||GtYphi|| = 1.94385
||KtYu|| = 14.4974
||rj|| = 15.2358
||yj|| = 0.893564
||rphi|| = 0.00217265
||rp|| = 0.0880629
||y|| = 619.937
   Pass :  1   Iteration : 257  || r || = 0.00368239
||yp|| = 544.428
||xi|| = 494.569
||eta|| = 0.460271
||yp|| = 544.428
||yphi|| = 0.222002
||BtYp|| = 2.95459
||ru|| = 2.95542
||yu|| = 167.386
||GtYphi|| = 1.93388
||KtYu|| = 13.9417
||rj|| = 14.7181
||yj|| = 0.889846
||rphi|| = 0.00163987
||rp|| = 0.0925055
||y|| = 569.58
   Pass :  1   Iteration : 258  || r || = 0.00355278
||yp|| = 555.493
||xi|| = 504.671
||eta|| = 0.402132
||yp|| = 555.493
||yphi|| = 0.181583
||BtYp|| = 3.00947
||ru|| = 3.01002
||yu|| = 171.985
||GtYphi|| = 1.506
||KtYu|| = 14.8579
||rj|| = 15.5645
||yj|| = 0.974384
||rphi|| = 0.00145325
||rp|| = 0.0952312
||y|| = 581.508
   Pass :  1   Iteration : 259  || r || = 0.0033675
||yp|| = 517.115
||xi|| = 469.796
||eta|| = 0.346973
||yp|| = 517.115
||yphi|| = 0.211655
||BtYp|| = 2.85258
||ru|| = 2.85357
||yu|| = 145.437
||GtYphi|| = 1.77017
||KtYu|| = 13.52
||rj|| = 14.2551
||yj|| = 0.837278
||rphi|| = 0.00193764
||rp|| = 0.0803568
||y|| = 537.178
   Pass :  1   Iteration : 260  || r || = 0.00325297
||yp|| = 558.076
||xi|| = 507.049
||eta|| = 0.36329
||yp|| = 558.076
||yphi|| = 0.289504
||BtYp|| = 3.10454
||ru|| = 3.10556
||yu|| = 157.389
||GtYphi|| = 1.93134
||KtYu|| = 14.0124
||rj|| = 14.8879
||yj|| = 0.84966
||rphi|| = 0.00232349
||rp|| = 0.0882511
||y|| = 579.846
   Pass :  1   Iteration : 261  || r || = 0.00317379
||yp|| = 649.285
||xi|| = 589.894
||eta|| = 0.375956
||yp|| = 649.285
||yphi|| = 0.16193
||BtYp|| = 3.79381
||ru|| = 3.79342
||yu|| = 201.087
||GtYphi|| = 1.49216
||KtYu|| = 14.8106
||rj|| = 15.5163
||yj|| = 0.974912
||rphi|| = 0.00140464
||rp|| = 0.108684
||y|| = 679.712
   Pass :  1   Iteration : 262  || r || = 0.00312531
||yp|| = 670.184
||xi|| = 608.769
||eta|| = 0.49422
||yp|| = 670.184
||yphi|| = 0.343706
||BtYp|| = 3.59391
||ru|| = 3.59698
||yu|| = 204.657
||GtYphi|| = 2.02502
||KtYu|| = 13.9516
||rj|| = 14.7374
||yj|| = 0.855052
||rphi|| = 0.00274162
||rp|| = 0.0981378
||y|| = 700.737
   Pass :  1   Iteration : 263  || r || = 0.00311014
||yp|| = 536.501
||xi|| = 487.417
||eta|| = 0.309143
||yp|| = 536.501
||yphi|| = 0.164587
||BtYp|| = 2.66784
||ru|| = 2.66828
||yu|| = 144.476
||GtYphi|| = 1.59907
||KtYu|| = 14.039
||rj|| = 14.8088
||yj|| = 0.858605
||rphi|| = 0.00124875
||rp|| = 0.0775755
||y|| = 555.614
   Pass :  1   Iteration : 264  || r || = 0.00310354
||yp|| = 507.66
||xi|| = 461.196
||eta|| = 0.405332
||yp|| = 507.66
||yphi|| = 0.24089
||BtYp|| = 2.56534
||ru|| = 2.56776
||yu|| = 144.93
||GtYphi|| = 1.78049
||KtYu|| = 14.4185
||rj|| = 15.1952
||yj|| = 0.95953
||rphi|| = 0.00186119
||rp|| = 0.0773875
||y|| = 527.943
   Pass :  1   Iteration : 265  || r || = 0.00310063
||yp|| = 721.906
||xi|| = 655.972
||eta|| = 0.415931
||yp|| = 721.906
||yphi|| = 0.444205
||BtYp|| = 4.25967
||ru|| = 4.25966
||yu|| = 216.454
||GtYphi|| = 2.35264
||KtYu|| = 15.5285
||rj|| = 16.3478
||yj|| = 0.939015
||rphi|| = 0.00363976
||rp|| = 0.115301
||y|| = 753.659
   Pass :  1   Iteration : 266  || r || = 0.00309944
||yp|| = 502.476
||xi|| = 456.512
||eta|| = 0.39682
||yp|| = 502.476
||yphi|| = 0.367078
||BtYp|| = 2.52169
||ru|| = 2.52288
||yu|| = 152.009
||GtYphi|| = 2.04539
||KtYu|| = 14.2211
||rj|| = 14.9522
||yj|| = 0.893476
||rphi|| = 0.00269242
||rp|| = 0.0782149
||y|| = 524.967
   Pass :  1   Iteration : 267  || r || = 0.00309899
||yp|| = 636.118
||xi|| = 577.971
||eta|| = 0.35621
||yp|| = 636.118
||yphi|| = 0.306289
||BtYp|| = 3.76834
||ru|| = 3.76914
||yu|| = 181.291
||GtYphi|| = 1.86052
||KtYu|| = 14.6493
||rj|| = 15.4478
||yj|| = 0.954545
||rphi|| = 0.00229329
||rp|| = 0.0982623
||y|| = 661.448
   Pass :  1   Iteration : 268  || r || = 0.00309847
||yp|| = 430.95
||xi|| = 391.497
||eta|| = 0.306658
||yp|| = 430.95
||yphi|| = 0.337212
||BtYp|| = 2.32945
||ru|| = 2.33035
||yu|| = 125.803
||GtYphi|| = 2.29938
||KtYu|| = 12.8933
||rj|| = 13.7878
||yj|| = 0.802534
||rphi|| = 0.00308772
||rp|| = 0.0695222
||y|| = 448.938
   Pass :  1   Iteration : 269  || r || = 0.00309792
||yp|| = 606.284
||xi|| = 550.801
||eta|| = 0.423854
||yp|| = 606.284
||yphi|| = 0.194944
||BtYp|| = 3.31362
||ru|| = 3.31534
||yu|| = 165.947
||GtYphi|| = 1.88722
||KtYu|| = 13.8222
||rj|| = 14.5739
||yj|| = 0.87808
||rphi|| = 0.00166423
||rp|| = 0.0869358
||y|| = 628.585
   Pass :  1   Iteration : 270  || r || = 0.00309611
||yp|| = 504.098
||xi|| = 458.011
||eta|| = 0.46829
||yp|| = 504.098
||yphi|| = 0.28867
||BtYp|| = 2.72125
||ru|| = 2.72277
||yu|| = 161.481
||GtYphi|| = 1.93164
||KtYu|| = 15.8929
||rj|| = 16.712
||yj|| = 1.05891
||rphi|| = 0.00250579
||rp|| = 0.0876811
||y|| = 529.332
   Pass :  1   Iteration : 271  || r || = 0.00309304
||yp|| = 478.829
||xi|| = 435.005
||eta|| = 0.358576
||yp|| = 478.829
||yphi|| = 0.204902
||BtYp|| = 2.36779
||ru|| = 2.3685
||yu|| = 134.809
||GtYphi|| = 1.8676
||KtYu|| = 12.1796
||rj|| = 12.9208
||yj|| = 0.795322
||rphi|| = 0.00171848
||rp|| = 0.0715721
||y|| = 497.445
   Pass :  1   Iteration : 272  || r || = 0.00308763
||yp|| = 497.006
||xi|| = 451.457
||eta|| = 0.486674
||yp|| = 497.006
||yphi|| = 0.173618
||BtYp|| = 2.73423
||ru|| = 2.73578
||yu|| = 157.606
||GtYphi|| = 1.75952
||KtYu|| = 15.6416
||rj|| = 16.3759
||yj|| = 1.02418
||rphi|| = 0.00159801
||rp|| = 0.0827029
||y|| = 521.398
   Pass :  1   Iteration : 273  || r || = 0.00307646
||yp|| = 469.661
||xi|| = 426.604
||eta|| = 0.505711
||yp|| = 469.661
||yphi|| = 0.252073
||BtYp|| = 2.21355
||ru|| = 2.21481
||yu|| = 157.522
||GtYphi|| = 1.83534
||KtYu|| = 14.4077
||rj|| = 15.2293
||yj|| = 0.94436
||rphi|| = 0.00216306
||rp|| = 0.0786986
||y|| = 495.375
   Pass :  1   Iteration : 274  || r || = 0.00302688
||yp|| = 509.393
||xi|| = 462.612
||eta|| = 0.436426
||yp|| = 509.393
||yphi|| = 0.249439
||BtYp|| = 2.63147
||ru|| = 2.635
||yu|| = 171.898
||GtYphi|| = 1.85002
||KtYu|| = 12.8005
||rj|| = 13.5168
||yj|| = 0.797121
||rphi|| = 0.00198961
||rp|| = 0.0830337
||y|| = 537.616
   Pass :  1   Iteration : 275  || r || = 0.0029352
||yp|| = 508.865
||xi|| = 462.186
||eta|| = 0.555092
||yp|| = 508.865
||yphi|| = 0.218584
||BtYp|| = 2.81278
||ru|| = 2.81262
||yu|| = 164.044
||GtYphi|| = 1.67456
||KtYu|| = 13.9606
||rj|| = 14.7203
||yj|| = 0.936663
||rphi|| = 0.00175002
||rp|| = 0.0885801
||y|| = 534.654
   Pass :  1   Iteration : 276  || r || = 0.00282504
||yp|| = 494.181
||xi|| = 448.925
||eta|| = 0.364233
||yp|| = 494.181
||yphi|| = 0.257418
||BtYp|| = 2.52934
||ru|| = 2.53107
||yu|| = 143.519
||GtYphi|| = 1.98071
||KtYu|| = 14.5293
||rj|| = 15.3437
||yj|| = 0.948251
||rphi|| = 0.00240787
||rp|| = 0.0786388
||y|| = 514.6
   Pass :  1   Iteration : 277  || r || = 0.00265154
||yp|| = 486.854
||xi|| = 442.243
||eta|| = 0.437865
||yp|| = 486.854
||yphi|| = 0.230622
||BtYp|| = 2.39475
||ru|| = 2.39673
||yu|| = 141.801
||GtYphi|| = 1.88161
||KtYu|| = 14.1245
||rj|| = 14.8552
||yj|| = 0.904445
||rphi|| = 0.00202672
||rp|| = 0.0734944
||y|| = 507.085
   Pass :  1   Iteration : 278  || r || = 0.00248758
||yp|| = 471.882
||xi|| = 428.647
||eta|| = 0.425355
||yp|| = 471.882
||yphi|| = 0.244797
||BtYp|| = 2.628
||ru|| = 2.62832
||yu|| = 147.468
||GtYphi|| = 1.66374
||KtYu|| = 14.0132
||rj|| = 14.7615
||yj|| = 0.963674
||rphi|| = 0.00186682
||rp|| = 0.0828241
||y|| = 494.389
   Pass :  1   Iteration : 279  || r || = 0.00237533
||yp|| = 506.442
||xi|| = 459.835
||eta|| = 0.631751
||yp|| = 506.442
||yphi|| = 0.205496
||BtYp|| = 2.74586
||ru|| = 2.74557
||yu|| = 184.481
||GtYphi|| = 1.67154
||KtYu|| = 13.2161
||rj|| = 13.9176
||yj|| = 0.860544
||rphi|| = 0.00178058
||rp|| = 0.0903597
||y|| = 538.996
   Pass :  1   Iteration : 280  || r || = 0.00232784
||yp|| = 510.696
||xi|| = 463.888
||eta|| = 0.52924
||yp|| = 510.696
||yphi|| = 0.225451
||BtYp|| = 2.83965
||ru|| = 2.84232
||yu|| = 164.66
||GtYphi|| = 1.73308
||KtYu|| = 13.4966
||rj|| = 14.2535
||yj|| = 0.843583
||rphi|| = 0.00197448
||rp|| = 0.0935548
||y|| = 536.585
   Pass :  1   Iteration : 281  || r || = 0.00230528
||yp|| = 510.877
||xi|| = 464.07
||eta|| = 0.378395
||yp|| = 510.877
||yphi|| = 0.23179
||BtYp|| = 2.90754
||ru|| = 2.90967
||yu|| = 161.467
||GtYphi|| = 1.66685
||KtYu|| = 14.7377
||rj|| = 15.5158
||yj|| = 0.959228
||rphi|| = 0.00195369
||rp|| = 0.0920346
||y|| = 535.787
   Pass :  1   Iteration : 282  || r || = 0.00229624
||yp|| = 504.571
||xi|| = 458.377
||eta|| = 0.455633
||yp|| = 504.571
||yphi|| = 0.291384
||BtYp|| = 2.86744
||ru|| = 2.86818
||yu|| = 159.976
||GtYphi|| = 1.90668
||KtYu|| = 13.8103
||rj|| = 14.4375
||yj|| = 0.866614
||rphi|| = 0.00234673
||rp|| = 0.0914684
||y|| = 529.325
   Pass :  1   Iteration : 283  || r || = 0.00229341
||yp|| = 504.911
||xi|| = 458.703
||eta|| = 0.434899
||yp|| = 504.911
||yphi|| = 0.236961
||BtYp|| = 2.94867
||ru|| = 2.95021
||yu|| = 156.503
||GtYphi|| = 1.90248
||KtYu|| = 14.1998
||rj|| = 15.065
||yj|| = 0.967562
||rphi|| = 0.00180833
||rp|| = 0.0945396
||y|| = 528.611
   Pass :  1   Iteration : 284  || r || = 0.00229197
||yp|| = 464.661
||xi|| = 422.09
||eta|| = 0.415381
||yp|| = 464.661
||yphi|| = 0.256854
||BtYp|| = 2.43795
||ru|| = 2.43906
||yu|| = 144.153
||GtYphi|| = 2.23458
||KtYu|| = 13.351
||rj|| = 14.1714
||yj|| = 0.919992
||rphi|| = 0.00212639
||rp|| = 0.0811023
||y|| = 486.509
   Pass :  1   Iteration : 285  || r || = 0.00228981
||yp|| = 582.699
||xi|| = 529.347
||eta|| = 0.403588
||yp|| = 582.699
||yphi|| = 0.305779
||BtYp|| = 3.32491
||ru|| = 3.32556
||yu|| = 172.117
||GtYphi|| = 2.19664
||KtYu|| = 14.0946
||rj|| = 14.9751
||yj|| = 0.870773
||rphi|| = 0.00206607
||rp|| = 0.0941241
||y|| = 607.588
   Pass :  1   Iteration : 286  || r || = 0.00228808
||yp|| = 557.94
||xi|| = 506.894
||eta|| = 0.467484
||yp|| = 557.94
||yphi|| = 0.233738
||BtYp|| = 3.08833
||ru|| = 3.08916
||yu|| = 161.811
||GtYphi|| = 1.84705
||KtYu|| = 13.9723
||rj|| = 14.7116
||yj|| = 0.939922
||rphi|| = 0.00182016
||rp|| = 0.0904056
||y|| = 580.93
   Pass :  1   Iteration : 287  || r || = 0.00228716
||yp|| = 528.188
||xi|| = 479.85
||eta|| = 0.453175
||yp|| = 528.188
||yphi|| = 0.217128
||BtYp|| = 2.77943
||ru|| = 2.77998
||yu|| = 152.825
||GtYphi|| = 2.03398
||KtYu|| = 13.3155
||rj|| = 14.1117
||yj|| = 0.844743
||rphi|| = 0.00181451
||rp|| = 0.0806761
||y|| = 549.853
   Pass :  1   Iteration : 288  || r || = 0.00228631
||yp|| = 706.642
||xi|| = 642.012
||eta|| = 0.493285
||yp|| = 706.642
||yphi|| = 0.18561
||BtYp|| = 4.0779
||ru|| = 4.07941
||yu|| = 199.517
||GtYphi|| = 1.77004
||KtYu|| = 14.5473
||rj|| = 15.3826
||yj|| = 0.941948
||rphi|| = 0.00158986
||rp|| = 0.108302
||y|| = 734.269
   Pass :  1   Iteration : 289  || r || = 0.00228507
||yp|| = 541.093
||xi|| = 491.636
||eta|| = 0.298355
||yp|| = 541.093
||yphi|| = 0.202556
||BtYp|| = 3.16131
||ru|| = 3.1622
||yu|| = 147.464
||GtYphi|| = 1.9086
||KtYu|| = 13.3326
||rj|| = 14.1269
||yj|| = 0.884391
||rphi|| = 0.00145007
||rp|| = 0.0854677
||y|| = 560.828
   Pass :  1   Iteration : 290  || r || = 0.00228009
||yp|| = 600.161
||xi|| = 545.224
||eta|| = 0.567407
||yp|| = 600.161
||yphi|| = 0.214222
||BtYp|| = 3.23158
||ru|| = 3.23179
||yu|| = 160.931
||GtYphi|| = 1.88997
||KtYu|| = 13.782
||rj|| = 14.5714
||yj|| = 0.881733
||rphi|| = 0.00189583
||rp|| = 0.0868137
||y|| = 621.364
   Pass :  1   Iteration : 291  || r || = 0.00227014
||yp|| = 596.77
||xi|| = 542.16
||eta|| = 0.585353
||yp|| = 596.77
||yphi|| = 0.20904
||BtYp|| = 3.49389
||ru|| = 3.49367
||yu|| = 171.182
||GtYphi|| = 2.06441
||KtYu|| = 13.8764
||rj|| = 14.7061
||yj|| = 0.915555
||rphi|| = 0.0018009
||rp|| = 0.0929475
||y|| = 620.837
   Pass :  1   Iteration : 292  || r || = 0.00225369
||yp|| = 584.203
||xi|| = 530.771
||eta|| = 0.360358
||yp|| = 584.203
||yphi|| = 0.203253
||BtYp|| = 3.3698
||ru|| = 3.37055
||yu|| = 159.001
||GtYphi|| = 1.9684
||KtYu|| = 13.4126
||rj|| = 14.2857
||yj|| = 0.882613
||rphi|| = 0.00175296
||rp|| = 0.088762
||y|| = 605.455
   Pass :  1   Iteration : 293  || r || = 0.0022127
||yp|| = 731.28
||xi|| = 664.387
||eta|| = 0.413327
||yp|| = 731.28
||yphi|| = 0.230337
||BtYp|| = 4.19669
||ru|| = 4.19662
||yu|| = 208.344
||GtYphi|| = 1.99372
||KtYu|| = 14.7979
||rj|| = 15.6632
||yj|| = 0.88484
||rphi|| = 0.00177774
||rp|| = 0.107762
||y|| = 760.38
   Pass :  1   Iteration : 294  || r || = 0.00209222
||yp|| = 598.865
||xi|| = 544.111
||eta|| = 0.376501
||yp|| = 598.865
||yphi|| = 0.169325
||BtYp|| = 3.44279
||ru|| = 3.4441
||yu|| = 168.006
||GtYphi|| = 1.55753
||KtYu|| = 13.2933
||rj|| = 14.0195
||yj|| = 0.895205
||rphi|| = 0.00133578
||rp|| = 0.0898402
||y|| = 621.985
   Pass :  1   Iteration : 295  || r || = 0.0019531
integral = -9.0938e-10
volume = 1
mean = -9.0938e-10
integral = 2.74984e-06
volume = 1
mean = 2.74984e-06
p_norm = 46.0454
phi_norm = 0.0665704
Time step 0, time = 0, dt = 0.05. Print step 0
Relative L2 Norm for current density: 1
Relative L2 Norm for electric potential: 1
Relative L2 Norm for velocity: 1
Relative L2 Norm for pressure: 1
Time step 1, time = 0.05, time elapsed = 248.673
   Pass :  1   Iteration :   0  || r || = 21.3672
||yp|| = 0.321372
||xi|| = 0.291993
||eta|| = 0.00027453
||yp|| = 0.321372
||yphi|| = 0.00033282
||BtYp|| = 0.00180506
||ru|| = 1
||yu|| = 15.7891
||GtYphi|| = 0.00165321
||KtYu|| = 3.80394
||rj|| = 3.80411
||yj|| = 0.177248
||rphi|| = 2.75943e-06
||rp|| = 4.6038e-05
||y|| = 15.7934
   Pass :  1   Iteration :   1  || r || = 18.3509
||yp|| = 40.1782
||xi|| = 35.9531
||eta|| = 0.545945
||yp|| = 40.1782
||yphi|| = 0.972013
||BtYp|| = 0.0811376
||ru|| = 0.0814304
||yu|| = 9.01023
||GtYphi|| = 3.23875
||KtYu|| = 1.84909
||rj|| = 3.98764
||yj|| = 0.134363
||rphi|| = 0.00624627
||rp|| = 0.00628981
||y|| = 41.1878
   Pass :  1   Iteration :   2  || r || = 17.0332
||yp|| = 54.2872
||xi|| = 49.2433
||eta|| = 0.308839
||yp|| = 54.2872
||yphi|| = 0.331959
||BtYp|| = 0.172208
||ru|| = 0.173403
||yu|| = 13.2277
||GtYphi|| = 1.61827
||KtYu|| = 2.87278
||rj|| = 3.54712
||yj|| = 0.19367
||rphi|| = 0.00199456
||rp|| = 0.00711118
||y|| = 55.8768
   Pass :  1   Iteration :   3  || r || = 16.5349
||yp|| = 152.469
||xi|| = 138.477
||eta|| = 0.178424
||yp|| = 152.469
||yphi|| = 0.263916
||BtYp|| = 0.541272
||ru|| = 0.543822
||yu|| = 38.1755
||GtYphi|| = 1.93244
||KtYu|| = 7.80633
||rj|| = 8.55297
||yj|| = 0.533748
||rphi|| = 0.0018858
||rp|| = 0.0174884
||y|| = 157.177
   Pass :  1   Iteration :   4  || r || = 16.2674
||yp|| = 204.055
||xi|| = 185.295
||eta|| = 0.297103
||yp|| = 204.055
||yphi|| = 0.739974
||BtYp|| = 1.13735
||ru|| = 1.13969
||yu|| = 67.4822
||GtYphi|| = 2.50879
||KtYu|| = 11.6665
||rj|| = 12.6556
||yj|| = 0.857513
||rphi|| = 0.00586077
||rp|| = 0.0345601
||y|| = 214.927
   Pass :  1   Iteration :   5  || r || = 14.8843
||yp|| = 385.525
||xi|| = 350.281
||eta|| = 0.308331
||yp|| = 385.525
||yphi|| = 0.484757
||BtYp|| = 2.14554
||ru|| = 2.14654
||yu|| = 110.235
||GtYphi|| = 2.50062
||KtYu|| = 11.5323
||rj|| = 12.4181
||yj|| = 0.785645
||rphi|| = 0.00375041
||rp|| = 0.0572116
||y|| = 400.976
   Pass :  1   Iteration :   6  || r || = 13.6551
||yp|| = 469.245
||xi|| = 426.359
||eta|| = 0.341847
||yp|| = 469.245
||yphi|| = 0.277285
||BtYp|| = 2.99953
||ru|| = 3.00011
||yu|| = 145.651
||GtYphi|| = 1.29737
||KtYu|| = 11.6639
||rj|| = 12.3481
||yj|| = 0.73087
||rphi|| = 0.00239527
||rp|| = 0.0781846
||y|| = 491.331
   Pass :  1   Iteration :   7  || r || = 13.1114
||yp|| = 572.002
||xi|| = 519.786
||eta|| = 0.386543
||yp|| = 572.002
||yphi|| = 0.350532
||BtYp|| = 3.76982
||ru|| = 3.77054
||yu|| = 165.865
||GtYphi|| = 1.76448
||KtYu|| = 11.8901
||rj|| = 12.7398
||yj|| = 0.6799
||rphi|| = 0.00283599
||rp|| = 0.0932264
||y|| = 595.566
   Pass :  1   Iteration :   8  || r || = 13.0607
||yp|| = 604.292
||xi|| = 549.12
||eta|| = 0.39192
||yp|| = 604.292
||yphi|| = 0.312639
||BtYp|| = 3.9738
||ru|| = 3.97423
||yu|| = 181.141
||GtYphi|| = 1.7923
||KtYu|| = 14.7352
||rj|| = 15.6137
||yj|| = 1.01877
||rphi|| = 0.00281869
||rp|| = 0.100956
||y|| = 630.858
   Pass :  1   Iteration :   9  || r || = 13.0362
||yp|| = 410.25
||xi|| = 372.762
||eta|| = 0.262955
||yp|| = 410.25
||yphi|| = 0.695131
||BtYp|| = 2.24898
||ru|| = 2.25017
||yu|| = 108.132
||GtYphi|| = 2.7775
||KtYu|| = 9.87879
||rj|| = 10.8507
||yj|| = 0.678362
||rphi|| = 0.00510115
||rp|| = 0.0590607
||y|| = 424.262
   Pass :  1   Iteration :  10  || r || = 12.9853
||yp|| = 351.262
||xi|| = 319.167
||eta|| = 0.274644
||yp|| = 351.262
||yphi|| = 0.897844
||BtYp|| = 2.3487
||ru|| = 2.34949
||yu|| = 111.087
||GtYphi|| = 2.82402
||KtYu|| = 11.4265
||rj|| = 12.3355
||yj|| = 0.905995
||rphi|| = 0.00683576
||rp|| = 0.0633886
||y|| = 368.411
   Pass :  1   Iteration :  11  || r || = 12.9841
||yp|| = 389.56
||xi|| = 353.972
||eta|| = 0.227835
||yp|| = 389.56
||yphi|| = 0.895512
||BtYp|| = 2.38474
||ru|| = 2.38642
||yu|| = 112.201
||GtYphi|| = 2.64913
||KtYu|| = 12.031
||rj|| = 13.0034
||yj|| = 0.965787
||rphi|| = 0.0071998
||rp|| = 0.0642245
||y|| = 405.398
   Pass :  1   Iteration :  12  || r || = 12.8036
||yp|| = 404.023
||xi|| = 367.104
||eta|| = 0.232026
||yp|| = 404.023
||yphi|| = 0.497843
||BtYp|| = 2.60565
||ru|| = 2.60654
||yu|| = 123.324
||GtYphi|| = 1.95602
||KtYu|| = 11.3499
||rj|| = 12.1501
||yj|| = 0.810706
||rphi|| = 0.00402396
||rp|| = 0.0700695
||y|| = 422.426
   Pass :  1   Iteration :  13  || r || = 12.4929
||yp|| = 364.245
||xi|| = 330.972
||eta|| = 0.280335
||yp|| = 364.245
||yphi|| = 0.764465
||BtYp|| = 2.34662
||ru|| = 2.3479
||yu|| = 113.436
||GtYphi|| = 2.46407
||KtYu|| = 11.9398
||rj|| = 12.9102
||yj|| = 0.893087
||rphi|| = 0.00576052
||rp|| = 0.0666533
||y|| = 381.502
   Pass :  1   Iteration :  14  || r || = 12.0674
||yp|| = 529.019
||xi|| = 480.684
||eta|| = 0.300821
||yp|| = 529.019
||yphi|| = 0.640393
||BtYp|| = 3.45386
||ru|| = 3.45462
||yu|| = 150.891
||GtYphi|| = 2.53544
||KtYu|| = 12.7525
||rj|| = 13.6121
||yj|| = 0.915528
||rphi|| = 0.00440308
||rp|| = 0.0907612
||y|| = 550.119
   Pass :  1   Iteration :  15  || r || = 11.8679
||yp|| = 491.557
||xi|| = 446.691
||eta|| = 0.223492
||yp|| = 491.557
||yphi|| = 0.245902
||BtYp|| = 3.3917
||ru|| = 3.3925
||yu|| = 144.859
||GtYphi|| = 1.8991
||KtYu|| = 12.1389
||rj|| = 13.0367
||yj|| = 0.843894
||rphi|| = 0.00219739
||rp|| = 0.0886255
||y|| = 512.458
   Pass :  1   Iteration :  16  || r || = 11.8412
||yp|| = 385.479
||xi|| = 350.261
||eta|| = 0.246326
||yp|| = 385.479
||yphi|| = 0.223345
||BtYp|| = 2.60622
||ru|| = 2.60746
||yu|| = 121.383
||GtYphi|| = 1.53509
||KtYu|| = 12.4313
||rj|| = 13.3102
||yj|| = 0.960119
||rphi|| = 0.00167371
||rp|| = 0.0740409
||y|| = 404.14
   Pass :  1   Iteration :  17  || r || = 11.7515
||yp|| = 471.739
||xi|| = 428.586
||eta|| = 0.338711
||yp|| = 471.739
||yphi|| = 0.26993
||BtYp|| = 3.10048
||ru|| = 3.1015
||yu|| = 148.475
||GtYphi|| = 1.64084
||KtYu|| = 11.8854
||rj|| = 12.6596
||yj|| = 0.883972
||rphi|| = 0.00190007
||rp|| = 0.0855093
||y|| = 494.553
   Pass :  1   Iteration :  18  || r || = 11.7109
||yp|| = 520.787
||xi|| = 473.251
||eta|| = 0.259027
||yp|| = 520.787
||yphi|| = 0.412509
||BtYp|| = 3.55198
||ru|| = 3.55281
||yu|| = 154.062
||GtYphi|| = 1.68574
||KtYu|| = 11.7073
||rj|| = 12.4566
||yj|| = 0.833951
||rphi|| = 0.00315166
||rp|| = 0.0934246
||y|| = 543.097
   Pass :  1   Iteration :  19  || r || = 11.5829
||yp|| = 523.45
||xi|| = 475.63
||eta|| = 0.243346
||yp|| = 523.45
||yphi|| = 0.696699
||BtYp|| = 3.44777
||ru|| = 3.44887
||yu|| = 155.169
||GtYphi|| = 2.27498
||KtYu|| = 13.2287
||rj|| = 14.1447
||yj|| = 1.02692
||rphi|| = 0.00563424
||rp|| = 0.092024
||y|| = 545.966
   Pass :  1   Iteration :  20  || r || = 11.2991
||yp|| = 445.586
||xi|| = 404.842
||eta|| = 0.28382
||yp|| = 445.586
||yphi|| = 0.432461
||BtYp|| = 2.68847
||ru|| = 2.68974
||yu|| = 127.936
||GtYphi|| = 1.88336
||KtYu|| = 11.7366
||rj|| = 12.4896
||yj|| = 0.819708
||rphi|| = 0.00359763
||rp|| = 0.072544
||y|| = 463.59
   Pass :  1   Iteration :  21  || r || = 11.2294
||yp|| = 457.145
||xi|| = 415.407
||eta|| = 0.279088
||yp|| = 457.145
||yphi|| = 0.478017
||BtYp|| = 3.04785
||ru|| = 3.04847
||yu|| = 141.459
||GtYphi|| = 2.06921
||KtYu|| = 12.8379
||rj|| = 13.8035
||yj|| = 0.907203
||rphi|| = 0.00358367
||rp|| = 0.0820228
||y|| = 478.533
   Pass :  1   Iteration :  22  || r || = 11.1487
||yp|| = 461.787
||xi|| = 419.614
||eta|| = 0.278845
||yp|| = 461.787
||yphi|| = 0.20628
||BtYp|| = 2.94992
||ru|| = 2.95126
||yu|| = 136
||GtYphi|| = 1.64254
||KtYu|| = 12.2302
||rj|| = 13.0899
||yj|| = 0.901443
||rphi|| = 0.00165209
||rp|| = 0.0777976
||y|| = 481.398
   Pass :  1   Iteration :  23  || r || = 10.9577
||yp|| = 554.217
||xi|| = 503.627
||eta|| = 0.297326
||yp|| = 554.217
||yphi|| = 0.340162
||BtYp|| = 3.53414
||ru|| = 3.5345
||yu|| = 152.163
||GtYphi|| = 2.23217
||KtYu|| = 13.3475
||rj|| = 14.3735
||yj|| = 0.857695
||rphi|| = 0.00252694
||rp|| = 0.0884657
||y|| = 574.727
   Pass :  1   Iteration :  24  || r || = 10.4152
||yp|| = 491.127
||xi|| = 446.265
||eta|| = 0.339247
||yp|| = 491.127
||yphi|| = 0.300545
||BtYp|| = 3.16936
||ru|| = 3.17055
||yu|| = 142.285
||GtYphi|| = 2.12501
||KtYu|| = 11.8199
||rj|| = 12.7154
||yj|| = 0.851784
||rphi|| = 0.00237225
||rp|| = 0.0810734
||y|| = 511.323
   Pass :  1   Iteration :  25  || r || = 9.44379
||yp|| = 577.513
||xi|| = 524.739
||eta|| = 0.271012
||yp|| = 577.513
||yphi|| = 0.137858
||BtYp|| = 3.35159
||ru|| = 3.35245
||yu|| = 154.898
||GtYphi|| = 1.3499
||KtYu|| = 13.0359
||rj|| = 13.7746
||yj|| = 0.932112
||rphi|| = 0.00111359
||rp|| = 0.0871283
||y|| = 597.926
   Pass :  1   Iteration :  26  || r || = 8.36897
||yp|| = 529.033
||xi|| = 480.718
||eta|| = 0.247781
||yp|| = 529.033
||yphi|| = 0.19469
||BtYp|| = 3.23949
||ru|| = 3.24025
||yu|| = 145.453
||GtYphi|| = 1.83977
||KtYu|| = 11.8636
||rj|| = 12.7335
||yj|| = 0.822572
||rphi|| = 0.00137643
||rp|| = 0.0847702
||y|| = 548.665
   Pass :  1   Iteration :  27  || r || = 7.64159
||yp|| = 469.992
||xi|| = 427.086
||eta|| = 0.235446
||yp|| = 469.992
||yphi|| = 0.284663
||BtYp|| = 3.12827
||ru|| = 3.12927
||yu|| = 137.296
||GtYphi|| = 1.59093
||KtYu|| = 12.1491
||rj|| = 13.0207
||yj|| = 0.894332
||rphi|| = 0.00237495
||rp|| = 0.081967
||y|| = 489.636
   Pass :  1   Iteration :  28  || r || = 6.9381
||yp|| = 496.73
||xi|| = 451.378
||eta|| = 0.250956
||yp|| = 496.73
||yphi|| = 0.168668
||BtYp|| = 2.92082
||ru|| = 2.9217
||yu|| = 124.553
||GtYphi|| = 1.57677
||KtYu|| = 10.5889
||rj|| = 11.4078
||yj|| = 0.723352
||rphi|| = 0.00124047
||rp|| = 0.0745698
||y|| = 512.108
   Pass :  1   Iteration :  29  || r || = 6.59286
||yp|| = 556.993
||xi|| = 506.156
||eta|| = 0.239689
||yp|| = 556.993
||yphi|| = 0.171342
||BtYp|| = 3.85969
||ru|| = 3.86058
||yu|| = 164.611
||GtYphi|| = 1.76625
||KtYu|| = 12.6307
||rj|| = 13.4257
||yj|| = 0.887336
||rphi|| = 0.00151674
||rp|| = 0.0988892
||y|| = 580.809
   Pass :  1   Iteration :  30  || r || = 6.41569
||yp|| = 581.231
||xi|| = 528.158
||eta|| = 0.342695
||yp|| = 581.231
||yphi|| = 0.205369
||BtYp|| = 3.67026
||ru|| = 3.67129
||yu|| = 162.624
||GtYphi|| = 1.91227
||KtYu|| = 12.8152
||rj|| = 13.6607
||yj|| = 0.923455
||rphi|| = 0.00156647
||rp|| = 0.0964816
||y|| = 603.553
   Pass :  1   Iteration :  31  || r || = 6.26463
||yp|| = 457.7
||xi|| = 415.904
||eta|| = 0.351208
||yp|| = 457.7
||yphi|| = 0.221154
||BtYp|| = 3.11636
||ru|| = 3.11739
||yu|| = 137.725
||GtYphi|| = 1.89822
||KtYu|| = 12.3915
||rj|| = 13.3108
||yj|| = 0.811911
||rphi|| = 0.00162073
||rp|| = 0.0830854
||y|| = 477.973
   Pass :  1   Iteration :  32  || r || = 6.14275
||yp|| = 568.256
||xi|| = 516.408
||eta|| = 0.277489
||yp|| = 568.256
||yphi|| = 0.345584
||BtYp|| = 4.02235
||ru|| = 4.0233
||yu|| = 170.076
||GtYphi|| = 1.65868
||KtYu|| = 12.3088
||rj|| = 13.1498
||yj|| = 0.889033
||rphi|| = 0.00250672
||rp|| = 0.103322
||y|| = 593.162
   Pass :  1   Iteration :  33  || r || = 6.02601
||yp|| = 572.71
||xi|| = 520.417
||eta|| = 0.256405
||yp|| = 572.71
||yphi|| = 0.254936
||BtYp|| = 3.83287
||ru|| = 3.8341
||yu|| = 167.545
||GtYphi|| = 1.85387
||KtYu|| = 13.2934
||rj|| = 14.1228
||yj|| = 0.901375
||rphi|| = 0.00185276
||rp|| = 0.0961963
||y|| = 596.715
   Pass :  1   Iteration :  34  || r || = 5.93278
||yp|| = 507.428
||xi|| = 461.105
||eta|| = 0.278883
||yp|| = 507.428
||yphi|| = 0.228617
||BtYp|| = 3.37247
||ru|| = 3.37304
||yu|| = 146.128
||GtYphi|| = 2.02471
||KtYu|| = 11.5857
||rj|| = 12.4583
||yj|| = 0.770431
||rphi|| = 0.00184276
||rp|| = 0.0851117
||y|| = 528.05
   Pass :  1   Iteration :  35  || r || = 5.88951
||yp|| = 577.005
||xi|| = 524.35
||eta|| = 0.234119
||yp|| = 577.005
||yphi|| = 0.553942
||BtYp|| = 3.92542
||ru|| = 3.92606
||yu|| = 166.457
||GtYphi|| = 2.06764
||KtYu|| = 12.5553
||rj|| = 13.4433
||yj|| = 0.908082
||rphi|| = 0.00429121
||rp|| = 0.0986486
||y|| = 600.536
   Pass :  1   Iteration :  36  || r || = 5.87059
||yp|| = 515.396
||xi|| = 468.332
||eta|| = 0.31023
||yp|| = 515.396
||yphi|| = 0.219496
||BtYp|| = 3.46287
||ru|| = 3.46397
||yu|| = 154.961
||GtYphi|| = 1.68497
||KtYu|| = 12.8959
||rj|| = 13.7746
||yj|| = 0.943922
||rphi|| = 0.00187465
||rp|| = 0.0918726
||y|| = 538.189
   Pass :  1   Iteration :  37  || r || = 5.85798
||yp|| = 416.807
||xi|| = 378.771
||eta|| = 0.360364
||yp|| = 416.807
||yphi|| = 0.590655
||BtYp|| = 2.8375
||ru|| = 2.83828
||yu|| = 123.213
||GtYphi|| = 2.15692
||KtYu|| = 10.4423
||rj|| = 11.2611
||yj|| = 0.771673
||rphi|| = 0.0044184
||rp|| = 0.0733014
||y|| = 434.638
   Pass :  1   Iteration :  38  || r || = 5.85783
||yp|| = 526.32
||xi|| = 478.251
||eta|| = 0.26318
||yp|| = 526.32
||yphi|| = 0.236336
||BtYp|| = 3.42552
||ru|| = 3.42619
||yu|| = 151.113
||GtYphi|| = 1.64179
||KtYu|| = 13.2723
||rj|| = 14.1323
||yj|| = 0.919197
||rphi|| = 0.00200804
||rp|| = 0.088633
||y|| = 547.585
   Pass :  1   Iteration :  39  || r || = 5.85746
||yp|| = 528.499
||xi|| = 480.232
||eta|| = 0.262387
||yp|| = 528.499
||yphi|| = 0.257459
||BtYp|| = 3.10565
||ru|| = 3.10692
||yu|| = 139.222
||GtYphi|| = 1.93719
||KtYu|| = 12.5584
||rj|| = 13.4035
||yj|| = 0.872267
||rphi|| = 0.00248898
||rp|| = 0.0814513
||y|| = 546.53
   Pass :  1   Iteration :  40  || r || = 5.85722
||yp|| = 486.991
||xi|| = 442.518
||eta|| = 0.260037
||yp|| = 486.991
||yphi|| = 0.331503
||BtYp|| = 3.11606
||ru|| = 3.11654
||yu|| = 138.776
||GtYphi|| = 1.94019
||KtYu|| = 11.8825
||rj|| = 12.6642
||yj|| = 0.817384
||rphi|| = 0.00309206
||rp|| = 0.078569
||y|| = 506.38
   Pass :  1   Iteration :  41  || r || = 5.84467
||yp|| = 540.19
||xi|| = 490.804
||eta|| = 0.293583
||yp|| = 540.19
||yphi|| = 0.493467
||BtYp|| = 3.10044
||ru|| = 3.10116
||yu|| = 140.199
||GtYphi|| = 2.29614
||KtYu|| = 12.8336
||rj|| = 13.7598
||yj|| = 0.861793
||rphi|| = 0.00405452
||rp|| = 0.0772233
||y|| = 558.088
   Pass :  1   Iteration :  42  || r || = 5.81219
||yp|| = 430.869
||xi|| = 391.496
||eta|| = 0.280719
||yp|| = 430.869
||yphi|| = 0.483574
||BtYp|| = 2.59967
||ru|| = 2.6013
||yu|| = 123.496
||GtYphi|| = 2.18725
||KtYu|| = 13.2497
||rj|| = 14.1864
||yj|| = 0.974005
||rphi|| = 0.00410284
||rp|| = 0.0701764
||y|| = 448.219
   Pass :  1   Iteration :  43  || r || = 5.7067
||yp|| = 344.444
||xi|| = 312.944
||eta|| = 0.269153
||yp|| = 344.444
||yphi|| = 0.471566
||BtYp|| = 2.06655
||ru|| = 2.06727
||yu|| = 101.569
||GtYphi|| = 2.67825
||KtYu|| = 10.7963
||rj|| = 11.6979
||yj|| = 0.767511
||rphi|| = 0.00438467
||rp|| = 0.0570593
||y|| = 359.108
   Pass :  1   Iteration :  44  || r || = 5.63067
||yp|| = 405.309
||xi|| = 368.245
||eta|| = 0.264523
||yp|| = 405.309
||yphi|| = 0.482548
||BtYp|| = 2.51975
||ru|| = 2.52078
||yu|| = 120.985
||GtYphi|| = 2.43219
||KtYu|| = 11.2345
||rj|| = 12.1153
||yj|| = 0.743696
||rphi|| = 0.00459378
||rp|| = 0.0677749
||y|| = 422.982
   Pass :  1   Iteration :  45  || r || = 5.58604
||yp|| = 404.07
||xi|| = 367.122
||eta|| = 0.248444
||yp|| = 404.07
||yphi|| = 0.30319
||BtYp|| = 2.49201
||ru|| = 2.49352
||yu|| = 125.084
||GtYphi|| = 1.9198
||KtYu|| = 12.934
||rj|| = 13.8097
||yj|| = 0.909235
||rphi|| = 0.0028713
||rp|| = 0.0713666
||y|| = 422.989
   Pass :  1   Iteration :  46  || r || = 5.56325
||yp|| = 444.479
||xi|| = 403.826
||eta|| = 0.268592
||yp|| = 444.479
||yphi|| = 0.149492
||BtYp|| = 2.73452
||ru|| = 2.73503
||yu|| = 131.313
||GtYphi|| = 1.55152
||KtYu|| = 12.4576
||rj|| = 13.2229
||yj|| = 0.823747
||rphi|| = 0.00118037
||rp|| = 0.0748297
||y|| = 463.471
   Pass :  1   Iteration :  47  || r || = 5.54154
||yp|| = 408.371
||xi|| = 371.017
||eta|| = 0.251928
||yp|| = 408.371
||yphi|| = 0.485315
||BtYp|| = 2.25212
||ru|| = 2.25363
||yu|| = 115.392
||GtYphi|| = 2.41512
||KtYu|| = 13.2292
||rj|| = 14.1399
||yj|| = 0.917915
||rphi|| = 0.00396439
||rp|| = 0.0631138
||y|| = 424.362
   Pass :  1   Iteration :  48  || r || = 5.42297
||yp|| = 486.871
||xi|| = 442.389
||eta|| = 0.271871
||yp|| = 486.871
||yphi|| = 0.400377
||BtYp|| = 2.78584
||ru|| = 2.78649
||yu|| = 128.162
||GtYphi|| = 2.23195
||KtYu|| = 12.6798
||rj|| = 13.5111
||yj|| = 0.878373
||rphi|| = 0.00368986
||rp|| = 0.0739975
||y|| = 503.457
   Pass :  1   Iteration :  49  || r || = 5.17452
||yp|| = 459.577
||xi|| = 417.572
||eta|| = 0.281981
||yp|| = 459.577
||yphi|| = 0.584418
||BtYp|| = 2.616
||ru|| = 2.61663
||yu|| = 125.752
||GtYphi|| = 2.60789
||KtYu|| = 11.7219
||rj|| = 12.7368
||yj|| = 0.779737
||rphi|| = 0.00498152
||rp|| = 0.0707898
||y|| = 476.472
   Pass :  1   Iteration :  50  || r || = 4.652
||yp|| = 476.201
||xi|| = 432.692
||eta|| = 0.294382
||yp|| = 476.201
||yphi|| = 0.521305
||BtYp|| = 3.08261
||ru|| = 3.08373
||yu|| = 145.307
||GtYphi|| = 2.36464
||KtYu|| = 13.6755
||rj|| = 14.5758
||yj|| = 0.984798
||rphi|| = 0.00504755
||rp|| = 0.085876
||y|| = 497.879
   Pass :  1   Iteration :  51  || r || = 4.1387
||yp|| = 468.394
||xi|| = 425.59
||eta|| = 0.234028
||yp|| = 468.394
||yphi|| = 0.488552
||BtYp|| = 2.89673
||ru|| = 2.89767
||yu|| = 130.889
||GtYphi|| = 2.46585
||KtYu|| = 11.2171
||rj|| = 12.1353
||yj|| = 0.768901
||rphi|| = 0.0045999
||rp|| = 0.0769875
||y|| = 486.339
   Pass :  1   Iteration :  52  || r || = 3.82919
||yp|| = 442.165
||xi|| = 401.734
||eta|| = 0.300513
||yp|| = 442.165
||yphi|| = 0.406475
||BtYp|| = 2.735
||ru|| = 2.7361
||yu|| = 131.197
||GtYphi|| = 2.04735
||KtYu|| = 12.8018
||rj|| = 13.705
||yj|| = 0.876723
||rphi|| = 0.00335118
||rp|| = 0.0750823
||y|| = 461.22
   Pass :  1   Iteration :  53  || r || = 3.47956
||yp|| = 435.417
||xi|| = 395.642
||eta|| = 0.259304
||yp|| = 435.417
||yphi|| = 0.306755
||BtYp|| = 2.68161
||ru|| = 2.68263
||yu|| = 124.053
||GtYphi|| = 2.06077
||KtYu|| = 12.1734
||rj|| = 13.0364
||yj|| = 0.891673
||rphi|| = 0.00234263
||rp|| = 0.0726413
||y|| = 452.745
   Pass :  1   Iteration :  54  || r || = 3.15467
||yp|| = 454.211
||xi|| = 412.697
||eta|| = 0.240747
||yp|| = 454.211
||yphi|| = 0.355802
||BtYp|| = 2.4729
||ru|| = 2.47422
||yu|| = 118.459
||GtYphi|| = 1.93796
||KtYu|| = 12.4991
||rj|| = 13.4151
||yj|| = 0.834856
||rphi|| = 0.00277652
||rp|| = 0.0646054
||y|| = 469.405
   Pass :  1   Iteration :  55  || r || = 2.8752
||yp|| = 421.721
||xi|| = 383.159
||eta|| = 0.284907
||yp|| = 421.721
||yphi|| = 0.393984
||BtYp|| = 2.38543
||ru|| = 2.38644
||yu|| = 114.514
||GtYphi|| = 1.92059
||KtYu|| = 11.5584
||rj|| = 12.3489
||yj|| = 0.79522
||rphi|| = 0.00373146
||rp|| = 0.062578
||y|| = 436.993
   Pass :  1   Iteration :  56  || r || = 2.76266
||yp|| = 447.399
||xi|| = 406.478
||eta|| = 0.31007
||yp|| = 447.399
||yphi|| = 0.306722
||BtYp|| = 2.65483
||ru|| = 2.65609
||yu|| = 134.119
||GtYphi|| = 1.57368
||KtYu|| = 13.6357
||rj|| = 14.4345
||yj|| = 0.941437
||rphi|| = 0.00273198
||rp|| = 0.0726189
||y|| = 467.07
   Pass :  1   Iteration :  57  || r || = 2.73967
||yp|| = 449.614
||xi|| = 408.51
||eta|| = 0.295737
||yp|| = 449.614
||yphi|| = 0.320345
||BtYp|| = 2.30923
||ru|| = 2.31017
||yu|| = 116.319
||GtYphi|| = 2.06471
||KtYu|| = 12.0089
||rj|| = 12.8238
||yj|| = 0.774506
||rphi|| = 0.0028776
||rp|| = 0.0623577
||y|| = 464.418
   Pass :  1   Iteration :  58  || r || = 2.7336
||yp|| = 454.262
||xi|| = 412.725
||eta|| = 0.254515
||yp|| = 454.262
||yphi|| = 0.391035
||BtYp|| = 2.46448
||ru|| = 2.46562
||yu|| = 122.928
||GtYphi|| = 2.61544
||KtYu|| = 13.1595
||rj|| = 14.0467
||yj|| = 0.954157
||rphi|| = 0.00337355
||rp|| = 0.0657444
||y|| = 470.602
   Pass :  1   Iteration :  59  || r || = 2.72409
||yp|| = 432.558
||xi|| = 392.97
||eta|| = 0.284347
||yp|| = 432.558
||yphi|| = 0.291083
||BtYp|| = 2.3155
||ru|| = 2.31703
||yu|| = 120.818
||GtYphi|| = 2.42418
||KtYu|| = 12.5644
||rj|| = 13.5578
||yj|| = 0.887472
||rphi|| = 0.00269585
||rp|| = 0.0644403
||y|| = 449.115
   Pass :  1   Iteration :  60  || r || = 2.67551
||yp|| = 340.57
||xi|| = 309.361
||eta|| = 0.327362
||yp|| = 340.57
||yphi|| = 0.38466
||BtYp|| = 1.75559
||ru|| = 1.75712
||yu|| = 100.256
||GtYphi|| = 2.2021
||KtYu|| = 11.876
||rj|| = 12.7876
||yj|| = 0.809225
||rphi|| = 0.00317992
||rp|| = 0.0549679
||y|| = 355.021
   Pass :  1   Iteration :  61  || r || = 2.6096
||yp|| = 348.574
||xi|| = 316.663
||eta|| = 0.313283
||yp|| = 348.574
||yphi|| = 0.28954
||BtYp|| = 2.02024
||ru|| = 2.02131
||yu|| = 110.142
||GtYphi|| = 2.07689
||KtYu|| = 11.5408
||rj|| = 12.4186
||yj|| = 0.845339
||rphi|| = 0.00261952
||rp|| = 0.0610738
||y|| = 365.563
   Pass :  1   Iteration :  62  || r || = 2.5969
||yp|| = 424.871
||xi|| = 385.989
||eta|| = 0.30637
||yp|| = 424.871
||yphi|| = 0.16974
||BtYp|| = 2.29255
||ru|| = 2.29395
||yu|| = 132.524
||GtYphi|| = 1.83005
||KtYu|| = 13.4617
||rj|| = 14.374
||yj|| = 0.878199
||rphi|| = 0.00122776
||rp|| = 0.0730399
||y|| = 445.06
   Pass :  1   Iteration :  63  || r || = 2.59507
||yp|| = 384.329
||xi|| = 349.117
||eta|| = 0.330807
||yp|| = 384.329
||yphi|| = 0.297233
||BtYp|| = 2.12774
||ru|| = 2.12842
||yu|| = 122.041
||GtYphi|| = 2.20822
||KtYu|| = 12.0878
||rj|| = 12.8826
||yj|| = 0.774483
||rphi|| = 0.00253834
||rp|| = 0.0658855
||y|| = 403.241
   Pass :  1   Iteration :  64  || r || = 2.59506
||yp|| = 490.635
||xi|| = 445.754
||eta|| = 0.274268
||yp|| = 490.635
||yphi|| = 0.334625
||BtYp|| = 2.74651
||ru|| = 2.74801
||yu|| = 143.401
||GtYphi|| = 2.24118
||KtYu|| = 13.3073
||rj|| = 14.291
||yj|| = 0.932086
||rphi|| = 0.00305458
||rp|| = 0.080653
||y|| = 511.163
   Pass :  1   Iteration :  65  || r || = 2.59402
||yp|| = 454.71
||xi|| = 413.089
||eta|| = 0.272004
||yp|| = 454.71
||yphi|| = 0.291756
||BtYp|| = 2.62347
||ru|| = 2.62437
||yu|| = 138.456
||GtYphi|| = 2.2286
||KtYu|| = 12.5763
||rj|| = 13.4726
||yj|| = 0.83671
||rphi|| = 0.00259449
||rp|| = 0.0756064
||y|| = 475.324
   Pass :  1   Iteration :  66  || r || = 2.58174
||yp|| = 472.034
||xi|| = 428.846
||eta|| = 0.420974
||yp|| = 472.034
||yphi|| = 0.419908
||BtYp|| = 2.88879
||ru|| = 2.88983
||yu|| = 146.142
||GtYphi|| = 2.7997
||KtYu|| = 12.137
||rj|| = 13.1205
||yj|| = 0.807433
||rphi|| = 0.00368047
||rp|| = 0.0810831
||y|| = 494.14
   Pass :  1   Iteration :  67  || r || = 2.56428
||yp|| = 560.443
||xi|| = 509.178
||eta|| = 0.384684
||yp|| = 560.443
||yphi|| = 0.510689
||BtYp|| = 3.60758
||ru|| = 3.60844
||yu|| = 175.493
||GtYphi|| = 2.60225
||KtYu|| = 13.6122
||rj|| = 14.5949
||yj|| = 0.898123
||rphi|| = 0.00415491
||rp|| = 0.0985131
||y|| = 587.278
   Pass :  1   Iteration :  68  || r || = 2.5343
||yp|| = 494.334
||xi|| = 449.155
||eta|| = 0.279701
||yp|| = 494.334
||yphi|| = 0.396993
||BtYp|| = 2.90239
||ru|| = 2.90196
||yu|| = 139.561
||GtYphi|| = 2.38244
||KtYu|| = 11.7778
||rj|| = 12.638
||yj|| = 0.749017
||rphi|| = 0.00300637
||rp|| = 0.0779493
||y|| = 513.657
   Pass :  1   Iteration :  69  || r || = 2.49961
||yp|| = 508.939
||xi|| = 462.43
||eta|| = 0.313458
||yp|| = 508.939
||yphi|| = 0.221311
||BtYp|| = 3.25501
||ru|| = 3.25735
||yu|| = 151.029
||GtYphi|| = 1.8625
||KtYu|| = 12.7763
||rj|| = 13.6328
||yj|| = 0.91703
||rphi|| = 0.00190249
||rp|| = 0.0848036
||y|| = 530.876
   Pass :  1   Iteration :  70  || r || = 2.45112
||yp|| = 540.209
||xi|| = 490.875
||eta|| = 0.416568
||yp|| = 540.209
||yphi|| = 0.734017
||BtYp|| = 3.5168
||ru|| = 3.51623
||yu|| = 160.613
||GtYphi|| = 2.64254
||KtYu|| = 12.3923
||rj|| = 13.3904
||yj|| = 0.802349
||rphi|| = 0.00565067
||rp|| = 0.0918108
||y|| = 563.581
   Pass :  1   Iteration :  71  || r || = 2.38187
||yp|| = 594.203
||xi|| = 539.956
||eta|| = 0.281591
||yp|| = 594.203
||yphi|| = 0.366882
||BtYp|| = 3.9861
||ru|| = 3.98699
||yu|| = 174.02
||GtYphi|| = 1.9213
||KtYu|| = 13.944
||rj|| = 14.833
||yj|| = 0.843588
||rphi|| = 0.00312834
||rp|| = 0.101293
||y|| = 619.161
   Pass :  1   Iteration :  72  || r || = 2.29225
||yp|| = 626.722
||xi|| = 569.508
||eta|| = 0.28313
||yp|| = 626.722
||yphi|| = 0.439367
||BtYp|| = 4.17597
||ru|| = 4.17682
||yu|| = 176.126
||GtYphi|| = 1.97751
||KtYu|| = 12.6235
||rj|| = 13.3739
||yj|| = 0.817179
||rphi|| = 0.0032392
||rp|| = 0.104411
||y|| = 651.001
   Pass :  1   Iteration :  73  || r || = 2.17606
||yp|| = 545.145
||xi|| = 495.396
||eta|| = 0.278676
||yp|| = 545.145
||yphi|| = 0.232083
||BtYp|| = 3.6889
||ru|| = 3.68883
||yu|| = 157.535
||GtYphi|| = 1.64575
||KtYu|| = 12.7848
||rj|| = 13.6822
||yj|| = 0.802646
||rphi|| = 0.00185377
||rp|| = 0.0969396
||y|| = 567.452
   Pass :  1   Iteration :  74  || r || = 1.92345
||yp|| = 617.388
||xi|| = 561.032
||eta|| = 0.333339
||yp|| = 617.388
||yphi|| = 0.229466
||BtYp|| = 4.22862
||ru|| = 4.2306
||yu|| = 184.778
||GtYphi|| = 1.82375
||KtYu|| = 14.1902
||rj|| = 14.9533
||yj|| = 0.860433
||rphi|| = 0.00185342
||rp|| = 0.112746
||y|| = 644.447
   Pass :  1   Iteration :  75  || r || = 1.67066
||yp|| = 608.623
||xi|| = 553.091
||eta|| = 0.276355
||yp|| = 608.623
||yphi|| = 0.158345
||BtYp|| = 4.4169
||ru|| = 4.41694
||yu|| = 183.745
||GtYphi|| = 1.61789
||KtYu|| = 12.9686
||rj|| = 13.8202
||yj|| = 0.832793
||rphi|| = 0.00132773
||rp|| = 0.119434
||y|| = 635.755
   Pass :  1   Iteration :  76  || r || = 1.45434
||yp|| = 566.396
||xi|| = 514.668
||eta|| = 0.303089
||yp|| = 566.396
||yphi|| = 0.303003
||BtYp|| = 3.8916
||ru|| = 3.89237
||yu|| = 168.88
||GtYphi|| = 1.60356
||KtYu|| = 12.6917
||rj|| = 13.5176
||yj|| = 0.811582
||rphi|| = 0.00236348
||rp|| = 0.105822
||y|| = 591.038
   Pass :  1   Iteration :  77  || r || = 1.30953
||yp|| = 505.356
||xi|| = 459.208
||eta|| = 0.229875
||yp|| = 505.356
||yphi|| = 0.168885
||BtYp|| = 3.47544
||ru|| = 3.47693
||yu|| = 149.806
||GtYphi|| = 1.56606
||KtYu|| = 10.763
||rj|| = 11.4049
||yj|| = 0.68199
||rphi|| = 0.00141542
||rp|| = 0.0938147
||y|| = 527.093
   Pass :  1   Iteration :  78  || r || = 1.282
||yp|| = 586.741
||xi|| = 533.149
||eta|| = 0.283671
||yp|| = 586.741
||yphi|| = 0.175657
||BtYp|| = 4.02878
||ru|| = 4.02958
||yu|| = 177.777
||GtYphi|| = 1.61955
||KtYu|| = 14.3834
||rj|| = 15.2756
||yj|| = 1.0245
||rphi|| = 0.00146311
||rp|| = 0.116406
||y|| = 613.083
   Pass :  1   Iteration :  79  || r || = 1.2687
||yp|| = 570.385
||xi|| = 518.267
||eta|| = 0.321827
||yp|| = 570.385
||yphi|| = 0.204942
||BtYp|| = 3.82929
||ru|| = 3.83023
||yu|| = 171.106
||GtYphi|| = 2.0046
||KtYu|| = 13.2024
||rj|| = 13.9702
||yj|| = 0.887447
||rphi|| = 0.00162905
||rp|| = 0.111986
||y|| = 595.498
   Pass :  1   Iteration :  80  || r || = 1.25983
||yp|| = 513.317
||xi|| = 466.34
||eta|| = 0.425975
||yp|| = 513.317
||yphi|| = 0.179293
||BtYp|| = 3.46423
||ru|| = 3.46496
||yu|| = 170.52
||GtYphi|| = 1.85762
||KtYu|| = 13.7991
||rj|| = 14.5101
||yj|| = 0.960906
||rphi|| = 0.00148108
||rp|| = 0.106929
||y|| = 540.9
   Pass :  1   Iteration :  81  || r || = 1.24775
||yp|| = 461.476
||xi|| = 419.291
||eta|| = 0.271336
||yp|| = 461.476
||yphi|| = 0.261839
||BtYp|| = 3.1967
||ru|| = 3.19788
||yu|| = 145.67
||GtYphi|| = 1.71112
||KtYu|| = 12.8516
||rj|| = 13.7459
||yj|| = 0.902962
||rphi|| = 0.00216535
||rp|| = 0.0958196
||y|| = 483.922
   Pass :  1   Iteration :  82  || r || = 1.23453
||yp|| = 411.868
||xi|| = 374.223
||eta|| = 0.302152
||yp|| = 411.868
||yphi|| = 0.34115
||BtYp|| = 2.81068
||ru|| = 2.81121
||yu|| = 126.08
||GtYphi|| = 1.85433
||KtYu|| = 10.8484
||rj|| = 11.5239
||yj|| = 0.712014
||rphi|| = 0.00236926
||rp|| = 0.0835985
||y|| = 430.734
   Pass :  1   Iteration :  83  || r || = 1.22974
||yp|| = 550.021
||xi|| = 499.771
||eta|| = 0.315471
||yp|| = 550.021
||yphi|| = 0.186807
||BtYp|| = 4.02428
||ru|| = 4.02536
||yu|| = 179.518
||GtYphi|| = 1.65388
||KtYu|| = 14.4428
||rj|| = 15.3351
||yj|| = 0.944926
||rphi|| = 0.00134347
||rp|| = 0.1191
||y|| = 578.577
   Pass :  1   Iteration :  84  || r || = 1.22605
||yp|| = 475.402
||xi|| = 431.961
||eta|| = 0.286707
||yp|| = 475.402
||yphi|| = 0.190649
||BtYp|| = 3.03232
||ru|| = 3.03294
||yu|| = 137.244
||GtYphi|| = 1.93987
||KtYu|| = 11.8159
||rj|| = 12.6568
||yj|| = 0.770779
||rphi|| = 0.00154556
||rp|| = 0.0886981
||y|| = 494.817
   Pass :  1   Iteration :  85  || r || = 1.22148
||yp|| = 475.601
||xi|| = 432.123
||eta|| = 0.279545
||yp|| = 475.601
||yphi|| = 0.170931
||BtYp|| = 3.11304
||ru|| = 3.11405
||yu|| = 146.937
||GtYphi|| = 1.73552
||KtYu|| = 12.4821
||rj|| = 13.3263
||yj|| = 0.840839
||rphi|| = 0.0013431
||rp|| = 0.0926507
||y|| = 497.783
   Pass :  1   Iteration :  86  || r || = 1.21806
||yp|| = 526.749
||xi|| = 478.621
||eta|| = 0.29651
||yp|| = 526.749
||yphi|| = 0.197995
||BtYp|| = 3.64261
||ru|| = 3.64376
||yu|| = 164.298
||GtYphi|| = 1.63846
||KtYu|| = 14.5742
||rj|| = 15.3563
||yj|| = 0.990983
||rphi|| = 0.0016066
||rp|| = 0.104791
||y|| = 551.778
   Pass :  1   Iteration :  87  || r || = 1.21737
||yp|| = 426.292
||xi|| = 387.326
||eta|| = 0.264508
||yp|| = 426.292
||yphi|| = 0.266721
||BtYp|| = 2.53615
||ru|| = 2.5372
||yu|| = 115.244
||GtYphi|| = 1.85163
||KtYu|| = 12.0187
||rj|| = 12.8163
||yj|| = 0.767488
||rphi|| = 0.00196996
||rp|| = 0.0694678
||y|| = 441.596
   Pass :  1   Iteration :  88  || r || = 1.21736
||yp|| = 511.523
||xi|| = 464.794
||eta|| = 0.245825
||yp|| = 511.523
||yphi|| = 0.302313
||BtYp|| = 3.31956
||ru|| = 3.32054
||yu|| = 146.994
||GtYphi|| = 1.82583
||KtYu|| = 12.9722
||rj|| = 13.7408
||yj|| = 0.824288
||rphi|| = 0.00228451
||rp|| = 0.0881672
||y|| = 532.226
   Pass :  1   Iteration :  89  || r || = 1.21735
||yp|| = 498.26
||xi|| = 452.735
||eta|| = 0.259198
||yp|| = 498.26
||yphi|| = 0.198289
||BtYp|| = 3.20216
||ru|| = 3.20288
||yu|| = 143.031
||GtYphi|| = 1.83632
||KtYu|| = 12.722
||rj|| = 13.5729
||yj|| = 0.801849
||rphi|| = 0.00165103
||rp|| = 0.0847401
||y|| = 518.383
   Pass :  1   Iteration :  90  || r || = 1.21719
||yp|| = 476.951
||xi|| = 433.382
||eta|| = 0.313228
||yp|| = 476.951
||yphi|| = 0.228599
||BtYp|| = 2.89115
||ru|| = 2.8921
||yu|| = 134.791
||GtYphi|| = 1.83529
||KtYu|| = 12.5683
||rj|| = 13.4186
||yj|| = 0.837884
||rphi|| = 0.00184113
||rp|| = 0.0774179
||y|| = 495.633
   Pass :  1   Iteration :  91  || r || = 1.21233
||yp|| = 518.072
||xi|| = 470.763
||eta|| = 0.276068
||yp|| = 518.072
||yphi|| = 0.168604
||BtYp|| = 3.19994
||ru|| = 3.20066
||yu|| = 145.725
||GtYphi|| = 1.85647
||KtYu|| = 12.3182
||rj|| = 13.0974
||yj|| = 0.806623
||rphi|| = 0.00135429
||rp|| = 0.0838414
||y|| = 538.177
   Pass :  1   Iteration :  92  || r || = 1.19617
||yp|| = 525.087
||xi|| = 477.051
||eta|| = 0.36854
||yp|| = 525.087
||yphi|| = 0.219334
||BtYp|| = 3.11771
||ru|| = 3.11892
||yu|| = 156.781
||GtYphi|| = 1.69023
||KtYu|| = 14.0939
||rj|| = 14.9116
||yj|| = 0.936776
||rphi|| = 0.00176309
||rp|| = 0.0839996
||y|| = 547.994
   Pass :  1   Iteration :  93  || r || = 1.16022
||yp|| = 483.804
||xi|| = 439.605
||eta|| = 0.327436
||yp|| = 483.804
||yphi|| = 0.177792
||BtYp|| = 2.85744
||ru|| = 2.85862
||yu|| = 137.422
||GtYphi|| = 1.68782
||KtYu|| = 12.3495
||rj|| = 13.1307
||yj|| = 0.789724
||rphi|| = 0.00154654
||rp|| = 0.0774014
||y|| = 502.943
   Pass :  1   Iteration :  94  || r || = 1.11143
||yp|| = 443.161
||xi|| = 402.632
||eta|| = 0.34496
||yp|| = 443.161
||yphi|| = 0.372552
||BtYp|| = 2.78131
||ru|| = 2.78204
||yu|| = 146.566
||GtYphi|| = 1.7897
||KtYu|| = 12.8928
||rj|| = 13.7035
||yj|| = 0.832541
||rphi|| = 0.0029746
||rp|| = 0.0818838
||y|| = 466.77
   Pass :  1   Iteration :  95  || r || = 1.05237
||yp|| = 471.756
||xi|| = 428.627
||eta|| = 0.292225
||yp|| = 471.756
||yphi|| = 0.252938
||BtYp|| = 2.77344
||ru|| = 2.77407
||yu|| = 136.668
||GtYphi|| = 1.8317
||KtYu|| = 12.9523
||rj|| = 13.8085
||yj|| = 0.849942
||rphi|| = 0.0019202
||rp|| = 0.0765502
||y|| = 491.154
   Pass :  1   Iteration :  96  || r || = 0.956175
||yp|| = 496.848
||xi|| = 451.449
||eta|| = 0.230246
||yp|| = 496.848
||yphi|| = 0.274254
||BtYp|| = 2.8829
||ru|| = 2.88357
||yu|| = 134.616
||GtYphi|| = 1.96723
||KtYu|| = 11.7973
||rj|| = 12.6667
||yj|| = 0.782763
||rphi|| = 0.00231202
||rp|| = 0.0765055
||y|| = 514.762
   Pass :  1   Iteration :  97  || r || = 0.833446
||yp|| = 487.681
||xi|| = 443.132
||eta|| = 0.250603
||yp|| = 487.681
||yphi|| = 0.414711
||BtYp|| = 3.17166
||ru|| = 3.17293
||yu|| = 145.912
||GtYphi|| = 1.82366
||KtYu|| = 12.8915
||rj|| = 13.7184
||yj|| = 0.857379
||rphi|| = 0.00330677
||rp|| = 0.0853532
||y|| = 509.043
   Pass :  1   Iteration :  98  || r || = 0.729659
||yp|| = 502.168
||xi|| = 456.241
||eta|| = 0.291163
||yp|| = 502.168
||yphi|| = 0.397662
||BtYp|| = 2.8958
||ru|| = 2.89774
||yu|| = 150.793
||GtYphi|| = 1.80412
||KtYu|| = 13.4312
||rj|| = 14.078
||yj|| = 0.852329
||rphi|| = 0.0029585
||rp|| = 0.0817091
||y|| = 524.32
   Pass :  1   Iteration :  99  || r || = 0.690192
||yp|| = 467.608
||xi|| = 424.806
||eta|| = 0.295751
||yp|| = 467.608
||yphi|| = 0.241308
||BtYp|| = 2.58104
||ru|| = 2.58202
||yu|| = 141.208
||GtYphi|| = 1.66401
||KtYu|| = 14.1115
||rj|| = 14.932
||yj|| = 0.951365
||rphi|| = 0.00197404
||rp|| = 0.0772385
||y|| = 488.465
   Pass :  1   Iteration : 100  || r || = 0.657364
||yp|| = 447.259
||xi|| = 406.362
||eta|| = 0.293502
||yp|| = 447.259
||yphi|| = 0.2187
||BtYp|| = 2.66464
||ru|| = 2.66604
||yu|| = 130.142
||GtYphi|| = 1.70594
||KtYu|| = 12.5764
||rj|| = 13.3322
||yj|| = 0.858901
||rphi|| = 0.00177297
||rp|| = 0.0750892
||y|| = 465.81
   Pass :  1   Iteration : 101  || r || = 0.643169
||yp|| = 539.526
||xi|| = 490.205
||eta|| = 0.333864
||yp|| = 539.526
||yphi|| = 0.346308
||BtYp|| = 3.07916
||ru|| = 3.08083
||yu|| = 156.497
||GtYphi|| = 1.97402
||KtYu|| = 14.9388
||rj|| = 15.7045
||yj|| = 0.975798
||rphi|| = 0.00268515
||rp|| = 0.0834679
||y|| = 561.766
   Pass :  1   Iteration : 102  || r || = 0.632595
||yp|| = 427.803
||xi|| = 388.698
||eta|| = 0.228137
||yp|| = 427.803
||yphi|| = 0.244684
||BtYp|| = 2.36272
||ru|| = 2.36434
||yu|| = 116.888
||GtYphi|| = 1.93274
||KtYu|| = 12.5627
||rj|| = 13.4225
||yj|| = 0.840186
||rphi|| = 0.00198163
||rp|| = 0.065915
||y|| = 443.485
   Pass :  1   Iteration : 103  || r || = 0.623681
||yp|| = 471.732
||xi|| = 428.608
||eta|| = 0.291859
||yp|| = 471.732
||yphi|| = 0.151026
||BtYp|| = 2.6177
||ru|| = 2.61869
||yu|| = 127.193
||GtYphi|| = 1.56233
||KtYu|| = 12.6795
||rj|| = 13.4781
||yj|| = 0.825282
||rphi|| = 0.00120205
||rp|| = 0.0732768
||y|| = 488.579
   Pass :  1   Iteration : 104  || r || = 0.620295
||yp|| = 409.706
||xi|| = 372.223
||eta|| = 0.252383
||yp|| = 409.706
||yphi|| = 0.170191
||BtYp|| = 2.29646
||ru|| = 2.29701
||yu|| = 123.912
||GtYphi|| = 1.48454
||KtYu|| = 12.2465
||rj|| = 13.0528
||yj|| = 0.788253
||rphi|| = 0.00133048
||rp|| = 0.0678674
||y|| = 428.035
   Pass :  1   Iteration : 105  || r || = 0.619064
||yp|| = 481.488
||xi|| = 437.468
||eta|| = 0.290071
||yp|| = 481.488
||yphi|| = 0.249307
||BtYp|| = 2.22897
||ru|| = 2.23056
||yu|| = 129.532
||GtYphi|| = 1.87012
||KtYu|| = 12.9124
||rj|| = 13.6941
||yj|| = 0.842954
||rphi|| = 0.00195426
||rp|| = 0.0692011
||y|| = 498.609
   Pass :  1   Iteration : 106  || r || = 0.618947
||yp|| = 446.156
||xi|| = 405.346
||eta|| = 0.260178
||yp|| = 446.156
||yphi|| = 0.315157
||BtYp|| = 2.40743
||ru|| = 2.40872
||yu|| = 130.073
||GtYphi|| = 1.75866
||KtYu|| = 13.3652
||rj|| = 14.2195
||yj|| = 0.907834
||rphi|| = 0.00238426
||rp|| = 0.0722348
||y|| = 464.731
   Pass :  1   Iteration : 107  || r || = 0.618946
||yp|| = 416.552
||xi|| = 378.448
||eta|| = 0.33935
||yp|| = 416.552
||yphi|| = 0.309535
||BtYp|| = 2.1531
||ru|| = 2.1545
||yu|| = 114.305
||GtYphi|| = 2.07991
||KtYu|| = 12.1453
||rj|| = 13.0635
||yj|| = 0.791622
||rphi|| = 0.00257231
||rp|| = 0.0622333
||y|| = 431.952
   Pass :  1   Iteration : 108  || r || = 0.618897
||yp|| = 461.857
||xi|| = 419.634
||eta|| = 0.247731
||yp|| = 461.857
||yphi|| = 0.382854
||BtYp|| = 2.71152
||ru|| = 2.71265
||yu|| = 129.122
||GtYphi|| = 2.08579
||KtYu|| = 12.3425
||rj|| = 13.1744
||yj|| = 0.780175
||rphi|| = 0.00304658
||rp|| = 0.0739959
||y|| = 479.568
   Pass :  1   Iteration : 109  || r || = 0.618739
||yp|| = 497.154
||xi|| = 451.692
||eta|| = 0.311726
||yp|| = 497.154
||yphi|| = 0.19888
||BtYp|| = 2.66807
||ru|| = 2.66918
||yu|| = 139.48
||GtYphi|| = 1.54768
||KtYu|| = 13.1632
||rj|| = 13.985
||yj|| = 0.865305
||rphi|| = 0.00150381
||rp|| = 0.0727639
||y|| = 516.35
   Pass :  1   Iteration : 110  || r || = 0.618461
||yp|| = 508.472
||xi|| = 461.935
||eta|| = 0.295161
||yp|| = 508.472
||yphi|| = 0.164498
||BtYp|| = 2.63605
||ru|| = 2.63814
||yu|| = 139.34
||GtYphi|| = 1.86358
||KtYu|| = 12.648
||rj|| = 13.4149
||yj|| = 0.772904
||rphi|| = 0.00129328
||rp|| = 0.0722032
||y|| = 527.219
   Pass :  1   Iteration : 111  || r || = 0.618113
||yp|| = 451.476
||xi|| = 410.184
||eta|| = 0.269646
||yp|| = 451.476
||yphi|| = 0.241212
||BtYp|| = 2.58371
||ru|| = 2.58467
||yu|| = 134.34
||GtYphi|| = 1.64505
||KtYu|| = 13.4826
||rj|| = 14.2437
||yj|| = 0.906842
||rphi|| = 0.00182428
||rp|| = 0.0740877
||y|| = 471.04
   Pass :  1   Iteration : 112  || r || = 0.617725
||yp|| = 444.711
||xi|| = 404.037
||eta|| = 0.244092
||yp|| = 444.711
||yphi|| = 0.192211
||BtYp|| = 2.30559
||ru|| = 2.3069
||yu|| = 121.315
||GtYphi|| = 1.87934
||KtYu|| = 12.4211
||rj|| = 13.2976
||yj|| = 0.813028
||rphi|| = 0.00162996
||rp|| = 0.0682177
||y|| = 460.962
   Pass :  1   Iteration : 113  || r || = 0.617181
||yp|| = 439.088
||xi|| = 398.881
||eta|| = 0.321796
||yp|| = 439.088
||yphi|| = 0.205905
||BtYp|| = 2.38467
||ru|| = 2.38588
||yu|| = 133.072
||GtYphi|| = 1.88046
||KtYu|| = 13.0681
||rj|| = 13.922
||yj|| = 0.834863
||rphi|| = 0.00167346
||rp|| = 0.0715913
||y|| = 458.811
   Pass :  1   Iteration : 114  || r || = 0.614746
||yp|| = 442.019
||xi|| = 401.6
||eta|| = 0.286838
||yp|| = 442.019
||yphi|| = 0.220629
||BtYp|| = 2.63105
||ru|| = 2.63278
||yu|| = 131.769
||GtYphi|| = 1.71973
||KtYu|| = 12.9582
||rj|| = 13.7597
||yj|| = 0.881973
||rphi|| = 0.00182272
||rp|| = 0.076418
||y|| = 461.242
   Pass :  1   Iteration : 115  || r || = 0.606639
||yp|| = 426.831
||xi|| = 387.766
||eta|| = 0.254773
||yp|| = 426.831
||yphi|| = 0.226332
||BtYp|| = 2.49491
||ru|| = 2.4956
||yu|| = 125.418
||GtYphi|| = 2.03942
||KtYu|| = 12.1616
||rj|| = 13.0151
||yj|| = 0.737803
||rphi|| = 0.00202489
||rp|| = 0.0716526
||y|| = 444.877
   Pass :  1   Iteration : 116  || r || = 0.592615
||yp|| = 462.289
||xi|| = 420.047
||eta|| = 0.331773
||yp|| = 462.289
||yphi|| = 0.166326
||BtYp|| = 2.68337
||ru|| = 2.68434
||yu|| = 133.615
||GtYphi|| = 1.62491
||KtYu|| = 13.013
||rj|| = 13.8553
||yj|| = 0.862591
||rphi|| = 0.00130247
||rp|| = 0.076457
||y|| = 481.212
   Pass :  1   Iteration : 117  || r || = 0.568998
||yp|| = 495.085
||xi|| = 449.783
||eta|| = 0.27623
||yp|| = 495.085
||yphi|| = 0.196115
||BtYp|| = 2.69773
||ru|| = 2.69894
||yu|| = 144.141
||GtYphi|| = 1.76589
||KtYu|| = 13.1941
||rj|| = 14.0313
||yj|| = 0.88764
||rphi|| = 0.00151109
||rp|| = 0.0808375
||y|| = 515.642
   Pass :  1   Iteration : 118  || r || = 0.52712
||yp|| = 454.991
||xi|| = 413.358
||eta|| = 0.282823
||yp|| = 454.991
||yphi|| = 0.355319
||BtYp|| = 2.49958
||ru|| = 2.5008
||yu|| = 128.428
||GtYphi|| = 1.98787
||KtYu|| = 12.9708
||rj|| = 13.8647
||yj|| = 0.809998
||rphi|| = 0.00286646
||rp|| = 0.0722798
||y|| = 472.77
   Pass :  1   Iteration : 119  || r || = 0.47279
||yp|| = 416.246
||xi|| = 378.164
||eta|| = 0.286905
||yp|| = 416.246
||yphi|| = 0.538035
||BtYp|| = 2.29511
||ru|| = 2.29596
||yu|| = 127.523
||GtYphi|| = 2.09435
||KtYu|| = 11.9367
||rj|| = 12.7528
||yj|| = 0.775361
||rphi|| = 0.00410159
||rp|| = 0.0723676
||y|| = 435.344
   Pass :  1   Iteration : 120  || r || = 0.439924
||yp|| = 478.929
||xi|| = 435.134
||eta|| = 0.262164
||yp|| = 478.929
||yphi|| = 0.247757
||BtYp|| = 2.74575
||ru|| = 2.74643
||yu|| = 140.468
||GtYphi|| = 1.71052
||KtYu|| = 13.215
||rj|| = 14.0066
||yj|| = 0.810883
||rphi|| = 0.00206364
||rp|| = 0.0796555
||y|| = 499.104
   Pass :  1   Iteration : 121  || r || = 0.414946
||yp|| = 501.914
||xi|| = 455.987
||eta|| = 0.371113
||yp|| = 501.914
||yphi|| = 0.215465
||BtYp|| = 3.02664
||ru|| = 3.02769
||yu|| = 152.743
||GtYphi|| = 1.6497
||KtYu|| = 13.1032
||rj|| = 13.9134
||yj|| = 0.908806
||rphi|| = 0.00185007
||rp|| = 0.0832116
||y|| = 524.641
   Pass :  1   Iteration : 122  || r || = 0.397546
||yp|| = 419.762
||xi|| = 381.342
||eta|| = 0.288269
||yp|| = 419.762
||yphi|| = 0.40252
||BtYp|| = 2.3601
||ru|| = 2.36035
||yu|| = 128.039
||GtYphi|| = 1.99675
||KtYu|| = 12.2272
||rj|| = 13.0391
||yj|| = 0.863115
||rphi|| = 0.00320749
||rp|| = 0.069152
||y|| = 438.856
   Pass :  1   Iteration : 123  || r || = 0.391563
||yp|| = 471.689
||xi|| = 428.537
||eta|| = 0.351682
||yp|| = 471.689
||yphi|| = 0.240416
||BtYp|| = 2.61459
||ru|| = 2.61585
||yu|| = 139.036
||GtYphi|| = 1.92898
||KtYu|| = 14.2819
||rj|| = 15.1485
||yj|| = 0.942793
||rphi|| = 0.00188192
||rp|| = 0.0757199
||y|| = 491.754
   Pass :  1   Iteration : 124  || r || = 0.388354
||yp|| = 476.445
||xi|| = 432.832
||eta|| = 0.315493
||yp|| = 476.445
||yphi|| = 0.209838
||BtYp|| = 2.77826
||ru|| = 2.77934
||yu|| = 143.003
||GtYphi|| = 1.73885
||KtYu|| = 12.6225
||rj|| = 13.399
||yj|| = 0.845957
||rphi|| = 0.00162335
||rp|| = 0.0799542
||y|| = 497.444
   Pass :  1   Iteration : 125  || r || = 0.386649
||yp|| = 522.037
||xi|| = 474.337
||eta|| = 0.257413
||yp|| = 522.037
||yphi|| = 0.451069
||BtYp|| = 3.27308
||ru|| = 3.27427
||yu|| = 151.141
||GtYphi|| = 1.85039
||KtYu|| = 13.2932
||rj|| = 14.113
||yj|| = 0.889328
||rphi|| = 0.00333085
||rp|| = 0.0888026
||y|| = 543.477
   Pass :  1   Iteration : 126  || r || = 0.386359
||yp|| = 503.326
||xi|| = 457.332
||eta|| = 0.275994
||yp|| = 503.326
||yphi|| = 0.228149
||BtYp|| = 3.00957
||ru|| = 3.00952
||yu|| = 141.367
||GtYphi|| = 2.00531
||KtYu|| = 13.1943
||rj|| = 14.0058
||yj|| = 0.779319
||rphi|| = 0.00174669
||rp|| = 0.0823804
||y|| = 522.803
   Pass :  1   Iteration : 127  || r || = 0.386306
||yp|| = 588.983
||xi|| = 535.131
||eta|| = 0.281467
||yp|| = 588.983
||yphi|| = 0.261874
||BtYp|| = 3.36961
||ru|| = 3.37034
||yu|| = 156.467
||GtYphi|| = 2.16493
||KtYu|| = 13.6125
||rj|| = 14.4679
||yj|| = 0.912976
||rphi|| = 0.00203294
||rp|| = 0.0884454
||y|| = 609.412
   Pass :  1   Iteration : 128  || r || = 0.386306
||yp|| = 602.42
||xi|| = 547.437
||eta|| = 0.363262
||yp|| = 602.42
||yphi|| = 0.34703
||BtYp|| = 3.92953
||ru|| = 3.93049
||yu|| = 175.464
||GtYphi|| = 2.03893
||KtYu|| = 15.2122
||rj|| = 16.0731
||yj|| = 1.02725
||rphi|| = 0.00264067
||rp|| = 0.10322
||y|| = 627.454
   Pass :  1   Iteration : 129  || r || = 0.386305
||yp|| = 550.519
||xi|| = 500.22
||eta|| = 0.343288
||yp|| = 550.519
||yphi|| = 0.388382
||BtYp|| = 3.61672
||ru|| = 3.61681
||yu|| = 156.672
||GtYphi|| = 2.16452
||KtYu|| = 11.958
||rj|| = 12.7476
||yj|| = 0.755636
||rphi|| = 0.00302256
||rp|| = 0.0924107
||y|| = 572.379
   Pass :  1   Iteration : 130  || r || = 0.386297
||yp|| = 662.954
||xi|| = 602.381
||eta|| = 0.370241
||yp|| = 662.954
||yphi|| = 0.231394
||BtYp|| = 4.31737
||ru|| = 4.31868
||yu|| = 190.988
||GtYphi|| = 1.78219
||KtYu|| = 14.9219
||rj|| = 15.7448
||yj|| = 1.00237
||rphi|| = 0.001766
||rp|| = 0.113173
||y|| = 689.917
   Pass :  1   Iteration : 131  || r || = 0.386146
||yp|| = 652.357
||xi|| = 592.805
||eta|| = 0.281313
||yp|| = 652.357
||yphi|| = 0.230898
||BtYp|| = 4.16868
||ru|| = 4.16893
||yu|| = 178.199
||GtYphi|| = 1.87046
||KtYu|| = 12.7595
||rj|| = 13.5642
||yj|| = 0.810803
||rphi|| = 0.00183779
||rp|| = 0.105283
||y|| = 676.258
   Pass :  1   Iteration : 132  || r || = 0.385596
||yp|| = 682.146
||xi|| = 619.87
||eta|| = 0.342535
||yp|| = 682.146
||yphi|| = 0.312697
||BtYp|| = 4.56557
||ru|| = 4.56617
||yu|| = 198.969
||GtYphi|| = 2.13495
||KtYu|| = 13.2048
||rj|| = 13.9618
||yj|| = 0.812864
||rphi|| = 0.00240166
||rp|| = 0.118355
||y|| = 710.572
   Pass :  1   Iteration : 133  || r || = 0.384766
||yp|| = 611.852
||xi|| = 556.018
||eta|| = 0.304985
||yp|| = 611.852
||yphi|| = 0.338734
||BtYp|| = 4.041
||ru|| = 4.04172
||yu|| = 175.514
||GtYphi|| = 1.98329
||KtYu|| = 14.9811
||rj|| = 15.8407
||yj|| = 1.03299
||rphi|| = 0.00269003
||rp|| = 0.106093
||y|| = 636.53
   Pass :  1   Iteration : 134  || r || = 0.382398
||yp|| = 530.421
||xi|| = 481.933
||eta|| = 0.282457
||yp|| = 530.421
||yphi|| = 0.28988
||BtYp|| = 3.1751
||ru|| = 3.17641
||yu|| = 146.194
||GtYphi|| = 1.97326
||KtYu|| = 12.6177
||rj|| = 13.3778
||yj|| = 0.832185
||rphi|| = 0.0023837
||rp|| = 0.0855919
||y|| = 550.199
   Pass :  1   Iteration : 135  || r || = 0.378775
||yp|| = 582.229
||xi|| = 529.071
||eta|| = 0.245842
||yp|| = 582.229
||yphi|| = 0.283686
||BtYp|| = 3.61383
||ru|| = 3.61459
||yu|| = 156.256
||GtYphi|| = 2.00339
||KtYu|| = 12.7445
||rj|| = 13.5721
||yj|| = 0.826684
||rphi|| = 0.00222735
||rp|| = 0.0924196
||y|| = 602.833
   Pass :  1   Iteration : 136  || r || = 0.374075
||yp|| = 681.971
||xi|| = 619.718
||eta|| = 0.278152
||yp|| = 681.971
||yphi|| = 0.261011
||BtYp|| = 4.44732
||ru|| = 4.44807
||yu|| = 191.65
||GtYphi|| = 1.56457
||KtYu|| = 15.1562
||rj|| = 15.9401
||yj|| = 0.9468
||rphi|| = 0.00193423
||rp|| = 0.113892
||y|| = 708.389
   Pass :  1   Iteration : 137  || r || = 0.361502
||yp|| = 515.251
||xi|| = 468.12
||eta|| = 0.396982
||yp|| = 515.251
||yphi|| = 0.200039
||BtYp|| = 3.27983
||ru|| = 3.2811
||yu|| = 146.696
||GtYphi|| = 1.72383
||KtYu|| = 11.835
||rj|| = 12.6089
||yj|| = 0.745867
||rphi|| = 0.00168635
||rp|| = 0.0875278
||y|| = 535.728
   Pass :  1   Iteration : 138  || r || = 0.345354
||yp|| = 538.692
||xi|| = 489.445
||eta|| = 0.430282
||yp|| = 538.692
||yphi|| = 0.166777
||BtYp|| = 3.06997
||ru|| = 3.07074
||yu|| = 150.051
||GtYphi|| = 1.63812
||KtYu|| = 13.3309
||rj|| = 14.0997
||yj|| = 0.885003
||rphi|| = 0.00138767
||rp|| = 0.0850958
||y|| = 559.2
   Pass :  1   Iteration : 139  || r || = 0.32496
||yp|| = 547.687
||xi|| = 497.553
||eta|| = 0.331625
||yp|| = 547.687
||yphi|| = 0.204951
||BtYp|| = 2.90472
||ru|| = 2.90608
||yu|| = 160.163
||GtYphi|| = 1.92501
||KtYu|| = 13.6231
||rj|| = 14.4547
||yj|| = 0.907613
||rphi|| = 0.00171226
||rp|| = 0.0886786
||y|| = 570.626
   Pass :  1   Iteration : 140  || r || = 0.292126
||yp|| = 428.01
||xi|| = 388.832
||eta|| = 0.333093
||yp|| = 428.01
||yphi|| = 0.240015
||BtYp|| = 2.50165
||ru|| = 2.50297
||yu|| = 133.256
||GtYphi|| = 1.66977
||KtYu|| = 13.3055
||rj|| = 14.0211
||yj|| = 0.936307
||rphi|| = 0.00221999
||rp|| = 0.0744467
||y|| = 448.275
   Pass :  1   Iteration : 141  || r || = 0.272114
||yp|| = 487.554
||xi|| = 443.028
||eta|| = 0.276367
||yp|| = 487.554
||yphi|| = 0.155698
||BtYp|| = 2.83502
||ru|| = 2.83552
||yu|| = 131.12
||GtYphi|| = 1.47226
||KtYu|| = 12.7713
||rj|| = 13.5651
||yj|| = 0.830575
||rphi|| = 0.00118034
||rp|| = 0.074475
||y|| = 504.878
   Pass :  1   Iteration : 142  || r || = 0.261047
||yp|| = 452.803
||xi|| = 411.401
||eta|| = 0.273647
||yp|| = 452.803
||yphi|| = 0.422248
||BtYp|| = 2.56168
||ru|| = 2.56296
||yu|| = 121.238
||GtYphi|| = 2.08582
||KtYu|| = 12.5756
||rj|| = 13.4379
||yj|| = 0.804527
||rphi|| = 0.00320309
||rp|| = 0.0672569
||y|| = 468.753
   Pass :  1   Iteration : 143  || r || = 0.255389
||yp|| = 425.033
||xi|| = 386.106
||eta|| = 0.365307
||yp|| = 425.033
||yphi|| = 0.393795
||BtYp|| = 2.46174
||ru|| = 2.46288
||yu|| = 128.258
||GtYphi|| = 1.99798
||KtYu|| = 13.3581
||rj|| = 14.1505
||yj|| = 0.894301
||rphi|| = 0.00284088
||rp|| = 0.0692936
||y|| = 443.964
   Pass :  1   Iteration : 144  || r || = 0.25342
||yp|| = 580.775
||xi|| = 527.741
||eta|| = 0.356564
||yp|| = 580.775
||yphi|| = 0.528314
||BtYp|| = 3.45327
||ru|| = 3.45391
||yu|| = 159.558
||GtYphi|| = 2.30015
||KtYu|| = 13.4414
||rj|| = 14.2714
||yj|| = 0.864355
||rphi|| = 0.00410319
||rp|| = 0.088731
||y|| = 602.295
   Pass :  1   Iteration : 145  || r || = 0.252793
||yp|| = 622.761
||xi|| = 565.83
||eta|| = 0.339358
||yp|| = 622.761
||yphi|| = 0.419366
||BtYp|| = 3.62834
||ru|| = 3.62897
||yu|| = 172.047
||GtYphi|| = 2.01805
||KtYu|| = 15.1056
||rj|| = 15.8509
||yj|| = 1.01221
||rphi|| = 0.00310241
||rp|| = 0.0924012
||y|| = 646.09
   Pass :  1   Iteration : 146  || r || = 0.251847
||yp|| = 468.68
||xi|| = 425.809
||eta|| = 0.322316
||yp|| = 468.68
||yphi|| = 0.224129
||BtYp|| = 2.67615
||ru|| = 2.67652
||yu|| = 132.474
||GtYphi|| = 1.91752
||KtYu|| = 12.785
||rj|| = 13.6131
||yj|| = 0.859042
||rphi|| = 0.00216338
||rp|| = 0.0724771
||y|| = 487.043
   Pass :  1   Iteration : 147  || r || = 0.251581
||yp|| = 519.355
||xi|| = 471.868
||eta|| = 0.45283
||yp|| = 519.355
||yphi|| = 0.220301
||BtYp|| = 3.16246
||ru|| = 3.16402
||yu|| = 155.162
||GtYphi|| = 1.95707
||KtYu|| = 14.1417
||rj|| = 14.893
||yj|| = 0.907978
||rphi|| = 0.00184396
||rp|| = 0.0872261
||y|| = 542.039
   Pass :  1   Iteration : 148  || r || = 0.251422
||yp|| = 540.053
||xi|| = 490.665
||eta|| = 0.292255
||yp|| = 540.053
||yphi|| = 0.158988
||BtYp|| = 3.02356
||ru|| = 3.02409
||yu|| = 146.482
||GtYphi|| = 1.50323
||KtYu|| = 13.8249
||rj|| = 14.6198
||yj|| = 0.94911
||rphi|| = 0.00129308
||rp|| = 0.077448
||y|| = 559.567
   Pass :  1   Iteration : 149  || r || = 0.251263
||yp|| = 438.722
||xi|| = 398.601
||eta|| = 0.2987
||yp|| = 438.722
||yphi|| = 0.15975
||BtYp|| = 2.34824
||ru|| = 2.34948
||yu|| = 120.273
||GtYphi|| = 1.58528
||KtYu|| = 11.6779
||rj|| = 12.354
||yj|| = 0.772045
||rphi|| = 0.00121535
||rp|| = 0.0683561
||y|| = 454.911
   Pass :  1   Iteration : 150  || r || = 0.251167
||yp|| = 513.872
||xi|| = 466.876
||eta|| = 0.280434
||yp|| = 513.872
||yphi|| = 0.332899
||BtYp|| = 2.80604
||ru|| = 2.80711
||yu|| = 145.306
||GtYphi|| = 2.05164
||KtYu|| = 14.0717
||rj|| = 14.9681
||yj|| = 0.909484
||rphi|| = 0.00249942
||rp|| = 0.0778021
||y|| = 534.022
   Pass :  1   Iteration : 151  || r || = 0.251038
||yp|| = 522.15
||xi|| = 474.422
||eta|| = 0.317276
||yp|| = 522.15
||yphi|| = 0.186897
||BtYp|| = 2.73653
||ru|| = 2.73771
||yu|| = 142.97
||GtYphi|| = 1.95064
||KtYu|| = 13.4156
||rj|| = 14.2288
||yj|| = 0.881238
||rphi|| = 0.00154033
||rp|| = 0.075762
||y|| = 541.37
   Pass :  1   Iteration : 152  || r || = 0.25096
||yp|| = 539.195
||xi|| = 489.92
||eta|| = 0.293423
||yp|| = 539.195
||yphi|| = 0.238604
||BtYp|| = 3.18038
||ru|| = 3.18167
||yu|| = 145.686
||GtYphi|| = 2.00666
||KtYu|| = 13.3296
||rj|| = 14.2032
||yj|| = 0.811824
||rphi|| = 0.00186826
||rp|| = 0.0849694
||y|| = 558.531
   Pass :  1   Iteration : 153  || r || = 0.250804
||yp|| = 539.904
||xi|| = 490.548
||eta|| = 0.329956
||yp|| = 539.904
||yphi|| = 0.307499
||BtYp|| = 2.95004
||ru|| = 2.9516
||yu|| = 153.263
||GtYphi|| = 1.8809
||KtYu|| = 13.588
||rj|| = 14.3693
||yj|| = 0.894047
||rphi|| = 0.00239328
||rp|| = 0.079952
||y|| = 561.237
   Pass :  1   Iteration : 154  || r || = 0.250385
||yp|| = 518.226
||xi|| = 470.872
||eta|| = 0.280624
||yp|| = 518.226
||yphi|| = 0.305243
||BtYp|| = 3.20782
||ru|| = 3.20868
||yu|| = 147.488
||GtYphi|| = 1.81592
||KtYu|| = 13.1129
||rj|| = 13.9656
||yj|| = 0.846183
||rphi|| = 0.00226614
||rp|| = 0.086006
||y|| = 538.806
   Pass :  1   Iteration : 155  || r || = 0.249313
||yp|| = 552.764
||xi|| = 502.186
||eta|| = 0.34865
||yp|| = 552.764
||yphi|| = 0.251547
||BtYp|| = 2.96505
||ru|| = 2.96667
||yu|| = 153.382
||GtYphi|| = 1.76655
||KtYu|| = 13.3176
||rj|| = 14.1213
||yj|| = 0.812425
||rphi|| = 0.00183969
||rp|| = 0.0837367
||y|| = 573.651
   Pass :  1   Iteration : 156  || r || = 0.24694
||yp|| = 529.901
||xi|| = 481.471
||eta|| = 0.332627
||yp|| = 529.901
||yphi|| = 0.193951
||BtYp|| = 3.29706
||ru|| = 3.29741
||yu|| = 154.293
||GtYphi|| = 1.8239
||KtYu|| = 13.2961
||rj|| = 14.0964
||yj|| = 0.864616
||rphi|| = 0.00140979
||rp|| = 0.089064
||y|| = 551.908
   Pass :  1   Iteration : 157  || r || = 0.241616
||yp|| = 520.481
||xi|| = 472.897
||eta|| = 0.340439
||yp|| = 520.481
||yphi|| = 0.220035
||BtYp|| = 2.86659
||ru|| = 2.86742
||yu|| = 146.682
||GtYphi|| = 1.82157
||KtYu|| = 12.6794
||rj|| = 13.4464
||yj|| = 0.802563
||rphi|| = 0.00158148
||rp|| = 0.0783203
||y|| = 540.756
   Pass :  1   Iteration : 158  || r || = 0.234294
||yp|| = 507.679
||xi|| = 461.271
||eta|| = 0.248292
||yp|| = 507.679
||yphi|| = 0.17985
||BtYp|| = 2.96059
||ru|| = 2.96154
||yu|| = 145.242
||GtYphi|| = 1.56364
||KtYu|| = 13.0292
||rj|| = 13.8734
||yj|| = 0.837504
||rphi|| = 0.00150624
||rp|| = 0.081656
||y|| = 528.047
   Pass :  1   Iteration : 159  || r || = 0.224842
||yp|| = 450.89
||xi|| = 409.661
||eta|| = 0.372682
||yp|| = 450.89
||yphi|| = 0.244977
||BtYp|| = 2.52078
||ru|| = 2.52164
||yu|| = 128.503
||GtYphi|| = 1.87112
||KtYu|| = 12.9151
||rj|| = 13.7307
||yj|| = 0.857366
||rphi|| = 0.00217461
||rp|| = 0.0709718
||y|| = 468.845
   Pass :  1   Iteration : 160  || r || = 0.213021
||yp|| = 472.719
||xi|| = 429.525
||eta|| = 0.307646
||yp|| = 472.719
||yphi|| = 0.203113
||BtYp|| = 2.72188
||ru|| = 2.72231
||yu|| = 132.59
||GtYphi|| = 1.74639
||KtYu|| = 12.8281
||rj|| = 13.6679
||yj|| = 0.798821
||rphi|| = 0.00168069
||rp|| = 0.0706382
||y|| = 490.963
   Pass :  1   Iteration : 161  || r || = 0.199505
||yp|| = 470.55
||xi|| = 427.529
||eta|| = 0.290512
||yp|| = 470.55
||yphi|| = 0.241163
||BtYp|| = 2.65867
||ru|| = 2.65937
||yu|| = 131.031
||GtYphi|| = 1.71713
||KtYu|| = 11.6592
||rj|| = 12.4027
||yj|| = 0.774792
||rphi|| = 0.00186583
||rp|| = 0.0714971
||y|| = 488.454
   Pass :  1   Iteration : 162  || r || = 0.192764
||yp|| = 532.995
||xi|| = 484.273
||eta|| = 0.319803
||yp|| = 532.995
||yphi|| = 0.249813
||BtYp|| = 3.18766
||ru|| = 3.18881
||yu|| = 154.05
||GtYphi|| = 1.65009
||KtYu|| = 14.2381
||rj|| = 15.0749
||yj|| = 0.946448
||rphi|| = 0.00195943
||rp|| = 0.0860122
||y|| = 554.811
   Pass :  1   Iteration : 163  || r || = 0.187338
||yp|| = 484.882
||xi|| = 440.55
||eta|| = 0.365559
||yp|| = 484.882
||yphi|| = 0.264472
||BtYp|| = 2.57267
||ru|| = 2.57359
||yu|| = 129.079
||GtYphi|| = 2.10337
||KtYu|| = 11.8472
||rj|| = 12.6617
||yj|| = 0.702421
||rphi|| = 0.00203302
||rp|| = 0.0700542
||y|| = 501.769
   Pass :  1   Iteration : 164  || r || = 0.184156
||yp|| = 528.015
||xi|| = 479.766
||eta|| = 0.263398
||yp|| = 528.015
||yphi|| = 0.194981
||BtYp|| = 3.0174
||ru|| = 3.01849
||yu|| = 141.798
||GtYphi|| = 1.78202
||KtYu|| = 12.8595
||rj|| = 13.6591
||yj|| = 0.817064
||rphi|| = 0.00169105
||rp|| = 0.0789368
||y|| = 546.724
   Pass :  1   Iteration : 165  || r || = 0.182423
||yp|| = 538.593
||xi|| = 489.347
||eta|| = 0.340074
||yp|| = 538.593
||yphi|| = 0.185335
||BtYp|| = 3.17456
||ru|| = 3.17541
||yu|| = 156.951
||GtYphi|| = 1.76305
||KtYu|| = 14.0609
||rj|| = 14.9145
||yj|| = 0.872073
||rphi|| = 0.00154368
||rp|| = 0.0881894
||y|| = 560.996
   Pass :  1   Iteration : 166  || r || = 0.181447
||yp|| = 489.846
||xi|| = 445.05
||eta|| = 0.321036
||yp|| = 489.846
||yphi|| = 0.194689
||BtYp|| = 2.61683
||ru|| = 2.61736
||yu|| = 134.391
||GtYphi|| = 1.91283
||KtYu|| = 12.4031
||rj|| = 13.2426
||yj|| = 0.735104
||rphi|| = 0.0015829
||rp|| = 0.0725911
||y|| = 507.948
   Pass :  1   Iteration : 167  || r || = 0.181125
||yp|| = 458.925
||xi|| = 416.927
||eta|| = 0.37735
||yp|| = 458.925
||yphi|| = 0.175682
||BtYp|| = 2.76616
||ru|| = 2.76712
||yu|| = 137.897
||GtYphi|| = 1.58498
||KtYu|| = 13.3894
||rj|| = 14.2198
||yj|| = 0.871053
||rphi|| = 0.00135336
||rp|| = 0.0784708
||y|| = 479.196
   Pass :  1   Iteration : 168  || r || = 0.181021
||yp|| = 444.494
||xi|| = 403.853
||eta|| = 0.362433
||yp|| = 444.494
||yphi|| = 0.335987
||BtYp|| = 2.44208
||ru|| = 2.44281
||yu|| = 126.601
||GtYphi|| = 2.19052
||KtYu|| = 12.6298
||rj|| = 13.4233
||yj|| = 0.785272
||rphi|| = 0.00247721
||rp|| = 0.0696797
||y|| = 462.172
   Pass :  1   Iteration : 169  || r || = 0.180992
||yp|| = 576.48
||xi|| = 523.773
||eta|| = 0.296899
||yp|| = 576.48
||yphi|| = 0.327678
||BtYp|| = 3.6251
||ru|| = 3.62564
||yu|| = 162.635
||GtYphi|| = 1.99979
||KtYu|| = 13.2366
||rj|| = 14.1049
||yj|| = 0.796536
||rphi|| = 0.00253827
||rp|| = 0.0962194
||y|| = 598.982
   Pass :  1   Iteration : 170  || r || = 0.180976
||yp|| = 594.075
||xi|| = 539.766
||eta|| = 0.351384
||yp|| = 594.075
||yphi|| = 0.230435
||BtYp|| = 3.47996
||ru|| = 3.48104
||yu|| = 168.527
||GtYphi|| = 1.77531
||KtYu|| = 14.8142
||rj|| = 15.6365
||yj|| = 0.962363
||rphi|| = 0.00190307
||rp|| = 0.0959761
||y|| = 617.517
   Pass :  1   Iteration : 171  || r || = 0.180973
||yp|| = 495.777
||xi|| = 450.42
||eta|| = 0.413773
||yp|| = 495.777
||yphi|| = 0.239401
||BtYp|| = 2.94623
||ru|| = 2.94702
||yu|| = 137.214
||GtYphi|| = 1.96276
||KtYu|| = 13.1874
||rj|| = 13.99
||yj|| = 0.808225
||rphi|| = 0.00184928
||rp|| = 0.0761107
||y|| = 514.415
   Pass :  1   Iteration : 172  || r || = 0.180973
||yp|| = 545.783
||xi|| = 495.923
||eta|| = 0.387104
||yp|| = 545.783
||yphi|| = 0.371716
||BtYp|| = 3.02535
||ru|| = 3.02632
||yu|| = 147.322
||GtYphi|| = 1.98028
||KtYu|| = 13.11
||rj|| = 13.9344
||yj|| = 0.801335
||rphi|| = 0.00281163
||rp|| = 0.0807096
||y|| = 565.317
   Pass :  1   Iteration : 173  || r || = 0.180959
||yp|| = 556.73
||xi|| = 505.881
||eta|| = 0.259881
||yp|| = 556.73
||yphi|| = 0.369941
||BtYp|| = 3.42518
||ru|| = 3.42661
||yu|| = 153.583
||GtYphi|| = 1.94126
||KtYu|| = 14.3345
||rj|| = 15.1798
||yj|| = 0.952731
||rphi|| = 0.00288898
||rp|| = 0.0903363
||y|| = 577.527
   Pass :  1   Iteration : 174  || r || = 0.180872
||yp|| = 535.044
||xi|| = 486.094
||eta|| = 0.368326
||yp|| = 535.044
||yphi|| = 0.289973
||BtYp|| = 3.13242
||ru|| = 3.13365
||yu|| = 147.51
||GtYphi|| = 2.0591
||KtYu|| = 13.0372
||rj|| = 13.9052
||yj|| = 0.788336
||rphi|| = 0.00222647
||rp|| = 0.0831122
||y|| = 555.007
   Pass :  1   Iteration : 175  || r || = 0.18039
||yp|| = 614.975
||xi|| = 558.786
||eta|| = 0.513725
||yp|| = 614.975
||yphi|| = 0.332166
||BtYp|| = 3.60037
||ru|| = 3.6007
||yu|| = 180.592
||GtYphi|| = 1.88398
||KtYu|| = 15.6707
||rj|| = 16.4167
||yj|| = 0.98966
||rphi|| = 0.0024351
||rp|| = 0.0981516
||y|| = 640.944
   Pass :  1   Iteration : 176  || r || = 0.17935
||yp|| = 529.279
||xi|| = 480.898
||eta|| = 0.317855
||yp|| = 529.279
||yphi|| = 0.258678
||BtYp|| = 3.18028
||ru|| = 3.18145
||yu|| = 151.324
||GtYphi|| = 1.79489
||KtYu|| = 13.2681
||rj|| = 14.0505
||yj|| = 0.871504
||rphi|| = 0.00186946
||rp|| = 0.0843962
||y|| = 550.487
   Pass :  1   Iteration : 177  || r || = 0.177554
||yp|| = 573.895
||xi|| = 521.456
||eta|| = 0.297549
||yp|| = 573.895
||yphi|| = 0.202259
||BtYp|| = 3.44416
||ru|| = 3.44508
||yu|| = 162.745
||GtYphi|| = 1.90852
||KtYu|| = 13.5714
||rj|| = 14.4542
||yj|| = 0.807233
||rphi|| = 0.00154053
||rp|| = 0.0917836
||y|| = 596.526
   Pass :  1   Iteration : 178  || r || = 0.173132
||yp|| = 662.593
||xi|| = 602.098
||eta|| = 0.294534
||yp|| = 662.593
||yphi|| = 0.217124
||BtYp|| = 4.13252
||ru|| = 4.13366
||yu|| = 186.475
||GtYphi|| = 1.88047
||KtYu|| = 14.4025
||rj|| = 15.1808
||yj|| = 0.90143
||rphi|| = 0.00179018
||rp|| = 0.10394
||y|| = 688.334
   Pass :  1   Iteration : 179  || r || = 0.16567
||yp|| = 527.306
||xi|| = 479.094
||eta|| = 0.314652
||yp|| = 527.306
||yphi|| = 0.234385
||BtYp|| = 3.03618
||ru|| = 3.03697
||yu|| = 150.382
||GtYphi|| = 1.84094
||KtYu|| = 12.6153
||rj|| = 13.3694
||yj|| = 0.80624
||rphi|| = 0.00205951
||rp|| = 0.0804409
||y|| = 548.331
   Pass :  1   Iteration : 180  || r || = 0.158036
||yp|| = 543.691
||xi|| = 494.03
||eta|| = 0.367448
||yp|| = 543.691
||yphi|| = 0.30314
||BtYp|| = 3.00991
||ru|| = 3.01134
||yu|| = 153.007
||GtYphi|| = 2.07994
||KtYu|| = 13.9887
||rj|| = 14.8878
||yj|| = 0.847626
||rphi|| = 0.00261411
||rp|| = 0.0820043
||y|| = 564.812
   Pass :  1   Iteration : 181  || r || = 0.151819
||yp|| = 477.121
||xi|| = 433.486
||eta|| = 0.346977
||yp|| = 477.121
||yphi|| = 0.398046
||BtYp|| = 2.83313
||ru|| = 2.83434
||yu|| = 146.663
||GtYphi|| = 2.01731
||KtYu|| = 13.4496
||rj|| = 14.2306
||yj|| = 0.88817
||rphi|| = 0.00320194
||rp|| = 0.0816453
||y|| = 499.155
   Pass :  1   Iteration : 182  || r || = 0.147439
||yp|| = 512.623
||xi|| = 465.735
||eta|| = 0.329799
||yp|| = 512.623
||yphi|| = 0.29395
||BtYp|| = 2.78794
||ru|| = 2.78908
||yu|| = 139.269
||GtYphi|| = 2.02128
||KtYu|| = 13.4016
||rj|| = 14.3121
||yj|| = 0.849065
||rphi|| = 0.00265141
||rp|| = 0.0766206
||y|| = 531.205
   Pass :  1   Iteration : 183  || r || = 0.14536
||yp|| = 494.477
||xi|| = 449.305
||eta|| = 0.357933
||yp|| = 494.477
||yphi|| = 0.18261
||BtYp|| = 2.76751
||ru|| = 2.76835
||yu|| = 142.131
||GtYphi|| = 1.9877
||KtYu|| = 12.3435
||rj|| = 13.1395
||yj|| = 0.800088
||rphi|| = 0.00136389
||rp|| = 0.0795749
||y|| = 514.5
   Pass :  1   Iteration : 184  || r || = 0.144601
||yp|| = 470.701
||xi|| = 427.646
||eta|| = 0.311278
||yp|| = 470.701
||yphi|| = 0.199769
||BtYp|| = 2.85899
||ru|| = 2.86058
||yu|| = 142.635
||GtYphi|| = 1.81498
||KtYu|| = 13.9938
||rj|| = 14.8742
||yj|| = 0.905706
||rphi|| = 0.00170387
||rp|| = 0.0834953
||y|| = 491.838
   Pass :  1   Iteration : 185  || r || = 0.144156
||yp|| = 532.28
||xi|| = 483.541
||eta|| = 0.46461
||yp|| = 532.28
||yphi|| = 0.25815
||BtYp|| = 2.81289
||ru|| = 2.81344
||yu|| = 142.337
||GtYphi|| = 2.15908
||KtYu|| = 12.8114
||rj|| = 13.6121
||yj|| = 0.760799
||rphi|| = 0.00191433
||rp|| = 0.0748951
||y|| = 550.983
   Pass :  1   Iteration : 186  || r || = 0.144028
||yp|| = 567.73
||xi|| = 515.817
||eta|| = 0.289787
||yp|| = 567.73
||yphi|| = 0.197354
||BtYp|| = 3.29548
||ru|| = 3.29687
||yu|| = 166.096
||GtYphi|| = 1.81885
||KtYu|| = 13.788
||rj|| = 14.5996
||yj|| = 0.950952
||rphi|| = 0.00176709
||rp|| = 0.0932914
||y|| = 591.529
   Pass :  1   Iteration : 187  || r || = 0.143969
||yp|| = 447.542
||xi|| = 406.556
||eta|| = 0.33633
||yp|| = 447.542
||yphi|| = 0.247143
||BtYp|| = 2.44999
||ru|| = 2.45079
||yu|| = 140.22
||GtYphi|| = 1.95057
||KtYu|| = 14.0617
||rj|| = 14.8856
||yj|| = 0.916441
||rphi|| = 0.00213027
||rp|| = 0.0758246
||y|| = 468.996
   Pass :  1   Iteration : 188  || r || = 0.143913
||yp|| = 456.136
||xi|| = 414.393
||eta|| = 0.404349
||yp|| = 456.136
||yphi|| = 0.230527
||BtYp|| = 2.26873
||ru|| = 2.27007
||yu|| = 114.163
||GtYphi|| = 1.90748
||KtYu|| = 11.5909
||rj|| = 12.2699
||yj|| = 0.717164
||rphi|| = 0.00180487
||rp|| = 0.0615292
||y|| = 470.206
   Pass :  1   Iteration : 189  || r || = 0.143883
||yp|| = 529.788
||xi|| = 481.36
||eta|| = 0.381103
||yp|| = 529.788
||yphi|| = 0.207888
||BtYp|| = 3.00585
||ru|| = 3.00745
||yu|| = 152.679
||GtYphi|| = 1.55294
||KtYu|| = 15.5452
||rj|| = 16.4136
||yj|| = 1.04902
||rphi|| = 0.00154399
||rp|| = 0.0852181
||y|| = 551.35
   Pass :  1   Iteration : 190  || r || = 0.143872
||yp|| = 471.417
||xi|| = 428.263
||eta|| = 0.418292
||yp|| = 471.417
||yphi|| = 0.323653
||BtYp|| = 2.49734
||ru|| = 2.49839
||yu|| = 125.555
||GtYphi|| = 2.15092
||KtYu|| = 12.1631
||rj|| = 12.8996
||yj|| = 0.796348
||rphi|| = 0.00241529
||rp|| = 0.0703608
||y|| = 487.851
   Pass :  1   Iteration : 191  || r || = 0.143851
||yp|| = 459.192
||xi|| = 417.08
||eta|| = 0.528351
||yp|| = 459.192
||yphi|| = 0.366657
||BtYp|| = 2.38995
||ru|| = 2.39142
||yu|| = 132.195
||GtYphi|| = 2.23234
||KtYu|| = 14.2116
||rj|| = 15.0852
||yj|| = 0.8906
||rphi|| = 0.0032235
||rp|| = 0.0703706
||y|| = 477.842
   Pass :  1   Iteration : 192  || r || = 0.143823
||yp|| = 451.055
||xi|| = 409.797
||eta|| = 0.305
||yp|| = 451.055
||yphi|| = 0.394836
||BtYp|| = 2.53982
||ru|| = 2.54166
||yu|| = 128.142
||GtYphi|| = 2.03339
||KtYu|| = 13.7108
||rj|| = 14.5847
||yj|| = 0.947673
||rphi|| = 0.00353035
||rp|| = 0.0744604
||y|| = 468.905
   Pass :  1   Iteration : 193  || r || = 0.143734
||yp|| = 441.949
||xi|| = 401.525
||eta|| = 0.292169
||yp|| = 441.949
||yphi|| = 0.353034
||BtYp|| = 2.57538
||ru|| = 2.57693
||yu|| = 121.768
||GtYphi|| = 2.28659
||KtYu|| = 12.4564
||rj|| = 13.3698
||yj|| = 0.820175
||rphi|| = 0.00311188
||rp|| = 0.068624
||y|| = 458.418
   Pass :  1   Iteration : 194  || r || = 0.143591
||yp|| = 465.256
||xi|| = 422.691
||eta|| = 0.341381
||yp|| = 465.256
||yphi|| = 0.271843
||BtYp|| = 2.48381
||ru|| = 2.48527
||yu|| = 123.463
||GtYphi|| = 2.10541
||KtYu|| = 13.5115
||rj|| = 14.4027
||yj|| = 0.81048
||rphi|| = 0.00214891
||rp|| = 0.0699572
||y|| = 481.359
   Pass :  1   Iteration : 195  || r || = 0.143294
||yp|| = 546.864
||xi|| = 496.855
||eta|| = 0.387675
||yp|| = 546.864
||yphi|| = 0.201986
||BtYp|| = 3.10217
||ru|| = 3.10319
||yu|| = 148.746
||GtYphi|| = 1.79445
||KtYu|| = 14.3919
||rj|| = 15.1902
||yj|| = 0.923308
||rphi|| = 0.00168149
||rp|| = 0.0847174
||y|| = 566.733
   Pass :  1   Iteration : 196  || r || = 0.14259
||yp|| = 495.014
||xi|| = 449.741
||eta|| = 0.338566
||yp|| = 495.014
||yphi|| = 0.305111
||BtYp|| = 2.69515
||ru|| = 2.69605
||yu|| = 137.727
||GtYphi|| = 2.2163
||KtYu|| = 13.2819
||rj|| = 14.1372
||yj|| = 0.813619
||rphi|| = 0.00259684
||rp|| = 0.0740998
||y|| = 513.817
   Pass :  1   Iteration : 197  || r || = 0.140817
||yp|| = 480.556
||xi|| = 436.607
||eta|| = 0.392258
||yp|| = 480.556
||yphi|| = 0.276448
||BtYp|| = 2.4764
||ru|| = 2.47777
||yu|| = 123.709
||GtYphi|| = 1.92331
||KtYu|| = 12.7017
||rj|| = 13.5016
||yj|| = 0.813883
||rphi|| = 0.0025776
||rp|| = 0.0682885
||y|| = 496.225
   Pass :  1   Iteration : 198  || r || = 0.138037
||yp|| = 480.298
||xi|| = 436.385
||eta|| = 0.322093
||yp|| = 480.298
||yphi|| = 0.221352
||BtYp|| = 2.73496
||ru|| = 2.73607
||yu|| = 132.515
||GtYphi|| = 1.74107
||KtYu|| = 13.591
||rj|| = 14.4088
||yj|| = 0.908685
||rphi|| = 0.00193708
||rp|| = 0.0747538
||y|| = 498.244
   Pass :  1   Iteration : 199  || r || = 0.134311
||yp|| = 498.066
||xi|| = 452.503
||eta|| = 0.31333
||yp|| = 498.066
||yphi|| = 0.276803
||BtYp|| = 2.51133
||ru|| = 2.51218
||yu|| = 133.457
||GtYphi|| = 1.94266
||KtYu|| = 12.147
||rj|| = 12.9558
||yj|| = 0.758778
||rphi|| = 0.00216217
||rp|| = 0.0700612
||y|| = 515.636
   Pass :  1   Iteration : 200  || r || = 0.129683
||yp|| = 501.039
||xi|| = 455.177
||eta|| = 0.335966
||yp|| = 501.039
||yphi|| = 0.297324
||BtYp|| = 2.6781
||ru|| = 2.67868
||yu|| = 142.987
||GtYphi|| = 1.78601
||KtYu|| = 13.5641
||rj|| = 14.3831
||yj|| = 0.854111
||rphi|| = 0.00262085
||rp|| = 0.077
||y|| = 521.043
   Pass :  1   Iteration : 201  || r || = 0.124669
||yp|| = 538.679
||xi|| = 489.435
||eta|| = 0.2956
||yp|| = 538.679
||yphi|| = 0.233994
||BtYp|| = 3.07402
||ru|| = 3.07539
||yu|| = 142.435
||GtYphi|| = 1.89476
||KtYu|| = 13.9225
||rj|| = 14.7823
||yj|| = 0.899613
||rphi|| = 0.00190274
||rp|| = 0.0797336
||y|| = 557.193
   Pass :  1   Iteration : 202  || r || = 0.120921
||yp|| = 486.848
||xi|| = 442.308
||eta|| = 0.480837
||yp|| = 486.848
||yphi|| = 0.275291
||BtYp|| = 2.79351
||ru|| = 2.79448
||yu|| = 136.85
||GtYphi|| = 1.93079
||KtYu|| = 13.0461
||rj|| = 13.8125
||yj|| = 0.820942
||rphi|| = 0.00212178
||rp|| = 0.0748558
||y|| = 505.716
   Pass :  1   Iteration : 203  || r || = 0.119047
||yp|| = 446.437
||xi|| = 405.61
||eta|| = 0.370287
||yp|| = 446.437
||yphi|| = 0.170873
||BtYp|| = 2.43621
||ru|| = 2.43759
||yu|| = 125.445
||GtYphi|| = 1.7866
||KtYu|| = 13.0672
||rj|| = 13.9251
||yj|| = 0.865293
||rphi|| = 0.00139264
||rp|| = 0.0674835
||y|| = 463.727
   Pass :  1   Iteration : 204  || r || = 0.117935
||yp|| = 486.213
||xi|| = 441.691
||eta|| = 0.370678
||yp|| = 486.213
||yphi|| = 0.188789
||BtYp|| = 2.66792
||ru|| = 2.66939
||yu|| = 149.487
||GtYphi|| = 1.61526
||KtYu|| = 13.836
||rj|| = 14.609
||yj|| = 0.927987
||rphi|| = 0.00162456
||rp|| = 0.0819166
||y|| = 508.675
   Pass :  1   Iteration : 205  || r || = 0.117335
||yp|| = 485.428
||xi|| = 440.994
||eta|| = 0.373214
||yp|| = 485.428
||yphi|| = 0.244312
||BtYp|| = 2.51341
||ru|| = 2.51386
||yu|| = 133.981
||GtYphi|| = 1.99614
||KtYu|| = 12.3684
||rj|| = 13.1681
||yj|| = 0.761114
||rphi|| = 0.0024339
||rp|| = 0.0696027
||y|| = 503.579
   Pass :  1   Iteration : 206  || r || = 0.117126
||yp|| = 553.644
||xi|| = 503.038
||eta|| = 0.282644
||yp|| = 553.644
||yphi|| = 0.207737
||BtYp|| = 3.00935
||ru|| = 3.0106
||yu|| = 154.111
||GtYphi|| = 1.8116
||KtYu|| = 13.5121
||rj|| = 14.3521
||yj|| = 0.854054
||rphi|| = 0.00179122
||rp|| = 0.0843205
||y|| = 574.693
   Pass :  1   Iteration : 207  || r || = 0.117032
||yp|| = 548.171
||xi|| = 498.054
||eta|| = 0.350073
||yp|| = 548.171
||yphi|| = 0.255883
||BtYp|| = 2.89546
||ru|| = 2.8967
||yu|| = 147.698
||GtYphi|| = 1.97461
||KtYu|| = 13.5414
||rj|| = 14.3911
||yj|| = 0.843257
||rphi|| = 0.00215775
||rp|| = 0.0807747
||y|| = 567.721
   Pass :  1   Iteration : 208  || r || = 0.116982
||yp|| = 480.667
||xi|| = 436.719
||eta|| = 0.340808
||yp|| = 480.667
||yphi|| = 0.21973
||BtYp|| = 2.6265
||ru|| = 2.62713
||yu|| = 128.889
||GtYphi|| = 2.03377
||KtYu|| = 12.5794
||rj|| = 13.4007
||yj|| = 0.802185
||rphi|| = 0.00212229
||rp|| = 0.0707002
||y|| = 497.649
   Pass :  1   Iteration : 209  || r || = 0.116944
||yp|| = 451.698
||xi|| = 410.32
||eta|| = 0.430352
||yp|| = 451.698
||yphi|| = 0.38276
||BtYp|| = 2.37823
||ru|| = 2.37989
||yu|| = 134.397
||GtYphi|| = 2.01947
||KtYu|| = 13.5785
||rj|| = 14.3961
||yj|| = 0.933813
||rphi|| = 0.00358564
||rp|| = 0.0715564
||y|| = 471.269
   Pass :  1   Iteration : 210  || r || = 0.116938
||yp|| = 502.165
||xi|| = 456.247
||eta|| = 0.31759
||yp|| = 502.165
||yphi|| = 0.25368
||BtYp|| = 2.66302
||ru|| = 2.6639
||yu|| = 133.622
||GtYphi|| = 2.10502
||KtYu|| = 12.7916
||rj|| = 13.6308
||yj|| = 0.799535
||rphi|| = 0.00231215
||rp|| = 0.0730953
||y|| = 519.639
   Pass :  1   Iteration : 211  || r || = 0.116937
||yp|| = 530.903
||xi|| = 482.333
||eta|| = 0.431988
||yp|| = 530.903
||yphi|| = 0.150301
||BtYp|| = 2.90615
||ru|| = 2.90707
||yu|| = 157.634
||GtYphi|| = 1.61719
||KtYu|| = 15.4004
||rj|| = 16.1533
||yj|| = 0.966079
||rphi|| = 0.0011322
||rp|| = 0.0834631
||y|| = 553.812
   Pass :  1   Iteration : 212  || r || = 0.116916
||yp|| = 468.078
||xi|| = 425.272
||eta|| = 0.290108
||yp|| = 468.078
||yphi|| = 0.202685
||BtYp|| = 2.41492
||ru|| = 2.41641
||yu|| = 120.53
||GtYphi|| = 1.83693
||KtYu|| = 12.4568
||rj|| = 13.2489
||yj|| = 0.78074
||rphi|| = 0.00165449
||rp|| = 0.0623011
||y|| = 483.348
   Pass :  1   Iteration : 213  || r || = 0.116869
||yp|| = 481.598
||xi|| = 437.565
||eta|| = 0.373181
||yp|| = 481.598
||yphi|| = 0.201576
||BtYp|| = 2.66657
||ru|| = 2.66806
||yu|| = 132.227
||GtYphi|| = 2.01135
||KtYu|| = 13.3389
||rj|| = 14.1637
||yj|| = 0.808414
||rphi|| = 0.00160653
||rp|| = 0.0717737
||y|| = 499.421
   Pass :  1   Iteration : 214  || r || = 0.116693
||yp|| = 467.287
||xi|| = 424.55
||eta|| = 0.35199
||yp|| = 467.287
||yphi|| = 0.217199
||BtYp|| = 2.53026
||ru|| = 2.53234
||yu|| = 127.887
||GtYphi|| = 1.70885
||KtYu|| = 14.0772
||rj|| = 14.8986
||yj|| = 0.937826
||rphi|| = 0.00196777
||rp|| = 0.070201
||y|| = 484.472
   Pass :  1   Iteration : 215  || r || = 0.116215
||yp|| = 467.835
||xi|| = 425.064
||eta|| = 0.328154
||yp|| = 467.835
||yphi|| = 0.230616
||BtYp|| = 2.50698
||ru|| = 2.50894
||yu|| = 120.028
||GtYphi|| = 1.95243
||KtYu|| = 12.432
||rj|| = 13.2254
||yj|| = 0.800075
||rphi|| = 0.00171134
||rp|| = 0.0679612
||y|| = 482.987
   Pass :  1   Iteration : 216  || r || = 0.115569
||yp|| = 497.566
||xi|| = 452.071
||eta|| = 0.309949
||yp|| = 497.566
||yphi|| = 0.227201
||BtYp|| = 2.69334
||ru|| = 2.69453
||yu|| = 133.007
||GtYphi|| = 1.94955
||KtYu|| = 13.6224
||rj|| = 14.4828
||yj|| = 0.888635
||rphi|| = 0.00214963
||rp|| = 0.0727807
||y|| = 515.037
   Pass :  1   Iteration : 217  || r || = 0.114369
||yp|| = 495.817
||xi|| = 450.457
||eta|| = 0.343473
||yp|| = 495.817
||yphi|| = 0.279978
||BtYp|| = 2.63773
||ru|| = 2.63978
||yu|| = 134.846
||GtYphi|| = 2.04302
||KtYu|| = 13.5035
||rj|| = 14.3772
||yj|| = 0.864749
||rphi|| = 0.00274448
||rp|| = 0.0727693
||y|| = 513.827
   Pass :  1   Iteration : 218  || r || = 0.110915
||yp|| = 479.738
||xi|| = 435.867
||eta|| = 0.320833
||yp|| = 479.738
||yphi|| = 0.206206
||BtYp|| = 2.58993
||ru|| = 2.59152
||yu|| = 125.631
||GtYphi|| = 1.84568
||KtYu|| = 12.7447
||rj|| = 13.5889
||yj|| = 0.791331
||rphi|| = 0.00158685
||rp|| = 0.0706248
||y|| = 495.916
   Pass :  1   Iteration : 219  || r || = 0.10435
||yp|| = 459.76
||xi|| = 417.73
||eta|| = 0.343349
||yp|| = 459.76
||yphi|| = 0.232234
||BtYp|| = 2.56235
||ru|| = 2.56347
||yu|| = 126.503
||GtYphi|| = 1.77482
||KtYu|| = 13.5663
||rj|| = 14.3804
||yj|| = 0.861297
||rphi|| = 0.00174786
||rp|| = 0.0698475
||y|| = 476.847
   Pass :  1   Iteration : 220  || r || = 0.0982236
||yp|| = 513.991
||xi|| = 466.996
||eta|| = 0.301321
||yp|| = 513.991
||yphi|| = 0.212682
||BtYp|| = 2.82231
||ru|| = 2.82372
||yu|| = 140.888
||GtYphi|| = 1.48722
||KtYu|| = 13.4642
||rj|| = 14.2371
||yj|| = 0.844534
||rphi|| = 0.00179859
||rp|| = 0.0794654
||y|| = 532.951
   Pass :  1   Iteration : 221  || r || = 0.0935789
||yp|| = 518.961
||xi|| = 471.405
||eta|| = 0.526221
||yp|| = 518.961
||yphi|| = 0.205789
||BtYp|| = 2.63814
||ru|| = 2.6394
||yu|| = 154.393
||GtYphi|| = 1.91436
||KtYu|| = 12.8467
||rj|| = 13.6345
||yj|| = 0.84455
||rphi|| = 0.00162636
||rp|| = 0.0771507
||y|| = 541.441
   Pass :  1   Iteration : 222  || r || = 0.0916614
||yp|| = 561.839
||xi|| = 510.421
||eta|| = 0.438645
||yp|| = 561.839
||yphi|| = 0.272634
||BtYp|| = 2.83903
||ru|| = 2.84001
||yu|| = 160.965
||GtYphi|| = 1.85109
||KtYu|| = 14.3322
||rj|| = 15.095
||yj|| = 0.960148
||rphi|| = 0.00230388
||rp|| = 0.0842658
||y|| = 584.444
   Pass :  1   Iteration : 223  || r || = 0.0907032
||yp|| = 500.774
||xi|| = 454.956
||eta|| = 0.429417
||yp|| = 500.774
||yphi|| = 0.212542
||BtYp|| = 3.01862
||ru|| = 3.0203
||yu|| = 149.833
||GtYphi|| = 1.77708
||KtYu|| = 13.6029
||rj|| = 14.3827
||yj|| = 0.900466
||rphi|| = 0.00188285
||rp|| = 0.0837106
||y|| = 522.709
   Pass :  1   Iteration : 224  || r || = 0.0900941
||yp|| = 528.379
||xi|| = 480.078
||eta|| = 0.429603
||yp|| = 528.379
||yphi|| = 0.243903
||BtYp|| = 3.08064
||ru|| = 3.08142
||yu|| = 149.915
||GtYphi|| = 1.91797
||KtYu|| = 13.1942
||rj|| = 13.9222
||yj|| = 0.865841
||rphi|| = 0.00227836
||rp|| = 0.0846699
||y|| = 549.235
   Pass :  1   Iteration : 225  || r || = 0.0897834
||yp|| = 480.446
||xi|| = 436.493
||eta|| = 0.330836
||yp|| = 480.446
||yphi|| = 0.257704
||BtYp|| = 2.54784
||ru|| = 2.54932
||yu|| = 135.601
||GtYphi|| = 1.87346
||KtYu|| = 13.8055
||rj|| = 14.6644
||yj|| = 0.910399
||rphi|| = 0.00224196
||rp|| = 0.072965
||y|| = 499.216
   Pass :  1   Iteration : 226  || r || = 0.0896479
||yp|| = 509.953
||xi|| = 463.36
||eta|| = 0.368334
||yp|| = 509.953
||yphi|| = 0.33067
||BtYp|| = 2.62773
||ru|| = 2.62856
||yu|| = 135.047
||GtYphi|| = 2.14769
||KtYu|| = 13.2003
||rj|| = 14.0172
||yj|| = 0.827204
||rphi|| = 0.00266291
||rp|| = 0.0717685
||y|| = 527.533
   Pass :  1   Iteration : 227  || r || = 0.0895941
||yp|| = 449.75
||xi|| = 408.596
||eta|| = 0.299937
||yp|| = 449.75
||yphi|| = 0.298241
||BtYp|| = 2.3718
||ru|| = 2.37321
||yu|| = 123.24
||GtYphi|| = 2.01188
||KtYu|| = 13.4928
||rj|| = 14.3673
||yj|| = 0.881266
||rphi|| = 0.00258192
||rp|| = 0.0655298
||y|| = 466.33
   Pass :  1   Iteration : 228  || r || = 0.0895585
||yp|| = 434.789
||xi|| = 394.996
||eta|| = 0.292631
||yp|| = 434.789
||yphi|| = 0.180007
||BtYp|| = 2.26998
||ru|| = 2.27144
||yu|| = 122.651
||GtYphi|| = 1.77506
||KtYu|| = 12.9245
||rj|| = 13.7265
||yj|| = 0.874908
||rphi|| = 0.00150776
||rp|| = 0.0671049
||y|| = 451.758
   Pass :  1   Iteration : 229  || r || = 0.0895302
||yp|| = 476.323
||xi|| = 432.738
||eta|| = 0.300612
||yp|| = 476.323
||yphi|| = 0.301353
||BtYp|| = 2.60188
||ru|| = 2.60312
||yu|| = 130.653
||GtYphi|| = 2.08563
||KtYu|| = 12.8487
||rj|| = 13.719
||yj|| = 0.806666
||rphi|| = 0.00262339
||rp|| = 0.0705246
||y|| = 493.918
   Pass :  1   Iteration : 230  || r || = 0.0895248
||yp|| = 508.49
||xi|| = 461.958
||eta|| = 0.354203
||yp|| = 508.49
||yphi|| = 0.277019
||BtYp|| = 2.72448
||ru|| = 2.72624
||yu|| = 140.155
||GtYphi|| = 1.97693
||KtYu|| = 14.5045
||rj|| = 15.3326
||yj|| = 0.922618
||rphi|| = 0.00232688
||rp|| = 0.0756329
||y|| = 527.453
   Pass :  1   Iteration : 231  || r || = 0.0895201
||yp|| = 552.046
||xi|| = 501.55
||eta|| = 0.393815
||yp|| = 552.046
||yphi|| = 0.203348
||BtYp|| = 2.91626
||ru|| = 2.91766
||yu|| = 149.959
||GtYphi|| = 1.7095
||KtYu|| = 15.2053
||rj|| = 16.0521
||yj|| = 0.997571
||rphi|| = 0.00162567
||rp|| = 0.0798764
||y|| = 572.052
   Pass :  1   Iteration : 232  || r || = 0.0894727
||yp|| = 451.448
||xi|| = 410.159
||eta|| = 0.415091
||yp|| = 451.448
||yphi|| = 0.284136
||BtYp|| = 2.45398
||ru|| = 2.45509
||yu|| = 126.116
||GtYphi|| = 2.48156
||KtYu|| = 12.5597
||rj|| = 13.3354
||yj|| = 0.782319
||rphi|| = 0.00222375
||rp|| = 0.0685564
||y|| = 468.734
   Pass :  1   Iteration : 233  || r || = 0.0893741
||yp|| = 531.064
||xi|| = 482.431
||eta|| = 0.437736
||yp|| = 531.064
||yphi|| = 0.192718
||BtYp|| = 2.90287
||ru|| = 2.90397
||yu|| = 153.937
||GtYphi|| = 1.62758
||KtYu|| = 14.7352
||rj|| = 15.5444
||yj|| = 0.981083
||rphi|| = 0.00150773
||rp|| = 0.0819056
||y|| = 552.925
   Pass :  1   Iteration : 234  || r || = 0.0890149
||yp|| = 417.68
||xi|| = 379.447
||eta|| = 0.332167
||yp|| = 417.68
||yphi|| = 0.307229
||BtYp|| = 2.16136
||ru|| = 2.1626
||yu|| = 117.447
||GtYphi|| = 1.92749
||KtYu|| = 12.0839
||rj|| = 12.9113
||yj|| = 0.8144
||rphi|| = 0.00230841
||rp|| = 0.0635389
||y|| = 433.879
   Pass :  1   Iteration : 235  || r || = 0.0881291
||yp|| = 588.584
||xi|| = 534.785
||eta|| = 0.394264
||yp|| = 588.584
||yphi|| = 0.247081
||BtYp|| = 3.07068
||ru|| = 3.07126
||yu|| = 153.701
||GtYphi|| = 1.92821
||KtYu|| = 13.0691
||rj|| = 13.8065
||yj|| = 0.819687
||rphi|| = 0.00196672
||rp|| = 0.0787933
||y|| = 608.322
   Pass :  1   Iteration : 236  || r || = 0.0867628
||yp|| = 539.625
||xi|| = 490.301
||eta|| = 0.321605
||yp|| = 539.625
||yphi|| = 0.206949
||BtYp|| = 2.99103
||ru|| = 2.99264
||yu|| = 145.174
||GtYphi|| = 1.71327
||KtYu|| = 15.0304
||rj|| = 15.878
||yj|| = 1.01661
||rphi|| = 0.00164088
||rp|| = 0.0766704
||y|| = 558.813
   Pass :  1   Iteration : 237  || r || = 0.0841473
||yp|| = 498.132
||xi|| = 452.582
||eta|| = 0.354939
||yp|| = 498.132
||yphi|| = 0.181954
||BtYp|| = 2.47336
||ru|| = 2.47472
||yu|| = 125.69
||GtYphi|| = 1.77081
||KtYu|| = 12.6155
||rj|| = 13.4289
||yj|| = 0.8006
||rphi|| = 0.00153637
||rp|| = 0.0665214
||y|| = 513.746
   Pass :  1   Iteration : 238  || r || = 0.080592
||yp|| = 500.163
||xi|| = 454.405
||eta|| = 0.332335
||yp|| = 500.163
||yphi|| = 0.172182
||BtYp|| = 2.62942
||ru|| = 2.62987
||yu|| = 135.19
||GtYphi|| = 1.87606
||KtYu|| = 13.2016
||rj|| = 14.0391
||yj|| = 0.784813
||rphi|| = 0.00127003
||rp|| = 0.0716836
||y|| = 518.111
   Pass :  1   Iteration : 239  || r || = 0.0764271
||yp|| = 555.43
||xi|| = 504.663
||eta|| = 0.32377
||yp|| = 555.43
||yphi|| = 0.237869
||BtYp|| = 3.08938
||ru|| = 3.09037
||yu|| = 147.241
||GtYphi|| = 1.755
||KtYu|| = 14.164
||rj|| = 14.9321
||yj|| = 0.922319
||rphi|| = 0.00193413
||rp|| = 0.079456
||y|| = 574.616
   Pass :  1   Iteration : 240  || r || = 0.0727724
||yp|| = 581.867
||xi|| = 528.7
||eta|| = 0.341148
||yp|| = 581.867
||yphi|| = 0.263142
||BtYp|| = 3.0713
||ru|| = 3.07254
||yu|| = 157.788
||GtYphi|| = 1.76201
||KtYu|| = 13.2164
||rj|| = 14.088
||yj|| = 0.828664
||rphi|| = 0.00206905
||rp|| = 0.0826788
||y|| = 602.882
   Pass :  1   Iteration : 241  || r || = 0.0700732
||yp|| = 493.695
||xi|| = 448.49
||eta|| = 0.386773
||yp|| = 493.695
||yphi|| = 0.221693
||BtYp|| = 2.56177
||ru|| = 2.56218
||yu|| = 137.877
||GtYphi|| = 1.91081
||KtYu|| = 11.775
||rj|| = 12.5914
||yj|| = 0.739901
||rphi|| = 0.00205402
||rp|| = 0.0726285
||y|| = 512.587
   Pass :  1   Iteration : 242  || r || = 0.0689995
||yp|| = 509.421
||xi|| = 462.788
||eta|| = 0.399065
||yp|| = 509.421
||yphi|| = 0.197665
||BtYp|| = 2.99042
||ru|| = 2.99168
||yu|| = 152.182
||GtYphi|| = 1.68953
||KtYu|| = 14.6004
||rj|| = 15.4323
||yj|| = 0.959249
||rphi|| = 0.00155486
||rp|| = 0.0844535
||y|| = 531.667
   Pass :  1   Iteration : 243  || r || = 0.0684362
||yp|| = 552.571
||xi|| = 502.075
||eta|| = 0.386383
||yp|| = 552.571
||yphi|| = 0.213202
||BtYp|| = 2.87916
||ru|| = 2.87987
||yu|| = 139.733
||GtYphi|| = 2.02895
||KtYu|| = 12.9824
||rj|| = 13.7636
||yj|| = 0.828724
||rphi|| = 0.00191054
||rp|| = 0.0744077
||y|| = 569.966
   Pass :  1   Iteration : 244  || r || = 0.0682031
||yp|| = 553.659
||xi|| = 502.997
||eta|| = 0.375855
||yp|| = 553.659
||yphi|| = 0.208857
||BtYp|| = 2.88871
||ru|| = 2.8892
||yu|| = 147.997
||GtYphi|| = 1.83926
||KtYu|| = 14.7926
||rj|| = 15.6262
||yj|| = 0.968204
||rphi|| = 0.00158276
||rp|| = 0.081069
||y|| = 573.099
   Pass :  1   Iteration : 245  || r || = 0.068066
||yp|| = 497.296
||xi|| = 451.826
||eta|| = 0.33997
||yp|| = 497.296
||yphi|| = 0.291453
||BtYp|| = 2.88297
||ru|| = 2.88455
||yu|| = 144.169
||GtYphi|| = 2.10457
||KtYu|| = 13.5265
||rj|| = 14.3535
||yj|| = 0.883686
||rphi|| = 0.00278725
||rp|| = 0.0818639
||y|| = 517.773
   Pass :  1   Iteration : 246  || r || = 0.0679797
||yp|| = 445.04
||xi|| = 404.335
||eta|| = 0.308171
||yp|| = 445.04
||yphi|| = 0.35033
||BtYp|| = 2.17001
||ru|| = 2.17028
||yu|| = 119.132
||GtYphi|| = 2.46147
||KtYu|| = 11.4124
||rj|| = 12.2983
||yj|| = 0.716363
||rphi|| = 0.00303085
||rp|| = 0.0649875
||y|| = 460.71
   Pass :  1   Iteration : 247  || r || = 0.0679566
||yp|| = 506.362
||xi|| = 459.972
||eta|| = 0.400098
||yp|| = 506.362
||yphi|| = 0.178184
||BtYp|| = 2.67567
||ru|| = 2.67721
||yu|| = 146.973
||GtYphi|| = 1.60634
||KtYu|| = 14.3455
||rj|| = 15.2222
||yj|| = 0.979502
||rphi|| = 0.00147823
||rp|| = 0.078407
||y|| = 527.261
   Pass :  1   Iteration : 248  || r || = 0.0679487
||yp|| = 522.065
||xi|| = 474.297
||eta|| = 0.33732
||yp|| = 522.065
||yphi|| = 0.209841
||BtYp|| = 2.87699
||ru|| = 2.87786
||yu|| = 145.359
||GtYphi|| = 2.07031
||KtYu|| = 13.3205
||rj|| = 14.1999
||yj|| = 0.858356
||rphi|| = 0.00163536
||rp|| = 0.0794025
||y|| = 541.924
   Pass :  1   Iteration : 249  || r || = 0.0679419
||yp|| = 488.198
||xi|| = 443.522
||eta|| = 0.388464
||yp|| = 488.198
||yphi|| = 0.340582
||BtYp|| = 2.26247
||ru|| = 2.2644
||yu|| = 123.291
||GtYphi|| = 2.22472
||KtYu|| = 13.0061
||rj|| = 13.8367
||yj|| = 0.807371
||rphi|| = 0.00274303
||rp|| = 0.0626712
||y|| = 503.527
   Pass :  1   Iteration : 250  || r || = 0.067936
||yp|| = 487.05
||xi|| = 442.443
||eta|| = 0.342444
||yp|| = 487.05
||yphi|| = 0.251588
||BtYp|| = 2.44316
||ru|| = 2.44499
||yu|| = 140.481
||GtYphi|| = 1.80274
||KtYu|| = 14.8574
||rj|| = 15.7319
||yj|| = 1.00263
||rphi|| = 0.00214638
||rp|| = 0.0731934
||y|| = 506.906
   Pass :  1   Iteration : 251  || r || = 0.0679184
||yp|| = 474.646
||xi|| = 431.219
||eta|| = 0.387708
||yp|| = 474.646
||yphi|| = 0.334751
||BtYp|| = 2.48505
||ru|| = 2.48579
||yu|| = 132.615
||GtYphi|| = 2.12024
||KtYu|| = 12.5177
||rj|| = 13.3928
||yj|| = 0.803926
||rphi|| = 0.00272384
||rp|| = 0.0719261
||y|| = 492.825
   Pass :  1   Iteration : 252  || r || = 0.0678683
||yp|| = 556.896
||xi|| = 505.98
||eta|| = 0.501302
||yp|| = 556.896
||yphi|| = 0.323002
||BtYp|| = 3.17399
||ru|| = 3.17412
||yu|| = 172.763
||GtYphi|| = 1.83072
||KtYu|| = 14.365
||rj|| = 15.1457
||yj|| = 0.900859
||rphi|| = 0.00247799
||rp|| = 0.0917607
||y|| = 583.079
   Pass :  1   Iteration : 253  || r || = 0.0677777
||yp|| = 479
||xi|| = 435.129
||eta|| = 0.370784
||yp|| = 479
||yphi|| = 0.294807
||BtYp|| = 2.38387
||ru|| = 2.38509
||yu|| = 139.439
||GtYphi|| = 1.95367
||KtYu|| = 13.7432
||rj|| = 14.5611
||yj|| = 0.905157
||rphi|| = 0.00253532
||rp|| = 0.074422
||y|| = 498.884
   Pass :  1   Iteration : 254  || r || = 0.0675557
||yp|| = 466.692
||xi|| = 423.953
||eta|| = 0.357938
||yp|| = 466.692
||yphi|| = 0.295339
||BtYp|| = 2.57055
||ru|| = 2.5728
||yu|| = 142.594
||GtYphi|| = 1.96483
||KtYu|| = 13.8199
||rj|| = 14.7292
||yj|| = 0.843231
||rphi|| = 0.00221772
||rp|| = 0.0766989
||y|| = 487.991
   Pass :  1   Iteration : 255  || r || = 0.0669741
||yp|| = 510.911
||xi|| = 464.186
||eta|| = 0.424966
||yp|| = 510.911
||yphi|| = 0.178138
||BtYp|| = 2.75774
||ru|| = 2.75712
||yu|| = 149.634
||GtYphi|| = 1.80757
||KtYu|| = 13.3983
||rj|| = 14.116
||yj|| = 0.849451
||rphi|| = 0.00139187
||rp|| = 0.0844323
||y|| = 532.373
   Pass :  1   Iteration : 256  || r || = 0.0661226
||yp|| = 488.145
||xi|| = 443.459
||eta|| = 0.329625
||yp|| = 488.145
||yphi|| = 0.232548
||BtYp|| = 2.53377
||ru|| = 2.53503
||yu|| = 136.235
||GtYphi|| = 1.87226
||KtYu|| = 14.0709
||rj|| = 14.9128
||yj|| = 0.960825
||rphi|| = 0.0019301
||rp|| = 0.0748925
||y|| = 506.801
   Pass :  1   Iteration : 257  || r || = 0.064795
||yp|| = 547.952
||xi|| = 497.83
||eta|| = 0.382133
||yp|| = 547.952
||yphi|| = 0.281898
||BtYp|| = 2.85855
||ru|| = 2.85887
||yu|| = 150.58
||GtYphi|| = 1.89291
||KtYu|| = 13.9124
||rj|| = 14.7148
||yj|| = 0.873625
||rphi|| = 0.00246288
||rp|| = 0.0822491
||y|| = 568.267
   Pass :  1   Iteration : 258  || r || = 0.0624884
||yp|| = 481.789
||xi|| = 437.683
||eta|| = 0.339614
||yp|| = 481.789
||yphi|| = 0.157264
||BtYp|| = 2.34152
||ru|| = 2.34294
||yu|| = 130.153
||GtYphi|| = 1.56137
||KtYu|| = 12.453
||rj|| = 13.2111
||yj|| = 0.821776
||rphi|| = 0.00137952
||rp|| = 0.0695659
||y|| = 499.061
   Pass :  1   Iteration : 259  || r || = 0.0604956
||yp|| = 399.029
||xi|| = 362.493
||eta|| = 0.328937
||yp|| = 399.029
||yphi|| = 0.194409
||BtYp|| = 2.07041
||ru|| = 2.07203
||yu|| = 117.639
||GtYphi|| = 1.51348
||KtYu|| = 13.4748
||rj|| = 14.2344
||yj|| = 0.949259
||rphi|| = 0.00184006
||rp|| = 0.0645643
||y|| = 416.01
   Pass :  1   Iteration : 260  || r || = 0.0592841
||yp|| = 534.744
||xi|| = 485.844
||eta|| = 0.483611
||yp|| = 534.744
||yphi|| = 0.198339
||BtYp|| = 2.63017
||ru|| = 2.63086
||yu|| = 146.752
||GtYphi|| = 1.80093
||KtYu|| = 13.8176
||rj|| = 14.6684
||yj|| = 0.863099
||rphi|| = 0.0018766
||rp|| = 0.0791548
||y|| = 554.516
   Pass :  1   Iteration : 261  || r || = 0.0585788
||yp|| = 431.502
||xi|| = 391.933
||eta|| = 0.393934
||yp|| = 431.502
||yphi|| = 0.21613
||BtYp|| = 2.07707
||ru|| = 2.07845
||yu|| = 123.087
||GtYphi|| = 1.76681
||KtYu|| = 12.8535
||rj|| = 13.6192
||yj|| = 0.900825
||rphi|| = 0.00184775
||rp|| = 0.0634345
||y|| = 448.715
   Pass :  1   Iteration : 262  || r || = 0.0582296
||yp|| = 477.195
||xi|| = 433.42
||eta|| = 0.443339
||yp|| = 477.195
||yphi|| = 0.1547
||BtYp|| = 2.27348
||ru|| = 2.27571
||yu|| = 145.85
||GtYphi|| = 1.62444
||KtYu|| = 14.0847
||rj|| = 14.8623
||yj|| = 0.982856
||rphi|| = 0.00117847
||rp|| = 0.0691061
||y|| = 498.987
   Pass :  1   Iteration : 263  || r || = 0.0580455
||yp|| = 477.155
||xi|| = 433.492
||eta|| = 0.388243
||yp|| = 477.155
||yphi|| = 0.156422
||BtYp|| = 2.15816
||ru|| = 2.15916
||yu|| = 121.857
||GtYphi|| = 1.76434
||KtYu|| = 13.3962
||rj|| = 14.1454
||yj|| = 0.821023
||rphi|| = 0.00125117
||rp|| = 0.0658348
||y|| = 492.47
   Pass :  1   Iteration : 264  || r || = 0.0580071
||yp|| = 531.385
||xi|| = 482.732
||eta|| = 0.348057
||yp|| = 531.385
||yphi|| = 0.198111
||BtYp|| = 2.47114
||ru|| = 2.4725
||yu|| = 146.885
||GtYphi|| = 1.61505
||KtYu|| = 14.5674
||rj|| = 15.3863
||yj|| = 0.974511
||rphi|| = 0.00170152
||rp|| = 0.07391
||y|| = 551.313
   Pass :  1   Iteration : 265  || r || = 0.0579731
||yp|| = 589.817
||xi|| = 535.894
||eta|| = 0.415939
||yp|| = 589.817
||yphi|| = 0.208221
||BtYp|| = 2.79879
||ru|| = 2.7995
||yu|| = 154.728
||GtYphi|| = 1.9011
||KtYu|| = 14.0984
||rj|| = 14.8619
||yj|| = 0.865419
||rphi|| = 0.00155825
||rp|| = 0.0784298
||y|| = 609.775
   Pass :  1   Iteration : 266  || r || = 0.0579686
||yp|| = 499.797
||xi|| = 453.958
||eta|| = 0.491439
||yp|| = 499.797
||yphi|| = 0.419523
||BtYp|| = 2.60777
||ru|| = 2.60944
||yu|| = 148.389
||GtYphi|| = 2.1038
||KtYu|| = 14.1714
||rj|| = 15.0368
||yj|| = 0.937767
||rphi|| = 0.00320336
||rp|| = 0.0742309
||y|| = 521.361
   Pass :  1   Iteration : 267  || r || = 0.0579645
||yp|| = 476.698
||xi|| = 433.06
||eta|| = 0.349812
||yp|| = 476.698
||yphi|| = 0.253277
||BtYp|| = 2.46342
||ru|| = 2.46448
||yu|| = 132.588
||GtYphi|| = 1.75625
||KtYu|| = 14.0703
||rj|| = 14.7881
||yj|| = 0.949824
||rphi|| = 0.00189471
||rp|| = 0.0713484
||y|| = 494.794
   Pass :  1   Iteration : 268  || r || = 0.057964
||yp|| = 542.195
||xi|| = 492.614
||eta|| = 0.408229
||yp|| = 542.195
||yphi|| = 0.353423
||BtYp|| = 2.98968
||ru|| = 2.99069
||yu|| = 160.952
||GtYphi|| = 2.14878
||KtYu|| = 14.6502
||rj|| = 15.353
||yj|| = 0.906441
||rphi|| = 0.00256047
||rp|| = 0.0859988
||y|| = 565.581
   Pass :  1   Iteration : 269  || r || = 0.057944
||yp|| = 506.822
||xi|| = 460.43
||eta|| = 0.37191
||yp|| = 506.822
||yphi|| = 0.349785
||BtYp|| = 2.64622
||ru|| = 2.64744
||yu|| = 137.949
||GtYphi|| = 2.35419
||KtYu|| = 13.9164
||rj|| = 14.859
||yj|| = 0.869888
||rphi|| = 0.00276703
||rp|| = 0.0708624
||y|| = 525.261
   Pass :  1   Iteration : 270  || r || = 0.0579053
||yp|| = 488.264
||xi|| = 443.62
||eta|| = 0.388154
||yp|| = 488.264
||yphi|| = 0.196948
||BtYp|| = 2.51241
||ru|| = 2.51425
||yu|| = 131.138
||GtYphi|| = 1.70658
||KtYu|| = 15.0157
||rj|| = 15.8795
||yj|| = 0.994693
||rphi|| = 0.00168956
||rp|| = 0.0709295
||y|| = 505.569
   Pass :  1   Iteration : 271  || r || = 0.0577589
||yp|| = 458.078
||xi|| = 416.11
||eta|| = 0.573244
||yp|| = 458.078
||yphi|| = 0.195272
||BtYp|| = 2.32078
||ru|| = 2.32095
||yu|| = 129.657
||GtYphi|| = 1.90317
||KtYu|| = 13.7365
||rj|| = 14.4132
||yj|| = 0.857027
||rphi|| = 0.00142995
||rp|| = 0.0666401
||y|| = 476.075
   Pass :  1   Iteration : 272  || r || = 0.0575534
||yp|| = 613.591
||xi|| = 557.405
||eta|| = 0.512816
||yp|| = 613.591
||yphi|| = 0.180566
||BtYp|| = 3.36618
||ru|| = 3.36819
||yu|| = 168.471
||GtYphi|| = 1.75862
||KtYu|| = 14.8508
||rj|| = 15.6504
||yj|| = 0.946657
||rphi|| = 0.00163144
||rp|| = 0.0842764
||y|| = 636.299
   Pass :  1   Iteration : 273  || r || = 0.0572772
||yp|| = 497.089
||xi|| = 451.646
||eta|| = 0.424972
||yp|| = 497.089
||yphi|| = 0.160965
||BtYp|| = 2.62988
||ru|| = 2.6313
||yu|| = 130.522
||GtYphi|| = 1.7963
||KtYu|| = 13.8617
||rj|| = 14.6863
||yj|| = 0.856262
||rphi|| = 0.00139847
||rp|| = 0.0690009
||y|| = 513.94
   Pass :  1   Iteration : 274  || r || = 0.0562967
||yp|| = 523
||xi|| = 475.121
||eta|| = 0.441423
||yp|| = 523
||yphi|| = 0.243559
||BtYp|| = 2.6294
||ru|| = 2.63052
||yu|| = 130.218
||GtYphi|| = 1.85289
||KtYu|| = 12.2759
||rj|| = 13.0266
||yj|| = 0.771889
||rphi|| = 0.00196232
||rp|| = 0.0650857
||y|| = 538.968
   Pass :  1   Iteration : 275  || r || = 0.0545861
||yp|| = 526.205
||xi|| = 478.072
||eta|| = 0.403941
||yp|| = 526.205
||yphi|| = 0.206687
||BtYp|| = 2.73763
||ru|| = 2.73935
||yu|| = 160.554
||GtYphi|| = 1.6895
||KtYu|| = 15.7139
||rj|| = 16.5109
||yj|| = 1.06401
||rphi|| = 0.00178241
||rp|| = 0.0822323
||y|| = 550.155
   Pass :  1   Iteration : 276  || r || = 0.0516625
||yp|| = 537.309
||xi|| = 488.186
||eta|| = 0.373356
||yp|| = 537.309
||yphi|| = 0.216539
||BtYp|| = 2.71125
||ru|| = 2.71231
||yu|| = 130.154
||GtYphi|| = 1.74661
||KtYu|| = 12.387
||rj|| = 13.1296
||yj|| = 0.749808
||rphi|| = 0.00182229
||rp|| = 0.0692664
||y|| = 552.849
   Pass :  1   Iteration : 277  || r || = 0.048976
||yp|| = 500.348
||xi|| = 454.568
||eta|| = 0.375726
||yp|| = 500.348
||yphi|| = 0.165062
||BtYp|| = 2.47671
||ru|| = 2.47776
||yu|| = 132.131
||GtYphi|| = 1.56682
||KtYu|| = 13.384
||rj|| = 14.1492
||yj|| = 0.832097
||rphi|| = 0.00144035
||rp|| = 0.0701148
||y|| = 517.501
   Pass :  1   Iteration : 278  || r || = 0.0470377
||yp|| = 520.477
||xi|| = 472.897
||eta|| = 0.418529
||yp|| = 520.477
||yphi|| = 0.16097
||BtYp|| = 2.66213
||ru|| = 2.66343
||yu|| = 147.615
||GtYphi|| = 1.65228
||KtYu|| = 14.336
||rj|| = 15.1067
||yj|| = 0.894834
||rphi|| = 0.00137017
||rp|| = 0.0767683
||y|| = 541.005
   Pass :  1   Iteration : 279  || r || = 0.0456742
||yp|| = 531.649
||xi|| = 483.008
||eta|| = 0.34798
||yp|| = 531.649
||yphi|| = 0.19101
||BtYp|| = 2.58512
||ru|| = 2.58578
||yu|| = 135.587
||GtYphi|| = 2.08065
||KtYu|| = 12.6282
||rj|| = 13.4082
||yj|| = 0.754563
||rphi|| = 0.00161118
||rp|| = 0.0676334
||y|| = 548.667
   Pass :  1   Iteration : 280  || r || = 0.0452596
||yp|| = 573.09
||xi|| = 520.701
||eta|| = 0.337573
||yp|| = 573.09
||yphi|| = 0.181075
||BtYp|| = 2.95019
||ru|| = 2.95121
||yu|| = 155.738
||GtYphi|| = 1.63087
||KtYu|| = 14.5102
||rj|| = 15.3793
||yj|| = 0.921749
||rphi|| = 0.00148187
||rp|| = 0.0796312
||y|| = 593.875
   Pass :  1   Iteration : 281  || r || = 0.0450449
||yp|| = 488.457
||xi|| = 443.679
||eta|| = 0.539179
||yp|| = 488.457
||yphi|| = 0.151885
||BtYp|| = 2.46578
||ru|| = 2.46799
||yu|| = 160.199
||GtYphi|| = 1.74602
||KtYu|| = 14.2483
||rj|| = 14.9806
||yj|| = 0.916668
||rphi|| = 0.00112649
||rp|| = 0.0785717
||y|| = 514.058
   Pass :  1   Iteration : 282  || r || = 0.0449461
||yp|| = 486.632
||xi|| = 442.023
||eta|| = 0.441169
||yp|| = 486.632
||yphi|| = 0.247891
||BtYp|| = 2.41482
||ru|| = 2.41614
||yu|| = 144.636
||GtYphi|| = 1.93656
||KtYu|| = 14.0029
||rj|| = 14.834
||yj|| = 0.851781
||rphi|| = 0.00191311
||rp|| = 0.0687968
||y|| = 507.672
   Pass :  1   Iteration : 283  || r || = 0.0449056
||yp|| = 484.394
||xi|| = 440.041
||eta|| = 0.427978
||yp|| = 484.394
||yphi|| = 0.299172
||BtYp|| = 2.46468
||ru|| = 2.46581
||yu|| = 140.934
||GtYphi|| = 1.90349
||KtYu|| = 14.2962
||rj|| = 15.0662
||yj|| = 0.924809
||rphi|| = 0.00233134
||rp|| = 0.0718196
||y|| = 504.481
   Pass :  1   Iteration : 284  || r || = 0.0448932
||yp|| = 558.627
||xi|| = 507.52
||eta|| = 0.476754
||yp|| = 558.627
||yphi|| = 0.278503
||BtYp|| = 2.89794
||ru|| = 2.89978
||yu|| = 164.346
||GtYphi|| = 2.003
||KtYu|| = 15.4855
||rj|| = 16.3537
||yj|| = 0.913883
||rphi|| = 0.00209005
||rp|| = 0.0833795
||y|| = 582.302
   Pass :  1   Iteration : 285  || r || = 0.0448564
||yp|| = 536.316
||xi|| = 487.22
||eta|| = 0.648334
||yp|| = 536.316
||yphi|| = 0.322765
||BtYp|| = 2.64912
||ru|| = 2.65155
||yu|| = 144.029
||GtYphi|| = 2.10272
||KtYu|| = 14.3981
||rj|| = 15.1483
||yj|| = 0.890102
||rphi|| = 0.00242279
||rp|| = 0.0711234
||y|| = 555.32
   Pass :  1   Iteration : 286  || r || = 0.0448314
||yp|| = 505.967
||xi|| = 459.537
||eta|| = 0.60149
||yp|| = 505.967
||yphi|| = 0.291883
||BtYp|| = 2.55382
||ru|| = 2.55685
||yu|| = 146.535
||GtYphi|| = 1.88589
||KtYu|| = 14.0591
||rj|| = 14.8734
||yj|| = 0.919604
||rphi|| = 0.00225702
||rp|| = 0.0677588
||y|| = 526.76
   Pass :  1   Iteration : 287  || r || = 0.0448216
||yp|| = 430.061
||xi|| = 390.673
||eta|| = 0.447334
||yp|| = 430.061
||yphi|| = 0.265206
||BtYp|| = 2.00415
||ru|| = 2.00579
||yu|| = 121.166
||GtYphi|| = 1.9546
||KtYu|| = 13.8351
||rj|| = 14.6225
||yj|| = 0.861763
||rphi|| = 0.00210698
||rp|| = 0.0585442
||y|| = 446.805
   Pass :  1   Iteration : 288  || r || = 0.0448118
||yp|| = 510.191
||xi|| = 463.507
||eta|| = 0.495158
||yp|| = 510.191
||yphi|| = 0.192763
||BtYp|| = 2.46822
||ru|| = 2.47139
||yu|| = 133.458
||GtYphi|| = 1.85261
||KtYu|| = 14.742
||rj|| = 15.555
||yj|| = 0.903126
||rphi|| = 0.00158747
||rp|| = 0.0687805
||y|| = 527.358
   Pass :  1   Iteration : 289  || r || = 0.0447932
||yp|| = 485.188
||xi|| = 440.751
||eta|| = 0.515733
||yp|| = 485.188
||yphi|| = 0.188606
||BtYp|| = 2.53053
||ru|| = 2.53136
||yu|| = 141.194
||GtYphi|| = 1.84268
||KtYu|| = 14.3966
||rj|| = 15.1576
||yj|| = 0.957569
||rphi|| = 0.00140405
||rp|| = 0.0736509
||y|| = 505.316
   Pass :  1   Iteration : 290  || r || = 0.0446367
||yp|| = 535.972
||xi|| = 486.956
||eta|| = 0.361398
||yp|| = 535.972
||yphi|| = 0.196856
||BtYp|| = 2.71297
||ru|| = 2.71446
||yu|| = 137.68
||GtYphi|| = 1.98282
||KtYu|| = 14.6796
||rj|| = 15.4914
||yj|| = 0.874665
||rphi|| = 0.00147049
||rp|| = 0.0693331
||y|| = 553.374
   Pass :  1   Iteration : 291  || r || = 0.04423
||yp|| = 481.964
||xi|| = 437.87
||eta|| = 0.34619
||yp|| = 481.964
||yphi|| = 0.190283
||BtYp|| = 2.43011
||ru|| = 2.4305
||yu|| = 127.948
||GtYphi|| = 1.80986
||KtYu|| = 13.0636
||rj|| = 13.8428
||yj|| = 0.820319
||rphi|| = 0.00160211
||rp|| = 0.0667768
||y|| = 498.659
   Pass :  1   Iteration : 292  || r || = 0.0437141
||yp|| = 540.141
||xi|| = 490.773
||eta|| = 0.44154
||yp|| = 540.141
||yphi|| = 0.18959
||BtYp|| = 2.86123
||ru|| = 2.86257
||yu|| = 144.22
||GtYphi|| = 1.83952
||KtYu|| = 14.6711
||rj|| = 15.486
||yj|| = 0.901295
||rphi|| = 0.00139492
||rp|| = 0.0753173
||y|| = 559.064
   Pass :  1   Iteration : 293  || r || = 0.0424167
||yp|| = 636.466
||xi|| = 578.249
||eta|| = 0.410772
||yp|| = 636.466
||yphi|| = 0.180727
||BtYp|| = 3.0397
||ru|| = 3.04196
||yu|| = 154.975
||GtYphi|| = 1.81916
||KtYu|| = 13.6372
||rj|| = 14.4156
||yj|| = 0.850139
||rphi|| = 0.0016996
||rp|| = 0.07432
||y|| = 655.063
   Pass :  1   Iteration : 294  || r || = 0.0403672
||yp|| = 501.358
||xi|| = 455.473
||eta|| = 0.347413
||yp|| = 501.358
||yphi|| = 0.164535
||BtYp|| = 2.64773
||ru|| = 2.64964
||yu|| = 139.003
||GtYphi|| = 1.54113
||KtYu|| = 14.9063
||rj|| = 15.6949
||yj|| = 0.963088
||rphi|| = 0.0014734
||rp|| = 0.0712212
||y|| = 520.272
   Pass :  1   Iteration : 295  || r || = 0.0367779
||yp|| = 506.644
||xi|| = 460.313
||eta|| = 0.398279
||yp|| = 506.644
||yphi|| = 0.228069
||BtYp|| = 2.69513
||ru|| = 2.69591
||yu|| = 130.143
||GtYphi|| = 1.75826
||KtYu|| = 12.3431
||rj|| = 13.0799
||yj|| = 0.76625
||rphi|| = 0.0018872
||rp|| = 0.0725955
||y|| = 523.093
   Pass :  1   Iteration : 296  || r || = 0.0342009
||yp|| = 494.137
||xi|| = 448.899
||eta|| = 0.542776
||yp|| = 494.137
||yphi|| = 0.193177
||BtYp|| = 2.47847
||ru|| = 2.47943
||yu|| = 131.642
||GtYphi|| = 1.68614
||KtYu|| = 13.7645
||rj|| = 14.5587
||yj|| = 0.837953
||rphi|| = 0.00152387
||rp|| = 0.0697733
||y|| = 511.373
   Pass :  1   Iteration : 297  || r || = 0.0327626
||yp|| = 484.479
||xi|| = 440.049
||eta|| = 0.563058
||yp|| = 484.479
||yphi|| = 0.28739
||BtYp|| = 2.57344
||ru|| = 2.57451
||yu|| = 145.308
||GtYphi|| = 1.81031
||KtYu|| = 14.8808
||rj|| = 15.679
||yj|| = 1.00313
||rphi|| = 0.00222358
||rp|| = 0.0791074
||y|| = 505.802
   Pass :  1   Iteration : 298  || r || = 0.031859
||yp|| = 514.421
||xi|| = 467.338
||eta|| = 0.536551
||yp|| = 514.421
||yphi|| = 0.155033
||BtYp|| = 2.61052
||ru|| = 2.61093
||yu|| = 138.577
||GtYphi|| = 1.76028
||KtYu|| = 12.9781
||rj|| = 13.7561
||yj|| = 0.793469
||rphi|| = 0.00121587
||rp|| = 0.070086
||y|| = 532.76
   Pass :  1   Iteration : 299  || r || = 0.0314704
||yp|| = 500.557
||xi|| = 454.69
||eta|| = 0.646889
||yp|| = 500.557
||yphi|| = 0.171944
||BtYp|| = 2.63457
||ru|| = 2.63517
||yu|| = 143.029
||GtYphi|| = 1.84602
||KtYu|| = 13.7838
||rj|| = 14.6116
||yj|| = 0.802363
||rphi|| = 0.00123735
||rp|| = 0.0747981
||y|| = 520.592
   Pass :  1   Iteration : 300  || r || = 0.03129
||yp|| = 479.15
||xi|| = 435.259
||eta|| = 0.536558
||yp|| = 479.15
||yphi|| = 0.18754
||BtYp|| = 2.57908
||ru|| = 2.5813
||yu|| = 136.113
||GtYphi|| = 1.69505
||KtYu|| = 14.0065
||rj|| = 14.7792
||yj|| = 0.929388
||rphi|| = 0.00146746
||rp|| = 0.0751173
||y|| = 498.109
   Pass :  1   Iteration : 301  || r || = 0.0312006
||yp|| = 495.206
||xi|| = 449.859
||eta|| = 0.411383
||yp|| = 495.206
||yphi|| = 0.301115
||BtYp|| = 2.78328
||ru|| = 2.78386
||yu|| = 150.789
||GtYphi|| = 1.95478
||KtYu|| = 13.9918
||rj|| = 14.8562
||yj|| = 0.861903
||rphi|| = 0.0023396
||rp|| = 0.0838145
||y|| = 517.655
   Pass :  1   Iteration : 302  || r || = 0.0311665
||yp|| = 528.359
||xi|| = 480.035
||eta|| = 0.434983
||yp|| = 528.359
||yphi|| = 0.242437
||BtYp|| = 2.40274
||ru|| = 2.40366
||yu|| = 125.814
||GtYphi|| = 2.06455
||KtYu|| = 12.9239
||rj|| = 13.7482
||yj|| = 0.768818
||rphi|| = 0.00195751
||rp|| = 0.0671792
||y|| = 543.133
   Pass :  1   Iteration : 303  || r || = 0.031155
||yp|| = 449.364
||xi|| = 408.255
||eta|| = 0.544105
||yp|| = 449.364
||yphi|| = 0.234203
||BtYp|| = 2.59627
||ru|| = 2.59759
||yu|| = 137.656
||GtYphi|| = 1.94584
||KtYu|| = 13.8151
||rj|| = 14.6415
||yj|| = 0.921514
||rphi|| = 0.00167478
||rp|| = 0.0779344
||y|| = 469.976
   Pass :  1   Iteration : 304  || r || = 0.0311472
||yp|| = 637.324
||xi|| = 578.961
||eta|| = 0.543479
||yp|| = 637.324
||yphi|| = 0.157972
||BtYp|| = 3.32318
||ru|| = 3.32379
||yu|| = 182.31
||GtYphi|| = 1.71639
||KtYu|| = 14.3309
||rj|| = 15.0832
||yj|| = 0.886185
||rphi|| = 0.0012528
||rp|| = 0.0899175
||y|| = 662.887
   Pass :  1   Iteration : 305  || r || = 0.031142
||yp|| = 489.646
||xi|| = 444.802
||eta|| = 0.49819
||yp|| = 489.646
||yphi|| = 0.169723
||BtYp|| = 2.30068
||ru|| = 2.30192
||yu|| = 134.376
||GtYphi|| = 1.97739
||KtYu|| = 13.9216
||rj|| = 14.7196
||yj|| = 0.909334
||rphi|| = 0.00125619
||rp|| = 0.0701138
||y|| = 507.751
   Pass :  1   Iteration : 306  || r || = 0.0311318
||yp|| = 491.579
||xi|| = 446.482
||eta|| = 0.752436
||yp|| = 491.579
||yphi|| = 0.177129
||BtYp|| = 2.54571
||ru|| = 2.54729
||yu|| = 155.267
||GtYphi|| = 1.63625
||KtYu|| = 15.7257
||rj|| = 16.5319
||yj|| = 1.03706
||rphi|| = 0.00149295
||rp|| = 0.0780791
||y|| = 515.518
   Pass :  1   Iteration : 307  || r || = 0.0311069
||yp|| = 440.909
||xi|| = 400.465
||eta|| = 0.690513
||yp|| = 440.909
||yphi|| = 0.204945
||BtYp|| = 1.95437
||ru|| = 1.95543
||yu|| = 122.634
||GtYphi|| = 2.02136
||KtYu|| = 12.6562
||rj|| = 13.3936
||yj|| = 0.794629
||rphi|| = 0.00147713
||rp|| = 0.0633744
||y|| = 457.647
   Pass :  1   Iteration : 308  || r || = 0.0310863
||yp|| = 503.996
||xi|| = 457.794
||eta|| = 0.565615
||yp|| = 503.996
||yphi|| = 0.225104
||BtYp|| = 2.4665
||ru|| = 2.46779
||yu|| = 134.952
||GtYphi|| = 1.81899
||KtYu|| = 14.2138
||rj|| = 15.0629
||yj|| = 0.902353
||rphi|| = 0.00189208
||rp|| = 0.0687616
||y|| = 521.752
   Pass :  1   Iteration : 309  || r || = 0.0310568
||yp|| = 465.273
||xi|| = 422.627
||eta|| = 0.838051
||yp|| = 465.273
||yphi|| = 0.19368
||BtYp|| = 2.21534
||ru|| = 2.2173
||yu|| = 143.727
||GtYphi|| = 1.75959
||KtYu|| = 15.6521
||rj|| = 16.3919
||yj|| = 1.04768
||rphi|| = 0.00166244
||rp|| = 0.0734395
||y|| = 486.967
   Pass :  1   Iteration : 310  || r || = 0.0309668
||yp|| = 484.562
||xi|| = 440.191
||eta|| = 0.635451
||yp|| = 484.562
||yphi|| = 0.207156
||BtYp|| = 2.03361
||ru|| = 2.03441
||yu|| = 117.428
||GtYphi|| = 1.96741
||KtYu|| = 11.8256
||rj|| = 12.6133
||yj|| = 0.684266
||rphi|| = 0.00173503
||rp|| = 0.0587025
||y|| = 498.589
   Pass :  1   Iteration : 311  || r || = 0.0308213
||yp|| = 466.04
||xi|| = 423.29
||eta|| = 0.628993
||yp|| = 466.04
||yphi|| = 0.195389
||BtYp|| = 2.25033
||ru|| = 2.25211
||yu|| = 135.467
||GtYphi|| = 2.025
||KtYu|| = 14.1665
||rj|| = 15.0925
||yj|| = 0.901164
||rphi|| = 0.00152806
||rp|| = 0.0656963
||y|| = 485.33
   Pass :  1   Iteration : 312  || r || = 0.0304965
||yp|| = 555.258
||xi|| = 504.511
||eta|| = 0.426328
||yp|| = 555.258
||yphi|| = 0.213961
||BtYp|| = 2.7787
||ru|| = 2.78004
||yu|| = 146.196
||GtYphi|| = 2.00528
||KtYu|| = 15.2418
||rj|| = 16.0452
||yj|| = 0.977491
||rphi|| = 0.00178616
||rp|| = 0.0721773
||y|| = 574.182
   Pass :  1   Iteration : 313  || r || = 0.0294782
||yp|| = 512.679
||xi|| = 465.811
||eta|| = 0.398619
||yp|| = 512.679
||yphi|| = 0.188774
||BtYp|| = 2.41896
||ru|| = 2.42008
||yu|| = 123.744
||GtYphi|| = 2.20245
||KtYu|| = 12.9871
||rj|| = 13.881
||yj|| = 0.751227
||rphi|| = 0.00145372
||rp|| = 0.0641122
||y|| = 527.402
   Pass :  1   Iteration : 314  || r || = 0.0277619
||yp|| = 529.682
||xi|| = 481.248
||eta|| = 0.560404
||yp|| = 529.682
||yphi|| = 0.130745
||BtYp|| = 2.70623
||ru|| = 2.7089
||yu|| = 147.961
||GtYphi|| = 1.46012
||KtYu|| = 14.7648
||rj|| = 15.5233
||yj|| = 0.948168
||rphi|| = 0.00104124
||rp|| = 0.0726897
||y|| = 549.96
   Pass :  1   Iteration : 315  || r || = 0.0260146
||yp|| = 512.368
||xi|| = 465.48
||eta|| = 0.476762
||yp|| = 512.368
||yphi|| = 0.189685
||BtYp|| = 2.75853
||ru|| = 2.75786
||yu|| = 136.261
||GtYphi|| = 1.74775
||KtYu|| = 13.6158
||rj|| = 14.4191
||yj|| = 0.866264
||rphi|| = 0.00167533
||rp|| = 0.0704956
||y|| = 530.178
   Pass :  1   Iteration : 316  || r || = 0.0247688
||yp|| = 499.41
||xi|| = 453.747
||eta|| = 0.434866
||yp|| = 499.41
||yphi|| = 0.213332
||BtYp|| = 2.33446
||ru|| = 2.33502
||yu|| = 119.448
||GtYphi|| = 2.01677
||KtYu|| = 12.4016
||rj|| = 13.3255
||yj|| = 0.718756
||rphi|| = 0.00180199
||rp|| = 0.0622191
||y|| = 513.497
   Pass :  1   Iteration : 317  || r || = 0.0240433
||yp|| = 542.811
||xi|| = 493.096
||eta|| = 0.711721
||yp|| = 542.811
||yphi|| = 0.178815
||BtYp|| = 3.16094
||ru|| = 3.16116
||yu|| = 159.602
||GtYphi|| = 1.57075
||KtYu|| = 14.8359
||rj|| = 15.557
||yj|| = 1.00126
||rphi|| = 0.00144967
||rp|| = 0.0858726
||y|| = 565.789
   Pass :  1   Iteration : 318  || r || = 0.0236689
||yp|| = 550.134
||xi|| = 499.803
||eta|| = 0.689169
||yp|| = 550.134
||yphi|| = 0.213868
||BtYp|| = 2.72804
||ru|| = 2.73051
||yu|| = 151.154
||GtYphi|| = 1.88053
||KtYu|| = 14.7166
||rj|| = 15.5064
||yj|| = 0.981033
||rphi|| = 0.00186763
||rp|| = 0.0778794
||y|| = 570.522
   Pass :  1   Iteration : 319  || r || = 0.0235135
||yp|| = 558.166
||xi|| = 507.102
||eta|| = 0.663769
||yp|| = 558.166
||yphi|| = 0.209325
||BtYp|| = 3.1077
||ru|| = 3.11192
||yu|| = 154.821
||GtYphi|| = 1.95148
||KtYu|| = 13.6756
||rj|| = 14.4159
||yj|| = 0.846086
||rphi|| = 0.00170282
||rp|| = 0.0817021
||y|| = 579.241
   Pass :  1   Iteration : 320  || r || = 0.0234408
||yp|| = 563.234
||xi|| = 511.602
||eta|| = 0.729191
||yp|| = 563.234
||yphi|| = 0.170906
||BtYp|| = 3.09678
||ru|| = 3.09833
||yu|| = 170.832
||GtYphi|| = 1.62934
||KtYu|| = 15.3691
||rj|| = 16.1313
||yj|| = 1.01886
||rphi|| = 0.00149916
||rp|| = 0.0857043
||y|| = 588.573
   Pass :  1   Iteration : 321  || r || = 0.0234072
||yp|| = 521.333
||xi|| = 473.609
||eta|| = 0.614405
||yp|| = 521.333
||yphi|| = 0.188957
||BtYp|| = 2.75512
||ru|| = 2.75557
||yu|| = 153.011
||GtYphi|| = 1.98841
||KtYu|| = 14.0511
||rj|| = 14.8145
||yj|| = 0.877324
||rphi|| = 0.00155858
||rp|| = 0.0765913
||y|| = 543.324
   Pass :  1   Iteration : 322  || r || = 0.0233935
||yp|| = 478.433
||xi|| = 434.62
||eta|| = 0.54212
||yp|| = 478.433
||yphi|| = 0.198854
||BtYp|| = 2.33989
||ru|| = 2.34101
||yu|| = 131.164
||GtYphi|| = 1.96838
||KtYu|| = 13.3639
||rj|| = 14.2106
||yj|| = 0.811439
||rphi|| = 0.00164968
||rp|| = 0.0662797
||y|| = 496.087
   Pass :  1   Iteration : 323  || r || = 0.0233875
||yp|| = 526.676
||xi|| = 478.485
||eta|| = 0.500362
||yp|| = 526.676
||yphi|| = 0.19335
||BtYp|| = 2.69905
||ru|| = 2.70206
||yu|| = 155.436
||GtYphi|| = 1.8027
||KtYu|| = 15.3837
||rj|| = 16.1176
||yj|| = 1.0241
||rphi|| = 0.00165953
||rp|| = 0.0759306
||y|| = 549.135
   Pass :  1   Iteration : 324  || r || = 0.0233771
||yp|| = 517.193
||xi|| = 469.876
||eta|| = 0.439016
||yp|| = 517.193
||yphi|| = 0.179446
||BtYp|| = 2.54409
||ru|| = 2.54607
||yu|| = 136.392
||GtYphi|| = 1.87388
||KtYu|| = 14.0298
||rj|| = 14.7774
||yj|| = 0.909933
||rphi|| = 0.00146894
||rp|| = 0.0673046
||y|| = 534.876
   Pass :  1   Iteration : 325  || r || = 0.0233671
||yp|| = 511.845
||xi|| = 465.026
||eta|| = 0.434397
||yp|| = 511.845
||yphi|| = 0.165158
||BtYp|| = 2.74573
||ru|| = 2.74841
||yu|| = 141.839
||GtYphi|| = 1.69857
||KtYu|| = 14.6502
||rj|| = 15.4361
||yj|| = 0.968592
||rphi|| = 0.00121167
||rp|| = 0.0769215
||y|| = 531.135
   Pass :  1   Iteration : 326  || r || = 0.0233565
||yp|| = 467.844
||xi|| = 424.952
||eta|| = 0.580468
||yp|| = 467.844
||yphi|| = 0.192521
||BtYp|| = 2.32902
||ru|| = 2.33057
||yu|| = 133.964
||GtYphi|| = 1.8032
||KtYu|| = 13.4377
||rj|| = 14.1914
||yj|| = 0.857863
||rphi|| = 0.00148917
||rp|| = 0.0692999
||y|| = 486.647
   Pass :  1   Iteration : 327  || r || = 0.023341
||yp|| = 521.277
||xi|| = 473.588
||eta|| = 0.475366
||yp|| = 521.277
||yphi|| = 0.16907
||BtYp|| = 2.81266
||ru|| = 2.81153
||yu|| = 153.953
||GtYphi|| = 1.75396
||KtYu|| = 15.4979
||rj|| = 16.2816
||yj|| = 0.933722
||rphi|| = 0.00130723
||rp|| = 0.0785462
||y|| = 543.537
   Pass :  1   Iteration : 328  || r || = 0.0233102
||yp|| = 506.455
||xi|| = 460.124
||eta|| = 0.517661
||yp|| = 506.455
||yphi|| = 0.163436
||BtYp|| = 2.90085
||ru|| = 2.90272
||yu|| = 150.167
||GtYphi|| = 1.69678
||KtYu|| = 14.1317
||rj|| = 14.8052
||yj|| = 0.945723
||rphi|| = 0.00139144
||rp|| = 0.0850849
||y|| = 528.25
   Pass :  1   Iteration : 329  || r || = 0.0232743
||yp|| = 613.07
||xi|| = 556.968
||eta|| = 0.559224
||yp|| = 613.07
||yphi|| = 0.181858
||BtYp|| = 3.50345
||ru|| = 3.50592
||yu|| = 176.705
||GtYphi|| = 1.82162
||KtYu|| = 15.135
||rj|| = 15.9021
||yj|| = 0.967717
||rphi|| = 0.00148926
||rp|| = 0.0943415
||y|| = 638.028
   Pass :  1   Iteration : 330  || r || = 0.0231603
||yp|| = 564.677
||xi|| = 512.999
||eta|| = 0.535825
||yp|| = 564.677
||yphi|| = 0.163434
||BtYp|| = 2.90339
||ru|| = 2.90418
||yu|| = 161.789
||GtYphi|| = 1.91387
||KtYu|| = 13.7993
||rj|| = 14.521
||yj|| = 0.887491
||rphi|| = 0.00129758
||rp|| = 0.0852885
||y|| = 587.398
   Pass :  1   Iteration : 331  || r || = 0.0228915
||yp|| = 488.132
||xi|| = 443.409
||eta|| = 0.392958
||yp|| = 488.132
||yphi|| = 0.179653
||BtYp|| = 2.67964
||ru|| = 2.68162
||yu|| = 152.143
||GtYphi|| = 1.62201
||KtYu|| = 14.4069
||rj|| = 15.2128
||yj|| = 0.963352
||rphi|| = 0.0015028
||rp|| = 0.0816504
||y|| = 511.293
   Pass :  1   Iteration : 332  || r || = 0.0222612
||yp|| = 458.971
||xi|| = 416.909
||eta|| = 0.517138
||yp|| = 458.971
||yphi|| = 0.167133
||BtYp|| = 2.14648
||ru|| = 2.14758
||yu|| = 125.917
||GtYphi|| = 1.77364
||KtYu|| = 13.4047
||rj|| = 14.1523
||yj|| = 0.857641
||rphi|| = 0.00130137
||rp|| = 0.0658575
||y|| = 475.931
   Pass :  1   Iteration : 333  || r || = 0.0212832
||yp|| = 485.377
||xi|| = 440.925
||eta|| = 0.430253
||yp|| = 485.377
||yphi|| = 0.204593
||BtYp|| = 2.31765
||ru|| = 2.31858
||yu|| = 142.084
||GtYphi|| = 1.65638
||KtYu|| = 13.5599
||rj|| = 14.2436
||yj|| = 0.871985
||rphi|| = 0.00162165
||rp|| = 0.0698899
||y|| = 505.746
   Pass :  1   Iteration : 334  || r || = 0.0204263
||yp|| = 523.836
||xi|| = 475.815
||eta|| = 0.428717
||yp|| = 523.836
||yphi|| = 0.143009
||BtYp|| = 2.79948
||ru|| = 2.80046
||yu|| = 168.723
||GtYphi|| = 1.37199
||KtYu|| = 15.2337
||rj|| = 15.9803
||yj|| = 0.97418
||rphi|| = 0.00110827
||rp|| = 0.0853265
||y|| = 550.338
   Pass :  1   Iteration : 335  || r || = 0.0195131
||yp|| = 481.028
||xi|| = 437.004
||eta|| = 0.313183
||yp|| = 481.028
||yphi|| = 0.194736
||BtYp|| = 2.29758
||ru|| = 2.2986
||yu|| = 129.805
||GtYphi|| = 1.70311
||KtYu|| = 12.7703
||rj|| = 13.5199
||yj|| = 0.797061
||rphi|| = 0.00167861
||rp|| = 0.0690367
||y|| = 498.235
   Pass :  1   Iteration : 336  || r || = 0.0190108
||yp|| = 458.128
||xi|| = 416.158
||eta|| = 0.35748
||yp|| = 458.128
||yphi|| = 0.198121
||BtYp|| = 2.21599
||ru|| = 2.21675
||yu|| = 129.22
||GtYphi|| = 1.58774
||KtYu|| = 13.6928
||rj|| = 14.5012
||yj|| = 0.901294
||rphi|| = 0.00154332
||rp|| = 0.065852
||y|| = 476.005
   Pass :  1   Iteration : 337  || r || = 0.0187886
||yp|| = 634.09
||xi|| = 576.116
||eta|| = 0.547118
||yp|| = 634.09
||yphi|| = 0.206235
||BtYp|| = 3.549
||ru|| = 3.54956
||yu|| = 187.547
||GtYphi|| = 1.77402
||KtYu|| = 14.9805
||rj|| = 15.7201
||yj|| = 0.927413
||rphi|| = 0.00160356
||rp|| = 0.0988871
||y|| = 661.245
   Pass :  1   Iteration : 338  || r || = 0.0186821
||yp|| = 508.58
||xi|| = 462.044
||eta|| = 0.556695
||yp|| = 508.58
||yphi|| = 0.190543
||BtYp|| = 2.71912
||ru|| = 2.71913
||yu|| = 140.024
||GtYphi|| = 2.00722
||KtYu|| = 13.8222
||rj|| = 14.4979
||yj|| = 0.851657
||rphi|| = 0.00159294
||rp|| = 0.0735653
||y|| = 527.504
   Pass :  1   Iteration : 339  || r || = 0.0186462
||yp|| = 551.942
||xi|| = 501.435
||eta|| = 0.466993
||yp|| = 551.942
||yphi|| = 0.172346
||BtYp|| = 2.84177
||ru|| = 2.84302
||yu|| = 154.099
||GtYphi|| = 1.65493
||KtYu|| = 15.4348
||rj|| = 16.2385
||yj|| = 1.01159
||rphi|| = 0.00149856
||rp|| = 0.0764172
||y|| = 573.051
   Pass :  1   Iteration : 340  || r || = 0.0186167
||yp|| = 572.634
||xi|| = 520.163
||eta|| = 0.550103
||yp|| = 572.634
||yphi|| = 0.216221
||BtYp|| = 3.07632
||ru|| = 3.0768
||yu|| = 175.982
||GtYphi|| = 2.10881
||KtYu|| = 14.2675
||rj|| = 15.02
||yj|| = 0.936025
||rphi|| = 0.00170918
||rp|| = 0.0906063
||y|| = 599.066
   Pass :  1   Iteration : 341  || r || = 0.0186036
||yp|| = 538.002
||xi|| = 488.813
||eta|| = 0.412949
||yp|| = 538.002
||yphi|| = 0.205115
||BtYp|| = 2.5328
||ru|| = 2.53456
||yu|| = 139.789
||GtYphi|| = 2.00655
||KtYu|| = 13.8865
||rj|| = 14.6146
||yj|| = 0.848204
||rphi|| = 0.0017339
||rp|| = 0.0701207
||y|| = 555.867
   Pass :  1   Iteration : 342  || r || = 0.0185981
||yp|| = 463.036
||xi|| = 420.623
||eta|| = 0.51563
||yp|| = 463.036
||yphi|| = 0.157723
||BtYp|| = 2.3088
||ru|| = 2.3102
||yu|| = 140.204
||GtYphi|| = 1.68969
||KtYu|| = 15.1574
||rj|| = 15.9667
||yj|| = 0.990934
||rphi|| = 0.00132303
||rp|| = 0.0696087
||y|| = 483.798
   Pass :  1   Iteration : 343  || r || = 0.01859
||yp|| = 527.141
||xi|| = 478.859
||eta|| = 0.458128
||yp|| = 527.141
||yphi|| = 0.181916
||BtYp|| = 2.64488
||ru|| = 2.64671
||yu|| = 137.983
||GtYphi|| = 1.93098
||KtYu|| = 12.4347
||rj|| = 13.181
||yj|| = 0.749062
||rphi|| = 0.00146575
||rp|| = 0.0669232
||y|| = 544.901
   Pass :  1   Iteration : 344  || r || = 0.0185874
||yp|| = 532.163
||xi|| = 483.429
||eta|| = 0.472154
||yp|| = 532.163
||yphi|| = 0.151205
||BtYp|| = 2.76735
||ru|| = 2.76846
||yu|| = 150.748
||GtYphi|| = 1.74076
||KtYu|| = 14.0561
||rj|| = 14.8012
||yj|| = 0.853354
||rphi|| = 0.00122994
||rp|| = 0.0769765
||y|| = 553.103
   Pass :  1   Iteration : 345  || r || = 0.0185805
||yp|| = 485.998
||xi|| = 441.438
||eta|| = 0.522874
||yp|| = 485.998
||yphi|| = 0.172255
||BtYp|| = 2.46313
||ru|| = 2.46388
||yu|| = 161.645
||GtYphi|| = 1.63693
||KtYu|| = 15.6661
||rj|| = 16.4038
||yj|| = 1.02596
||rphi|| = 0.00142932
||rp|| = 0.0806758
||y|| = 512.175
   Pass :  1   Iteration : 346  || r || = 0.0185695
||yp|| = 473.779
||xi|| = 430.318
||eta|| = 0.563669
||yp|| = 473.779
||yphi|| = 0.219048
||BtYp|| = 2.07136
||ru|| = 2.07405
||yu|| = 137.211
||GtYphi|| = 2.1133
||KtYu|| = 13.6488
||rj|| = 14.5395
||yj|| = 0.766506
||rphi|| = 0.00183001
||rp|| = 0.0638466
||y|| = 493.248
   Pass :  1   Iteration : 347  || r || = 0.0185507
||yp|| = 494.481
||xi|| = 449.228
||eta|| = 0.397157
||yp|| = 494.481
||yphi|| = 0.219331
||BtYp|| = 2.3264
||ru|| = 2.32823
||yu|| = 134.304
||GtYphi|| = 1.95548
||KtYu|| = 14.1343
||rj|| = 14.8617
||yj|| = 0.902385
||rphi|| = 0.00179966
||rp|| = 0.0679166
||y|| = 512.396
   Pass :  1   Iteration : 348  || r || = 0.0185074
||yp|| = 473.994
||xi|| = 430.616
||eta|| = 0.286848
||yp|| = 473.994
||yphi|| = 0.212451
||BtYp|| = 2.35677
||ru|| = 2.35962
||yu|| = 136.341
||GtYphi|| = 1.6697
||KtYu|| = 14.6643
||rj|| = 15.5076
||yj|| = 0.952689
||rphi|| = 0.00164952
||rp|| = 0.0712686
||y|| = 493.214
   Pass :  1   Iteration : 349  || r || = 0.0183635
||yp|| = 547.053
||xi|| = 496.995
||eta|| = 0.412976
||yp|| = 547.053
||yphi|| = 0.240811
||BtYp|| = 2.90508
||ru|| = 2.90543
||yu|| = 155.813
||GtYphi|| = 2.09591
||KtYu|| = 13.7442
||rj|| = 14.5196
||yj|| = 0.787977
||rphi|| = 0.00196122
||rp|| = 0.0819639
||y|| = 568.81
   Pass :  1   Iteration : 350  || r || = 0.0181245
||yp|| = 447.33
||xi|| = 406.316
||eta|| = 0.529413
||yp|| = 447.33
||yphi|| = 0.202155
||BtYp|| = 2.20146
||ru|| = 2.2031
||yu|| = 131.864
||GtYphi|| = 1.8918
||KtYu|| = 14.2558
||rj|| = 14.993
||yj|| = 0.939509
||rphi|| = 0.00160637
||rp|| = 0.0676615
||y|| = 466.361
   Pass :  1   Iteration : 351  || r || = 0.0178451
||yp|| = 504.708
||xi|| = 458.467
||eta|| = 0.392452
||yp|| = 504.708
||yphi|| = 0.198244
||BtYp|| = 2.45252
||ru|| = 2.45441
||yu|| = 153.528
||GtYphi|| = 1.65875
||KtYu|| = 15.2184
||rj|| = 16.0049
||yj|| = 1.01886
||rphi|| = 0.00158862
||rp|| = 0.0754609
||y|| = 527.544
   Pass :  1   Iteration : 352  || r || = 0.0171052
||yp|| = 485.803
||xi|| = 441.254
||eta|| = 0.614657
||yp|| = 485.803
||yphi|| = 0.195588
||BtYp|| = 2.34017
||ru|| = 2.34117
||yu|| = 143.904
||GtYphi|| = 1.96975
||KtYu|| = 13.1859
||rj|| = 13.9645
||yj|| = 0.767073
||rphi|| = 0.001596
||rp|| = 0.0716671
||y|| = 506.67
   Pass :  1   Iteration : 353  || r || = 0.0159883
||yp|| = 433.051
||xi|| = 393.391
||eta|| = 0.373599
||yp|| = 433.051
||yphi|| = 0.208151
||BtYp|| = 2.21786
||ru|| = 2.22023
||yu|| = 127.958
||GtYphi|| = 1.69259
||KtYu|| = 12.8755
||rj|| = 13.6222
||yj|| = 0.843469
||rphi|| = 0.00161098
||rp|| = 0.065708
||y|| = 451.56
   Pass :  1   Iteration : 354  || r || = 0.015163
||yp|| = 491.665
||xi|| = 446.705
||eta|| = 0.321905
||yp|| = 491.665
||yphi|| = 0.156435
||BtYp|| = 2.56468
||ru|| = 2.56526
||yu|| = 130.246
||GtYphi|| = 1.55289
||KtYu|| = 14.1001
||rj|| = 14.9187
||yj|| = 0.954185
||rphi|| = 0.0012659
||rp|| = 0.0695285
||y|| = 508.625
   Pass :  1   Iteration : 355  || r || = 0.0145905
||yp|| = 490.28
||xi|| = 445.406
||eta|| = 0.427549
||yp|| = 490.28
||yphi|| = 0.24165
||BtYp|| = 2.32436
||ru|| = 2.32677
||yu|| = 129.28
||GtYphi|| = 2.03118
||KtYu|| = 12.1274
||rj|| = 12.8656
||yj|| = 0.745484
||rphi|| = 0.00190903
||rp|| = 0.0674016
||y|| = 507.039
   Pass :  1   Iteration : 356  || r || = 0.0143486
||yp|| = 523.573
||xi|| = 475.617
||eta|| = 0.458692
||yp|| = 523.573
||yphi|| = 0.192748
||BtYp|| = 2.73032
||ru|| = 2.73181
||yu|| = 166.455
||GtYphi|| = 1.58586
||KtYu|| = 16.3946
||rj|| = 17.1405
||yj|| = 1.09192
||rphi|| = 0.00164633
||rp|| = 0.0856766
||y|| = 549.397
   Pass :  1   Iteration : 357  || r || = 0.0142075
||yp|| = 490.351
||xi|| = 445.367
||eta|| = 0.562763
||yp|| = 490.351
||yphi|| = 0.16325
||BtYp|| = 2.45752
||ru|| = 2.45989
||yu|| = 160.795
||GtYphi|| = 1.74072
||KtYu|| = 15.0037
||rj|| = 15.6898
||yj|| = 0.971523
||rphi|| = 0.00132559
||rp|| = 0.083632
||y|| = 516.042
   Pass :  1   Iteration : 358  || r || = 0.014134
||yp|| = 483.542
||xi|| = 439.235
||eta|| = 0.519569
||yp|| = 483.542
||yphi|| = 0.220849
||BtYp|| = 2.22438
||ru|| = 2.22508
||yu|| = 138.834
||GtYphi|| = 2.13524
||KtYu|| = 12.9025
||rj|| = 13.6383
||yj|| = 0.762308
||rphi|| = 0.00187337
||rp|| = 0.0689323
||y|| = 503.079
   Pass :  1   Iteration : 359  || r || = 0.0141152
||yp|| = 508.738
||xi|| = 462.156
||eta|| = 0.400741
||yp|| = 508.738
||yphi|| = 0.184603
||BtYp|| = 3.07163
||ru|| = 3.07373
||yu|| = 159.294
||GtYphi|| = 1.62673
||KtYu|| = 15.6322
||rj|| = 16.4436
||yj|| = 1.03146
||rphi|| = 0.00145143
||rp|| = 0.0906189
||y|| = 533.095
   Pass :  1   Iteration : 360  || r || = 0.0140992
||yp|| = 498.973
||xi|| = 453.32
||eta|| = 0.512374
||yp|| = 498.973
||yphi|| = 0.182843
||BtYp|| = 2.61737
||ru|| = 2.61802
||yu|| = 139.528
||GtYphi|| = 1.91442
||KtYu|| = 12.8792
||rj|| = 13.5893
||yj|| = 0.79819
||rphi|| = 0.00145964
||rp|| = 0.076059
||y|| = 518.115
   Pass :  1   Iteration : 361  || r || = 0.0140862
||yp|| = 589.333
||xi|| = 535.451
||eta|| = 0.438155
||yp|| = 589.333
||yphi|| = 0.182637
||BtYp|| = 3.07799
||ru|| = 3.07829
||yu|| = 165.257
||GtYphi|| = 1.79599
||KtYu|| = 14.6477
||rj|| = 15.3345
||yj|| = 0.894403
||rphi|| = 0.00162612
||rp|| = 0.0877401
||y|| = 612.066
   Pass :  1   Iteration : 362  || r || = 0.0140822
||yp|| = 599.546
||xi|| = 544.614
||eta|| = 0.424754
||yp|| = 599.546
||yphi|| = 0.139887
||BtYp|| = 3.26774
||ru|| = 3.26853
||yu|| = 180.316
||GtYphi|| = 1.47447
||KtYu|| = 15.9987
||rj|| = 16.8182
||yj|| = 1.03798
||rphi|| = 0.00119614
||rp|| = 0.0941531
||y|| = 626.075
   Pass :  1   Iteration : 363  || r || = 0.0140767
||yp|| = 489.336
||xi|| = 444.531
||eta|| = 0.641989
||yp|| = 489.336
||yphi|| = 0.24551
||BtYp|| = 2.23837
||ru|| = 2.24098
||yu|| = 118.089
||GtYphi|| = 1.83839
||KtYu|| = 12.0209
||rj|| = 12.6696
||yj|| = 0.724507
||rphi|| = 0.00185729
||rp|| = 0.0600259
||y|| = 503.384
   Pass :  1   Iteration : 364  || r || = 0.0140724
||yp|| = 542.066
||xi|| = 492.497
||eta|| = 0.436754
||yp|| = 542.066
||yphi|| = 0.205577
||BtYp|| = 2.8969
||ru|| = 2.89948
||yu|| = 152.697
||GtYphi|| = 1.86691
||KtYu|| = 14.6059
||rj|| = 15.3845
||yj|| = 0.883619
||rphi|| = 0.00162434
||rp|| = 0.0821347
||y|| = 563.163
   Pass :  1   Iteration : 365  || r || = 0.0140675
||yp|| = 569.965
||xi|| = 517.85
||eta|| = 0.453558
||yp|| = 569.965
||yphi|| = 0.190687
||BtYp|| = 2.99039
||ru|| = 2.99177
||yu|| = 162.646
||GtYphi|| = 1.70892
||KtYu|| = 15.9413
||rj|| = 16.7105
||yj|| = 0.985453
||rphi|| = 0.00161515
||rp|| = 0.0881399
||y|| = 592.718
   Pass :  1   Iteration : 366  || r || = 0.0140574
||yp|| = 535.646
||xi|| = 486.638
||eta|| = 0.40932
||yp|| = 535.646
||yphi|| = 0.169737
||BtYp|| = 2.42222
||ru|| = 2.42368
||yu|| = 134.37
||GtYphi|| = 2.02957
||KtYu|| = 13.503
||rj|| = 14.2316
||yj|| = 0.79011
||rphi|| = 0.00116138
||rp|| = 0.0661932
||y|| = 552.243
   Pass :  1   Iteration : 367  || r || = 0.0140266
||yp|| = 590.823
||xi|| = 536.635
||eta|| = 0.584177
||yp|| = 590.823
||yphi|| = 0.193469
||BtYp|| = 3.06178
||ru|| = 3.06276
||yu|| = 193.404
||GtYphi|| = 1.75645
||KtYu|| = 16.2311
||rj|| = 16.9597
||yj|| = 0.996375
||rphi|| = 0.00156266
||rp|| = 0.093187
||y|| = 621.674
   Pass :  1   Iteration : 368  || r || = 0.0139603
||yp|| = 441.213
||xi|| = 400.755
||eta|| = 0.584663
||yp|| = 441.213
||yphi|| = 0.197801
||BtYp|| = 2.2505
||ru|| = 2.25229
||yu|| = 130.126
||GtYphi|| = 1.59598
||KtYu|| = 14.2959
||rj|| = 15.089
||yj|| = 0.962231
||rphi|| = 0.00155798
||rp|| = 0.0719001
||y|| = 460.003
   Pass :  1   Iteration : 369  || r || = 0.013768
||yp|| = 522.391
||xi|| = 474.554
||eta|| = 0.585316
||yp|| = 522.391
||yphi|| = 0.167819
||BtYp|| = 2.47708
||ru|| = 2.47671
||yu|| = 152.798
||GtYphi|| = 1.90886
||KtYu|| = 15.355
||rj|| = 16.0971
||yj|| = 0.926599
||rphi|| = 0.00124782
||rp|| = 0.0790625
||y|| = 544.28
   Pass :  1   Iteration : 370  || r || = 0.0133855
||yp|| = 482.993
||xi|| = 438.668
||eta|| = 0.632451
||yp|| = 482.993
||yphi|| = 0.162357
||BtYp|| = 2.34231
||ru|| = 2.34348
||yu|| = 140.574
||GtYphi|| = 1.69989
||KtYu|| = 14.0144
||rj|| = 14.7952
||yj|| = 0.872247
||rphi|| = 0.00130888
||rp|| = 0.0722515
||y|| = 503.035
   Pass :  1   Iteration : 371  || r || = 0.0126607
||yp|| = 509.869
||xi|| = 463.086
||eta|| = 0.559653
||yp|| = 509.869
||yphi|| = 0.224545
||BtYp|| = 2.49127
||ru|| = 2.49416
||yu|| = 153.97
||GtYphi|| = 1.75603
||KtYu|| = 15.9318
||rj|| = 16.7029
||yj|| = 1.0216
||rphi|| = 0.00180811
||rp|| = 0.0797217
||y|| = 532.61
   Pass :  1   Iteration : 372  || r || = 0.0115138
||yp|| = 482.622
||xi|| = 438.431
||eta|| = 0.444211
||yp|| = 482.622
||yphi|| = 0.179856
||BtYp|| = 2.23385
||ru|| = 2.23482
||yu|| = 122.492
||GtYphi|| = 1.76195
||KtYu|| = 13.1308
||rj|| = 13.7984
||yj|| = 0.842698
||rphi|| = 0.00145306
||rp|| = 0.0649132
||y|| = 497.925
   Pass :  1   Iteration : 373  || r || = 0.0109182
||yp|| = 489.529
||xi|| = 444.676
||eta|| = 0.419625
||yp|| = 489.529
||yphi|| = 0.215538
||BtYp|| = 2.59335
||ru|| = 2.59511
||yu|| = 148.299
||GtYphi|| = 1.83698
||KtYu|| = 15.0363
||rj|| = 15.8234
||yj|| = 0.950964
||rphi|| = 0.00177247
||rp|| = 0.0773908
||y|| = 511.5
   Pass :  1   Iteration : 374  || r || = 0.0104546
||yp|| = 499.022
||xi|| = 453.379
||eta|| = 0.363024
||yp|| = 499.022
||yphi|| = 0.222135
||BtYp|| = 2.19983
||ru|| = 2.20184
||yu|| = 124.054
||GtYphi|| = 1.83587
||KtYu|| = 14.0058
||rj|| = 14.803
||yj|| = 0.857508
||rphi|| = 0.00177647
||rp|| = 0.0653366
||y|| = 514.211
   Pass :  1   Iteration : 375  || r || = 0.0100732
||yp|| = 443.089
||xi|| = 402.489
||eta|| = 0.409664
||yp|| = 443.089
||yphi|| = 0.196878
||BtYp|| = 2.08165
||ru|| = 2.08291
||yu|| = 127.476
||GtYphi|| = 1.97301
||KtYu|| = 12.3867
||rj|| = 13.0896
||yj|| = 0.775148
||rphi|| = 0.00148593
||rp|| = 0.0617471
||y|| = 461.062
   Pass :  1   Iteration : 376  || r || = 0.00996117
||yp|| = 568.661
||xi|| = 516.609
||eta|| = 0.499991
||yp|| = 568.661
||yphi|| = 0.163157
||BtYp|| = 2.92984
||ru|| = 2.9312
||yu|| = 179.878
||GtYphi|| = 1.48562
||KtYu|| = 16.2839
||rj|| = 16.9991
||yj|| = 1.05448
||rphi|| = 0.00134792
||rp|| = 0.0944588
||y|| = 596.433
   Pass :  1   Iteration : 377  || r || = 0.00990267
||yp|| = 570.562
||xi|| = 518.362
||eta|| = 0.392531
||yp|| = 570.562
||yphi|| = 0.222101
||BtYp|| = 2.61372
||ru|| = 2.61513
||yu|| = 151.223
||GtYphi|| = 1.85349
||KtYu|| = 15.9243
||rj|| = 16.623
||yj|| = 1.03207
||rphi|| = 0.00186523
||rp|| = 0.075353
||y|| = 590.263
   Pass :  1   Iteration : 378  || r || = 0.00988106
||yp|| = 514.347
||xi|| = 467.336
||eta|| = 0.609966
||yp|| = 514.347
||yphi|| = 0.19958
||BtYp|| = 2.35998
||ru|| = 2.36382
||yu|| = 123.412
||GtYphi|| = 2.02302
||KtYu|| = 13.6443
||rj|| = 14.3448
||yj|| = 0.835279
||rphi|| = 0.00174322
||rp|| = 0.0634493
||y|| = 528.946
   Pass :  1   Iteration : 379  || r || = 0.00987556
||yp|| = 604.633
||xi|| = 549.158
||eta|| = 0.662671
||yp|| = 604.633
||yphi|| = 0.135609
||BtYp|| = 3.13653
||ru|| = 3.13921
||yu|| = 191.048
||GtYphi|| = 1.46421
||KtYu|| = 16.1582
||rj|| = 16.912
||yj|| = 1.10098
||rphi|| = 0.00112397
||rp|| = 0.0932922
||y|| = 634.1
   Pass :  1   Iteration : 380  || r || = 0.009869
||yp|| = 530.147
||xi|| = 481.551
||eta|| = 0.573683
||yp|| = 530.147
||yphi|| = 0.183158
||BtYp|| = 2.41987
||ru|| = 2.4191
||yu|| = 141.278
||GtYphi|| = 2.01649
||KtYu|| = 13.5538
||rj|| = 14.2697
||yj|| = 0.820058
||rphi|| = 0.00162691
||rp|| = 0.0697962
||y|| = 548.649
   Pass :  1   Iteration : 381  || r || = 0.00986451
||yp|| = 562.838
||xi|| = 511.338
||eta|| = 0.480008
||yp|| = 562.838
||yphi|| = 0.152356
||BtYp|| = 2.63862
||ru|| = 2.6414
||yu|| = 148.252
||GtYphi|| = 1.87321
||KtYu|| = 14.4505
||rj|| = 15.1544
||yj|| = 0.880581
||rphi|| = 0.00126577
||rp|| = 0.0732608
||y|| = 582.036
   Pass :  1   Iteration : 382  || r || = 0.00986116
||yp|| = 594.161
||xi|| = 539.708
||eta|| = 0.751754
||yp|| = 594.161
||yphi|| = 0.141033
||BtYp|| = 2.87744
||ru|| = 2.87798
||yu|| = 174.231
||GtYphi|| = 1.48481
||KtYu|| = 16.8977
||rj|| = 17.6398
||yj|| = 1.09915
||rphi|| = 0.0012597
||rp|| = 0.0861029
||y|| = 619.181
   Pass :  1   Iteration : 383  || r || = 0.00985337
||yp|| = 535.839
||xi|| = 486.767
||eta|| = 0.941838
||yp|| = 535.839
||yphi|| = 0.169954
||BtYp|| = 2.43234
||ru|| = 2.43319
||yu|| = 139.06
||GtYphi|| = 2.06331
||KtYu|| = 13.5472
||rj|| = 14.2624
||yj|| = 0.815014
||rphi|| = 0.00144987
||rp|| = 0.0715255
||y|| = 553.59
   Pass :  1   Iteration : 384  || r || = 0.00984863
||yp|| = 572.542
||xi|| = 520.182
||eta|| = 0.549086
||yp|| = 572.542
||yphi|| = 0.176232
||BtYp|| = 2.9293
||ru|| = 2.93012
||yu|| = 152.334
||GtYphi|| = 1.82508
||KtYu|| = 14.5914
||rj|| = 15.3431
||yj|| = 0.936826
||rphi|| = 0.00147502
||rp|| = 0.0793599
||y|| = 592.462
   Pass :  1   Iteration : 385  || r || = 0.00983661
||yp|| = 643.78
||xi|| = 584.894
||eta|| = 0.449211
||yp|| = 643.78
||yphi|| = 0.180049
||BtYp|| = 3.3332
||ru|| = 3.33532
||yu|| = 167.098
||GtYphi|| = 1.66068
||KtYu|| = 15.7334
||rj|| = 16.5386
||yj|| = 1.02703
||rphi|| = 0.0013659
||rp|| = 0.0840862
||y|| = 665.113
   Pass :  1   Iteration : 386  || r || = 0.00977745
||yp|| = 599.14
||xi|| = 544.324
||eta|| = 0.612776
||yp|| = 599.14
||yphi|| = 0.234901
||BtYp|| = 2.73774
||ru|| = 2.73863
||yu|| = 138.194
||GtYphi|| = 2.00802
||KtYu|| = 12.5534
||rj|| = 13.3401
||yj|| = 0.71027
||rphi|| = 0.00203766
||rp|| = 0.0688553
||y|| = 614.871
   Pass :  1   Iteration : 387  || r || = 0.0096471
||yp|| = 581.072
||xi|| = 527.764
||eta|| = 0.799414
||yp|| = 581.072
||yphi|| = 0.170834
||BtYp|| = 3.03528
||ru|| = 3.03511
||yu|| = 173.514
||GtYphi|| = 1.68309
||KtYu|| = 15.591
||rj|| = 16.2953
||yj|| = 1.05188
||rphi|| = 0.00141988
||rp|| = 0.0899047
||y|| = 606.426
   Pass :  1   Iteration : 388  || r || = 0.00943934
||yp|| = 596.131
||xi|| = 541.505
||eta|| = 0.687732
||yp|| = 596.131
||yphi|| = 0.147385
||BtYp|| = 2.9499
||ru|| = 2.95144
||yu|| = 164.385
||GtYphi|| = 1.58088
||KtYu|| = 15.3397
||rj|| = 16.1458
||yj|| = 0.979902
||rphi|| = 0.00126765
||rp|| = 0.0823693
||y|| = 618.382
   Pass :  1   Iteration : 389  || r || = 0.00889446
||yp|| = 534.901
||xi|| = 485.92
||eta|| = 0.752709
||yp|| = 534.901
||yphi|| = 0.161354
||BtYp|| = 2.24692
||ru|| = 2.24773
||yu|| = 134.355
||GtYphi|| = 1.97205
||KtYu|| = 12.845
||rj|| = 13.5632
||yj|| = 0.804501
||rphi|| = 0.00122319
||rp|| = 0.065375
||y|| = 551.517
   Pass :  1   Iteration : 390  || r || = 0.0082057
||yp|| = 518.748
||xi|| = 471.257
||eta|| = 0.431827
||yp|| = 518.748
||yphi|| = 0.154791
||BtYp|| = 2.54692
||ru|| = 2.54898
||yu|| = 148.419
||GtYphi|| = 1.57244
||KtYu|| = 15.8244
||rj|| = 16.5507
||yj|| = 1.06875
||rphi|| = 0.00130954
||rp|| = 0.0716284
||y|| = 539.563
   Pass :  1   Iteration : 391  || r || = 0.00759346
||yp|| = 563.871
||xi|| = 512.243
||eta|| = 0.576647
||yp|| = 563.871
||yphi|| = 0.157048
||BtYp|| = 2.61374
||ru|| = 2.61473
||yu|| = 146.914
||GtYphi|| = 1.48871
||KtYu|| = 14.6987
||rj|| = 15.3755
||yj|| = 0.987361
||rphi|| = 0.00128338
||rp|| = 0.0706556
||y|| = 582.697
   Pass :  1   Iteration : 392  || r || = 0.00716836
||yp|| = 527.15
||xi|| = 478.937
||eta|| = 0.44542
||yp|| = 527.15
||yphi|| = 0.192615
||BtYp|| = 1.9818
||ru|| = 1.98286
||yu|| = 108.816
||GtYphi|| = 2.06916
||KtYu|| = 11.3672
||rj|| = 12.1907
||yj|| = 0.660186
||rphi|| = 0.00154891
||rp|| = 0.0514536
||y|| = 538.264
   Pass :  1   Iteration : 393  || r || = 0.0070214
||yp|| = 589.869
||xi|| = 535.892
||eta|| = 0.524016
||yp|| = 589.869
||yphi|| = 0.237278
||BtYp|| = 2.86639
||ru|| = 2.86819
||yu|| = 148.068
||GtYphi|| = 1.6494
||KtYu|| = 15.4532
||rj|| = 16.2344
||yj|| = 1.02405
||rphi|| = 0.00186196
||rp|| = 0.0751011
||y|| = 608.17
   Pass :  1   Iteration : 394  || r || = 0.00690789
||yp|| = 590.742
||xi|| = 536.692
||eta|| = 0.495616
||yp|| = 590.742
||yphi|| = 0.232094
||BtYp|| = 2.88262
||ru|| = 2.884
||yu|| = 152.288
||GtYphi|| = 1.8021
||KtYu|| = 14.5258
||rj|| = 15.266
||yj|| = 0.935729
||rphi|| = 0.00171713
||rp|| = 0.0760505
||y|| = 610.057
   Pass :  1   Iteration : 395  || r || = 0.00685747
||yp|| = 558.383
||xi|| = 507.286
||eta|| = 0.448962
||yp|| = 558.383
||yphi|| = 0.254559
||BtYp|| = 2.59101
||ru|| = 2.5914
||yu|| = 133.304
||GtYphi|| = 2.15516
||KtYu|| = 12.6086
||rj|| = 13.4326
||yj|| = 0.742375
||rphi|| = 0.00191467
||rp|| = 0.0677493
||y|| = 574.075
   Pass :  1   Iteration : 396  || r || = 0.00684532
||yp|| = 575.069
||xi|| = 522.459
||eta|| = 0.309828
||yp|| = 575.069
||yphi|| = 0.183202
||BtYp|| = 2.95846
||ru|| = 2.96036
||yu|| = 151.788
||GtYphi|| = 1.68374
||KtYu|| = 15.3932
||rj|| = 16.2103
||yj|| = 1.02945
||rphi|| = 0.00157465
||rp|| = 0.0791257
||y|| = 594.764
   Pass :  1   Iteration : 397  || r || = 0.00683474
||yp|| = 598.229
||xi|| = 543.527
||eta|| = 0.496633
||yp|| = 598.229
||yphi|| = 0.208793
||BtYp|| = 3.19012
||ru|| = 3.19296
||yu|| = 172.031
||GtYphi|| = 1.94562
||KtYu|| = 15.2594
||rj|| = 16.0122
||yj|| = 0.975781
||rphi|| = 0.00157338
||rp|| = 0.0887935
||y|| = 622.473
   Pass :  1   Iteration : 398  || r || = 0.00682886
||yp|| = 520.683
||xi|| = 473.028
||eta|| = 0.430687
||yp|| = 520.683
||yphi|| = 0.228387
||BtYp|| = 2.37817
||ru|| = 2.37813
||yu|| = 126.968
||GtYphi|| = 2.11699
||KtYu|| = 12.4909
||rj|| = 13.299
||yj|| = 0.778332
||rphi|| = 0.00190397
||rp|| = 0.0660052
||y|| = 535.941
   Pass :  1   Iteration : 399  || r || = 0.00682793
||yp|| = 538.741
||xi|| = 489.47
||eta|| = 0.310413
||yp|| = 538.741
||yphi|| = 0.163029
||BtYp|| = 2.4814
||ru|| = 2.48343
||yu|| = 132.95
||GtYphi|| = 1.55226
||KtYu|| = 15.1644
||rj|| = 16.0044
||yj|| = 1.07231
||rphi|| = 0.00145002
||rp|| = 0.0670311
||y|| = 554.905
   Pass :  1   Iteration : 400  || r || = 0.0068261
||yp|| = 531.389
||xi|| = 482.731
||eta|| = 0.492827
||yp|| = 531.389
||yphi|| = 0.199773
||BtYp|| = 2.39019
||ru|| = 2.3924
||yu|| = 145.544
||GtYphi|| = 1.996
||KtYu|| = 14.4009
||rj|| = 15.195
||yj|| = 0.901546
||rphi|| = 0.00174905
||rp|| = 0.0713133
||y|| = 550.961
   Pass :  1   Iteration : 401  || r || = 0.0068249
||yp|| = 581.659
||xi|| = 528.447
||eta|| = 0.404519
||yp|| = 581.659
||yphi|| = 0.308721
||BtYp|| = 2.27761
||ru|| = 2.2794
||yu|| = 129.861
||GtYphi|| = 1.9553
||KtYu|| = 14.0247
||rj|| = 14.816
||yj|| = 0.905343
||rphi|| = 0.00226813
||rp|| = 0.0631004
||y|| = 595.98
   Pass :  1   Iteration : 402  || r || = 0.00682321
||yp|| = 589.683
||xi|| = 535.658
||eta|| = 0.416309
||yp|| = 589.683
||yphi|| = 0.307223
||BtYp|| = 2.77812
||ru|| = 2.77951
||yu|| = 162.489
||GtYphi|| = 1.79498
||KtYu|| = 15.4345
||rj|| = 16.2096
||yj|| = 1.07282
||rphi|| = 0.00270786
||rp|| = 0.0766831
||y|| = 611.662
   Pass :  1   Iteration : 403  || r || = 0.00681495
||yp|| = 540.758
||xi|| = 491.257
||eta|| = 0.463985
||yp|| = 540.758
||yphi|| = 0.236057
||BtYp|| = 2.17361
||ru|| = 2.17542
||yu|| = 126.148
||GtYphi|| = 2.05112
||KtYu|| = 12.8947
||rj|| = 13.6417
||yj|| = 0.797044
||rphi|| = 0.00182278
||rp|| = 0.0635524
||y|| = 555.277
   Pass :  1   Iteration : 404  || r || = 0.00679818
||yp|| = 566.823
||xi|| = 514.95
||eta|| = 0.458909
||yp|| = 566.823
||yphi|| = 0.208504
||BtYp|| = 2.52373
||ru|| = 2.52549
||yu|| = 142.139
||GtYphi|| = 1.85129
||KtYu|| = 13.7915
||rj|| = 14.5448
||yj|| = 0.883115
||rphi|| = 0.00160984
||rp|| = 0.0713713
||y|| = 584.374
   Pass :  1   Iteration : 405  || r || = 0.0067698
||yp|| = 625.39
||xi|| = 568.044
||eta|| = 0.555125
||yp|| = 625.39
||yphi|| = 0.180088
||BtYp|| = 3.10413
||ru|| = 3.10506
||yu|| = 186.942
||GtYphi|| = 1.72993
||KtYu|| = 16.0446
||rj|| = 16.8738
||yj|| = 1.10029
||rphi|| = 0.00171134
||rp|| = 0.0897803
||y|| = 652.733
   Pass :  1   Iteration : 406  || r || = 0.00663359
||yp|| = 509.247
||xi|| = 462.656
||eta|| = 0.577298
||yp|| = 509.247
||yphi|| = 0.206944
||BtYp|| = 2.24944
||ru|| = 2.24972
||yu|| = 133.864
||GtYphi|| = 2.04886
||KtYu|| = 11.916
||rj|| = 12.5625
||yj|| = 0.763184
||rphi|| = 0.00174952
||rp|| = 0.0668247
||y|| = 526.548
   Pass :  1   Iteration : 407  || r || = 0.00647631
||yp|| = 659.654
||xi|| = 599.201
||eta|| = 0.595466
||yp|| = 659.654
||yphi|| = 0.153081
||BtYp|| = 3.36984
||ru|| = 3.3717
||yu|| = 193.907
||GtYphi|| = 1.48719
||KtYu|| = 16.1669
||rj|| = 16.9082
||yj|| = 1.11015
||rphi|| = 0.00122693
||rp|| = 0.0933707
||y|| = 687.564
   Pass :  1   Iteration : 408  || r || = 0.00612899
||yp|| = 669.365
||xi|| = 607.917
||eta|| = 0.883159
||yp|| = 669.365
||yphi|| = 0.206937
||BtYp|| = 3.52455
||ru|| = 3.52412
||yu|| = 213.881
||GtYphi|| = 1.74942
||KtYu|| = 15.8671
||rj|| = 16.5843
||yj|| = 1.03811
||rphi|| = 0.00178405
||rp|| = 0.101271
||y|| = 702.706
   Pass :  1   Iteration : 409  || r || = 0.0055997
||yp|| = 528.088
||xi|| = 479.749
||eta|| = 0.415593
||yp|| = 528.088
||yphi|| = 0.185928
||BtYp|| = 2.37503
||ru|| = 2.37629
||yu|| = 139.265
||GtYphi|| = 1.83943
||KtYu|| = 13.1283
||rj|| = 13.7705
||yj|| = 0.802094
||rphi|| = 0.00143183
||rp|| = 0.067353
||y|| = 546.143
   Pass :  1   Iteration : 410  || r || = 0.00537095
||yp|| = 732.107
||xi|| = 665.159
||eta|| = 0.701962
||yp|| = 732.107
||yphi|| = 0.149982
||BtYp|| = 4.11084
||ru|| = 4.11136
||yu|| = 208.447
||GtYphi|| = 1.50294
||KtYu|| = 16.9212
||rj|| = 17.6581
||yj|| = 1.13207
||rphi|| = 0.00125326
||rp|| = 0.106864
||y|| = 761.204
   Pass :  1   Iteration : 411  || r || = 0.00520623
||yp|| = 690.259
||xi|| = 627.149
||eta|| = 0.555824
||yp|| = 690.259
||yphi|| = 0.136033
||BtYp|| = 3.44787
||ru|| = 3.44955
||yu|| = 168.91
||GtYphi|| = 1.65712
||KtYu|| = 14.7666
||rj|| = 15.4346
||yj|| = 0.952586
||rphi|| = 0.00114235
||rp|| = 0.0866475
||y|| = 710.626
   Pass :  1   Iteration : 412  || r || = 0.00510993
||yp|| = 596.546
||xi|| = 541.839
||eta|| = 0.688521
||yp|| = 596.546
||yphi|| = 0.159006
||BtYp|| = 2.83984
||ru|| = 2.83981
||yu|| = 162.108
||GtYphi|| = 1.97266
||KtYu|| = 13.1448
||rj|| = 13.9219
||yj|| = 0.743907
||rphi|| = 0.00132616
||rp|| = 0.0750132
||y|| = 618.18
   Pass :  1   Iteration : 413  || r || = 0.00508002
||yp|| = 899.989
||xi|| = 817.597
||eta|| = 0.669475
||yp|| = 899.989
||yphi|| = 0.150727
||BtYp|| = 5.01909
||ru|| = 5.02102
||yu|| = 263.33
||GtYphi|| = 1.67676
||KtYu|| = 17.6838
||rj|| = 18.3944
||yj|| = 1.13129
||rphi|| = 0.00138506
||rp|| = 0.125072
||y|| = 937.723
   Pass :  1   Iteration : 414  || r || = 0.00506151
||yp|| = 820.237
||xi|| = 745.048
||eta|| = 0.774754
||yp|| = 820.237
||yphi|| = 0.170933
||BtYp|| = 4.50435
||ru|| = 4.50468
||yu|| = 230.664
||GtYphi|| = 1.87736
||KtYu|| = 16.182
||rj|| = 16.877
||yj|| = 0.989618
||rphi|| = 0.00139392
||rp|| = 0.109438
||y|| = 852.053
   Pass :  1   Iteration : 415  || r || = 0.00504743
||yp|| = 701.997
||xi|| = 637.562
||eta|| = 0.739052
||yp|| = 701.997
||yphi|| = 0.177157
||BtYp|| = 3.67797
||ru|| = 3.67776
||yu|| = 210.185
||GtYphi|| = 2.07657
||KtYu|| = 14.4178
||rj|| = 15.1774
||yj|| = 0.82834
||rphi|| = 0.00135753
||rp|| = 0.0953399
||y|| = 732.788
   Pass :  1   Iteration : 416  || r || = 0.0050444
||yp|| = 828.597
||xi|| = 752.793
||eta|| = 0.4797
||yp|| = 828.597
||yphi|| = 0.142768
||BtYp|| = 4.60323
||ru|| = 4.60504
||yu|| = 236.726
||GtYphi|| = 1.63687
||KtYu|| = 16.8587
||rj|| = 17.578
||yj|| = 1.06198
||rphi|| = 0.00119368
||rp|| = 0.117365
||y|| = 861.75
   Pass :  1   Iteration : 417  || r || = 0.00504298
||yp|| = 705.936
||xi|| = 641.228
||eta|| = 0.684263
||yp|| = 705.936
||yphi|| = 0.187252
||BtYp|| = 3.89603
||ru|| = 3.89513
||yu|| = 214.05
||GtYphi|| = 1.92358
||KtYu|| = 16.1552
||rj|| = 16.8723
||yj|| = 1.00005
||rphi|| = 0.00155256
||rp|| = 0.105474
||y|| = 737.675
   Pass :  1   Iteration : 418  || r || = 0.00504195
||yp|| = 731.721
||xi|| = 664.697
||eta|| = 0.965469
||yp|| = 731.721
||yphi|| = 0.21418
||BtYp|| = 3.82897
||ru|| = 3.82901
||yu|| = 208.71
||GtYphi|| = 2.06746
||KtYu|| = 14.7394
||rj|| = 15.4534
||yj|| = 0.849056
||rphi|| = 0.00181163
||rp|| = 0.0996293
||y|| = 760.905
   Pass :  1   Iteration : 419  || r || = 0.00504118
||yp|| = 691.079
||xi|| = 627.659
||eta|| = 0.883577
||yp|| = 691.079
||yphi|| = 0.206548
||BtYp|| = 3.50973
||ru|| = 3.51081
||yu|| = 228.424
||GtYphi|| = 1.92261
||KtYu|| = 18.0223
||rj|| = 18.6551
||yj|| = 1.189
||rphi|| = 0.00167065
||rp|| = 0.107141
||y|| = 727.853
   Pass :  1   Iteration : 420  || r || = 0.00503981
||yp|| = 631.116
||xi|| = 573.238
||eta|| = 0.713082
||yp|| = 631.116
||yphi|| = 0.18794
||BtYp|| = 3.30929
||ru|| = 3.31079
||yu|| = 199.433
||GtYphi|| = 1.83907
||KtYu|| = 16.5159
||rj|| = 17.288
||yj|| = 1.06221
||rphi|| = 0.0014475
||rp|| = 0.0972383
||y|| = 661.877
   Pass :  1   Iteration : 421  || r || = 0.00503715
||yp|| = 685.653
||xi|| = 622.986
||eta|| = 0.397818
||yp|| = 685.653
||yphi|| = 0.180038
||BtYp|| = 3.15547
||ru|| = 3.15567
||yu|| = 161.526
||GtYphi|| = 1.96342
||KtYu|| = 12.5053
||rj|| = 13.1418
||yj|| = 0.728818
||rphi|| = 0.00139669
||rp|| = 0.0794373
||y|| = 704.422
   Pass :  1   Iteration : 422  || r || = 0.0050324
||yp|| = 514.386
||xi|| = 467.286
||eta|| = 0.412291
||yp|| = 514.386
||yphi|| = 0.193857
||BtYp|| = 2.56994
||ru|| = 2.57161
||yu|| = 152.516
||GtYphi|| = 1.65315
||KtYu|| = 16.0593
||rj|| = 16.8793
||yj|| = 1.06394
||rphi|| = 0.00165284
||rp|| = 0.0817506
||y|| = 536.522
   Pass :  1   Iteration : 423  || r || = 0.00501766
||yp|| = 594.37
||xi|| = 540.014
||eta|| = 0.59731
||yp|| = 594.37
||yphi|| = 0.1898
||BtYp|| = 2.79703
||ru|| = 2.79832
||yu|| = 173.184
||GtYphi|| = 1.82842
||KtYu|| = 15.3397
||rj|| = 15.9522
||yj|| = 0.988477
||rphi|| = 0.00161167
||rp|| = 0.0893666
||y|| = 619.088
   Pass :  1   Iteration : 424  || r || = 0.00497441
||yp|| = 586.289
||xi|| = 532.688
||eta|| = 0.50925
||yp|| = 586.289
||yphi|| = 0.197513
||BtYp|| = 2.60252
||ru|| = 2.60296
||yu|| = 154.023
||GtYphi|| = 2.11349
||KtYu|| = 14.2957
||rj|| = 15.0147
||yj|| = 0.845054
||rphi|| = 0.00156202
||rp|| = 0.0789224
||y|| = 606.184
   Pass :  1   Iteration : 425  || r || = 0.00487254
||yp|| = 573.209
||xi|| = 520.717
||eta|| = 0.469969
||yp|| = 573.209
||yphi|| = 0.165796
||BtYp|| = 2.96238
||ru|| = 2.96375
||yu|| = 162.429
||GtYphi|| = 1.78902
||KtYu|| = 16.3204
||rj|| = 17.1343
||yj|| = 1.04217
||rphi|| = 0.00136896
||rp|| = 0.0861498
||y|| = 595.779
   Pass :  1   Iteration : 426  || r || = 0.00465568
||yp|| = 590.673
||xi|| = 536.618
||eta|| = 0.376504
||yp|| = 590.673
||yphi|| = 0.175957
||BtYp|| = 3.12737
||ru|| = 3.12955
||yu|| = 160.704
||GtYphi|| = 1.83375
||KtYu|| = 14.371
||rj|| = 15.1582
||yj|| = 0.886316
||rphi|| = 0.0014648
||rp|| = 0.0810302
||y|| = 612.145
   Pass :  1   Iteration : 427  || r || = 0.00432292
||yp|| = 472.079
||xi|| = 428.909
||eta|| = 0.434363
||yp|| = 472.079
||yphi|| = 0.159542
||BtYp|| = 2.17822
||ru|| = 2.18052
||yu|| = 123.726
||GtYphi|| = 1.95943
||KtYu|| = 13.647
||rj|| = 14.4705
||yj|| = 0.731668
||rphi|| = 0.00115552
||rp|| = 0.0623141
||y|| = 488.024
   Pass :  1   Iteration : 428  || r || = 0.00400212
||yp|| = 539.194
||xi|| = 489.673
||eta|| = 0.711977
||yp|| = 539.194
||yphi|| = 0.168454
||BtYp|| = 2.56565
||ru|| = 2.56693
||yu|| = 156.938
||GtYphi|| = 1.73678
||KtYu|| = 13.5986
||rj|| = 14.305
||yj|| = 0.870243
||rphi|| = 0.00149123
||rp|| = 0.0753386
||y|| = 561.57
   Pass :  1   Iteration : 429  || r || = 0.00383147
||yp|| = 524.308
||xi|| = 476.314
||eta|| = 0.43117
||yp|| = 524.308
||yphi|| = 0.167312
||BtYp|| = 2.57934
||ru|| = 2.58122
||yu|| = 149.152
||GtYphi|| = 1.56249
||KtYu|| = 15.4311
||rj|| = 16.1684
||yj|| = 1.05114
||rphi|| = 0.00142132
||rp|| = 0.077775
||y|| = 545.111
   Pass :  1   Iteration : 430  || r || = 0.00375708
||yp|| = 541.836
||xi|| = 492.211
||eta|| = 0.478235
||yp|| = 541.836
||yphi|| = 0.18527
||BtYp|| = 2.53114
||ru|| = 2.5332
||yu|| = 143.864
||GtYphi|| = 1.98723
||KtYu|| = 14.1783
||rj|| = 15.0429
||yj|| = 0.84846
||rphi|| = 0.00151027
||rp|| = 0.0712811
||y|| = 560.611
   Pass :  1   Iteration : 431  || r || = 0.00372667
||yp|| = 458.798
||xi|| = 416.747
||eta|| = 0.684819
||yp|| = 458.798
||yphi|| = 0.178513
||BtYp|| = 1.87445
||ru|| = 1.87596
||yu|| = 136.137
||GtYphi|| = 2.03199
||KtYu|| = 14.0947
||rj|| = 14.747
||yj|| = 0.878346
||rphi|| = 0.0015206
||rp|| = 0.0675188
||y|| = 478.57
   Pass :  1   Iteration : 432  || r || = 0.00371524
||yp|| = 617.173
||xi|| = 560.64
||eta|| = 0.623667
||yp|| = 617.173
||yphi|| = 0.157753
||BtYp|| = 3.37461
||ru|| = 3.3764
||yu|| = 172.535
||GtYphi|| = 1.48074
||KtYu|| = 16.2423
||rj|| = 16.9563
||yj|| = 1.11965
||rphi|| = 0.0015051
||rp|| = 0.0912293
||y|| = 640.837
   Pass :  1   Iteration : 433  || r || = 0.00370876
||yp|| = 514.467
||xi|| = 467.296
||eta|| = 0.728942
||yp|| = 514.467
||yphi|| = 0.184979
||BtYp|| = 2.22982
||ru|| = 2.23088
||yu|| = 142.088
||GtYphi|| = 2.09661
||KtYu|| = 14.0864
||rj|| = 14.7842
||yj|| = 0.900248
||rphi|| = 0.00156341
||rp|| = 0.0717291
||y|| = 533.728
   Pass :  1   Iteration : 434  || r || = 0.00370508
||yp|| = 596.517
||xi|| = 541.908
||eta|| = 0.412377
||yp|| = 596.517
||yphi|| = 0.177304
||BtYp|| = 2.94849
||ru|| = 2.94964
||yu|| = 164.156
||GtYphi|| = 1.98337
||KtYu|| = 15.1125
||rj|| = 15.816
||yj|| = 0.970563
||rphi|| = 0.00149271
||rp|| = 0.0852603
||y|| = 618.693
   Pass :  1   Iteration : 435  || r || = 0.00370294
||yp|| = 626.802
||xi|| = 569.257
||eta|| = 0.744681
||yp|| = 626.802
||yphi|| = 0.152637
||BtYp|| = 3.58143
||ru|| = 3.58328
||yu|| = 209.737
||GtYphi|| = 1.63882
||KtYu|| = 17.372
||rj|| = 18.0481
||yj|| = 1.20465
||rphi|| = 0.00134094
||rp|| = 0.110418
||y|| = 660.963
   Pass :  1   Iteration : 436  || r || = 0.00370173
||yp|| = 558.495
||xi|| = 507.314
||eta|| = 0.63215
||yp|| = 558.495
||yphi|| = 0.187581
||BtYp|| = 2.62298
||ru|| = 2.62339
||yu|| = 170.358
||GtYphi|| = 2.07268
||KtYu|| = 14.737
||rj|| = 15.339
||yj|| = 0.944351
||rphi|| = 0.00157739
||rp|| = 0.0803749
||y|| = 583.9
   Pass :  1   Iteration : 437  || r || = 0.00370164
||yp|| = 640.454
||xi|| = 581.725
||eta|| = 0.848064
||yp|| = 640.454
||yphi|| = 0.15552
||BtYp|| = 3.42501
||ru|| = 3.42744
||yu|| = 199.2
||GtYphi|| = 1.66901
||KtYu|| = 16.8331
||rj|| = 17.5085
||yj|| = 1.09269
||rphi|| = 0.00136515
||rp|| = 0.0999245
||y|| = 670.718
   Pass :  1   Iteration : 438  || r || = 0.00370124
||yp|| = 766.061
||xi|| = 695.775
||eta|| = 0.885982
||yp|| = 766.061
||yphi|| = 0.215685
||BtYp|| = 4.26489
||ru|| = 4.26448
||yu|| = 258.792
||GtYphi|| = 1.79571
||KtYu|| = 17.1245
||rj|| = 17.7072
||yj|| = 1.10322
||rphi|| = 0.00188165
||rp|| = 0.122718
||y|| = 808.594
   Pass :  1   Iteration : 439  || r || = 0.00369815
||yp|| = 516.232
||xi|| = 468.957
||eta|| = 0.523573
||yp|| = 516.232
||yphi|| = 0.215764
||BtYp|| = 2.26823
||ru|| = 2.26798
||yu|| = 134.914
||GtYphi|| = 1.92763
||KtYu|| = 11.9163
||rj|| = 12.6355
||yj|| = 0.728291
||rphi|| = 0.00175597
||rp|| = 0.0700743
||y|| = 533.571
   Pass :  1   Iteration : 440  || r || = 0.00368812
||yp|| = 647.684
||xi|| = 588.44
||eta|| = 0.547471
||yp|| = 647.684
||yphi|| = 0.266213
||BtYp|| = 3.74476
||ru|| = 3.74401
||yu|| = 195.958
||GtYphi|| = 1.68024
||KtYu|| = 17.4496
||rj|| = 18.1296
||yj|| = 1.13859
||rphi|| = 0.00225984
||rp|| = 0.105057
||y|| = 676.68
   Pass :  1   Iteration : 441  || r || = 0.00366355
||yp|| = 525.459
||xi|| = 477.362
||eta|| = 0.570491
||yp|| = 525.459
||yphi|| = 0.196887
||BtYp|| = 2.83049
||ru|| = 2.83091
||yu|| = 154.904
||GtYphi|| = 1.81283
||KtYu|| = 14.7707
||rj|| = 15.4513
||yj|| = 0.974198
||rphi|| = 0.00167473
||rp|| = 0.0898869
||y|| = 547.817
   Pass :  1   Iteration : 442  || r || = 0.00360226
||yp|| = 613.286
||xi|| = 557.14
||eta|| = 0.495128
||yp|| = 613.286
||yphi|| = 0.23202
||BtYp|| = 3.17359
||ru|| = 3.17547
||yu|| = 167.521
||GtYphi|| = 2.26043
||KtYu|| = 13.7645
||rj|| = 14.4955
||yj|| = 0.844294
||rphi|| = 0.00216473
||rp|| = 0.0846995
||y|| = 635.754
   Pass :  1   Iteration : 443  || r || = 0.00345944
||yp|| = 604.48
||xi|| = 549.181
||eta|| = 0.376267
||yp|| = 604.48
||yphi|| = 0.148933
||BtYp|| = 3.21199
||ru|| = 3.21353
||yu|| = 168.259
||GtYphi|| = 1.51632
||KtYu|| = 15.6216
||rj|| = 16.3378
||yj|| = 1.01455
||rphi|| = 0.00135993
||rp|| = 0.0914065
||y|| = 627.461
   Pass :  1   Iteration : 444  || r || = 0.00325898
||yp|| = 650.078
||xi|| = 590.668
||eta|| = 0.409907
||yp|| = 650.078
||yphi|| = 0.136998
||BtYp|| = 3.52937
||ru|| = 3.52983
||yu|| = 172.689
||GtYphi|| = 1.57044
||KtYu|| = 15.1287
||rj|| = 15.8174
||yj|| = 0.941104
||rphi|| = 0.00117616
||rp|| = 0.0932015
||y|| = 672.625
   Pass :  1   Iteration : 445  || r || = 0.00294123
||yp|| = 557.09
||xi|| = 506.133
||eta|| = 0.480988
||yp|| = 557.09
||yphi|| = 0.174959
||BtYp|| = 2.74272
||ru|| = 2.74395
||yu|| = 131.766
||GtYphi|| = 1.75306
||KtYu|| = 12.127
||rj|| = 12.8172
||yj|| = 0.723282
||rphi|| = 0.00133127
||rp|| = 0.0713759
||y|| = 572.461
   Pass :  1   Iteration : 446  || r || = 0.00272756
||yp|| = 656.697
||xi|| = 596.624
||eta|| = 0.349558
||yp|| = 656.697
||yphi|| = 0.1149
||BtYp|| = 3.5615
||ru|| = 3.56214
||yu|| = 176.946
||GtYphi|| = 1.33484
||KtYu|| = 15.213
||rj|| = 15.9666
||yj|| = 0.9904
||rphi|| = 0.000969625
||rp|| = 0.0931952
||y|| = 680.119
   Pass :  1   Iteration : 447  || r || = 0.00256144
||yp|| = 731.948
||xi|| = 665.061
||eta|| = 0.659801
||yp|| = 731.948
||yphi|| = 0.197313
||BtYp|| = 4.13414
||ru|| = 4.13527
||yu|| = 189.208
||GtYphi|| = 1.68903
||KtYu|| = 15.4812
||rj|| = 16.1031
||yj|| = 0.975792
||rphi|| = 0.00164547
||rp|| = 0.104504
||y|| = 756.008
   Pass :  1   Iteration : 448  || r || = 0.00249015
||yp|| = 699.222
||xi|| = 635.216
||eta|| = 0.755564
||yp|| = 699.222
||yphi|| = 0.187377
||BtYp|| = 3.74237
||ru|| = 3.74238
||yu|| = 194.493
||GtYphi|| = 2.00847
||KtYu|| = 13.704
||rj|| = 14.386
||yj|| = 0.832736
||rphi|| = 0.00183273
||rp|| = 0.103327
||y|| = 725.768
   Pass :  1   Iteration : 449  || r || = 0.00246864
||yp|| = 709.974
||xi|| = 644.934
||eta|| = 0.652004
||yp|| = 709.974
||yphi|| = 0.170507
||BtYp|| = 3.68275
||ru|| = 3.68451
||yu|| = 204.089
||GtYphi|| = 1.50131
||KtYu|| = 17.8503
||rj|| = 18.5756
||yj|| = 1.19803
||rphi|| = 0.00142554
||rp|| = 0.098617
||y|| = 738.727
   Pass :  1   Iteration : 450  || r || = 0.00245797
||yp|| = 718.778
||xi|| = 653.004
||eta|| = 0.668068
||yp|| = 718.778
||yphi|| = 0.206541
||BtYp|| = 3.9655
||ru|| = 3.96796
||yu|| = 186.38
||GtYphi|| = 1.85594
||KtYu|| = 14.5182
||rj|| = 15.1584
||yj|| = 0.919751
||rphi|| = 0.00194179
||rp|| = 0.0959164
||y|| = 742.55
   Pass :  1   Iteration : 451  || r || = 0.00245382
||yp|| = 699.824
||xi|| = 635.929
||eta|| = 0.758928
||yp|| = 699.824
||yphi|| = 0.171372
||BtYp|| = 3.84608
||ru|| = 3.84748
||yu|| = 184.453
||GtYphi|| = 1.7664
||KtYu|| = 14.2445
||rj|| = 14.8095
||yj|| = 0.862822
||rphi|| = 0.00139686
||rp|| = 0.0973787
||y|| = 723.725
   Pass :  1   Iteration : 452  || r || = 0.00245317
||yp|| = 808.755
||xi|| = 734.83
||eta|| = 0.569236
||yp|| = 808.755
||yphi|| = 0.159324
||BtYp|| = 4.60532
||ru|| = 4.60622
||yu|| = 215.404
||GtYphi|| = 1.45898
||KtYu|| = 17.9046
||rj|| = 18.6342
||yj|| = 1.19878
||rphi|| = 0.00137273
||rp|| = 0.116069
||y|| = 836.949
   Pass :  1   Iteration : 453  || r || = 0.00245004
||yp|| = 640.481
||xi|| = 581.928
||eta|| = 0.537345
||yp|| = 640.481
||yphi|| = 0.183587
||BtYp|| = 3.21274
||ru|| = 3.21335
||yu|| = 172.225
||GtYphi|| = 1.84169
||KtYu|| = 15.167
||rj|| = 15.7283
||yj|| = 0.952917
||rphi|| = 0.00150666
||rp|| = 0.088672
||y|| = 663.233
   Pass :  1   Iteration : 454  || r || = 0.00244933
||yp|| = 725.197
||xi|| = 658.695
||eta|| = 0.746366
||yp|| = 725.197
||yphi|| = 0.140762
||BtYp|| = 3.88021
||ru|| = 3.88096
||yu|| = 225.754
||GtYphi|| = 1.93277
||KtYu|| = 14.7462
||rj|| = 15.4269
||yj|| = 0.917643
||rphi|| = 0.00116924
||rp|| = 0.103765
||y|| = 759.524
   Pass :  1   Iteration : 455  || r || = 0.00244807
||yp|| = 1054.91
||xi|| = 958.326
||eta|| = 0.683973
||yp|| = 1054.91
||yphi|| = 0.141376
||BtYp|| = 5.95928
||ru|| = 5.96097
||yu|| = 308.942
||GtYphi|| = 1.50374
||KtYu|| = 20.2838
||rj|| = 20.8924
||yj|| = 1.29852
||rphi|| = 0.0012167
||rp|| = 0.14788
||y|| = 1099.22
   Pass :  1   Iteration : 456  || r || = 0.00244748
||yp|| = 753.952
||xi|| = 684.932
||eta|| = 0.56765
||yp|| = 753.952
||yphi|| = 0.229801
||BtYp|| = 3.86783
||ru|| = 3.869
||yu|| = 219.41
||GtYphi|| = 2.15964
||KtYu|| = 16.2275
||rj|| = 16.8918
||yj|| = 0.975575
||rphi|| = 0.00209151
||rp|| = 0.103871
||y|| = 785.23
   Pass :  1   Iteration : 457  || r || = 0.0024412
||yp|| = 817.754
||xi|| = 742.995
||eta|| = 0.461038
||yp|| = 817.754
||yphi|| = 0.178872
||BtYp|| = 4.74598
||ru|| = 4.74645
||yu|| = 224.645
||GtYphi|| = 1.75385
||KtYu|| = 15.8733
||rj|| = 16.6449
||yj|| = 0.978947
||rphi|| = 0.00130988
||rp|| = 0.118366
||y|| = 848.05
   Pass :  1   Iteration : 458  || r || = 0.00243036
||yp|| = 754.642
||xi|| = 685.686
||eta|| = 0.420376
||yp|| = 754.642
||yphi|| = 0.226293
||BtYp|| = 4.454
||ru|| = 4.45451
||yu|| = 201.573
||GtYphi|| = 1.65207
||KtYu|| = 16.1773
||rj|| = 16.8607
||yj|| = 1.05557
||rphi|| = 0.00176814
||rp|| = 0.112306
||y|| = 781.101
   Pass :  1   Iteration : 459  || r || = 0.002418
||yp|| = 621.86
||xi|| = 564.857
||eta|| = 0.829249
||yp|| = 621.86
||yphi|| = 0.166711
||BtYp|| = 2.6973
||ru|| = 2.69842
||yu|| = 156.398
||GtYphi|| = 2.01792
||KtYu|| = 13.9963
||rj|| = 14.8234
||yj|| = 0.839009
||rphi|| = 0.00132359
||rp|| = 0.0724159
||y|| = 641.226
   Pass :  1   Iteration : 460  || r || = 0.00238531
||yp|| = 860.892
||xi|| = 782.202
||eta|| = 0.578278
||yp|| = 860.892
||yphi|| = 0.166896
||BtYp|| = 4.80661
||ru|| = 4.8053
||yu|| = 230.954
||GtYphi|| = 1.73323
||KtYu|| = 17.5455
||rj|| = 18.2053
||yj|| = 1.11985
||rphi|| = 0.00132195
||rp|| = 0.119886
||y|| = 891.333
   Pass :  1   Iteration : 461  || r || = 0.00231219
||yp|| = 834.563
||xi|| = 758.229
||eta|| = 0.511209
||yp|| = 834.563
||yphi|| = 0.15099
||BtYp|| = 4.67066
||ru|| = 4.67146
||yu|| = 233.925
||GtYphi|| = 1.61655
||KtYu|| = 16.5701
||rj|| = 17.2311
||yj|| = 1.06794
||rphi|| = 0.00128682
||rp|| = 0.122746
||y|| = 866.728
   Pass :  1   Iteration : 462  || r || = 0.00216659
||yp|| = 594.054
||xi|| = 539.695
||eta|| = 0.484466
||yp|| = 594.054
||yphi|| = 0.182274
||BtYp|| = 2.92652
||ru|| = 2.92715
||yu|| = 146.815
||GtYphi|| = 1.89475
||KtYu|| = 12.5987
||rj|| = 13.307
||yj|| = 0.742964
||rphi|| = 0.00142642
||rp|| = 0.0769587
||y|| = 611.928
   Pass :  1   Iteration : 463  || r || = 0.00198015
integral = -4.68544e-09
volume = 1
mean = -4.68544e-09
integral = -1.50839e-06
volume = 1
mean = -1.50839e-06
p_norm = 46.0705
phi_norm = 0.0665785
Time step 1, time = 0.05, dt = 0.05. Print step 1
Relative L2 Norm for current density: 0.0048911
Relative L2 Norm for electric potential: 0.00214793
Relative L2 Norm for velocity: 0.00116046
Relative L2 Norm for pressure: 0.00337138
Time step 2, time = 0.1, time elapsed = 614.758
   Pass :  1   Iteration :   0  || r || = 20.6178
||yp|| = 0.72366
||xi|| = 0.657581
||eta|| = 0.000483204
||yp|| = 0.72366
||yphi|| = 0.000453796
||BtYp|| = 0.00407012
||ru|| = 1.00001
||yu|| = 1.32568
||GtYphi|| = 0.00258325
||KtYu|| = 0.205315
||rj|| = 0.20563
||yj|| = 0.0095883
||rphi|| = 3.64798e-06
||rp|| = 0.000104865
||y|| = 1.51037
   Pass :  1   Iteration :   1  || r || = 1.8655
||yp|| = 78.6172
||xi|| = 71.0567
||eta|| = 0.54333
||yp|| = 78.6172
||yphi|| = 0.966768
||BtYp|| = 0.417698
||ru|| = 0.417772
||yu|| = 21.1435
||GtYphi|| = 3.23155
||KtYu|| = 2.44928
||rj|| = 4.26047
||yj|| = 0.165318
||rphi|| = 0.00620775
||rp|| = 0.0114817
||y|| = 81.4167
   Pass :  1   Iteration :   2  || r || = 1.54349
||yp|| = 325.022
||xi|| = 295.373
||eta|| = 0.299961
||yp|| = 325.022
||yphi|| = 0.28562
||BtYp|| = 2.01999
||ru|| = 2.02052
||yu|| = 94.4322
||GtYphi|| = 1.38462
||KtYu|| = 7.96188
||rj|| = 8.572
||yj|| = 0.498877
||rphi|| = 0.00172716
||rp|| = 0.0507334
||y|| = 338.462
   Pass :  1   Iteration :   3  || r || = 1.37907
||yp|| = 680.652
||xi|| = 618.523
||eta|| = 0.278951
||yp|| = 680.652
||yphi|| = 0.162563
||BtYp|| = 4.2789
||ru|| = 4.27975
||yu|| = 196.197
||GtYphi|| = 0.601306
||KtYu|| = 15.2053
||rj|| = 15.9845
||yj|| = 0.904219
||rphi|| = 0.00110835
||rp|| = 0.106119
||y|| = 708.365
   Pass :  1   Iteration :   4  || r || = 1.34037
||yp|| = 600.361
||xi|| = 545.554
||eta|| = 0.256995
||yp|| = 600.361
||yphi|| = 0.584128
||BtYp|| = 3.90722
||ru|| = 3.90755
||yu|| = 171.298
||GtYphi|| = 2.9885
||KtYu|| = 12.0688
||rj|| = 13.0221
||yj|| = 0.61857
||rphi|| = 0.00452054
||rp|| = 0.0947248
||y|| = 624.321
   Pass :  1   Iteration :   5  || r || = 1.22624
||yp|| = 438.201
||xi|| = 398.177
||eta|| = 0.268273
||yp|| = 438.201
||yphi|| = 0.423122
||BtYp|| = 2.89717
||ru|| = 2.89822
||yu|| = 132.294
||GtYphi|| = 1.69082
||KtYu|| = 13.0927
||rj|| = 14.0193
||yj|| = 0.890259
||rphi|| = 0.00337889
||rp|| = 0.0732184
||y|| = 457.736
   Pass :  1   Iteration :   6  || r || = 1.02241
||yp|| = 415.902
||xi|| = 377.94
||eta|| = 0.306318
||yp|| = 415.902
||yphi|| = 0.289256
||BtYp|| = 2.75833
||ru|| = 2.75903
||yu|| = 122.549
||GtYphi|| = 1.90326
||KtYu|| = 11.0893
||rj|| = 11.9343
||yj|| = 0.725656
||rphi|| = 0.00225001
||rp|| = 0.0697543
||y|| = 433.582
   Pass :  1   Iteration :   7  || r || = 0.890116
||yp|| = 446.792
||xi|| = 406.014
||eta|| = 0.322146
||yp|| = 446.792
||yphi|| = 0.126751
||BtYp|| = 2.94216
||ru|| = 2.94291
||yu|| = 131.838
||GtYphi|| = 0.984495
||KtYu|| = 11.2429
||rj|| = 11.9775
||yj|| = 0.685025
||rphi|| = 0.00101313
||rp|| = 0.075048
||y|| = 465.837
   Pass :  1   Iteration :   8  || r || = 0.871728
||yp|| = 613.509
||xi|| = 557.525
||eta|| = 0.346462
||yp|| = 613.509
||yphi|| = 0.278931
||BtYp|| = 4.22986
||ru|| = 4.23036
||yu|| = 181.202
||GtYphi|| = 1.97348
||KtYu|| = 12.181
||rj|| = 12.9714
||yj|| = 0.747563
||rphi|| = 0.00250507
||rp|| = 0.105632
||y|| = 639.709
   Pass :  1   Iteration :   9  || r || = 0.87161
||yp|| = 430.604
||xi|| = 391.283
||eta|| = 0.27734
||yp|| = 430.604
||yphi|| = 0.30974
||BtYp|| = 2.81755
||ru|| = 2.81865
||yu|| = 131.321
||GtYphi|| = 1.88799
||KtYu|| = 13.1233
||rj|| = 14.0607
||yj|| = 0.904574
||rphi|| = 0.00226581
||rp|| = 0.0755104
||y|| = 450.185
   Pass :  1   Iteration :  10  || r || = 0.865537
||yp|| = 343.948
||xi|| = 312.491
||eta|| = 0.250182
||yp|| = 343.948
||yphi|| = 0.815456
||BtYp|| = 2.09737
||ru|| = 2.09846
||yu|| = 97.5454
||GtYphi|| = 2.87554
||KtYu|| = 10.3658
||rj|| = 11.3497
||yj|| = 0.723887
||rphi|| = 0.00605813
||rp|| = 0.0557785
||y|| = 357.514
   Pass :  1   Iteration :  11  || r || = 0.863478
||yp|| = 470.08
||xi|| = 427.143
||eta|| = 0.252011
||yp|| = 470.08
||yphi|| = 0.923276
||BtYp|| = 3.15989
||ru|| = 3.16085
||yu|| = 136.092
||GtYphi|| = 2.76639
||KtYu|| = 12.0832
||rj|| = 13.0069
||yj|| = 0.887248
||rphi|| = 0.0072147
||rp|| = 0.0797431
||y|| = 489.385
   Pass :  1   Iteration :  12  || r || = 0.862455
||yp|| = 497.697
||xi|| = 452.286
||eta|| = 0.246284
||yp|| = 497.697
||yphi|| = 0.775957
||BtYp|| = 3.39732
||ru|| = 3.39813
||yu|| = 141.667
||GtYphi|| = 2.28984
||KtYu|| = 11.837
||rj|| = 12.7511
||yj|| = 0.789218
||rphi|| = 0.00625316
||rp|| = 0.0849731
||y|| = 517.468
   Pass :  1   Iteration :  13  || r || = 0.837587
||yp|| = 453.25
||xi|| = 411.856
||eta|| = 0.243568
||yp|| = 453.25
||yphi|| = 0.616037
||BtYp|| = 3.02228
||ru|| = 3.02334
||yu|| = 136.117
||GtYphi|| = 2.2429
||KtYu|| = 12.1724
||rj|| = 13.0396
||yj|| = 0.812343
||rphi|| = 0.00483019
||rp|| = 0.0802461
||y|| = 473.249
   Pass :  1   Iteration :  14  || r || = 0.797092
||yp|| = 499.452
||xi|| = 453.844
||eta|| = 0.269903
||yp|| = 499.452
||yphi|| = 0.565147
||BtYp|| = 3.36681
||ru|| = 3.3675
||yu|| = 143.999
||GtYphi|| = 2.19491
||KtYu|| = 11.0888
||rj|| = 11.9601
||yj|| = 0.770666
||rphi|| = 0.00401853
||rp|| = 0.0865374
||y|| = 519.797
   Pass :  1   Iteration :  15  || r || = 0.772166
||yp|| = 456.474
||xi|| = 414.746
||eta|| = 0.286076
||yp|| = 456.474
||yphi|| = 0.496523
||BtYp|| = 2.80955
||ru|| = 2.81071
||yu|| = 129.553
||GtYphi|| = 2.25738
||KtYu|| = 12.2183
||rj|| = 13.113
||yj|| = 0.836526
||rphi|| = 0.00339296
||rp|| = 0.0715967
||y|| = 474.504
   Pass :  1   Iteration :  16  || r || = 0.757446
||yp|| = 453.502
||xi|| = 412.085
||eta|| = 0.248963
||yp|| = 453.502
||yphi|| = 0.245916
||BtYp|| = 3.08943
||ru|| = 3.09055
||yu|| = 133.252
||GtYphi|| = 1.99449
||KtYu|| = 12.4733
||rj|| = 13.3359
||yj|| = 0.875433
||rphi|| = 0.00167793
||rp|| = 0.0802727
||y|| = 472.674
   Pass :  1   Iteration :  17  || r || = 0.754833
||yp|| = 416.616
||xi|| = 378.546
||eta|| = 0.229152
||yp|| = 416.616
||yphi|| = 0.344758
||BtYp|| = 2.59736
||ru|| = 2.59875
||yu|| = 117.384
||GtYphi|| = 1.77127
||KtYu|| = 12.2059
||rj|| = 13.0624
||yj|| = 0.868776
||rphi|| = 0.00272032
||rp|| = 0.068088
||y|| = 432.838
   Pass :  1   Iteration :  18  || r || = 0.753927
||yp|| = 422.922
||xi|| = 384.31
||eta|| = 0.275042
||yp|| = 422.922
||yphi|| = 0.330876
||BtYp|| = 2.94643
||ru|| = 2.94716
||yu|| = 125.35
||GtYphi|| = 1.72882
||KtYu|| = 10.8948
||rj|| = 11.7248
||yj|| = 0.740436
||rphi|| = 0.00231604
||rp|| = 0.0756752
||y|| = 441.108
   Pass :  1   Iteration :  19  || r || = 0.744964
||yp|| = 422.604
||xi|| = 384.005
||eta|| = 0.256226
||yp|| = 422.604
||yphi|| = 0.27323
||BtYp|| = 2.86358
||ru|| = 2.86499
||yu|| = 130.44
||GtYphi|| = 1.37885
||KtYu|| = 12.7877
||rj|| = 13.6081
||yj|| = 0.872994
||rphi|| = 0.00209298
||rp|| = 0.0778758
||y|| = 442.278
   Pass :  1   Iteration :  20  || r || = 0.729013
||yp|| = 483.074
||xi|| = 438.962
||eta|| = 0.229042
||yp|| = 483.074
||yphi|| = 0.471872
||BtYp|| = 3.33621
||ru|| = 3.33702
||yu|| = 145.904
||GtYphi|| = 1.94026
||KtYu|| = 12.28
||rj|| = 13.1553
||yj|| = 0.850277
||rphi|| = 0.00385355
||rp|| = 0.0889923
||y|| = 504.628
   Pass :  1   Iteration :  21  || r || = 0.718528
||yp|| = 595.765
||xi|| = 541.376
||eta|| = 0.248095
||yp|| = 595.765
||yphi|| = 0.255269
||BtYp|| = 4.07386
||ru|| = 4.07467
||yu|| = 173.713
||GtYphi|| = 1.82348
||KtYu|| = 11.7139
||rj|| = 12.517
||yj|| = 0.747446
||rphi|| = 0.00200779
||rp|| = 0.103307
||y|| = 620.575
   Pass :  1   Iteration :  22  || r || = 0.712098
||yp|| = 590.16
||xi|| = 536.334
||eta|| = 0.279702
||yp|| = 590.16
||yphi|| = 0.402262
||BtYp|| = 4.2557
||ru|| = 4.25645
||yu|| = 175.822
||GtYphi|| = 1.81954
||KtYu|| = 12.8694
||rj|| = 13.7669
||yj|| = 0.876366
||rphi|| = 0.00305079
||rp|| = 0.10828
||y|| = 615.794
   Pass :  1   Iteration :  23  || r || = 0.701809
||yp|| = 633.986
||xi|| = 576.145
||eta|| = 0.289919
||yp|| = 633.986
||yphi|| = 0.229102
||BtYp|| = 4.44218
||ru|| = 4.44276
||yu|| = 182.868
||GtYphi|| = 1.89494
||KtYu|| = 12.5612
||rj|| = 13.4584
||yj|| = 0.795888
||rphi|| = 0.00175637
||rp|| = 0.110595
||y|| = 659.833
   Pass :  1   Iteration :  24  || r || = 0.677252
||yp|| = 665.828
||xi|| = 605.084
||eta|| = 0.282708
||yp|| = 665.828
||yphi|| = 0.319598
||BtYp|| = 4.70658
||ru|| = 4.70722
||yu|| = 191.241
||GtYphi|| = 1.93132
||KtYu|| = 12.5398
||rj|| = 13.4793
||yj|| = 0.821756
||rphi|| = 0.00248172
||rp|| = 0.116777
||y|| = 692.749
   Pass :  1   Iteration :  25  || r || = 0.623493
||yp|| = 627.951
||xi|| = 570.663
||eta|| = 0.313711
||yp|| = 627.951
||yphi|| = 0.177822
||BtYp|| = 4.51961
||ru|| = 4.52007
||yu|| = 184.872
||GtYphi|| = 1.61449
||KtYu|| = 12.4046
||rj|| = 13.2082
||yj|| = 0.827693
||rphi|| = 0.00143949
||rp|| = 0.112694
||y|| = 654.6
   Pass :  1   Iteration :  26  || r || = 0.536269
||yp|| = 543.333
||xi|| = 493.741
||eta|| = 0.241302
||yp|| = 543.333
||yphi|| = 0.179692
||BtYp|| = 3.6901
||ru|| = 3.69036
||yu|| = 155.473
||GtYphi|| = 1.52781
||KtYu|| = 11.9702
||rj|| = 12.7601
||yj|| = 0.820663
||rphi|| = 0.00128625
||rp|| = 0.0937657
||y|| = 565.14
   Pass :  1   Iteration :  27  || r || = 0.464183
||yp|| = 476.573
||xi|| = 433.066
||eta|| = 0.24087
||yp|| = 476.573
||yphi|| = 0.227624
||BtYp|| = 3.32034
||ru|| = 3.32168
||yu|| = 141.982
||GtYphi|| = 1.70697
||KtYu|| = 11.3531
||rj|| = 12.1507
||yj|| = 0.794698
||rphi|| = 0.00168777
||rp|| = 0.0856591
||y|| = 497.274
   Pass :  1   Iteration :  28  || r || = 0.416925
||yp|| = 426.054
||xi|| = 387.141
||eta|| = 0.245629
||yp|| = 426.054
||yphi|| = 0.229655
||BtYp|| = 2.84697
||ru|| = 2.84743
||yu|| = 130.78
||GtYphi|| = 1.36583
||KtYu|| = 12.2898
||rj|| = 13.1218
||yj|| = 0.855204
||rphi|| = 0.00170811
||rp|| = 0.077512
||y|| = 445.675
   Pass :  1   Iteration :  29  || r || = 0.381439
||yp|| = 381.214
||xi|| = 346.394
||eta|| = 0.235761
||yp|| = 381.214
||yphi|| = 0.310831
||BtYp|| = 2.41059
||ru|| = 2.41163
||yu|| = 110.157
||GtYphi|| = 1.80326
||KtYu|| = 10.8174
||rj|| = 11.641
||yj|| = 0.721052
||rphi|| = 0.0022545
||rp|| = 0.0639843
||y|| = 396.811
   Pass :  1   Iteration :  30  || r || = 0.365934
||yp|| = 494.367
||xi|| = 449.234
||eta|| = 0.233735
||yp|| = 494.367
||yphi|| = 0.313761
||BtYp|| = 3.33516
||ru|| = 3.33627
||yu|| = 145.05
||GtYphi|| = 2.11505
||KtYu|| = 12.3063
||rj|| = 13.1899
||yj|| = 0.802048
||rphi|| = 0.00237405
||rp|| = 0.0843436
||y|| = 515.207
   Pass :  1   Iteration :  31  || r || = 0.352912
||yp|| = 520.54
||xi|| = 472.987
||eta|| = 0.295846
||yp|| = 520.54
||yphi|| = 0.227663
||BtYp|| = 3.43039
||ru|| = 3.43081
||yu|| = 153.617
||GtYphi|| = 1.96739
||KtYu|| = 12.5867
||rj|| = 13.4558
||yj|| = 0.799981
||rphi|| = 0.00175754
||rp|| = 0.0879581
||y|| = 542.735
   Pass :  1   Iteration :  32  || r || = 0.346431
||yp|| = 484.619
||xi|| = 440.356
||eta|| = 0.291653
||yp|| = 484.619
||yphi|| = 0.218713
||BtYp|| = 3.18809
||ru|| = 3.18959
||yu|| = 144.274
||GtYphi|| = 1.63684
||KtYu|| = 11.6543
||rj|| = 12.4843
||yj|| = 0.757617
||rphi|| = 0.00148716
||rp|| = 0.0825404
||y|| = 505.639
   Pass :  1   Iteration :  33  || r || = 0.338332
||yp|| = 507.719
||xi|| = 461.341
||eta|| = 0.252816
||yp|| = 507.719
||yphi|| = 0.324225
||BtYp|| = 3.3941
||ru|| = 3.39495
||yu|| = 149.195
||GtYphi|| = 1.73478
||KtYu|| = 12.6732
||rj|| = 13.492
||yj|| = 0.847576
||rphi|| = 0.00236558
||rp|| = 0.0856097
||y|| = 529.187
   Pass :  1   Iteration :  34  || r || = 0.33306
||yp|| = 432.194
||xi|| = 392.719
||eta|| = 0.217899
||yp|| = 432.194
||yphi|| = 0.189036
||BtYp|| = 2.86876
||ru|| = 2.87
||yu|| = 127.866
||GtYphi|| = 1.43155
||KtYu|| = 12.0295
||rj|| = 12.824
||yj|| = 0.834696
||rphi|| = 0.0014118
||rp|| = 0.0739502
||y|| = 450.713
   Pass :  1   Iteration :  35  || r || = 0.32872
||yp|| = 382.374
||xi|| = 347.446
||eta|| = 0.243912
||yp|| = 382.374
||yphi|| = 0.20986
||BtYp|| = 2.43011
||ru|| = 2.43099
||yu|| = 109.698
||GtYphi|| = 1.69759
||KtYu|| = 10.9192
||rj|| = 11.7593
||yj|| = 0.728799
||rphi|| = 0.00159969
||rp|| = 0.062319
||y|| = 397.799
   Pass :  1   Iteration :  36  || r || = 0.32769
||yp|| = 495.152
||xi|| = 449.935
||eta|| = 0.259927
||yp|| = 495.152
||yphi|| = 0.413995
||BtYp|| = 3.26999
||ru|| = 3.27096
||yu|| = 143.198
||GtYphi|| = 1.98455
||KtYu|| = 12.9985
||rj|| = 13.9039
||yj|| = 0.842335
||rphi|| = 0.00333741
||rp|| = 0.0829558
||y|| = 515.443
   Pass :  1   Iteration :  37  || r || = 0.326636
||yp|| = 501.269
||xi|| = 455.482
||eta|| = 0.302317
||yp|| = 501.269
||yphi|| = 0.193871
||BtYp|| = 3.20325
||ru|| = 3.20426
||yu|| = 145.586
||GtYphi|| = 1.57038
||KtYu|| = 13.0348
||rj|| = 13.8605
||yj|| = 0.846648
||rphi|| = 0.00177975
||rp|| = 0.083844
||y|| = 521.983
   Pass :  1   Iteration :  38  || r || = 0.326481
||yp|| = 512.021
||xi|| = 465.264
||eta|| = 0.318721
||yp|| = 512.021
||yphi|| = 0.497862
||BtYp|| = 3.4824
||ru|| = 3.48268
||yu|| = 146.2
||GtYphi|| = 2.11179
||KtYu|| = 10.8759
||rj|| = 11.5896
||yj|| = 0.714665
||rphi|| = 0.00399085
||rp|| = 0.0867866
||y|| = 532.485
   Pass :  1   Iteration :  39  || r || = 0.326447
||yp|| = 373.185
||xi|| = 339.037
||eta|| = 0.244057
||yp|| = 373.185
||yphi|| = 0.446245
||BtYp|| = 2.21776
||ru|| = 2.21974
||yu|| = 113.78
||GtYphi|| = 1.83506
||KtYu|| = 12.7807
||rj|| = 13.6771
||yj|| = 0.923236
||rphi|| = 0.00367057
||rp|| = 0.0620412
||y|| = 390.147
   Pass :  1   Iteration :  40  || r || = 0.326338
||yp|| = 433.499
||xi|| = 393.864
||eta|| = 0.306699
||yp|| = 433.499
||yphi|| = 0.270344
||BtYp|| = 2.54826
||ru|| = 2.54895
||yu|| = 121.154
||GtYphi|| = 1.94867
||KtYu|| = 12.4513
||rj|| = 13.2986
||yj|| = 0.833581
||rphi|| = 0.00251545
||rp|| = 0.0689098
||y|| = 450.111
   Pass :  1   Iteration :  41  || r || = 0.32611
||yp|| = 291.999
||xi|| = 265.28
||eta|| = 0.251182
||yp|| = 291.999
||yphi|| = 0.45208
||BtYp|| = 1.71007
||ru|| = 1.71183
||yu|| = 90.3111
||GtYphi|| = 2.4233
||KtYu|| = 11.6186
||rj|| = 12.6028
||yj|| = 0.766411
||rphi|| = 0.00388799
||rp|| = 0.0498802
||y|| = 305.647
   Pass :  1   Iteration :  42  || r || = 0.324382
||yp|| = 360.096
||xi|| = 327.148
||eta|| = 0.26473
||yp|| = 360.096
||yphi|| = 0.298861
||BtYp|| = 1.93466
||ru|| = 1.93592
||yu|| = 103.069
||GtYphi|| = 1.8325
||KtYu|| = 11.8262
||rj|| = 12.6898
||yj|| = 0.778199
||rphi|| = 0.00272964
||rp|| = 0.056775
||y|| = 374.557
   Pass :  1   Iteration :  43  || r || = 0.319057
||yp|| = 432.29
||xi|| = 392.791
||eta|| = 0.264214
||yp|| = 432.29
||yphi|| = 0.241177
||BtYp|| = 2.72005
||ru|| = 2.72117
||yu|| = 125.425
||GtYphi|| = 1.79092
||KtYu|| = 12.2104
||rj|| = 13.0424
||yj|| = 0.788947
||rphi|| = 0.00217065
||rp|| = 0.0712772
||y|| = 450.119
   Pass :  1   Iteration :  44  || r || = 0.315385
||yp|| = 432.137
||xi|| = 392.651
||eta|| = 0.259234
||yp|| = 432.137
||yphi|| = 0.257803
||BtYp|| = 2.66329
||ru|| = 2.66418
||yu|| = 117.898
||GtYphi|| = 1.4701
||KtYu|| = 11.0875
||rj|| = 11.8402
||yj|| = 0.732071
||rphi|| = 0.00203399
||rp|| = 0.0683968
||y|| = 447.932
   Pass :  1   Iteration :  45  || r || = 0.314915
||yp|| = 395.853
||xi|| = 359.64
||eta|| = 0.3322
||yp|| = 395.853
||yphi|| = 0.433497
||BtYp|| = 2.40033
||ru|| = 2.40151
||yu|| = 123.047
||GtYphi|| = 1.90619
||KtYu|| = 12.6691
||rj|| = 13.5463
||yj|| = 0.894002
||rphi|| = 0.00337763
||rp|| = 0.0699226
||y|| = 414.538
   Pass :  1   Iteration :  46  || r || = 0.314781
||yp|| = 414.981
||xi|| = 377.045
||eta|| = 0.262831
||yp|| = 414.981
||yphi|| = 0.335313
||BtYp|| = 2.50732
||ru|| = 2.50843
||yu|| = 121.572
||GtYphi|| = 2.33222
||KtYu|| = 11.9269
||rj|| = 12.8701
||yj|| = 0.749643
||rphi|| = 0.00304912
||rp|| = 0.0701206
||y|| = 432.423
   Pass :  1   Iteration :  47  || r || = 0.314232
||yp|| = 452.885
||xi|| = 411.508
||eta|| = 0.242976
||yp|| = 452.885
||yphi|| = 0.285257
||BtYp|| = 2.83284
||ru|| = 2.83371
||yu|| = 135.741
||GtYphi|| = 1.91477
||KtYu|| = 13.0509
||rj|| = 13.8491
||yj|| = 0.881026
||rphi|| = 0.00270131
||rp|| = 0.0774763
||y|| = 472.792
   Pass :  1   Iteration :  48  || r || = 0.311168
||yp|| = 439.105
||xi|| = 398.988
||eta|| = 0.24413
||yp|| = 439.105
||yphi|| = 0.618824
||BtYp|| = 2.72403
||ru|| = 2.72514
||yu|| = 127.894
||GtYphi|| = 2.66377
||KtYu|| = 12.7115
||rj|| = 13.6654
||yj|| = 0.846133
||rphi|| = 0.00540825
||rp|| = 0.0733754
||y|| = 457.353
   Pass :  1   Iteration :  49  || r || = 0.29617
||yp|| = 352.361
||xi|| = 320.155
||eta|| = 0.218193
||yp|| = 352.361
||yphi|| = 0.56526
||BtYp|| = 2.10498
||ru|| = 2.10601
||yu|| = 102.565
||GtYphi|| = 2.81673
||KtYu|| = 11.119
||rj|| = 12.1265
||yj|| = 0.706017
||rphi|| = 0.00546284
||rp|| = 0.0578288
||y|| = 366.986
   Pass :  1   Iteration :  50  || r || = 0.266033
||yp|| = 408.239
||xi|| = 370.93
||eta|| = 0.303228
||yp|| = 408.239
||yphi|| = 0.598598
||BtYp|| = 2.49481
||ru|| = 2.49581
||yu|| = 120.104
||GtYphi|| = 2.39042
||KtYu|| = 12.0942
||rj|| = 13.002
||yj|| = 0.81578
||rphi|| = 0.00535059
||rp|| = 0.0670787
||y|| = 425.541
   Pass :  1   Iteration :  51  || r || = 0.233768
||yp|| = 383.815
||xi|| = 348.733
||eta|| = 0.243038
||yp|| = 383.815
||yphi|| = 0.446606
||BtYp|| = 2.35758
||ru|| = 2.35881
||yu|| = 118.15
||GtYphi|| = 2.17411
||KtYu|| = 12.0742
||rj|| = 12.941
||yj|| = 0.824178
||rphi|| = 0.00431261
||rp|| = 0.0661104
||y|| = 401.59
   Pass :  1   Iteration :  52  || r || = 0.210715
||yp|| = 380.813
||xi|| = 345.997
||eta|| = 0.25261
||yp|| = 380.813
||yphi|| = 0.544177
||BtYp|| = 2.31792
||ru|| = 2.31902
||yu|| = 115.89
||GtYphi|| = 2.18236
||KtYu|| = 12.3721
||rj|| = 13.2988
||yj|| = 0.831031
||rphi|| = 0.00458312
||rp|| = 0.0639477
||y|| = 398.058
   Pass :  1   Iteration :  53  || r || = 0.194291
||yp|| = 432.729
||xi|| = 393.183
||eta|| = 0.246317
||yp|| = 432.729
||yphi|| = 0.279155
||BtYp|| = 2.53592
||ru|| = 2.53701
||yu|| = 121.663
||GtYphi|| = 1.87622
||KtYu|| = 12.0851
||rj|| = 12.8833
||yj|| = 0.812692
||rphi|| = 0.00239633
||rp|| = 0.0653855
||y|| = 449.508
   Pass :  1   Iteration :  54  || r || = 0.177781
||yp|| = 412.943
||xi|| = 375.202
||eta|| = 0.225372
||yp|| = 412.943
||yphi|| = 0.375447
||BtYp|| = 2.39674
||ru|| = 2.39792
||yu|| = 114.289
||GtYphi|| = 2.09427
||KtYu|| = 11.906
||rj|| = 12.8043
||yj|| = 0.815937
||rphi|| = 0.003545
||rp|| = 0.0619251
||y|| = 428.467
   Pass :  1   Iteration :  55  || r || = 0.165749
||yp|| = 366.352
||xi|| = 332.862
||eta|| = 0.228664
||yp|| = 366.352
||yphi|| = 0.396818
||BtYp|| = 2.13092
||ru|| = 2.13201
||yu|| = 102.965
||GtYphi|| = 2.00137
||KtYu|| = 11.5791
||rj|| = 12.4157
||yj|| = 0.779991
||rphi|| = 0.00353165
||rp|| = 0.0577561
||y|| = 380.548
   Pass :  1   Iteration :  56  || r || = 0.159477
||yp|| = 386
||xi|| = 350.706
||eta|| = 0.246325
||yp|| = 386
||yphi|| = 0.448771
||BtYp|| = 2.14683
||ru|| = 2.14818
||yu|| = 109.038
||GtYphi|| = 2.38494
||KtYu|| = 12.416
||rj|| = 13.2969
||yj|| = 0.827008
||rphi|| = 0.00421835
||rp|| = 0.0600066
||y|| = 401.106
   Pass :  1   Iteration :  57  || r || = 0.155819
||yp|| = 380.088
||xi|| = 345.329
||eta|| = 0.234708
||yp|| = 380.088
||yphi|| = 0.334378
||BtYp|| = 2.35302
||ru|| = 2.35418
||yu|| = 112.372
||GtYphi|| = 1.98775
||KtYu|| = 12.3363
||rj|| = 13.2301
||yj|| = 0.809532
||rphi|| = 0.00319214
||rp|| = 0.0661705
||y|| = 396.352
   Pass :  1   Iteration :  58  || r || = 0.15345
||yp|| = 446.989
||xi|| = 406.129
||eta|| = 0.258322
||yp|| = 446.989
||yphi|| = 0.450875
||BtYp|| = 2.81538
||ru|| = 2.81645
||yu|| = 134.39
||GtYphi|| = 2.42669
||KtYu|| = 11.7631
||rj|| = 12.6434
||yj|| = 0.756254
||rphi|| = 0.00361058
||rp|| = 0.0778679
||y|| = 466.755
   Pass :  1   Iteration :  59  || r || = 0.15065
||yp|| = 442.31
||xi|| = 401.887
||eta|| = 0.254932
||yp|| = 442.31
||yphi|| = 0.30843
||BtYp|| = 2.90808
||ru|| = 2.90913
||yu|| = 132.78
||GtYphi|| = 2.25435
||KtYu|| = 12.2358
||rj|| = 13.1788
||yj|| = 0.848028
||rphi|| = 0.00285998
||rp|| = 0.0803183
||y|| = 461.811
   Pass :  1   Iteration :  60  || r || = 0.147912
||yp|| = 431.015
||xi|| = 391.641
||eta|| = 0.303094
||yp|| = 431.015
||yphi|| = 0.328002
||BtYp|| = 2.87158
||ru|| = 2.87257
||yu|| = 127.108
||GtYphi|| = 1.88687
||KtYu|| = 11.7417
||rj|| = 12.6063
||yj|| = 0.814891
||rphi|| = 0.00265104
||rp|| = 0.0773276
||y|| = 449.368
   Pass :  1   Iteration :  61  || r || = 0.145601
||yp|| = 402.185
||xi|| = 365.466
||eta|| = 0.296579
||yp|| = 402.185
||yphi|| = 0.216564
||BtYp|| = 2.66153
||ru|| = 2.66267
||yu|| = 121.285
||GtYphi|| = 1.85077
||KtYu|| = 12.0458
||rj|| = 12.8331
||yj|| = 0.826918
||rphi|| = 0.00199514
||rp|| = 0.0737364
||y|| = 420.076
   Pass :  1   Iteration :  62  || r || = 0.144385
||yp|| = 414.426
||xi|| = 376.56
||eta|| = 0.249654
||yp|| = 414.426
||yphi|| = 0.224904
||BtYp|| = 2.77056
||ru|| = 2.77154
||yu|| = 125.563
||GtYphi|| = 2.20156
||KtYu|| = 11.7292
||rj|| = 12.6276
||yj|| = 0.766464
||rphi|| = 0.00178326
||rp|| = 0.0772105
||y|| = 433.031
   Pass :  1   Iteration :  63  || r || = 0.144313
||yp|| = 623.387
||xi|| = 566.499
||eta|| = 0.26697
||yp|| = 623.387
||yphi|| = 0.296189
||BtYp|| = 4.26498
||ru|| = 4.26547
||yu|| = 183.444
||GtYphi|| = 2.21225
||KtYu|| = 13.7728
||rj|| = 14.7078
||yj|| = 0.895238
||rphi|| = 0.00245318
||rp|| = 0.111788
||y|| = 649.818
   Pass :  1   Iteration :  64  || r || = 0.144287
||yp|| = 520.563
||xi|| = 473.043
||eta|| = 0.331236
||yp|| = 520.563
||yphi|| = 0.511318
||BtYp|| = 3.60811
||ru|| = 3.6093
||yu|| = 154.606
||GtYphi|| = 3.30517
||KtYu|| = 12.1613
||rj|| = 13.2317
||yj|| = 0.802443
||rphi|| = 0.00452921
||rp|| = 0.0948083
||y|| = 543.037
   Pass :  1   Iteration :  65  || r || = 0.144283
||yp|| = 573.663
||xi|| = 521.324
||eta|| = 0.248823
||yp|| = 573.663
||yphi|| = 0.40446
||BtYp|| = 3.93188
||ru|| = 3.93222
||yu|| = 167.44
||GtYphi|| = 2.77822
||KtYu|| = 12.3689
||rj|| = 13.3733
||yj|| = 0.792214
||rphi|| = 0.00356306
||rp|| = 0.102842
||y|| = 597.6
   Pass :  1   Iteration :  66  || r || = 0.143867
||yp|| = 573.786
||xi|| = 521.427
||eta|| = 0.300879
||yp|| = 573.786
||yphi|| = 0.3201
||BtYp|| = 3.96901
||ru|| = 3.9701
||yu|| = 166.894
||GtYphi|| = 2.31493
||KtYu|| = 12.8908
||rj|| = 13.8062
||yj|| = 0.874579
||rphi|| = 0.00293778
||rp|| = 0.102297
||y|| = 597.566
   Pass :  1   Iteration :  67  || r || = 0.142037
||yp|| = 575.912
||xi|| = 523.362
||eta|| = 0.389885
||yp|| = 575.912
||yphi|| = 0.315775
||BtYp|| = 3.97781
||ru|| = 3.97824
||yu|| = 167.349
||GtYphi|| = 2.59554
||KtYu|| = 12.8315
||rj|| = 13.7541
||yj|| = 0.786092
||rphi|| = 0.00279652
||rp|| = 0.101252
||y|| = 599.734
   Pass :  1   Iteration :  68  || r || = 0.140495
||yp|| = 571.112
||xi|| = 518.993
||eta|| = 0.347824
||yp|| = 571.112
||yphi|| = 0.343879
||BtYp|| = 3.98433
||ru|| = 3.9849
||yu|| = 169.792
||GtYphi|| = 2.11074
||KtYu|| = 12.6308
||rj|| = 13.5436
||yj|| = 0.810903
||rphi|| = 0.00281317
||rp|| = 0.103453
||y|| = 595.818
   Pass :  1   Iteration :  69  || r || = 0.138827
||yp|| = 532.351
||xi|| = 483.753
||eta|| = 0.305788
||yp|| = 532.351
||yphi|| = 0.353405
||BtYp|| = 3.63026
||ru|| = 3.63089
||yu|| = 155.789
||GtYphi|| = 2.11736
||KtYu|| = 12.2268
||rj|| = 13.1141
||yj|| = 0.807678
||rphi|| = 0.00249684
||rp|| = 0.0947497
||y|| = 554.679
   Pass :  1   Iteration :  70  || r || = 0.136938
||yp|| = 583.239
||xi|| = 529.999
||eta|| = 0.345961
||yp|| = 583.239
||yphi|| = 0.365376
||BtYp|| = 3.91584
||ru|| = 3.91638
||yu|| = 167.642
||GtYphi|| = 2.08837
||KtYu|| = 12.368
||rj|| = 13.2426
||yj|| = 0.810638
||rphi|| = 0.00261677
||rp|| = 0.0978714
||y|| = 606.854
   Pass :  1   Iteration :  71  || r || = 0.13496
||yp|| = 512.719
||xi|| = 465.862
||eta|| = 0.3112
||yp|| = 512.719
||yphi|| = 0.520367
||BtYp|| = 3.38938
||ru|| = 3.39083
||yu|| = 153.755
||GtYphi|| = 2.03118
||KtYu|| = 12.8272
||rj|| = 13.7134
||yj|| = 0.870579
||rphi|| = 0.00409914
||rp|| = 0.087465
||y|| = 535.277
   Pass :  1   Iteration :  72  || r || = 0.130995
||yp|| = 459.777
||xi|| = 417.785
||eta|| = 0.232021
||yp|| = 459.777
||yphi|| = 0.252797
||BtYp|| = 3.03657
||ru|| = 3.03584
||yu|| = 134.035
||GtYphi|| = 1.8141
||KtYu|| = 11.4305
||rj|| = 12.3349
||yj|| = 0.713391
||rphi|| = 0.00212501
||rp|| = 0.0775473
||y|| = 478.917
   Pass :  1   Iteration :  73  || r || = 0.125931
||yp|| = 508.125
||xi|| = 461.725
||eta|| = 0.248015
||yp|| = 508.125
||yphi|| = 0.35795
||BtYp|| = 3.32421
||ru|| = 3.32569
||yu|| = 147.847
||GtYphi|| = 1.9646
||KtYu|| = 12.7073
||rj|| = 13.5408
||yj|| = 0.787624
||rphi|| = 0.00273555
||rp|| = 0.0840744
||y|| = 529.198
   Pass :  1   Iteration :  74  || r || = 0.11853
||yp|| = 516.488
||xi|| = 469.303
||eta|| = 0.27211
||yp|| = 516.488
||yphi|| = 0.408399
||BtYp|| = 3.37308
||ru|| = 3.37329
||yu|| = 152.285
||GtYphi|| = 1.70843
||KtYu|| = 13.2336
||rj|| = 14.0877
||yj|| = 0.850629
||rphi|| = 0.00317915
||rp|| = 0.0867489
||y|| = 538.472
   Pass :  1   Iteration :  75  || r || = 0.101738
||yp|| = 462.258
||xi|| = 420.044
||eta|| = 0.304034
||yp|| = 462.258
||yphi|| = 0.226494
||BtYp|| = 3.0204
||ru|| = 3.02096
||yu|| = 142.986
||GtYphi|| = 1.71922
||KtYu|| = 12.2203
||rj|| = 13.0264
||yj|| = 0.764993
||rphi|| = 0.00182178
||rp|| = 0.0813781
||y|| = 483.868
   Pass :  1   Iteration :  76  || r || = 0.0905151
||yp|| = 505.815
||xi|| = 459.596
||eta|| = 0.276373
||yp|| = 505.815
||yphi|| = 0.15445
||BtYp|| = 3.32963
||ru|| = 3.33064
||yu|| = 153.66
||GtYphi|| = 1.55729
||KtYu|| = 13.0286
||rj|| = 13.8735
||yj|| = 0.847987
||rphi|| = 0.00127623
||rp|| = 0.0886043
||y|| = 528.64
   Pass :  1   Iteration :  77  || r || = 0.0824062
||yp|| = 406.515
||xi|| = 369.316
||eta|| = 0.266475
||yp|| = 406.515
||yphi|| = 0.171181
||BtYp|| = 2.34259
||ru|| = 2.3432
||yu|| = 123.2
||GtYphi|| = 1.56271
||KtYu|| = 12.1471
||rj|| = 13.0041
||yj|| = 0.79467
||rphi|| = 0.00129089
||rp|| = 0.0662509
||y|| = 424.775
   Pass :  1   Iteration :  78  || r || = 0.0772154
||yp|| = 375.741
||xi|| = 341.363
||eta|| = 0.239854
||yp|| = 375.741
||yphi|| = 0.283258
||BtYp|| = 2.27138
||ru|| = 2.27281
||yu|| = 115.294
||GtYphi|| = 1.99222
||KtYu|| = 11.0429
||rj|| = 11.8826
||yj|| = 0.689474
||rphi|| = 0.00225066
||rp|| = 0.0630883
||y|| = 393.032
   Pass :  1   Iteration :  79  || r || = 0.0756093
||yp|| = 460.363
||xi|| = 418.295
||eta|| = 0.265505
||yp|| = 460.363
||yphi|| = 0.32799
||BtYp|| = 2.91177
||ru|| = 2.91338
||yu|| = 139.543
||GtYphi|| = 1.90591
||KtYu|| = 13.3996
||rj|| = 14.3512
||yj|| = 0.876144
||rphi|| = 0.00254824
||rp|| = 0.0783352
||y|| = 481.048
   Pass :  1   Iteration :  80  || r || = 0.0748943
||yp|| = 458.218
||xi|| = 416.347
||eta|| = 0.293215
||yp|| = 458.218
||yphi|| = 0.234209
||BtYp|| = 2.92045
||ru|| = 2.92083
||yu|| = 137.185
||GtYphi|| = 1.80041
||KtYu|| = 12.6177
||rj|| = 13.4503
||yj|| = 0.797013
||rphi|| = 0.00180537
||rp|| = 0.0814258
||y|| = 478.314
   Pass :  1   Iteration :  81  || r || = 0.0744087
||yp|| = 457.604
||xi|| = 415.79
||eta|| = 0.266635
||yp|| = 457.604
||yphi|| = 0.257134
||BtYp|| = 2.83528
||ru|| = 2.83654
||yu|| = 135.022
||GtYphi|| = 1.97719
||KtYu|| = 12.6125
||rj|| = 13.4521
||yj|| = 0.765303
||rphi|| = 0.00195558
||rp|| = 0.076372
||y|| = 477.109
   Pass :  1   Iteration :  82  || r || = 0.0739349
||yp|| = 486.151
||xi|| = 441.748
||eta|| = 0.243067
||yp|| = 486.151
||yphi|| = 0.298601
||BtYp|| = 3.22072
||ru|| = 3.22102
||yu|| = 143.524
||GtYphi|| = 1.71067
||KtYu|| = 12.6211
||rj|| = 13.4523
||yj|| = 0.80966
||rphi|| = 0.00242731
||rp|| = 0.0840097
||y|| = 506.895
   Pass :  1   Iteration :  83  || r || = 0.0735505
||yp|| = 484.494
||xi|| = 440.22
||eta|| = 0.241299
||yp|| = 484.494
||yphi|| = 0.226807
||BtYp|| = 3.09372
||ru|| = 3.09488
||yu|| = 138.105
||GtYphi|| = 1.60098
||KtYu|| = 12.4525
||rj|| = 13.2779
||yj|| = 0.815706
||rphi|| = 0.00164141
||rp|| = 0.0792862
||y|| = 503.794
   Pass :  1   Iteration :  84  || r || = 0.0733659
||yp|| = 642.016
||xi|| = 583.385
||eta|| = 0.328017
||yp|| = 642.016
||yphi|| = 0.223371
||BtYp|| = 4.03621
||ru|| = 4.03682
||yu|| = 176.596
||GtYphi|| = 1.95025
||KtYu|| = 13.5269
||rj|| = 14.3182
||yj|| = 0.847057
||rphi|| = 0.0015388
||rp|| = 0.101191
||y|| = 665.862
   Pass :  1   Iteration :  85  || r || = 0.0731667
||yp|| = 559.649
||xi|| = 508.564
||eta|| = 0.296523
||yp|| = 559.649
||yphi|| = 0.188501
||BtYp|| = 3.68011
||ru|| = 3.68132
||yu|| = 159.441
||GtYphi|| = 1.6697
||KtYu|| = 13.7296
||rj|| = 14.5973
||yj|| = 0.895101
||rphi|| = 0.0014809
||rp|| = 0.0938666
||y|| = 581.918
   Pass :  1   Iteration :  86  || r || = 0.0729254
||yp|| = 537.548
||xi|| = 488.495
||eta|| = 0.299802
||yp|| = 537.548
||yphi|| = 0.178111
||BtYp|| = 3.52223
||ru|| = 3.5221
||yu|| = 153.224
||GtYphi|| = 1.80217
||KtYu|| = 12.8145
||rj|| = 13.6177
||yj|| = 0.764985
||rphi|| = 0.00136845
||rp|| = 0.0916539
||y|| = 558.96
   Pass :  1   Iteration :  87  || r || = 0.0728208
||yp|| = 522.916
||xi|| = 475.161
||eta|| = 0.239873
||yp|| = 522.916
||yphi|| = 0.160032
||BtYp|| = 3.32018
||ru|| = 3.32176
||yu|| = 143.305
||GtYphi|| = 1.72664
||KtYu|| = 12.1355
||rj|| = 12.9131
||yj|| = 0.76657
||rphi|| = 0.00119557
||rp|| = 0.0844917
||y|| = 542.198
   Pass :  1   Iteration :  88  || r || = 0.0728155
||yp|| = 620.095
||xi|| = 563.5
||eta|| = 0.232331
||yp|| = 620.095
||yphi|| = 0.206795
||BtYp|| = 4.25645
||ru|| = 4.25651
||yu|| = 176.576
||GtYphi|| = 1.67102
||KtYu|| = 13.6577
||rj|| = 14.522
||yj|| = 0.88273
||rphi|| = 0.0016444
||rp|| = 0.105683
||y|| = 644.747
   Pass :  1   Iteration :  89  || r || = 0.0728066
||yp|| = 512.852
||xi|| = 466.048
||eta|| = 0.260389
||yp|| = 512.852
||yphi|| = 0.237264
||BtYp|| = 3.47616
||ru|| = 3.47774
||yu|| = 150.368
||GtYphi|| = 1.93566
||KtYu|| = 11.8417
||rj|| = 12.6479
||yj|| = 0.698288
||rphi|| = 0.00178427
||rp|| = 0.0945595
||y|| = 534.442
   Pass :  1   Iteration :  90  || r || = 0.0727988
||yp|| = 489.523
||xi|| = 444.801
||eta|| = 0.285677
||yp|| = 489.523
||yphi|| = 0.346798
||BtYp|| = 3.21883
||ru|| = 3.21981
||yu|| = 146.917
||GtYphi|| = 1.83439
||KtYu|| = 13.152
||rj|| = 14.0227
||yj|| = 0.853986
||rphi|| = 0.00269087
||rp|| = 0.0887115
||y|| = 511.095
   Pass :  1   Iteration :  91  || r || = 0.0727469
||yp|| = 580.083
||xi|| = 527.127
||eta|| = 0.275531
||yp|| = 580.083
||yphi|| = 0.292079
||BtYp|| = 3.75242
||ru|| = 3.75346
||yu|| = 158.221
||GtYphi|| = 1.94961
||KtYu|| = 12.9822
||rj|| = 13.8571
||yj|| = 0.839666
||rphi|| = 0.0021908
||rp|| = 0.0951949
||y|| = 601.275
   Pass :  1   Iteration :  92  || r || = 0.0721969
||yp|| = 433.096
||xi|| = 393.498
||eta|| = 0.232011
||yp|| = 433.096
||yphi|| = 0.201963
||BtYp|| = 2.45767
||ru|| = 2.45863
||yu|| = 123.369
||GtYphi|| = 1.97984
||KtYu|| = 12.1052
||rj|| = 12.9941
||yj|| = 0.722546
||rphi|| = 0.00162897
||rp|| = 0.0698203
||y|| = 450.325
   Pass :  1   Iteration :  93  || r || = 0.0712067
||yp|| = 587.071
||xi|| = 533.502
||eta|| = 0.253569
||yp|| = 587.071
||yphi|| = 0.181366
||BtYp|| = 4.04387
||ru|| = 4.04383
||yu|| = 172.176
||GtYphi|| = 1.58889
||KtYu|| = 13.8939
||rj|| = 14.7162
||yj|| = 0.897557
||rphi|| = 0.00141654
||rp|| = 0.106357
||y|| = 611.799
   Pass :  1   Iteration :  94  || r || = 0.0696299
||yp|| = 515.794
||xi|| = 468.669
||eta|| = 0.243144
||yp|| = 515.794
||yphi|| = 0.367553
||BtYp|| = 3.38532
||ru|| = 3.38647
||yu|| = 151.842
||GtYphi|| = 1.84346
||KtYu|| = 13.0755
||rj|| = 13.9374
||yj|| = 0.789332
||rphi|| = 0.00284913
||rp|| = 0.0914958
||y|| = 537.681
   Pass :  1   Iteration :  95  || r || = 0.0673927
||yp|| = 478.207
||xi|| = 434.488
||eta|| = 0.293055
||yp|| = 478.207
||yphi|| = 0.331007
||BtYp|| = 2.88637
||ru|| = 2.88682
||yu|| = 140.864
||GtYphi|| = 2.09428
||KtYu|| = 12.5289
||rj|| = 13.372
||yj|| = 0.758951
||rphi|| = 0.00267963
||rp|| = 0.0793282
||y|| = 498.523
   Pass :  1   Iteration :  96  || r || = 0.0646566
||yp|| = 473.054
||xi|| = 429.826
||eta|| = 0.252844
||yp|| = 473.054
||yphi|| = 0.358862
||BtYp|| = 2.89289
||ru|| = 2.89393
||yu|| = 135.932
||GtYphi|| = 1.89055
||KtYu|| = 13.4552
||rj|| = 14.3578
||yj|| = 0.877667
||rphi|| = 0.00258788
||rp|| = 0.0783255
||y|| = 492.197
   Pass :  1   Iteration :  97  || r || = 0.0597368
||yp|| = 447.308
||xi|| = 406.423
||eta|| = 0.247326
||yp|| = 447.308
||yphi|| = 0.269927
||BtYp|| = 2.69318
||ru|| = 2.6938
||yu|| = 124.846
||GtYphi|| = 1.9428
||KtYu|| = 11.5276
||rj|| = 12.3402
||yj|| = 0.699666
||rphi|| = 0.00192815
||rp|| = 0.0724783
||y|| = 464.405
   Pass :  1   Iteration :  98  || r || = 0.0546869
||yp|| = 467.808
||xi|| = 425.058
||eta|| = 0.276513
||yp|| = 467.808
||yphi|| = 0.14425
||BtYp|| = 2.69465
||ru|| = 2.69572
||yu|| = 127.97
||GtYphi|| = 1.2894
||KtYu|| = 12.7039
||rj|| = 13.458
||yj|| = 0.783563
||rphi|| = 0.00120114
||rp|| = 0.0700709
||y|| = 484.996
   Pass :  1   Iteration :  99  || r || = 0.0515862
||yp|| = 402.164
||xi|| = 365.388
||eta|| = 0.277966
||yp|| = 402.164
||yphi|| = 0.212028
||BtYp|| = 2.35874
||ru|| = 2.36014
||yu|| = 114.096
||GtYphi|| = 1.71243
||KtYu|| = 12.9534
||rj|| = 13.8272
||yj|| = 0.838862
||rphi|| = 0.00165058
||rp|| = 0.0646915
||y|| = 418.037
   Pass :  1   Iteration : 100  || r || = 0.0485728
||yp|| = 401.445
||xi|| = 364.733
||eta|| = 0.219961
||yp|| = 401.445
||yphi|| = 0.212541
||BtYp|| = 2.03817
||ru|| = 2.03908
||yu|| = 105.749
||GtYphi|| = 1.83972
||KtYu|| = 11.2504
||rj|| = 12.0367
||yj|| = 0.687747
||rphi|| = 0.00170361
||rp|| = 0.0562575
||y|| = 415.14
   Pass :  1   Iteration : 101  || r || = 0.0468315
||yp|| = 429.473
||xi|| = 390.218
||eta|| = 0.209709
||yp|| = 429.473
||yphi|| = 0.152704
||BtYp|| = 2.44457
||ru|| = 2.44593
||yu|| = 120.92
||GtYphi|| = 1.34777
||KtYu|| = 13.2633
||rj|| = 14.0983
||yj|| = 0.896516
||rphi|| = 0.0012178
||rp|| = 0.064735
||y|| = 446.172
   Pass :  1   Iteration : 102  || r || = 0.0455481
||yp|| = 363.684
||xi|| = 330.412
||eta|| = 0.217029
||yp|| = 363.684
||yphi|| = 0.189228
||BtYp|| = 2.08533
||ru|| = 2.0866
||yu|| = 106.193
||GtYphi|| = 1.58051
||KtYu|| = 11.984
||rj|| = 12.7622
||yj|| = 0.788569
||rphi|| = 0.00163539
||rp|| = 0.0604544
||y|| = 378.872
   Pass :  1   Iteration : 103  || r || = 0.0450633
||yp|| = 423.6
||xi|| = 384.877
||eta|| = 0.279458
||yp|| = 423.6
||yphi|| = 0.21936
||BtYp|| = 2.3377
||ru|| = 2.33876
||yu|| = 117.442
||GtYphi|| = 1.88983
||KtYu|| = 12.2769
||rj|| = 13.0942
||yj|| = 0.7534
||rphi|| = 0.00195397
||rp|| = 0.0662481
||y|| = 439.579
   Pass :  1   Iteration : 104  || r || = 0.044893
||yp|| = 465.719
||xi|| = 423.149
||eta|| = 0.256146
||yp|| = 465.719
||yphi|| = 0.230672
||BtYp|| = 2.74192
||ru|| = 2.7432
||yu|| = 130.435
||GtYphi|| = 1.79558
||KtYu|| = 13.4389
||rj|| = 14.2932
||yj|| = 0.879316
||rphi|| = 0.00208823
||rp|| = 0.0742626
||y|| = 483.64
   Pass :  1   Iteration : 105  || r || = 0.0447915
||yp|| = 427.72
||xi|| = 388.574
||eta|| = 0.309136
||yp|| = 427.72
||yphi|| = 0.378204
||BtYp|| = 2.28307
||ru|| = 2.28418
||yu|| = 121.195
||GtYphi|| = 2.32631
||KtYu|| = 12.2172
||rj|| = 13.1002
||yj|| = 0.769219
||rphi|| = 0.00307972
||rp|| = 0.0659033
||y|| = 444.56
   Pass :  1   Iteration : 106  || r || = 0.0447459
||yp|| = 427.431
||xi|| = 388.345
||eta|| = 0.26108
||yp|| = 427.431
||yphi|| = 0.250592
||BtYp|| = 2.45327
||ru|| = 2.45467
||yu|| = 121.971
||GtYphi|| = 1.90133
||KtYu|| = 12.611
||rj|| = 13.4823
||yj|| = 0.808328
||rphi|| = 0.00208941
||rp|| = 0.0682649
||y|| = 444.494
   Pass :  1   Iteration : 107  || r || = 0.0446994
||yp|| = 422.312
||xi|| = 383.688
||eta|| = 0.232328
||yp|| = 422.312
||yphi|| = 0.13469
||BtYp|| = 2.39107
||ru|| = 2.39345
||yu|| = 127.781
||GtYphi|| = 1.48936
||KtYu|| = 12.9025
||rj|| = 13.7362
||yj|| = 0.840073
||rphi|| = 0.00108671
||rp|| = 0.0713141
||y|| = 441.222
   Pass :  1   Iteration : 108  || r || = 0.0446191
||yp|| = 521.293
||xi|| = 473.661
||eta|| = 0.284488
||yp|| = 521.293
||yphi|| = 0.219866
||BtYp|| = 3.41216
||ru|| = 3.41375
||yu|| = 151.972
||GtYphi|| = 1.62923
||KtYu|| = 13.1075
||rj|| = 13.9143
||yj|| = 0.783905
||rphi|| = 0.00193261
||rp|| = 0.0917216
||y|| = 542.994
   Pass :  1   Iteration : 109  || r || = 0.0445369
||yp|| = 417.515
||xi|| = 379.341
||eta|| = 0.217177
||yp|| = 417.515
||yphi|| = 0.230175
||BtYp|| = 2.38337
||ru|| = 2.3845
||yu|| = 118.348
||GtYphi|| = 1.89965
||KtYu|| = 12.237
||rj|| = 13.1106
||yj|| = 0.786612
||rphi|| = 0.00176619
||rp|| = 0.0676955
||y|| = 433.965
   Pass :  1   Iteration : 110  || r || = 0.0445169
||yp|| = 463.5
||xi|| = 421.098
||eta|| = 0.253528
||yp|| = 463.5
||yphi|| = 0.438227
||BtYp|| = 2.64207
||ru|| = 2.64319
||yu|| = 131.9
||GtYphi|| = 2.30612
||KtYu|| = 13.3598
||rj|| = 14.3401
||yj|| = 0.862385
||rphi|| = 0.00344709
||rp|| = 0.0741807
||y|| = 481.903
   Pass :  1   Iteration : 111  || r || = 0.04449
||yp|| = 498.347
||xi|| = 452.822
||eta|| = 0.233127
||yp|| = 498.347
||yphi|| = 0.421555
||BtYp|| = 3.00799
||ru|| = 3.00868
||yu|| = 141.093
||GtYphi|| = 2.41915
||KtYu|| = 12.4294
||rj|| = 13.2849
||yj|| = 0.733009
||rphi|| = 0.0034707
||rp|| = 0.0795309
||y|| = 517.936
   Pass :  1   Iteration : 112  || r || = 0.0444596
||yp|| = 440.973
||xi|| = 400.662
||eta|| = 0.269603
||yp|| = 440.973
||yphi|| = 0.247403
||BtYp|| = 2.59708
||ru|| = 2.59862
||yu|| = 127.504
||GtYphi|| = 1.9127
||KtYu|| = 13.0337
||rj|| = 13.9258
||yj|| = 0.878581
||rphi|| = 0.00221084
||rp|| = 0.0732346
||y|| = 459.037
   Pass :  1   Iteration : 113  || r || = 0.0444107
||yp|| = 462.868
||xi|| = 420.567
||eta|| = 0.235301
||yp|| = 462.868
||yphi|| = 0.280731
||BtYp|| = 2.97271
||ru|| = 2.97441
||yu|| = 134.269
||GtYphi|| = 1.99394
||KtYu|| = 12.7863
||rj|| = 13.6432
||yj|| = 0.774058
||rphi|| = 0.00229995
||rp|| = 0.0788289
||y|| = 481.95
   Pass :  1   Iteration : 114  || r || = 0.0443518
||yp|| = 518.843
||xi|| = 471.428
||eta|| = 0.246477
||yp|| = 518.843
||yphi|| = 0.187727
||BtYp|| = 3.23426
||ru|| = 3.23487
||yu|| = 150.51
||GtYphi|| = 1.82161
||KtYu|| = 12.9537
||rj|| = 13.8055
||yj|| = 0.785777
||rphi|| = 0.00145875
||rp|| = 0.0820569
||y|| = 540.234
   Pass :  1   Iteration : 115  || r || = 0.0442767
||yp|| = 502.373
||xi|| = 456.469
||eta|| = 0.245383
||yp|| = 502.373
||yphi|| = 0.247343
||BtYp|| = 3.3811
||ru|| = 3.38235
||yu|| = 146.243
||GtYphi|| = 1.78604
||KtYu|| = 13.0591
||rj|| = 13.9131
||yj|| = 0.87825
||rphi|| = 0.0018195
||rp|| = 0.0879674
||y|| = 523.227
   Pass :  1   Iteration : 116  || r || = 0.0441343
||yp|| = 559.509
||xi|| = 508.403
||eta|| = 0.353434
||yp|| = 559.509
||yphi|| = 0.220115
||BtYp|| = 3.49327
||ru|| = 3.49373
||yu|| = 165.902
||GtYphi|| = 1.8465
||KtYu|| = 13.6309
||rj|| = 14.4151
||yj|| = 0.845697
||rphi|| = 0.00183889
||rp|| = 0.0921082
||y|| = 583.588
   Pass :  1   Iteration : 117  || r || = 0.0437493
||yp|| = 511.45
||xi|| = 464.715
||eta|| = 0.293989
||yp|| = 511.45
||yphi|| = 0.296093
||BtYp|| = 3.10405
||ru|| = 3.10506
||yu|| = 140.75
||GtYphi|| = 2.11396
||KtYu|| = 12.5535
||rj|| = 13.4393
||yj|| = 0.845981
||rphi|| = 0.00243709
||rp|| = 0.0807033
||y|| = 530.464
   Pass :  1   Iteration : 118  || r || = 0.0429349
||yp|| = 544.942
||xi|| = 495.182
||eta|| = 0.260482
||yp|| = 544.942
||yphi|| = 0.266452
||BtYp|| = 3.6415
||ru|| = 3.64176
||yu|| = 156.189
||GtYphi|| = 2.02523
||KtYu|| = 13.267
||rj|| = 14.1387
||yj|| = 0.888654
||rphi|| = 0.00215783
||rp|| = 0.0934361
||y|| = 566.885
   Pass :  1   Iteration : 119  || r || = 0.0412361
||yp|| = 519.544
||xi|| = 472.094
||eta|| = 0.266724
||yp|| = 519.544
||yphi|| = 0.463397
||BtYp|| = 3.29404
||ru|| = 3.29584
||yu|| = 144.102
||GtYphi|| = 2.01581
||KtYu|| = 12.4732
||rj|| = 13.2675
||yj|| = 0.763667
||rphi|| = 0.00367385
||rp|| = 0.0841401
||y|| = 539.159
   Pass :  1   Iteration : 120  || r || = 0.0390108
||yp|| = 552.624
||xi|| = 502.157
||eta|| = 0.239795
||yp|| = 552.624
||yphi|| = 0.459739
||BtYp|| = 3.66062
||ru|| = 3.66075
||yu|| = 159.484
||GtYphi|| = 2.16454
||KtYu|| = 13.2798
||rj|| = 14.1659
||yj|| = 0.860532
||rphi|| = 0.00340836
||rp|| = 0.0941882
||y|| = 575.177
   Pass :  1   Iteration : 121  || r || = 0.0373489
||yp|| = 563.181
||xi|| = 511.751
||eta|| = 0.266581
||yp|| = 563.181
||yphi|| = 0.202702
||BtYp|| = 3.70398
||ru|| = 3.7048
||yu|| = 161.071
||GtYphi|| = 1.75835
||KtYu|| = 13.1324
||rj|| = 14.0078
||yj|| = 0.873944
||rphi|| = 0.00172888
||rp|| = 0.0957563
||y|| = 585.763
   Pass :  1   Iteration : 122  || r || = 0.0353424
||yp|| = 448.582
||xi|| = 407.577
||eta|| = 0.34322
||yp|| = 448.582
||yphi|| = 0.25514
||BtYp|| = 2.71224
||ru|| = 2.71295
||yu|| = 126.869
||GtYphi|| = 2.00247
||KtYu|| = 11.969
||rj|| = 12.8081
||yj|| = 0.803473
||rphi|| = 0.00214898
||rp|| = 0.0756513
||y|| = 466.178
   Pass :  1   Iteration : 123  || r || = 0.0343138
||yp|| = 517.403
||xi|| = 470.164
||eta|| = 0.282585
||yp|| = 517.403
||yphi|| = 0.235576
||BtYp|| = 3.41021
||ru|| = 3.41102
||yu|| = 148.105
||GtYphi|| = 1.64231
||KtYu|| = 13.6484
||rj|| = 14.4869
||yj|| = 0.908206
||rphi|| = 0.00206122
||rp|| = 0.0886859
||y|| = 538.184
   Pass :  1   Iteration : 124  || r || = 0.0340518
||yp|| = 585.112
||xi|| = 531.649
||eta|| = 0.273151
||yp|| = 585.112
||yphi|| = 0.193349
||BtYp|| = 3.588
||ru|| = 3.5893
||yu|| = 154.426
||GtYphi|| = 1.93116
||KtYu|| = 13.2027
||rj|| = 14.0924
||yj|| = 0.858497
||rphi|| = 0.00154219
||rp|| = 0.090155
||y|| = 605.148
   Pass :  1   Iteration : 125  || r || = 0.0339513
||yp|| = 525.802
||xi|| = 477.72
||eta|| = 0.280491
||yp|| = 525.802
||yphi|| = 0.287684
||BtYp|| = 3.11515
||ru|| = 3.11495
||yu|| = 144.851
||GtYphi|| = 2.03105
||KtYu|| = 12.3674
||rj|| = 13.1782
||yj|| = 0.811329
||rphi|| = 0.00218208
||rp|| = 0.0806614
||y|| = 545.39
   Pass :  1   Iteration : 126  || r || = 0.0339271
||yp|| = 536.505
||xi|| = 487.498
||eta|| = 0.264444
||yp|| = 536.505
||yphi|| = 0.399733
||BtYp|| = 3.44835
||ru|| = 3.44911
||yu|| = 160.43
||GtYphi|| = 1.92274
||KtYu|| = 14.4365
||rj|| = 15.2943
||yj|| = 0.966464
||rphi|| = 0.00300973
||rp|| = 0.0917202
||y|| = 559.979
   Pass :  1   Iteration : 127  || r || = 0.0339199
||yp|| = 480.143
||xi|| = 436.252
||eta|| = 0.326715
||yp|| = 480.143
||yphi|| = 0.407474
||BtYp|| = 2.75727
||ru|| = 2.75759
||yu|| = 138.037
||GtYphi|| = 2.31782
||KtYu|| = 13.1263
||rj|| = 13.9965
||yj|| = 0.782266
||rphi|| = 0.00328979
||rp|| = 0.0774861
||y|| = 499.592
   Pass :  1   Iteration : 128  || r || = 0.0339177
||yp|| = 486.069
||xi|| = 441.634
||eta|| = 0.266925
||yp|| = 486.069
||yphi|| = 0.443516
||BtYp|| = 2.82174
||ru|| = 2.82309
||yu|| = 137.447
||GtYphi|| = 2.212
||KtYu|| = 12.5324
||rj|| = 13.4758
||yj|| = 0.790661
||rphi|| = 0.00334034
||rp|| = 0.0778902
||y|| = 505.129
   Pass :  1   Iteration : 129  || r || = 0.0339177
||yp|| = 495.984
||xi|| = 450.603
||eta|| = 0.319876
||yp|| = 495.984
||yphi|| = 0.287899
||BtYp|| = 2.72414
||ru|| = 2.725
||yu|| = 139.843
||GtYphi|| = 1.74211
||KtYu|| = 13.4016
||rj|| = 14.245
||yj|| = 0.901042
||rphi|| = 0.00224053
||rp|| = 0.0752924
||y|| = 515.322
   Pass :  1   Iteration : 130  || r || = 0.0339121
||yp|| = 519.616
||xi|| = 472.165
||eta|| = 0.404958
||yp|| = 519.616
||yphi|| = 0.315286
||BtYp|| = 3.29047
||ru|| = 3.29206
||yu|| = 151.706
||GtYphi|| = 1.97967
||KtYu|| = 13.2896
||rj|| = 14.0568
||yj|| = 0.870473
||rphi|| = 0.00241389
||rp|| = 0.0853083
||y|| = 541.31
   Pass :  1   Iteration : 131  || r || = 0.0339108
||yp|| = 447.142
||xi|| = 406.259
||eta|| = 0.273494
||yp|| = 447.142
||yphi|| = 0.200614
||BtYp|| = 2.55504
||ru|| = 2.55664
||yu|| = 126.843
||GtYphi|| = 1.84397
||KtYu|| = 13.1884
||rj|| = 14.0698
||yj|| = 0.870268
||rphi|| = 0.001605
||rp|| = 0.0721186
||y|| = 464.786
   Pass :  1   Iteration : 132  || r || = 0.0338984
||yp|| = 410.006
||xi|| = 372.51
||eta|| = 0.248006
||yp|| = 410.006
||yphi|| = 0.203075
||BtYp|| = 2.33699
||ru|| = 2.33864
||yu|| = 114.387
||GtYphi|| = 1.94072
||KtYu|| = 13.1645
||rj|| = 14.0859
||yj|| = 0.861239
||rphi|| = 0.00154913
||rp|| = 0.0658162
||y|| = 425.664
   Pass :  1   Iteration : 133  || r || = 0.0338735
||yp|| = 422.978
||xi|| = 384.276
||eta|| = 0.304979
||yp|| = 422.978
||yphi|| = 0.403525
||BtYp|| = 2.29902
||ru|| = 2.2996
||yu|| = 116.794
||GtYphi|| = 2.13547
||KtYu|| = 12.9075
||rj|| = 13.8229
||yj|| = 0.82501
||rphi|| = 0.00295716
||rp|| = 0.0660397
||y|| = 438.808
   Pass :  1   Iteration : 134  || r || = 0.0337747
||yp|| = 421.995
||xi|| = 383.391
||eta|| = 0.310469
||yp|| = 421.995
||yphi|| = 0.298329
||BtYp|| = 2.52185
||ru|| = 2.52266
||yu|| = 121.011
||GtYphi|| = 2.09816
||KtYu|| = 12.628
||rj|| = 13.4378
||yj|| = 0.83828
||rphi|| = 0.00256759
||rp|| = 0.0693481
||y|| = 439.003
   Pass :  1   Iteration : 135  || r || = 0.0336403
||yp|| = 511.559
||xi|| = 464.822
||eta|| = 0.254757
||yp|| = 511.559
||yphi|| = 0.211854
||BtYp|| = 3.03117
||ru|| = 3.03264
||yu|| = 141.583
||GtYphi|| = 1.91534
||KtYu|| = 13.3803
||rj|| = 14.2273
||yj|| = 0.849736
||rphi|| = 0.00194601
||rp|| = 0.0781315
||y|| = 530.791
   Pass :  1   Iteration : 136  || r || = 0.0334145
||yp|| = 453.589
||xi|| = 412.107
||eta|| = 0.228769
||yp|| = 453.589
||yphi|| = 0.377062
||BtYp|| = 2.4634
||ru|| = 2.4644
||yu|| = 120.472
||GtYphi|| = 2.05529
||KtYu|| = 13.078
||rj|| = 14.0067
||yj|| = 0.821743
||rphi|| = 0.0029749
||rp|| = 0.0655358
||y|| = 469.316
   Pass :  1   Iteration : 137  || r || = 0.0328293
||yp|| = 423.001
||xi|| = 384.332
||eta|| = 0.248673
||yp|| = 423.001
||yphi|| = 0.442118
||BtYp|| = 2.30973
||ru|| = 2.31067
||yu|| = 111.655
||GtYphi|| = 2.08865
||KtYu|| = 12.4646
||rj|| = 13.3733
||yj|| = 0.776909
||rphi|| = 0.00323537
||rp|| = 0.060405
||y|| = 437.49
   Pass :  1   Iteration : 138  || r || = 0.0316131
||yp|| = 520.711
||xi|| = 473.169
||eta|| = 0.298351
||yp|| = 520.711
||yphi|| = 0.230512
||BtYp|| = 3.24095
||ru|| = 3.2421
||yu|| = 145.501
||GtYphi|| = 1.69033
||KtYu|| = 12.8067
||rj|| = 13.603
||yj|| = 0.787258
||rphi|| = 0.00185281
||rp|| = 0.0818466
||y|| = 540.658
   Pass :  1   Iteration : 139  || r || = 0.0303129
||yp|| = 426.401
||xi|| = 387.414
||eta|| = 0.267011
||yp|| = 426.401
||yphi|| = 0.294038
||BtYp|| = 2.34005
||ru|| = 2.3414
||yu|| = 119.666
||GtYphi|| = 1.78864
||KtYu|| = 12.6855
||rj|| = 13.5469
||yj|| = 0.837684
||rphi|| = 0.00256424
||rp|| = 0.0640963
||y|| = 442.875
   Pass :  1   Iteration : 140  || r || = 0.0289166
||yp|| = 419.092
||xi|| = 380.782
||eta|| = 0.25628
||yp|| = 419.092
||yphi|| = 0.246209
||BtYp|| = 2.11418
||ru|| = 2.11535
||yu|| = 109.308
||GtYphi|| = 1.91464
||KtYu|| = 12.0295
||rj|| = 12.9023
||yj|| = 0.729619
||rphi|| = 0.00182263
||rp|| = 0.0573965
||y|| = 433.113
   Pass :  1   Iteration : 141  || r || = 0.0279469
||yp|| = 387.101
||xi|| = 351.691
||eta|| = 0.273144
||yp|| = 387.101
||yphi|| = 0.216413
||BtYp|| = 2.13552
||ru|| = 2.13718
||yu|| = 113.845
||GtYphi|| = 1.64794
||KtYu|| = 12.9987
||rj|| = 13.7986
||yj|| = 0.859546
||rphi|| = 0.00169046
||rp|| = 0.0623224
||y|| = 403.496
   Pass :  1   Iteration : 142  || r || = 0.0271827
||yp|| = 415.698
||xi|| = 377.684
||eta|| = 0.288571
||yp|| = 415.698
||yphi|| = 0.222619
||BtYp|| = 2.31611
||ru|| = 2.31694
||yu|| = 116.869
||GtYphi|| = 1.89565
||KtYu|| = 12.2111
||rj|| = 13.0284
||yj|| = 0.779468
||rphi|| = 0.00206722
||rp|| = 0.0676424
||y|| = 431.815
   Pass :  1   Iteration : 143  || r || = 0.0268569
||yp|| = 462.099
||xi|| = 419.835
||eta|| = 0.302742
||yp|| = 462.099
||yphi|| = 0.230418
||BtYp|| = 2.76242
||ru|| = 2.76376
||yu|| = 136.807
||GtYphi|| = 1.76976
||KtYu|| = 13.2193
||rj|| = 14.0763
||yj|| = 0.841404
||rphi|| = 0.00209286
||rp|| = 0.081359
||y|| = 481.926
   Pass :  1   Iteration : 144  || r || = 0.0267203
||yp|| = 413.754
||xi|| = 375.878
||eta|| = 0.290808
||yp|| = 413.754
||yphi|| = 0.242854
||BtYp|| = 2.31617
||ru|| = 2.3179
||yu|| = 122.622
||GtYphi|| = 1.82989
||KtYu|| = 12.6015
||rj|| = 13.4695
||yj|| = 0.820251
||rphi|| = 0.0018292
||rp|| = 0.0694765
||y|| = 431.543
   Pass :  1   Iteration : 145  || r || = 0.0266384
||yp|| = 446.574
||xi|| = 405.725
||eta|| = 0.269892
||yp|| = 446.574
||yphi|| = 0.390408
||BtYp|| = 2.71546
||ru|| = 2.71739
||yu|| = 134.486
||GtYphi|| = 2.06403
||KtYu|| = 12.698
||rj|| = 13.5111
||yj|| = 0.779752
||rphi|| = 0.0030373
||rp|| = 0.0799826
||y|| = 466.386
   Pass :  1   Iteration : 146  || r || = 0.0265967
||yp|| = 472.722
||xi|| = 429.489
||eta|| = 0.269524
||yp|| = 472.722
||yphi|| = 0.359206
||BtYp|| = 2.75857
||ru|| = 2.76048
||yu|| = 143.515
||GtYphi|| = 1.84018
||KtYu|| = 13.8248
||rj|| = 14.684
||yj|| = 0.910201
||rphi|| = 0.0029491
||rp|| = 0.0822321
||y|| = 494.027
   Pass :  1   Iteration : 147  || r || = 0.0265806
||yp|| = 430.385
||xi|| = 391.032
||eta|| = 0.328108
||yp|| = 430.385
||yphi|| = 0.168678
||BtYp|| = 2.56029
||ru|| = 2.56188
||yu|| = 124.682
||GtYphi|| = 1.79761
||KtYu|| = 12.3559
||rj|| = 13.2191
||yj|| = 0.794693
||rphi|| = 0.00150626
||rp|| = 0.0766094
||y|| = 448.082
   Pass :  1   Iteration : 148  || r || = 0.0265704
||yp|| = 453.129
||xi|| = 411.646
||eta|| = 0.423501
||yp|| = 453.129
||yphi|| = 0.280593
||BtYp|| = 2.58454
||ru|| = 2.58518
||yu|| = 137.821
||GtYphi|| = 1.88285
||KtYu|| = 12.7935
||rj|| = 13.6095
||yj|| = 0.83593
||rphi|| = 0.00218071
||rp|| = 0.0802417
||y|| = 473.626
   Pass :  1   Iteration : 149  || r || = 0.0265624
||yp|| = 466.896
||xi|| = 424.196
||eta|| = 0.342206
||yp|| = 466.896
||yphi|| = 0.175819
||BtYp|| = 2.59295
||ru|| = 2.5942
||yu|| = 133.829
||GtYphi|| = 1.7387
||KtYu|| = 12.8903
||rj|| = 13.7117
||yj|| = 0.844646
||rphi|| = 0.00129079
||rp|| = 0.0768886
||y|| = 485.699
   Pass :  1   Iteration : 150  || r || = 0.026548
||yp|| = 475.252
||xi|| = 431.815
||eta|| = 0.338335
||yp|| = 475.252
||yphi|| = 0.167735
||BtYp|| = 2.8468
||ru|| = 2.84788
||yu|| = 138.666
||GtYphi|| = 1.72878
||KtYu|| = 13.3142
||rj|| = 14.1973
||yj|| = 0.807932
||rphi|| = 0.00137061
||rp|| = 0.0819746
||y|| = 495.069
   Pass :  1   Iteration : 151  || r || = 0.0265357
||yp|| = 515.55
||xi|| = 468.404
||eta|| = 0.360368
||yp|| = 515.55
||yphi|| = 0.31472
||BtYp|| = 3.04653
||ru|| = 3.04655
||yu|| = 151.255
||GtYphi|| = 2.02503
||KtYu|| = 13.0094
||rj|| = 13.846
||yj|| = 0.803144
||rphi|| = 0.00231444
||rp|| = 0.0845306
||y|| = 537.281
   Pass :  1   Iteration : 152  || r || = 0.0265136
||yp|| = 568.469
||xi|| = 516.55
||eta|| = 0.323638
||yp|| = 568.469
||yphi|| = 0.194225
||BtYp|| = 3.57205
||ru|| = 3.57301
||yu|| = 164.667
||GtYphi|| = 1.848
||KtYu|| = 13.7763
||rj|| = 14.5931
||yj|| = 0.857083
||rphi|| = 0.00150837
||rp|| = 0.0970136
||y|| = 591.839
   Pass :  1   Iteration : 153  || r || = 0.0264915
||yp|| = 512.205
||xi|| = 465.396
||eta|| = 0.294013
||yp|| = 512.205
||yphi|| = 0.223188
||BtYp|| = 3.0454
||ru|| = 3.04616
||yu|| = 148.785
||GtYphi|| = 1.96762
||KtYu|| = 13.5622
||rj|| = 14.3939
||yj|| = 0.819361
||rphi|| = 0.00174501
||rp|| = 0.0834791
||y|| = 533.378
   Pass :  1   Iteration : 154  || r || = 0.0264137
||yp|| = 633.749
||xi|| = 575.855
||eta|| = 0.289389
||yp|| = 633.749
||yphi|| = 0.396117
||BtYp|| = 3.96437
||ru|| = 3.96554
||yu|| = 180.675
||GtYphi|| = 1.97309
||KtYu|| = 14.0942
||rj|| = 14.8743
||yj|| = 0.900143
||rphi|| = 0.0030353
||rp|| = 0.101362
||y|| = 659.001
   Pass :  1   Iteration : 155  || r || = 0.0262882
||yp|| = 479.623
||xi|| = 435.809
||eta|| = 0.276466
||yp|| = 479.623
||yphi|| = 0.397146
||BtYp|| = 2.98151
||ru|| = 2.98403
||yu|| = 140.328
||GtYphi|| = 1.95686
||KtYu|| = 13.4026
||rj|| = 14.2859
||yj|| = 0.882734
||rphi|| = 0.00334702
||rp|| = 0.0810193
||y|| = 499.731
   Pass :  1   Iteration : 156  || r || = 0.0259484
||yp|| = 443.668
||xi|| = 403.116
||eta|| = 0.26436
||yp|| = 443.668
||yphi|| = 0.464629
||BtYp|| = 2.73325
||ru|| = 2.7333
||yu|| = 124.882
||GtYphi|| = 2.07596
||KtYu|| = 11.5213
||rj|| = 12.4024
||yj|| = 0.725451
||rphi|| = 0.00359751
||rp|| = 0.0726261
||y|| = 460.909
   Pass :  1   Iteration : 157  || r || = 0.0255018
||yp|| = 519.32
||xi|| = 471.853
||eta|| = 0.3516
||yp|| = 519.32
||yphi|| = 0.185591
||BtYp|| = 3.255
||ru|| = 3.25701
||yu|| = 162.608
||GtYphi|| = 1.60951
||KtYu|| = 14.459
||rj|| = 15.2835
||yj|| = 0.929736
||rphi|| = 0.00165649
||rp|| = 0.0918615
||y|| = 544.184
   Pass :  1   Iteration : 158  || r || = 0.0248807
||yp|| = 491.199
||xi|| = 446.338
||eta|| = 0.339713
||yp|| = 491.199
||yphi|| = 0.261227
||BtYp|| = 2.9987
||ru|| = 2.99951
||yu|| = 138.39
||GtYphi|| = 1.92294
||KtYu|| = 12.2419
||rj|| = 13.0469
||yj|| = 0.789525
||rphi|| = 0.00203605
||rp|| = 0.0778047
||y|| = 510.323
   Pass :  1   Iteration : 159  || r || = 0.024058
||yp|| = 507.567
||xi|| = 461.166
||eta|| = 0.345281
||yp|| = 507.567
||yphi|| = 0.258102
||BtYp|| = 3.09703
||ru|| = 3.09758
||yu|| = 144.133
||GtYphi|| = 1.92082
||KtYu|| = 12.3885
||rj|| = 13.2641
||yj|| = 0.741954
||rphi|| = 0.00195509
||rp|| = 0.0814975
||y|| = 527.635
   Pass :  1   Iteration : 160  || r || = 0.023146
||yp|| = 509.394
||xi|| = 462.851
||eta|| = 0.298127
||yp|| = 509.394
||yphi|| = 0.181528
||BtYp|| = 3.25262
||ru|| = 3.2545
||yu|| = 152.855
||GtYphi|| = 1.65078
||KtYu|| = 12.8828
||rj|| = 13.7392
||yj|| = 0.807176
||rphi|| = 0.00140549
||rp|| = 0.0912039
||y|| = 531.834
   Pass :  1   Iteration : 161  || r || = 0.0223977
||yp|| = 582.118
||xi|| = 528.955
||eta|| = 0.376056
||yp|| = 582.118
||yphi|| = 0.241265
||BtYp|| = 3.75905
||ru|| = 3.75917
||yu|| = 171.374
||GtYphi|| = 1.75603
||KtYu|| = 13.8682
||rj|| = 14.6377
||yj|| = 0.811301
||rphi|| = 0.00233091
||rp|| = 0.0972331
||y|| = 606.82
   Pass :  1   Iteration : 162  || r || = 0.0220372
||yp|| = 572.52
||xi|| = 520.236
||eta|| = 0.260345
||yp|| = 572.52
||yphi|| = 0.16448
||BtYp|| = 3.7249
||ru|| = 3.72617
||yu|| = 163.694
||GtYphi|| = 1.66418
||KtYu|| = 12.7229
||rj|| = 13.5482
||yj|| = 0.753361
||rphi|| = 0.00143676
||rp|| = 0.0961677
||y|| = 595.462
   Pass :  1   Iteration : 163  || r || = 0.0219008
||yp|| = 519.006
||xi|| = 471.586
||eta|| = 0.318908
||yp|| = 519.006
||yphi|| = 0.161046
||BtYp|| = 3.24975
||ru|| = 3.25092
||yu|| = 149.866
||GtYphi|| = 1.68264
||KtYu|| = 13.3087
||rj|| = 14.137
||yj|| = 0.854308
||rphi|| = 0.00130546
||rp|| = 0.0892365
||y|| = 540.211
   Pass :  1   Iteration : 164  || r || = 0.0217864
||yp|| = 508.521
||xi|| = 462.036
||eta|| = 0.455878
||yp|| = 508.521
||yphi|| = 0.207398
||BtYp|| = 2.98609
||ru|| = 2.98657
||yu|| = 147.596
||GtYphi|| = 1.91335
||KtYu|| = 12.9501
||rj|| = 13.7839
||yj|| = 0.817909
||rphi|| = 0.00189963
||rp|| = 0.0820611
||y|| = 529.508
   Pass :  1   Iteration : 165  || r || = 0.0217021
||yp|| = 506.565
||xi|| = 460.22
||eta|| = 0.376127
||yp|| = 506.565
||yphi|| = 0.437963
||BtYp|| = 3.0815
||ru|| = 3.08326
||yu|| = 147.643
||GtYphi|| = 2.28109
||KtYu|| = 13.2036
||rj|| = 14.0826
||yj|| = 0.844313
||rphi|| = 0.00341749
||rp|| = 0.084825
||y|| = 527.643
   Pass :  1   Iteration : 166  || r || = 0.0216548
||yp|| = 496.659
||xi|| = 451.225
||eta|| = 0.339899
||yp|| = 496.659
||yphi|| = 0.194729
||BtYp|| = 2.91988
||ru|| = 2.92043
||yu|| = 149.66
||GtYphi|| = 1.62059
||KtYu|| = 13.8065
||rj|| = 14.5834
||yj|| = 0.866729
||rphi|| = 0.00135584
||rp|| = 0.0814031
||y|| = 518.718
   Pass :  1   Iteration : 167  || r || = 0.0216347
||yp|| = 470.948
||xi|| = 427.918
||eta|| = 0.359261
||yp|| = 470.948
||yphi|| = 0.192162
||BtYp|| = 2.86895
||ru|| = 2.86949
||yu|| = 129.796
||GtYphi|| = 1.99736
||KtYu|| = 12.1406
||rj|| = 12.9991
||yj|| = 0.736927
||rphi|| = 0.00145816
||rp|| = 0.0759449
||y|| = 488.508
   Pass :  1   Iteration : 168  || r || = 0.021626
||yp|| = 455.767
||xi|| = 414.074
||eta|| = 0.391276
||yp|| = 455.767
||yphi|| = 0.231729
||BtYp|| = 2.68286
||ru|| = 2.6838
||yu|| = 132.912
||GtYphi|| = 1.87989
||KtYu|| = 13.8679
||rj|| = 14.7418
||yj|| = 0.852778
||rphi|| = 0.0021043
||rp|| = 0.0743823
||y|| = 474.752
   Pass :  1   Iteration : 169  || r || = 0.0216158
||yp|| = 538.783
||xi|| = 489.581
||eta|| = 0.396406
||yp|| = 538.783
||yphi|| = 0.21273
||BtYp|| = 3.52176
||ru|| = 3.52174
||yu|| = 159.227
||GtYphi|| = 1.73939
||KtYu|| = 14.0247
||rj|| = 14.8032
||yj|| = 0.870441
||rphi|| = 0.00156767
||rp|| = 0.0940378
||y|| = 561.82
   Pass :  1   Iteration : 170  || r || = 0.0215997
||yp|| = 419.116
||xi|| = 380.762
||eta|| = 0.317928
||yp|| = 419.116
||yphi|| = 0.340498
||BtYp|| = 2.39348
||ru|| = 2.39455
||yu|| = 116.322
||GtYphi|| = 2.03729
||KtYu|| = 11.9657
||rj|| = 12.7846
||yj|| = 0.741724
||rphi|| = 0.00268104
||rp|| = 0.0639779
||y|| = 434.96
   Pass :  1   Iteration : 171  || r || = 0.021586
||yp|| = 461.56
||xi|| = 419.341
||eta|| = 0.295711
||yp|| = 461.56
||yphi|| = 0.197724
||BtYp|| = 2.68564
||ru|| = 2.68613
||yu|| = 132.8
||GtYphi|| = 1.74337
||KtYu|| = 13.6806
||rj|| = 14.5577
||yj|| = 0.904176
||rphi|| = 0.00172151
||rp|| = 0.0747147
||y|| = 480.286
   Pass :  1   Iteration : 172  || r || = 0.0215785
||yp|| = 432.501
||xi|| = 392.947
||eta|| = 0.301596
||yp|| = 432.501
||yphi|| = 0.24679
||BtYp|| = 2.16674
||ru|| = 2.16805
||yu|| = 112.463
||GtYphi|| = 2.05453
||KtYu|| = 12.6411
||rj|| = 13.532
||yj|| = 0.806919
||rphi|| = 0.00220561
||rp|| = 0.0615478
||y|| = 446.885
   Pass :  1   Iteration : 173  || r || = 0.0215652
||yp|| = 386.478
||xi|| = 351.098
||eta|| = 0.34381
||yp|| = 386.478
||yphi|| = 0.373249
||BtYp|| = 2.12758
||ru|| = 2.12881
||yu|| = 111.247
||GtYphi|| = 2.32093
||KtYu|| = 12.1118
||rj|| = 13.0491
||yj|| = 0.75569
||rphi|| = 0.00340318
||rp|| = 0.060599
||y|| = 402.171
   Pass :  1   Iteration : 174  || r || = 0.0215385
||yp|| = 420.944
||xi|| = 382.441
||eta|| = 0.29714
||yp|| = 420.944
||yphi|| = 0.199533
||BtYp|| = 2.4023
||ru|| = 2.40324
||yu|| = 121.606
||GtYphi|| = 1.70431
||KtYu|| = 13.3639
||rj|| = 14.2094
||yj|| = 0.85216
||rphi|| = 0.00155512
||rp|| = 0.0678643
||y|| = 438.159
   Pass :  1   Iteration : 175  || r || = 0.0214568
||yp|| = 458.262
||xi|| = 416.342
||eta|| = 0.374365
||yp|| = 458.262
||yphi|| = 0.288762
||BtYp|| = 2.71546
||ru|| = 2.71734
||yu|| = 128.792
||GtYphi|| = 2.00874
||KtYu|| = 12.6984
||rj|| = 13.5436
||yj|| = 0.809925
||rphi|| = 0.00234577
||rp|| = 0.0709462
||y|| = 476.017
   Pass :  1   Iteration : 176  || r || = 0.0213247
||yp|| = 496.887
||xi|| = 451.45
||eta|| = 0.347511
||yp|| = 496.887
||yphi|| = 0.226804
||BtYp|| = 2.92103
||ru|| = 2.92115
||yu|| = 138.538
||GtYphi|| = 1.78456
||KtYu|| = 13.2774
||rj|| = 14.0721
||yj|| = 0.869468
||rphi|| = 0.00185901
||rp|| = 0.076566
||y|| = 515.839
   Pass :  1   Iteration : 177  || r || = 0.0210346
||yp|| = 507.54
||xi|| = 461.107
||eta|| = 0.369411
||yp|| = 507.54
||yphi|| = 0.168656
||BtYp|| = 2.96129
||ru|| = 2.96213
||yu|| = 151.839
||GtYphi|| = 1.6919
||KtYu|| = 14.4947
||rj|| = 15.3037
||yj|| = 0.976346
||rphi|| = 0.00153515
||rp|| = 0.0830381
||y|| = 529.766
   Pass :  1   Iteration : 178  || r || = 0.0202053
||yp|| = 474.753
||xi|| = 431.358
||eta|| = 0.300546
||yp|| = 474.753
||yphi|| = 0.158402
||BtYp|| = 2.74347
||ru|| = 2.7442
||yu|| = 133.385
||GtYphi|| = 1.84996
||KtYu|| = 11.8265
||rj|| = 12.6217
||yj|| = 0.736147
||rphi|| = 0.00134524
||rp|| = 0.0724607
||y|| = 493.135
   Pass :  1   Iteration : 179  || r || = 0.0193012
||yp|| = 471.492
||xi|| = 428.418
||eta|| = 0.262026
||yp|| = 471.492
||yphi|| = 0.310341
||BtYp|| = 2.87718
||ru|| = 2.87846
||yu|| = 138.221
||GtYphi|| = 1.65159
||KtYu|| = 13.7385
||rj|| = 14.5887
||yj|| = 0.90535
||rphi|| = 0.00252994
||rp|| = 0.0767833
||y|| = 491.335
   Pass :  1   Iteration : 180  || r || = 0.0184864
||yp|| = 446.343
||xi|| = 405.553
||eta|| = 0.246852
||yp|| = 446.343
||yphi|| = 0.290621
||BtYp|| = 2.58146
||ru|| = 2.58218
||yu|| = 123.261
||GtYphi|| = 1.82794
||KtYu|| = 11.798
||rj|| = 12.6438
||yj|| = 0.744645
||rphi|| = 0.00229344
||rp|| = 0.0687573
||y|| = 463.05
   Pass :  1   Iteration : 181  || r || = 0.0179968
||yp|| = 511.586
||xi|| = 464.847
||eta|| = 0.297908
||yp|| = 511.586
||yphi|| = 0.28326
||BtYp|| = 2.99276
||ru|| = 2.99305
||yu|| = 140.697
||GtYphi|| = 2.02295
||KtYu|| = 12.041
||rj|| = 12.8428
||yj|| = 0.772931
||rphi|| = 0.00250178
||rp|| = 0.0808655
||y|| = 530.581
   Pass :  1   Iteration : 182  || r || = 0.0177799
||yp|| = 570.279
||xi|| = 518.2
||eta|| = 0.267663
||yp|| = 570.279
||yphi|| = 0.244956
||BtYp|| = 3.47243
||ru|| = 3.47381
||yu|| = 162.81
||GtYphi|| = 1.68344
||KtYu|| = 14.4195
||rj|| = 15.2943
||yj|| = 0.937316
||rphi|| = 0.00231584
||rp|| = 0.0913401
||y|| = 593.065
   Pass :  1   Iteration : 183  || r || = 0.0175999
||yp|| = 582.327
||xi|| = 529.094
||eta|| = 0.438734
||yp|| = 582.327
||yphi|| = 0.270765
||BtYp|| = 3.66322
||ru|| = 3.66363
||yu|| = 173.931
||GtYphi|| = 2.22449
||KtYu|| = 13.1664
||rj|| = 13.9289
||yj|| = 0.818014
||rphi|| = 0.00241137
||rp|| = 0.0970544
||y|| = 607.748
   Pass :  1   Iteration : 184  || r || = 0.0174947
||yp|| = 509.134
||xi|| = 462.556
||eta|| = 0.406952
||yp|| = 509.134
||yphi|| = 0.268252
||BtYp|| = 2.98718
||ru|| = 2.98943
||yu|| = 149.484
||GtYphi|| = 1.79529
||KtYu|| = 13.5697
||rj|| = 14.3313
||yj|| = 0.90112
||rphi|| = 0.00220437
||rp|| = 0.0831583
||y|| = 530.626
   Pass :  1   Iteration : 185  || r || = 0.0174528
||yp|| = 423.537
||xi|| = 384.804
||eta|| = 0.21864
||yp|| = 423.537
||yphi|| = 0.272826
||BtYp|| = 2.2815
||ru|| = 2.2827
||yu|| = 118.082
||GtYphi|| = 1.80514
||KtYu|| = 12.9422
||rj|| = 13.7731
||yj|| = 0.873987
||rphi|| = 0.00224027
||rp|| = 0.0624491
||y|| = 439.69
   Pass :  1   Iteration : 186  || r || = 0.0174348
||yp|| = 408.599
||xi|| = 371.226
||eta|| = 0.313099
||yp|| = 408.599
||yphi|| = 0.239086
||BtYp|| = 2.34291
||ru|| = 2.34414
||yu|| = 117.318
||GtYphi|| = 1.99074
||KtYu|| = 12.153
||rj|| = 13.0196
||yj|| = 0.764143
||rphi|| = 0.0020095
||rp|| = 0.0653658
||y|| = 425.108
   Pass :  1   Iteration : 187  || r || = 0.0174275
||yp|| = 432.794
||xi|| = 393.202
||eta|| = 0.340993
||yp|| = 432.794
||yphi|| = 0.221065
||BtYp|| = 2.47647
||ru|| = 2.47726
||yu|| = 122.322
||GtYphi|| = 1.73028
||KtYu|| = 13.4764
||rj|| = 14.3309
||yj|| = 0.913027
||rphi|| = 0.0017069
||rp|| = 0.070775
||y|| = 449.749
   Pass :  1   Iteration : 188  || r || = 0.0174248
||yp|| = 442.062
||xi|| = 401.558
||eta|| = 0.394164
||yp|| = 442.062
||yphi|| = 0.268432
||BtYp|| = 2.43485
||ru|| = 2.43674
||yu|| = 126.229
||GtYphi|| = 1.9506
||KtYu|| = 13.2607
||rj|| = 14.0973
||yj|| = 0.883194
||rphi|| = 0.00220027
||rp|| = 0.0701519
||y|| = 459.732
   Pass :  1   Iteration : 189  || r || = 0.0174216
||yp|| = 551.477
||xi|| = 501.105
||eta|| = 0.261058
||yp|| = 551.477
||yphi|| = 0.203879
||BtYp|| = 3.36034
||ru|| = 3.3613
||yu|| = 154.241
||GtYphi|| = 1.83708
||KtYu|| = 13.426
||rj|| = 14.2084
||yj|| = 0.849745
||rphi|| = 0.00165474
||rp|| = 0.0861875
||y|| = 572.641
   Pass :  1   Iteration : 190  || r || = 0.0174193
||yp|| = 438.952
||xi|| = 398.791
||eta|| = 0.350051
||yp|| = 438.952
||yphi|| = 0.330414
||BtYp|| = 2.59422
||ru|| = 2.59583
||yu|| = 130.037
||GtYphi|| = 2.15139
||KtYu|| = 13.445
||rj|| = 14.2909
||yj|| = 0.870244
||rphi|| = 0.00315678
||rp|| = 0.0747252
||y|| = 457.809
   Pass :  1   Iteration : 191  || r || = 0.0174183
||yp|| = 493.778
||xi|| = 448.597
||eta|| = 0.326561
||yp|| = 493.778
||yphi|| = 0.187602
||BtYp|| = 2.8756
||ru|| = 2.8765
||yu|| = 144.884
||GtYphi|| = 1.80706
||KtYu|| = 12.8418
||rj|| = 13.7021
||yj|| = 0.841763
||rphi|| = 0.00162965
||rp|| = 0.0797803
||y|| = 514.596
   Pass :  1   Iteration : 192  || r || = 0.0174177
||yp|| = 473.779
||xi|| = 430.41
||eta|| = 0.413826
||yp|| = 473.779
||yphi|| = 0.283021
||BtYp|| = 2.75946
||ru|| = 2.76041
||yu|| = 142.296
||GtYphi|| = 2.10173
||KtYu|| = 13.3053
||rj|| = 14.224
||yj|| = 0.876372
||rphi|| = 0.00216615
||rp|| = 0.0798621
||y|| = 494.687
   Pass :  1   Iteration : 193  || r || = 0.017414
||yp|| = 514.946
||xi|| = 467.864
||eta|| = 0.42391
||yp|| = 514.946
||yphi|| = 0.393102
||BtYp|| = 3.25665
||ru|| = 3.25746
||yu|| = 156.614
||GtYphi|| = 1.87788
||KtYu|| = 14.1935
||rj|| = 14.9381
||yj|| = 0.930177
||rphi|| = 0.00295606
||rp|| = 0.0929837
||y|| = 538.236
   Pass :  1   Iteration : 194  || r || = 0.0174052
||yp|| = 482.174
||xi|| = 438.103
||eta|| = 0.326416
||yp|| = 482.174
||yphi|| = 0.268018
||BtYp|| = 2.99151
||ru|| = 2.99272
||yu|| = 134.783
||GtYphi|| = 1.85241
||KtYu|| = 12.9571
||rj|| = 13.7807
||yj|| = 0.823834
||rphi|| = 0.00235455
||rp|| = 0.0813634
||y|| = 500.658
   Pass :  1   Iteration : 195  || r || = 0.0173681
||yp|| = 414.092
||xi|| = 376.118
||eta|| = 0.531007
||yp|| = 414.092
||yphi|| = 0.381571
||BtYp|| = 2.42889
||ru|| = 2.42962
||yu|| = 133.695
||GtYphi|| = 2.244
||KtYu|| = 12.6012
||rj|| = 13.4729
||yj|| = 0.802797
||rphi|| = 0.00371446
||rp|| = 0.0749992
||y|| = 435.141
   Pass :  1   Iteration : 196  || r || = 0.0172701
||yp|| = 469.726
||xi|| = 426.703
||eta|| = 0.378415
||yp|| = 469.726
||yphi|| = 0.198202
||BtYp|| = 2.74956
||ru|| = 2.75103
||yu|| = 156.877
||GtYphi|| = 1.94019
||KtYu|| = 13.7385
||rj|| = 14.5704
||yj|| = 0.907446
||rphi|| = 0.00172921
||rp|| = 0.0912479
||y|| = 495.23
   Pass :  1   Iteration : 197  || r || = 0.0170031
||yp|| = 412.561
||xi|| = 374.796
||eta|| = 0.320245
||yp|| = 412.561
||yphi|| = 0.252593
||BtYp|| = 2.32836
||ru|| = 2.32955
||yu|| = 124.829
||GtYphi|| = 1.97344
||KtYu|| = 12.3488
||rj|| = 13.2455
||yj|| = 0.814211
||rphi|| = 0.00211696
||rp|| = 0.0746496
||y|| = 431.033
   Pass :  1   Iteration : 198  || r || = 0.0164871
||yp|| = 405.678
||xi|| = 368.536
||eta|| = 0.386098
||yp|| = 405.678
||yphi|| = 0.210515
||BtYp|| = 2.37027
||ru|| = 2.37167
||yu|| = 125.114
||GtYphi|| = 1.57001
||KtYu|| = 12.7515
||rj|| = 13.5257
||yj|| = 0.84907
||rphi|| = 0.00199159
||rp|| = 0.0713014
||y|| = 424.534
   Pass :  1   Iteration : 199  || r || = 0.0158457
||yp|| = 399.34
||xi|| = 362.769
||eta|| = 0.291885
||yp|| = 399.34
||yphi|| = 0.28693
||BtYp|| = 2.18782
||ru|| = 2.18844
||yu|| = 120.145
||GtYphi|| = 1.77665
||KtYu|| = 12.9419
||rj|| = 13.8025
||yj|| = 0.856401
||rphi|| = 0.00243365
||rp|| = 0.0671399
||y|| = 417.023
   Pass :  1   Iteration : 200  || r || = 0.015257
||yp|| = 465.676
||xi|| = 423.028
||eta|| = 0.329064
||yp|| = 465.676
||yphi|| = 0.387718
||BtYp|| = 2.68831
||ru|| = 2.68938
||yu|| = 143.496
||GtYphi|| = 2.24117
||KtYu|| = 12.9272
||rj|| = 13.8191
||yj|| = 0.819648
||rphi|| = 0.00348061
||rp|| = 0.0809724
||y|| = 487.284
   Pass :  1   Iteration : 201  || r || = 0.0146791
||yp|| = 386.171
||xi|| = 350.809
||eta|| = 0.298295
||yp|| = 386.171
||yphi|| = 0.237113
||BtYp|| = 2.28737
||ru|| = 2.2892
||yu|| = 126.967
||GtYphi|| = 1.87489
||KtYu|| = 13.1562
||rj|| = 13.9875
||yj|| = 0.890729
||rphi|| = 0.00188699
||rp|| = 0.0745858
||y|| = 406.509
   Pass :  1   Iteration : 202  || r || = 0.0140839
||yp|| = 474.452
||xi|| = 431.052
||eta|| = 0.357819
||yp|| = 474.452
||yphi|| = 0.214617
||BtYp|| = 2.65407
||ru|| = 2.65526
||yu|| = 139.027
||GtYphi|| = 1.67215
||KtYu|| = 13.0783
||rj|| = 13.8708
||yj|| = 0.883907
||rphi|| = 0.00177736
||rp|| = 0.0761116
||y|| = 494.402
   Pass :  1   Iteration : 203  || r || = 0.0136398
||yp|| = 353.984
||xi|| = 321.573
||eta|| = 0.281886
||yp|| = 353.984
||yphi|| = 0.271166
||BtYp|| = 2.03749
||ru|| = 2.03836
||yu|| = 108.277
||GtYphi|| = 1.96744
||KtYu|| = 11.152
||rj|| = 11.9352
||yj|| = 0.716476
||rphi|| = 0.00222278
||rp|| = 0.0655689
||y|| = 370.175
   Pass :  1   Iteration : 204  || r || = 0.0135068
||yp|| = 442.033
||xi|| = 401.607
||eta|| = 0.350683
||yp|| = 442.033
||yphi|| = 0.235228
||BtYp|| = 2.79271
||ru|| = 2.79389
||yu|| = 133.777
||GtYphi|| = 1.83892
||KtYu|| = 13.577
||rj|| = 14.4794
||yj|| = 0.914621
||rphi|| = 0.00211508
||rp|| = 0.0816501
||y|| = 461.833
   Pass :  1   Iteration : 205  || r || = 0.0134621
||yp|| = 451.009
||xi|| = 409.704
||eta|| = 0.510522
||yp|| = 451.009
||yphi|| = 0.443848
||BtYp|| = 2.54594
||ru|| = 2.5468
||yu|| = 144.207
||GtYphi|| = 2.34036
||KtYu|| = 13.2058
||rj|| = 14.0424
||yj|| = 0.884199
||rphi|| = 0.00372154
||rp|| = 0.079303
||y|| = 473.504
   Pass :  1   Iteration : 206  || r || = 0.0134439
||yp|| = 446.991
||xi|| = 406.041
||eta|| = 0.382174
||yp|| = 446.991
||yphi|| = 0.192931
||BtYp|| = 2.76367
||ru|| = 2.76437
||yu|| = 147.545
||GtYphi|| = 1.93857
||KtYu|| = 13.0185
||rj|| = 13.8221
||yj|| = 0.84987
||rphi|| = 0.00161492
||rp|| = 0.0886774
||y|| = 470.713
   Pass :  1   Iteration : 207  || r || = 0.0134404
||yp|| = 475.464
||xi|| = 431.965
||eta|| = 0.349838
||yp|| = 475.464
||yphi|| = 0.294386
||BtYp|| = 2.86662
||ru|| = 2.86739
||yu|| = 147.423
||GtYphi|| = 2.04071
||KtYu|| = 14.5037
||rj|| = 15.3711
||yj|| = 0.960792
||rphi|| = 0.00227107
||rp|| = 0.0837931
||y|| = 497.796
   Pass :  1   Iteration : 208  || r || = 0.0134381
||yp|| = 480.756
||xi|| = 436.823
||eta|| = 0.306776
||yp|| = 480.756
||yphi|| = 0.293251
||BtYp|| = 2.86079
||ru|| = 2.86215
||yu|| = 125.681
||GtYphi|| = 2.16229
||KtYu|| = 11.8596
||rj|| = 12.736
||yj|| = 0.744007
||rphi|| = 0.00265363
||rp|| = 0.0752057
||y|| = 496.913
   Pass :  1   Iteration : 209  || r || = 0.0134329
||yp|| = 464.277
||xi|| = 421.823
||eta|| = 0.342821
||yp|| = 464.277
||yphi|| = 0.2193
||BtYp|| = 2.68734
||ru|| = 2.68914
||yu|| = 132.991
||GtYphi|| = 1.87637
||KtYu|| = 13.1587
||rj|| = 13.9647
||yj|| = 0.864914
||rphi|| = 0.00170864
||rp|| = 0.0753347
||y|| = 482.95
   Pass :  1   Iteration : 210  || r || = 0.0134272
||yp|| = 473.333
||xi|| = 430.006
||eta|| = 0.39242
||yp|| = 473.333
||yphi|| = 0.333152
||BtYp|| = 2.74283
||ru|| = 2.7437
||yu|| = 144.859
||GtYphi|| = 1.86861
||KtYu|| = 13.8732
||rj|| = 14.7054
||yj|| = 0.939778
||rphi|| = 0.00259031
||rp|| = 0.0805951
||y|| = 495.004
   Pass :  1   Iteration : 211  || r || = 0.0134248
||yp|| = 401.33
||xi|| = 364.605
||eta|| = 0.373451
||yp|| = 401.33
||yphi|| = 0.229987
||BtYp|| = 1.99351
||ru|| = 1.99438
||yu|| = 109.814
||GtYphi|| = 2.02394
||KtYu|| = 12.6865
||rj|| = 13.5244
||yj|| = 0.818675
||rphi|| = 0.0017366
||rp|| = 0.0584416
||y|| = 416.083
   Pass :  1   Iteration : 212  || r || = 0.0134237
||yp|| = 428.418
||xi|| = 389.191
||eta|| = 0.33475
||yp|| = 428.418
||yphi|| = 0.245657
||BtYp|| = 2.27685
||ru|| = 2.27845
||yu|| = 123.284
||GtYphi|| = 1.8522
||KtYu|| = 13.5735
||rj|| = 14.4278
||yj|| = 0.907278
||rphi|| = 0.00217038
||rp|| = 0.0669576
||y|| = 445.805
   Pass :  1   Iteration : 213  || r || = 0.0134213
||yp|| = 498.135
||xi|| = 452.625
||eta|| = 0.389727
||yp|| = 498.135
||yphi|| = 0.269263
||BtYp|| = 2.82373
||ru|| = 2.8241
||yu|| = 143.332
||GtYphi|| = 2.0625
||KtYu|| = 13.9195
||rj|| = 14.732
||yj|| = 0.883417
||rphi|| = 0.0026379
||rp|| = 0.077254
||y|| = 518.347
   Pass :  1   Iteration : 214  || r || = 0.0134101
||yp|| = 504.204
||xi|| = 458.094
||eta|| = 0.380912
||yp|| = 504.204
||yphi|| = 0.32303
||BtYp|| = 2.98602
||ru|| = 2.9863
||yu|| = 141.375
||GtYphi|| = 2.15205
||KtYu|| = 14.1966
||rj|| = 15.0691
||yj|| = 0.870869
||rphi|| = 0.00235246
||rp|| = 0.0798455
||y|| = 523.65
   Pass :  1   Iteration : 215  || r || = 0.0133576
||yp|| = 470.273
||xi|| = 427.258
||eta|| = 0.313879
||yp|| = 470.273
||yphi|| = 0.199343
||BtYp|| = 2.60777
||ru|| = 2.60893
||yu|| = 137.697
||GtYphi|| = 1.93318
||KtYu|| = 13.6165
||rj|| = 14.4424
||yj|| = 0.889651
||rphi|| = 0.00153445
||rp|| = 0.0772021
||y|| = 490.018
   Pass :  1   Iteration : 216  || r || = 0.0132425
||yp|| = 533.719
||xi|| = 484.92
||eta|| = 0.446267
||yp|| = 533.719
||yphi|| = 0.286589
||BtYp|| = 2.79204
||ru|| = 2.79301
||yu|| = 148.475
||GtYphi|| = 2.08541
||KtYu|| = 13.2131
||rj|| = 14.051
||yj|| = 0.802434
||rphi|| = 0.00230587
||rp|| = 0.0738264
||y|| = 553.987
   Pass :  1   Iteration : 217  || r || = 0.0129618
||yp|| = 462.299
||xi|| = 420.015
||eta|| = 0.362821
||yp|| = 462.299
||yphi|| = 0.199523
||BtYp|| = 2.60855
||ru|| = 2.60962
||yu|| = 134.762
||GtYphi|| = 1.63849
||KtYu|| = 13.0816
||rj|| = 13.9243
||yj|| = 0.873837
||rphi|| = 0.0017836
||rp|| = 0.0720678
||y|| = 481.542
   Pass :  1   Iteration : 218  || r || = 0.0124766
||yp|| = 407.609
||xi|| = 370.299
||eta|| = 0.304035
||yp|| = 407.609
||yphi|| = 0.181134
||BtYp|| = 2.23444
||ru|| = 2.23471
||yu|| = 125.14
||GtYphi|| = 1.62324
||KtYu|| = 12.3242
||rj|| = 13.1208
||yj|| = 0.805941
||rphi|| = 0.00147103
||rp|| = 0.0700238
||y|| = 426.387
   Pass :  1   Iteration : 219  || r || = 0.0118999
||yp|| = 448.52
||xi|| = 407.487
||eta|| = 0.379149
||yp|| = 448.52
||yphi|| = 0.186056
||BtYp|| = 2.51222
||ru|| = 2.51402
||yu|| = 135.196
||GtYphi|| = 1.8574
||KtYu|| = 13.2754
||rj|| = 14.1286
||yj|| = 0.780561
||rphi|| = 0.00160891
||rp|| = 0.0750493
||y|| = 468.454
   Pass :  1   Iteration : 220  || r || = 0.0110749
||yp|| = 451.555
||xi|| = 410.238
||eta|| = 0.417752
||yp|| = 451.555
||yphi|| = 0.272382
||BtYp|| = 2.50719
||ru|| = 2.50856
||yu|| = 125.665
||GtYphi|| = 2.02941
||KtYu|| = 12.6953
||rj|| = 13.5139
||yj|| = 0.788534
||rphi|| = 0.00199825
||rp|| = 0.0684058
||y|| = 468.715
   Pass :  1   Iteration : 221  || r || = 0.0104656
||yp|| = 526.185
||xi|| = 478.099
||eta|| = 0.298627
||yp|| = 526.185
||yphi|| = 0.172414
||BtYp|| = 2.88398
||ru|| = 2.88486
||yu|| = 149.185
||GtYphi|| = 1.54487
||KtYu|| = 13.512
||rj|| = 14.2733
||yj|| = 0.856777
||rphi|| = 0.00132394
||rp|| = 0.0820369
||y|| = 546.926
   Pass :  1   Iteration : 222  || r || = 0.00997566
||yp|| = 481.305
||xi|| = 437.318
||eta|| = 0.304317
||yp|| = 481.305
||yphi|| = 0.249534
||BtYp|| = 2.63083
||ru|| = 2.63188
||yu|| = 136.146
||GtYphi|| = 1.85557
||KtYu|| = 12.6877
||rj|| = 13.521
||yj|| = 0.754452
||rphi|| = 0.00186295
||rp|| = 0.0726991
||y|| = 500.191
   Pass :  1   Iteration : 223  || r || = 0.00974313
||yp|| = 438.669
||xi|| = 398.52
||eta|| = 0.482928
||yp|| = 438.669
||yphi|| = 0.205524
||BtYp|| = 2.42149
||ru|| = 2.42234
||yu|| = 135.501
||GtYphi|| = 1.82413
||KtYu|| = 13.8702
||rj|| = 14.5996
||yj|| = 0.946989
||rphi|| = 0.00194655
||rp|| = 0.0731654
||y|| = 459.121
   Pass :  1   Iteration : 224  || r || = 0.00965219
||yp|| = 439.036
||xi|| = 398.827
||eta|| = 0.449271
||yp|| = 439.036
||yphi|| = 0.228033
||BtYp|| = 2.55727
||ru|| = 2.55801
||yu|| = 134.619
||GtYphi|| = 1.904
||KtYu|| = 14.3695
||rj|| = 15.2153
||yj|| = 0.925794
||rphi|| = 0.00167194
||rp|| = 0.0752431
||y|| = 459.212
   Pass :  1   Iteration : 225  || r || = 0.00961708
||yp|| = 422.973
||xi|| = 384.266
||eta|| = 0.350634
||yp|| = 422.973
||yphi|| = 0.284689
||BtYp|| = 2.21729
||ru|| = 2.21801
||yu|| = 122.875
||GtYphi|| = 2.16114
||KtYu|| = 12.1668
||rj|| = 12.9863
||yj|| = 0.780792
||rphi|| = 0.00223966
||rp|| = 0.067495
||y|| = 440.46
   Pass :  1   Iteration : 226  || r || = 0.00960272
||yp|| = 448.742
||xi|| = 407.685
||eta|| = 0.353893
||yp|| = 448.742
||yphi|| = 0.227315
||BtYp|| = 2.43702
||ru|| = 2.43814
||yu|| = 129.568
||GtYphi|| = 2.0773
||KtYu|| = 14.2422
||rj|| = 15.0737
||yj|| = 0.942019
||rphi|| = 0.00181124
||rp|| = 0.0690749
||y|| = 467.074
   Pass :  1   Iteration : 227  || r || = 0.0095997
||yp|| = 475.697
||xi|| = 432.205
||eta|| = 0.304821
||yp|| = 475.697
||yphi|| = 0.319338
||BtYp|| = 2.65692
||ru|| = 2.65832
||yu|| = 136.033
||GtYphi|| = 2.20228
||KtYu|| = 13.1815
||rj|| = 14.0264
||yj|| = 0.815428
||rphi|| = 0.00256226
||rp|| = 0.0721298
||y|| = 494.766
   Pass :  1   Iteration : 228  || r || = 0.00959688
||yp|| = 432.85
||xi|| = 393.263
||eta|| = 0.368143
||yp|| = 432.85
||yphi|| = 0.342021
||BtYp|| = 2.44442
||ru|| = 2.44537
||yu|| = 122.72
||GtYphi|| = 1.99348
||KtYu|| = 12.5353
||rj|| = 13.2907
||yj|| = 0.771045
||rphi|| = 0.00255747
||rp|| = 0.0681351
||y|| = 449.911
   Pass :  1   Iteration : 229  || r || = 0.00959365
||yp|| = 456.516
||xi|| = 414.738
||eta|| = 0.285039
||yp|| = 456.516
||yphi|| = 0.252438
||BtYp|| = 2.52696
||ru|| = 2.52846
||yu|| = 136.473
||GtYphi|| = 1.5907
||KtYu|| = 14.9465
||rj|| = 15.8345
||yj|| = 1.00308
||rphi|| = 0.00187574
||rp|| = 0.0745528
||y|| = 476.479
   Pass :  1   Iteration : 230  || r || = 0.00958833
||yp|| = 410.514
||xi|| = 372.945
||eta|| = 0.441505
||yp|| = 410.514
||yphi|| = 0.220511
||BtYp|| = 2.19041
||ru|| = 2.19213
||yu|| = 117.189
||GtYphi|| = 1.96473
||KtYu|| = 12.6691
||rj|| = 13.3303
||yj|| = 0.816736
||rphi|| = 0.00171846
||rp|| = 0.0631669
||y|| = 426.914
   Pass :  1   Iteration : 231  || r || = 0.00958354
||yp|| = 455.258
||xi|| = 413.569
||eta|| = 0.426806
||yp|| = 455.258
||yphi|| = 0.248486
||BtYp|| = 2.48196
||ru|| = 2.48356
||yu|| = 127.508
||GtYphi|| = 1.92201
||KtYu|| = 13.2416
||rj|| = 14.0483
||yj|| = 0.878525
||rphi|| = 0.00194886
||rp|| = 0.0678025
||y|| = 472.778
   Pass :  1   Iteration : 232  || r || = 0.00957866
||yp|| = 461.365
||xi|| = 419.163
||eta|| = 0.373133
||yp|| = 461.365
||yphi|| = 0.212294
||BtYp|| = 2.55606
||ru|| = 2.55855
||yu|| = 133.693
||GtYphi|| = 1.81533
||KtYu|| = 15.1598
||rj|| = 15.9858
||yj|| = 1.04559
||rphi|| = 0.00171469
||rp|| = 0.0715602
||y|| = 480.346
   Pass :  1   Iteration : 233  || r || = 0.00956387
||yp|| = 479.885
||xi|| = 435.984
||eta|| = 0.390758
||yp|| = 479.885
||yphi|| = 0.227063
||BtYp|| = 2.5766
||ru|| = 2.57735
||yu|| = 124.455
||GtYphi|| = 2.0846
||KtYu|| = 13.0483
||rj|| = 13.7344
||yj|| = 0.800591
||rphi|| = 0.00173547
||rp|| = 0.0687322
||y|| = 495.762
   Pass :  1   Iteration : 234  || r || = 0.00953549
||yp|| = 503.22
||xi|| = 457.2
||eta|| = 0.323139
||yp|| = 503.22
||yphi|| = 0.253936
||BtYp|| = 2.98482
||ru|| = 2.9854
||yu|| = 149.994
||GtYphi|| = 1.98111
||KtYu|| = 14.4256
||rj|| = 15.2665
||yj|| = 0.947028
||rphi|| = 0.00202858
||rp|| = 0.0831313
||y|| = 525.1
   Pass :  1   Iteration : 235  || r || = 0.00946736
||yp|| = 510.133
||xi|| = 463.502
||eta|| = 0.300425
||yp|| = 510.133
||yphi|| = 0.25161
||BtYp|| = 2.90364
||ru|| = 2.9052
||yu|| = 137.81
||GtYphi|| = 1.81507
||KtYu|| = 13.3807
||rj|| = 14.1916
||yj|| = 0.889072
||rphi|| = 0.00197316
||rp|| = 0.0759634
||y|| = 528.42
   Pass :  1   Iteration : 236  || r || = 0.00928161
||yp|| = 557.053
||xi|| = 506.113
||eta|| = 0.438638
||yp|| = 557.053
||yphi|| = 0.204179
||BtYp|| = 3.08008
||ru|| = 3.08062
||yu|| = 152.778
||GtYphi|| = 1.91047
||KtYu|| = 12.8264
||rj|| = 13.6171
||yj|| = 0.815229
||rphi|| = 0.00160975
||rp|| = 0.0809289
||y|| = 577.624
   Pass :  1   Iteration : 237  || r || = 0.00898377
||yp|| = 496.048
||xi|| = 450.692
||eta|| = 0.341746
||yp|| = 496.048
||yphi|| = 0.181662
||BtYp|| = 3.07796
||ru|| = 3.07915
||yu|| = 147.128
||GtYphi|| = 1.71578
||KtYu|| = 13.5256
||rj|| = 14.3484
||yj|| = 0.927683
||rphi|| = 0.00152967
||rp|| = 0.0827274
||y|| = 517.408
   Pass :  1   Iteration : 238  || r || = 0.00850803
||yp|| = 469.123
||xi|| = 426.251
||eta|| = 0.4135
||yp|| = 469.123
||yphi|| = 0.254139
||BtYp|| = 2.79247
||ru|| = 2.79367
||yu|| = 139.975
||GtYphi|| = 1.72269
||KtYu|| = 13.3111
||rj|| = 14.0705
||yj|| = 0.869333
||rphi|| = 0.0020202
||rp|| = 0.0785881
||y|| = 489.561
   Pass :  1   Iteration : 239  || r || = 0.00793353
||yp|| = 490.902
||xi|| = 446.028
||eta|| = 0.360492
||yp|| = 490.902
||yphi|| = 0.195364
||BtYp|| = 2.83278
||ru|| = 2.83369
||yu|| = 131.978
||GtYphi|| = 1.57745
||KtYu|| = 12.2866
||rj|| = 13.036
||yj|| = 0.723035
||rphi|| = 0.0016323
||rp|| = 0.0730901
||y|| = 508.334
   Pass :  1   Iteration : 240  || r || = 0.00755093
||yp|| = 510.308
||xi|| = 463.662
||eta|| = 0.312572
||yp|| = 510.308
||yphi|| = 0.176
||BtYp|| = 3.10137
||ru|| = 3.10272
||yu|| = 144.727
||GtYphi|| = 1.7452
||KtYu|| = 13.5886
||rj|| = 14.4499
||yj|| = 0.905412
||rphi|| = 0.00144853
||rp|| = 0.0824848
||y|| = 530.435
   Pass :  1   Iteration : 241  || r || = 0.00726307
||yp|| = 475.436
||xi|| = 431.944
||eta|| = 0.449663
||yp|| = 475.436
||yphi|| = 0.188307
||BtYp|| = 2.79357
||ru|| = 2.79445
||yu|| = 137.722
||GtYphi|| = 1.7628
||KtYu|| = 12.8568
||rj|| = 13.6162
||yj|| = 0.816402
||rphi|| = 0.00155803
||rp|| = 0.0742893
||y|| = 494.982
   Pass :  1   Iteration : 242  || r || = 0.00712013
||yp|| = 537.6
||xi|| = 488.476
||eta|| = 0.345531
||yp|| = 537.6
||yphi|| = 0.265731
||BtYp|| = 3.27246
||ru|| = 3.27359
||yu|| = 149.557
||GtYphi|| = 1.94513
||KtYu|| = 13.5344
||rj|| = 14.3527
||yj|| = 0.853635
||rphi|| = 0.00224343
||rp|| = 0.085169
||y|| = 558.016
   Pass :  1   Iteration : 243  || r || = 0.00706711
||yp|| = 509.222
||xi|| = 462.646
||eta|| = 0.362223
||yp|| = 509.222
||yphi|| = 0.170575
||BtYp|| = 3.00842
||ru|| = 3.01052
||yu|| = 145.042
||GtYphi|| = 1.73031
||KtYu|| = 13.801
||rj|| = 14.5711
||yj|| = 0.874001
||rphi|| = 0.00152957
||rp|| = 0.0795611
||y|| = 529.476
   Pass :  1   Iteration : 244  || r || = 0.00704047
||yp|| = 506.627
||xi|| = 460.321
||eta|| = 0.413143
||yp|| = 506.627
||yphi|| = 0.23919
||BtYp|| = 2.91631
||ru|| = 2.9175
||yu|| = 152.093
||GtYphi|| = 1.97089
||KtYu|| = 13.765
||rj|| = 14.6173
||yj|| = 0.86118
||rphi|| = 0.00208062
||rp|| = 0.0808527
||y|| = 528.965
   Pass :  1   Iteration : 245  || r || = 0.00702202
||yp|| = 519.768
||xi|| = 472.235
||eta|| = 0.330438
||yp|| = 519.768
||yphi|| = 0.246128
||BtYp|| = 3.00084
||ru|| = 3.00217
||yu|| = 145.996
||GtYphi|| = 1.89619
||KtYu|| = 13.1169
||rj|| = 13.9151
||yj|| = 0.843037
||rphi|| = 0.00181799
||rp|| = 0.0794248
||y|| = 539.883
   Pass :  1   Iteration : 246  || r || = 0.00701449
||yp|| = 485.909
||xi|| = 441.491
||eta|| = 0.417537
||yp|| = 485.909
||yphi|| = 0.24758
||BtYp|| = 2.92153
||ru|| = 2.92245
||yu|| = 137.376
||GtYphi|| = 1.91628
||KtYu|| = 13.2863
||rj|| = 14.1115
||yj|| = 0.861849
||rphi|| = 0.00202732
||rp|| = 0.0768367
||y|| = 504.956
   Pass :  1   Iteration : 247  || r || = 0.00700988
||yp|| = 455.843
||xi|| = 414.128
||eta|| = 0.483861
||yp|| = 455.843
||yphi|| = 0.269818
||BtYp|| = 2.47106
||ru|| = 2.4725
||yu|| = 129.927
||GtYphi|| = 2.1275
||KtYu|| = 12.9631
||rj|| = 13.7911
||yj|| = 0.82141
||rphi|| = 0.00208859
||rp|| = 0.0693936
||y|| = 473.999
   Pass :  1   Iteration : 248  || r || = 0.00700729
||yp|| = 453.037
||xi|| = 411.6
||eta|| = 0.319458
||yp|| = 453.037
||yphi|| = 0.308542
||BtYp|| = 2.58193
||ru|| = 2.58239
||yu|| = 136.648
||GtYphi|| = 2.12504
||KtYu|| = 13.2653
||rj|| = 14.0824
||yj|| = 0.845427
||rphi|| = 0.00258989
||rp|| = 0.0755134
||y|| = 473.197
   Pass :  1   Iteration : 249  || r || = 0.00700355
||yp|| = 466.559
||xi|| = 423.854
||eta|| = 0.493424
||yp|| = 466.559
||yphi|| = 0.250632
||BtYp|| = 2.57475
||ru|| = 2.57612
||yu|| = 137.552
||GtYphi|| = 1.92783
||KtYu|| = 13.9001
||rj|| = 14.764
||yj|| = 0.835278
||rphi|| = 0.0020219
||rp|| = 0.0742287
||y|| = 486.414
   Pass :  1   Iteration : 250  || r || = 0.00700169
||yp|| = 474.548
||xi|| = 431.148
||eta|| = 0.369504
||yp|| = 474.548
||yphi|| = 0.247782
||BtYp|| = 2.62131
||ru|| = 2.62259
||yu|| = 134.16
||GtYphi|| = 1.94664
||KtYu|| = 12.3106
||rj|| = 13.0575
||yj|| = 0.754876
||rphi|| = 0.00194087
||rp|| = 0.0729227
||y|| = 493.149
   Pass :  1   Iteration : 251  || r || = 0.00699895
||yp|| = 467.513
||xi|| = 424.738
||eta|| = 0.418597
||yp|| = 467.513
||yphi|| = 0.187181
||BtYp|| = 2.63127
||ru|| = 2.63361
||yu|| = 139.787
||GtYphi|| = 1.78996
||KtYu|| = 15.0672
||rj|| = 15.9231
||yj|| = 1.00014
||rphi|| = 0.00160162
||rp|| = 0.0768146
||y|| = 487.965
   Pass :  1   Iteration : 252  || r || = 0.00699075
||yp|| = 474.79
||xi|| = 431.374
||eta|| = 0.51665
||yp|| = 474.79
||yphi|| = 0.20722
||BtYp|| = 2.75814
||ru|| = 2.75921
||yu|| = 130.365
||GtYphi|| = 2.17155
||KtYu|| = 12.0317
||rj|| = 12.8107
||yj|| = 0.753225
||rphi|| = 0.00164495
||rp|| = 0.0748354
||y|| = 492.363
   Pass :  1   Iteration : 253  || r || = 0.00697674
||yp|| = 442.752
||xi|| = 402.227
||eta|| = 0.352044
||yp|| = 442.752
||yphi|| = 0.277043
||BtYp|| = 2.47395
||ru|| = 2.47524
||yu|| = 131.864
||GtYphi|| = 2.07741
||KtYu|| = 13.3213
||rj|| = 14.1733
||yj|| = 0.866961
||rphi|| = 0.00217701
||rp|| = 0.0748232
||y|| = 461.972
   Pass :  1   Iteration : 254  || r || = 0.00695747
||yp|| = 430.531
||xi|| = 391.099
||eta|| = 0.387259
||yp|| = 430.531
||yphi|| = 0.186947
||BtYp|| = 2.60263
||ru|| = 2.60305
||yu|| = 137.994
||GtYphi|| = 1.75806
||KtYu|| = 14.7026
||rj|| = 15.5084
||yj|| = 0.996425
||rphi|| = 0.00151675
||rp|| = 0.0798318
||y|| = 452.106
   Pass :  1   Iteration : 255  || r || = 0.00692474
||yp|| = 465.142
||xi|| = 422.528
||eta|| = 0.536097
||yp|| = 465.142
||yphi|| = 0.226971
||BtYp|| = 2.55001
||ru|| = 2.551
||yu|| = 136.877
||GtYphi|| = 1.97891
||KtYu|| = 12.6276
||rj|| = 13.3578
||yj|| = 0.792692
||rphi|| = 0.00193261
||rp|| = 0.0727762
||y|| = 484.864
   Pass :  1   Iteration : 256  || r || = 0.00686497
||yp|| = 413.324
||xi|| = 375.466
||eta|| = 0.417838
||yp|| = 413.324
||yphi|| = 0.211601
||BtYp|| = 2.32721
||ru|| = 2.32871
||yu|| = 122.467
||GtYphi|| = 2.03447
||KtYu|| = 13.3312
||rj|| = 14.1668
||yj|| = 0.883469
||rphi|| = 0.00189183
||rp|| = 0.0681628
||y|| = 431.086
   Pass :  1   Iteration : 257  || r || = 0.00676921
||yp|| = 420.093
||xi|| = 381.614
||eta|| = 0.347383
||yp|| = 420.093
||yphi|| = 0.162673
||BtYp|| = 2.28102
||ru|| = 2.28322
||yu|| = 127.026
||GtYphi|| = 1.54423
||KtYu|| = 13.6892
||rj|| = 14.5041
||yj|| = 0.932179
||rphi|| = 0.00138465
||rp|| = 0.0710809
||y|| = 438.879
   Pass :  1   Iteration : 258  || r || = 0.00658521
||yp|| = 394.748
||xi|| = 358.57
||eta|| = 0.427878
||yp|| = 394.748
||yphi|| = 0.233489
||BtYp|| = 2.12269
||ru|| = 2.12425
||yu|| = 110.591
||GtYphi|| = 2.04864
||KtYu|| = 11.6448
||rj|| = 12.3874
||yj|| = 0.716715
||rphi|| = 0.00204908
||rp|| = 0.0626522
||y|| = 409.947
   Pass :  1   Iteration : 259  || r || = 0.00640278
||yp|| = 442.209
||xi|| = 401.746
||eta|| = 0.322281
||yp|| = 442.209
||yphi|| = 0.176444
||BtYp|| = 2.52779
||ru|| = 2.52854
||yu|| = 136.826
||GtYphi|| = 1.65768
||KtYu|| = 14.5483
||rj|| = 15.4163
||yj|| = 0.96628
||rphi|| = 0.00146762
||rp|| = 0.0762885
||y|| = 462.894
   Pass :  1   Iteration : 260  || r || = 0.00608847
||yp|| = 367.373
||xi|| = 333.73
||eta|| = 0.273131
||yp|| = 367.373
||yphi|| = 0.167424
||BtYp|| = 1.8207
||ru|| = 1.82249
||yu|| = 103.295
||GtYphi|| = 1.58348
||KtYu|| = 11.9001
||rj|| = 12.6281
||yj|| = 0.769482
||rphi|| = 0.00142399
||rp|| = 0.0553483
||y|| = 381.62
   Pass :  1   Iteration : 261  || r || = 0.00589831
||yp|| = 537.159
||xi|| = 488.066
||eta|| = 0.33184
||yp|| = 537.159
||yphi|| = 0.185369
||BtYp|| = 3.0171
||ru|| = 3.0172
||yu|| = 146.772
||GtYphi|| = 1.83093
||KtYu|| = 12.778
||rj|| = 13.6606
||yj|| = 0.728823
||rphi|| = 0.00153137
||rp|| = 0.0780611
||y|| = 556.851
   Pass :  1   Iteration : 262  || r || = 0.00582388
||yp|| = 435.975
||xi|| = 396.086
||eta|| = 0.426028
||yp|| = 435.975
||yphi|| = 0.171113
||BtYp|| = 2.30214
||ru|| = 2.30282
||yu|| = 128.591
||GtYphi|| = 1.66641
||KtYu|| = 14.0312
||rj|| = 14.8173
||yj|| = 0.911566
||rphi|| = 0.00152569
||rp|| = 0.0699921
||y|| = 454.544
   Pass :  1   Iteration : 263  || r || = 0.00579283
||yp|| = 442.659
||xi|| = 402.126
||eta|| = 0.334155
||yp|| = 442.659
||yphi|| = 0.260407
||BtYp|| = 2.35845
||ru|| = 2.36095
||yu|| = 131.413
||GtYphi|| = 1.98999
||KtYu|| = 13.7062
||rj|| = 14.5671
||yj|| = 0.89909
||rphi|| = 0.00201506
||rp|| = 0.0697043
||y|| = 461.754
   Pass :  1   Iteration : 264  || r || = 0.00577589
||yp|| = 464.693
||xi|| = 422.163
||eta|| = 0.331879
||yp|| = 464.693
||yphi|| = 0.211688
||BtYp|| = 2.42446
||ru|| = 2.42546
||yu|| = 133.773
||GtYphi|| = 2.01309
||KtYu|| = 13.6035
||rj|| = 14.4272
||yj|| = 0.77258
||rphi|| = 0.0015779
||rp|| = 0.0703474
||y|| = 483.565
   Pass :  1   Iteration : 265  || r || = 0.00576617
||yp|| = 450.45
||xi|| = 409.186
||eta|| = 0.431144
||yp|| = 450.45
||yphi|| = 0.185778
||BtYp|| = 2.36586
||ru|| = 2.36793
||yu|| = 133.994
||GtYphi|| = 1.67482
||KtYu|| = 13.8306
||rj|| = 14.5476
||yj|| = 0.958163
||rphi|| = 0.00152124
||rp|| = 0.071438
||y|| = 469.958
   Pass :  1   Iteration : 266  || r || = 0.00576191
||yp|| = 473.923
||xi|| = 430.546
||eta|| = 0.399816
||yp|| = 473.923
||yphi|| = 0.342533
||BtYp|| = 2.5426
||ru|| = 2.54404
||yu|| = 142.517
||GtYphi|| = 2.06515
||KtYu|| = 14.4622
||rj|| = 15.4236
||yj|| = 0.943881
||rphi|| = 0.00259531
||rp|| = 0.0750601
||y|| = 494.889
   Pass :  1   Iteration : 267  || r || = 0.00575652
||yp|| = 488.595
||xi|| = 443.911
||eta|| = 0.528096
||yp|| = 488.595
||yphi|| = 0.328851
||BtYp|| = 2.63671
||ru|| = 2.63827
||yu|| = 138.695
||GtYphi|| = 2.03472
||KtYu|| = 13.1967
||rj|| = 13.9479
||yj|| = 0.811261
||rphi|| = 0.002437
||rp|| = 0.0751441
||y|| = 507.9
   Pass :  1   Iteration : 268  || r || = 0.00575441
||yp|| = 464.981
||xi|| = 422.406
||eta|| = 0.457905
||yp|| = 464.981
||yphi|| = 0.250433
||BtYp|| = 2.53672
||ru|| = 2.53807
||yu|| = 134.808
||GtYphi|| = 1.73151
||KtYu|| = 14.6712
||rj|| = 15.4402
||yj|| = 0.995901
||rphi|| = 0.00192519
||rp|| = 0.0728937
||y|| = 484.13
   Pass :  1   Iteration : 269  || r || = 0.0057526
||yp|| = 483.509
||xi|| = 439.272
||eta|| = 0.45969
||yp|| = 483.509
||yphi|| = 0.369153
||BtYp|| = 2.5153
||ru|| = 2.51608
||yu|| = 130.333
||GtYphi|| = 2.12942
||KtYu|| = 13
||rj|| = 13.8374
||yj|| = 0.818818
||rphi|| = 0.00275692
||rp|| = 0.0699152
||y|| = 500.768
   Pass :  1   Iteration : 270  || r || = 0.00575053
||yp|| = 546.035
||xi|| = 496.112
||eta|| = 0.606198
||yp|| = 546.035
||yphi|| = 0.358555
||BtYp|| = 2.99837
||ru|| = 2.99944
||yu|| = 149.444
||GtYphi|| = 2.3683
||KtYu|| = 13.7731
||rj|| = 14.6482
||yj|| = 0.874063
||rphi|| = 0.00294065
||rp|| = 0.0835822
||y|| = 566.117
   Pass :  1   Iteration : 271  || r || = 0.005746
||yp|| = 501.172
||xi|| = 455.29
||eta|| = 0.626343
||yp|| = 501.172
||yphi|| = 0.168131
||BtYp|| = 2.66413
||ru|| = 2.66518
||yu|| = 141.096
||GtYphi|| = 1.86012
||KtYu|| = 14.1086
||rj|| = 14.9336
||yj|| = 0.920417
||rphi|| = 0.00130863
||rp|| = 0.0748138
||y|| = 520.655
   Pass :  1   Iteration : 272  || r || = 0.00573547
||yp|| = 495.946
||xi|| = 450.604
||eta|| = 0.347322
||yp|| = 495.946
||yphi|| = 0.230953
||BtYp|| = 2.59401
||ru|| = 2.59481
||yu|| = 127.809
||GtYphi|| = 2.08116
||KtYu|| = 12.2654
||rj|| = 13.0491
||yj|| = 0.731074
||rphi|| = 0.00186675
||rp|| = 0.0656361
||y|| = 512.151
   Pass :  1   Iteration : 273  || r || = 0.00570907
||yp|| = 485.938
||xi|| = 441.521
||eta|| = 0.302636
||yp|| = 485.938
||yphi|| = 0.178323
||BtYp|| = 2.58383
||ru|| = 2.58471
||yu|| = 133.631
||GtYphi|| = 1.6568
||KtYu|| = 14.4713
||rj|| = 15.2339
||yj|| = 0.920159
||rphi|| = 0.00140539
||rp|| = 0.068896
||y|| = 503.978
   Pass :  1   Iteration : 274  || r || = 0.00566346
||yp|| = 568.556
||xi|| = 516.587
||eta|| = 0.354659
||yp|| = 568.556
||yphi|| = 0.178354
||BtYp|| = 3.2002
||ru|| = 3.20132
||yu|| = 154.742
||GtYphi|| = 1.6522
||KtYu|| = 14.0764
||rj|| = 14.8314
||yj|| = 0.882888
||rphi|| = 0.00149593
||rp|| = 0.0827996
||y|| = 589.238
   Pass :  1   Iteration : 275  || r || = 0.00554913
||yp|| = 517.161
||xi|| = 469.824
||eta|| = 0.37812
||yp|| = 517.161
||yphi|| = 0.352347
||BtYp|| = 2.7758
||ru|| = 2.77712
||yu|| = 144.287
||GtYphi|| = 2.00514
||KtYu|| = 12.9627
||rj|| = 13.7787
||yj|| = 0.766863
||rphi|| = 0.00261809
||rp|| = 0.0739614
||y|| = 536.912
   Pass :  1   Iteration : 276  || r || = 0.00536756
||yp|| = 485.563
||xi|| = 441.168
||eta|| = 0.28328
||yp|| = 485.563
||yphi|| = 0.160092
||BtYp|| = 2.48506
||ru|| = 2.48641
||yu|| = 129.325
||GtYphi|| = 1.67591
||KtYu|| = 13.6609
||rj|| = 14.5183
||yj|| = 0.908201
||rphi|| = 0.00137704
||rp|| = 0.0660124
||y|| = 502.491
   Pass :  1   Iteration : 277  || r || = 0.00500977
||yp|| = 465.598
||xi|| = 423.019
||eta|| = 0.352682
||yp|| = 465.598
||yphi|| = 0.150159
||BtYp|| = 2.36666
||ru|| = 2.36751
||yu|| = 121.316
||GtYphi|| = 1.65569
||KtYu|| = 12.4152
||rj|| = 13.2154
||yj|| = 0.775839
||rphi|| = 0.00117087
||rp|| = 0.0644695
||y|| = 481.144
   Pass :  1   Iteration : 278  || r || = 0.00467731
||yp|| = 470.818
||xi|| = 427.749
||eta|| = 0.398985
||yp|| = 470.818
||yphi|| = 0.177324
||BtYp|| = 2.44495
||ru|| = 2.4457
||yu|| = 125.583
||GtYphi|| = 1.64617
||KtYu|| = 13.7161
||rj|| = 14.4408
||yj|| = 0.828766
||rphi|| = 0.00149549
||rp|| = 0.0651279
||y|| = 487.28
   Pass :  1   Iteration : 279  || r || = 0.00449843
||yp|| = 452.794
||xi|| = 411.366
||eta|| = 0.310174
||yp|| = 452.794
||yphi|| = 0.186029
||BtYp|| = 2.19332
||ru|| = 2.19507
||yu|| = 119.228
||GtYphi|| = 1.64711
||KtYu|| = 13.5936
||rj|| = 14.4294
||yj|| = 0.907401
||rphi|| = 0.00141731
||rp|| = 0.0628113
||y|| = 468.23
   Pass :  1   Iteration : 280  || r || = 0.00437867
||yp|| = 430.446
||xi|| = 390.984
||eta|| = 0.469515
||yp|| = 430.446
||yphi|| = 0.175754
||BtYp|| = 2.0821
||ru|| = 2.08194
||yu|| = 117.103
||GtYphi|| = 1.74481
||KtYu|| = 12.2166
||rj|| = 12.9184
||yj|| = 0.758079
||rphi|| = 0.00152001
||rp|| = 0.061351
||y|| = 446.092
   Pass :  1   Iteration : 281  || r || = 0.00433725
||yp|| = 481.29
||xi|| = 437.23
||eta|| = 0.519918
||yp|| = 481.29
||yphi|| = 0.188794
||BtYp|| = 2.37751
||ru|| = 2.37865
||yu|| = 135.501
||GtYphi|| = 1.65957
||KtYu|| = 14.5595
||rj|| = 15.3951
||yj|| = 0.909981
||rphi|| = 0.00143574
||rp|| = 0.0687057
||y|| = 500.002
   Pass :  1   Iteration : 282  || r || = 0.00431984
||yp|| = 553.141
||xi|| = 502.553
||eta|| = 0.53756
||yp|| = 553.141
||yphi|| = 0.206114
||BtYp|| = 2.72847
||ru|| = 2.72971
||yu|| = 147.248
||GtYphi|| = 1.79736
||KtYu|| = 14.2776
||rj|| = 15.0542
||yj|| = 0.921875
||rphi|| = 0.00157602
||rp|| = 0.075406
||y|| = 572.406
   Pass :  1   Iteration : 283  || r || = 0.00431118
||yp|| = 457.024
||xi|| = 415.164
||eta|| = 0.401264
||yp|| = 457.024
||yphi|| = 0.202201
||BtYp|| = 2.52282
||ru|| = 2.52324
||yu|| = 137.174
||GtYphi|| = 1.91825
||KtYu|| = 13.1496
||rj|| = 14.0498
||yj|| = 0.795152
||rphi|| = 0.00145061
||rp|| = 0.0758482
||y|| = 477.167
   Pass :  1   Iteration : 284  || r || = 0.00430756
||yp|| = 469.792
||xi|| = 426.804
||eta|| = 0.367485
||yp|| = 469.792
||yphi|| = 0.371865
||BtYp|| = 2.37553
||ru|| = 2.37756
||yu|| = 136.898
||GtYphi|| = 1.97348
||KtYu|| = 12.915
||rj|| = 13.673
||yj|| = 0.855913
||rphi|| = 0.00275987
||rp|| = 0.0779731
||y|| = 489.333
   Pass :  1   Iteration : 285  || r || = 0.00430478
||yp|| = 452.217
||xi|| = 410.789
||eta|| = 0.552173
||yp|| = 452.217
||yphi|| = 0.223323
||BtYp|| = 2.25967
||ru|| = 2.26195
||yu|| = 133.936
||GtYphi|| = 1.8009
||KtYu|| = 13.7027
||rj|| = 14.5432
||yj|| = 0.865184
||rphi|| = 0.0015501
||rp|| = 0.0713837
||y|| = 471.636
   Pass :  1   Iteration : 286  || r || = 0.004303
||yp|| = 491.417
||xi|| = 446.435
||eta|| = 0.46387
||yp|| = 491.417
||yphi|| = 0.244196
||BtYp|| = 2.54939
||ru|| = 2.55079
||yu|| = 136.873
||GtYphi|| = 1.93175
||KtYu|| = 12.881
||rj|| = 13.707
||yj|| = 0.759559
||rphi|| = 0.00187073
||rp|| = 0.0750951
||y|| = 510.123
   Pass :  1   Iteration : 287  || r || = 0.00430157
||yp|| = 439.862
||xi|| = 399.521
||eta|| = 0.37486
||yp|| = 439.862
||yphi|| = 0.357167
||BtYp|| = 2.34048
||ru|| = 2.34202
||yu|| = 147.785
||GtYphi|| = 1.90143
||KtYu|| = 14.1186
||rj|| = 14.9611
||yj|| = 0.931539
||rphi|| = 0.00272556
||rp|| = 0.0841263
||y|| = 464.026
   Pass :  1   Iteration : 288  || r || = 0.00429971
||yp|| = 443.533
||xi|| = 402.867
||eta|| = 0.4395
||yp|| = 443.533
||yphi|| = 0.197996
||BtYp|| = 2.59456
||ru|| = 2.59524
||yu|| = 149.297
||GtYphi|| = 1.60626
||KtYu|| = 12.9057
||rj|| = 13.7284
||yj|| = 0.852071
||rphi|| = 0.00178204
||rp|| = 0.0895398
||y|| = 467.987
   Pass :  1   Iteration : 289  || r || = 0.00429675
||yp|| = 477.631
||xi|| = 433.861
||eta|| = 0.407575
||yp|| = 477.631
||yphi|| = 0.192918
||BtYp|| = 2.61761
||ru|| = 2.6199
||yu|| = 152.692
||GtYphi|| = 1.83973
||KtYu|| = 13.3912
||rj|| = 14.1613
||yj|| = 0.822996
||rphi|| = 0.00142478
||rp|| = 0.0880105
||y|| = 501.445
   Pass :  1   Iteration : 290  || r || = 0.00429358
||yp|| = 541.278
||xi|| = 491.689
||eta|| = 0.440416
||yp|| = 541.278
||yphi|| = 0.177589
||BtYp|| = 3.07922
||ru|| = 3.07929
||yu|| = 185.173
||GtYphi|| = 1.59287
||KtYu|| = 15.4182
||rj|| = 16.2015
||yj|| = 1.00956
||rphi|| = 0.0014534
||rp|| = 0.1064
||y|| = 572.077
   Pass :  1   Iteration : 291  || r || = 0.00428084
||yp|| = 534.004
||xi|| = 485.146
||eta|| = 0.505694
||yp|| = 534.004
||yphi|| = 0.188154
||BtYp|| = 2.97394
||ru|| = 2.97587
||yu|| = 168.604
||GtYphi|| = 1.78781
||KtYu|| = 13.8929
||rj|| = 14.5966
||yj|| = 0.842461
||rphi|| = 0.00135315
||rp|| = 0.096106
||y|| = 559.989
   Pass :  1   Iteration : 292  || r || = 0.00425257
||yp|| = 503.745
||xi|| = 457.596
||eta|| = 0.391564
||yp|| = 503.745
||yphi|| = 0.20084
||BtYp|| = 2.68966
||ru|| = 2.69111
||yu|| = 155.948
||GtYphi|| = 1.79969
||KtYu|| = 13.8508
||rj|| = 14.6777
||yj|| = 0.837582
||rphi|| = 0.00154964
||rp|| = 0.0873757
||y|| = 527.332
   Pass :  1   Iteration : 293  || r || = 0.00420134
||yp|| = 522.798
||xi|| = 474.89
||eta|| = 0.417865
||yp|| = 522.798
||yphi|| = 0.147383
||BtYp|| = 2.89079
||ru|| = 2.89069
||yu|| = 174.397
||GtYphi|| = 1.53838
||KtYu|| = 14.7191
||rj|| = 15.5097
||yj|| = 0.942995
||rphi|| = 0.00117505
||rp|| = 0.0969178
||y|| = 551.12
   Pass :  1   Iteration : 294  || r || = 0.00409563
||yp|| = 464.57
||xi|| = 421.951
||eta|| = 0.540154
||yp|| = 464.57
||yphi|| = 0.133336
||BtYp|| = 2.25234
||ru|| = 2.25445
||yu|| = 143.575
||GtYphi|| = 1.63492
||KtYu|| = 12.6528
||rj|| = 13.4375
||yj|| = 0.729879
||rphi|| = 0.0010426
||rp|| = 0.0777068
||y|| = 486.25
   Pass :  1   Iteration : 295  || r || = 0.00392776
||yp|| = 454.652
||xi|| = 413.031
||eta|| = 0.391415
||yp|| = 454.652
||yphi|| = 0.148389
||BtYp|| = 2.50636
||ru|| = 2.50678
||yu|| = 141.406
||GtYphi|| = 1.6294
||KtYu|| = 13.0445
||rj|| = 13.8702
||yj|| = 0.818041
||rphi|| = 0.00119543
||rp|| = 0.083104
||y|| = 476.135
   Pass :  1   Iteration : 296  || r || = 0.00372684
||yp|| = 445.058
||xi|| = 404.276
||eta|| = 0.469121
||yp|| = 445.058
||yphi|| = 0.148161
||BtYp|| = 2.1725
||ru|| = 2.17461
||yu|| = 139.399
||GtYphi|| = 1.58156
||KtYu|| = 13.5011
||rj|| = 14.2664
||yj|| = 0.887628
||rphi|| = 0.00117979
||rp|| = 0.0768287
||y|| = 466.379
   Pass :  1   Iteration : 297  || r || = 0.00354109
||yp|| = 502.481
||xi|| = 456.52
||eta|| = 0.388613
||yp|| = 502.481
||yphi|| = 0.202008
||BtYp|| = 2.43384
||ru|| = 2.43485
||yu|| = 138.943
||GtYphi|| = 1.77556
||KtYu|| = 13.4851
||rj|| = 14.3413
||yj|| = 0.774371
||rphi|| = 0.00154195
||rp|| = 0.0745786
||y|| = 521.337
   Pass :  1   Iteration : 298  || r || = 0.00336726
||yp|| = 434.339
||xi|| = 394.539
||eta|| = 0.511914
||yp|| = 434.339
||yphi|| = 0.184939
||BtYp|| = 2.11845
||ru|| = 2.12031
||yu|| = 134.049
||GtYphi|| = 1.77616
||KtYu|| = 11.6029
||rj|| = 12.3031
||yj|| = 0.713091
||rphi|| = 0.00166295
||rp|| = 0.0737906
||y|| = 454.554
   Pass :  1   Iteration : 299  || r || = 0.00330416
||yp|| = 482.076
||xi|| = 437.86
||eta|| = 0.436835
||yp|| = 482.076
||yphi|| = 0.205329
||BtYp|| = 2.78204
||ru|| = 2.78347
||yu|| = 173.613
||GtYphi|| = 1.53865
||KtYu|| = 15.3497
||rj|| = 16.1791
||yj|| = 1.02403
||rphi|| = 0.0017098
||rp|| = 0.0961342
||y|| = 512.386
   Pass :  1   Iteration : 300  || r || = 0.00326627
||yp|| = 456.183
||xi|| = 414.408
||eta|| = 0.447644
||yp|| = 456.183
||yphi|| = 0.172651
||BtYp|| = 2.27634
||ru|| = 2.2774
||yu|| = 126.754
||GtYphi|| = 1.96877
||KtYu|| = 11.9628
||rj|| = 12.7183
||yj|| = 0.715659
||rphi|| = 0.00140637
||rp|| = 0.0722436
||y|| = 473.466
   Pass :  1   Iteration : 301  || r || = 0.00325096
||yp|| = 438.536
||xi|| = 398.359
||eta|| = 0.477931
||yp|| = 438.536
||yphi|| = 0.363327
||BtYp|| = 2.33552
||ru|| = 2.33751
||yu|| = 143.398
||GtYphi|| = 1.88848
||KtYu|| = 13.3617
||rj|| = 14.18
||yj|| = 0.905456
||rphi|| = 0.00277988
||rp|| = 0.0800745
||y|| = 461.387
   Pass :  1   Iteration : 302  || r || = 0.00324446
||yp|| = 468.059
||xi|| = 425.158
||eta|| = 0.439234
||yp|| = 468.059
||yphi|| = 0.229121
||BtYp|| = 2.52748
||ru|| = 2.52807
||yu|| = 152.942
||GtYphi|| = 1.78119
||KtYu|| = 14.5359
||rj|| = 15.3341
||yj|| = 0.979025
||rphi|| = 0.00182247
||rp|| = 0.0854196
||y|| = 492.414
   Pass :  1   Iteration : 303  || r || = 0.00324244
||yp|| = 535.315
||xi|| = 486.278
||eta|| = 0.512072
||yp|| = 535.315
||yphi|| = 0.149164
||BtYp|| = 2.76738
||ru|| = 2.7712
||yu|| = 155.818
||GtYphi|| = 1.88478
||KtYu|| = 13.33
||rj|| = 14.0329
||yj|| = 0.766976
||rphi|| = 0.00128582
||rp|| = 0.0823674
||y|| = 557.533
   Pass :  1   Iteration : 304  || r || = 0.00324169
||yp|| = 506.273
||xi|| = 459.92
||eta|| = 0.436794
||yp|| = 506.273
||yphi|| = 0.276668
||BtYp|| = 2.81393
||ru|| = 2.81461
||yu|| = 161.98
||GtYphi|| = 1.51348
||KtYu|| = 15.5034
||rj|| = 16.2621
||yj|| = 1.02758
||rphi|| = 0.00220547
||rp|| = 0.0907708
||y|| = 531.555
   Pass :  1   Iteration : 305  || r || = 0.0032414
||yp|| = 413.562
||xi|| = 375.638
||eta|| = 0.506027
||yp|| = 413.562
||yphi|| = 0.238827
||BtYp|| = 2.27331
||ru|| = 2.2745
||yu|| = 139.524
||GtYphi|| = 1.9974
||KtYu|| = 12.7337
||rj|| = 13.5047
||yj|| = 0.844823
||rphi|| = 0.00194182
||rp|| = 0.0766637
||y|| = 436.464
   Pass :  1   Iteration : 306  || r || = 0.00324093
||yp|| = 525.899
||xi|| = 477.745
||eta|| = 0.344137
||yp|| = 525.899
||yphi|| = 0.281832
||BtYp|| = 2.68165
||ru|| = 2.6822
||yu|| = 158.981
||GtYphi|| = 1.78973
||KtYu|| = 14.0043
||rj|| = 14.7894
||yj|| = 0.901718
||rphi|| = 0.00222674
||rp|| = 0.0836106
||y|| = 549.405
   Pass :  1   Iteration : 307  || r || = 0.00324054
||yp|| = 425.447
||xi|| = 386.426
||eta|| = 0.391598
||yp|| = 425.447
||yphi|| = 0.16772
||BtYp|| = 2.21261
||ru|| = 2.21526
||yu|| = 140.206
||GtYphi|| = 1.66916
||KtYu|| = 14.2971
||rj|| = 15.1005
||yj|| = 0.951754
||rphi|| = 0.00131629
||rp|| = 0.0751272
||y|| = 447.955
   Pass :  1   Iteration : 308  || r || = 0.00324024
||yp|| = 468.871
||xi|| = 425.96
||eta|| = 0.324346
||yp|| = 468.871
||yphi|| = 0.211711
||BtYp|| = 2.19166
||ru|| = 2.19329
||yu|| = 118.847
||GtYphi|| = 1.8732
||KtYu|| = 13.0135
||rj|| = 13.7771
||yj|| = 0.847993
||rphi|| = 0.00174902
||rp|| = 0.0637084
||y|| = 483.699
   Pass :  1   Iteration : 309  || r || = 0.0032377
||yp|| = 463.116
||xi|| = 420.736
||eta|| = 0.461014
||yp|| = 463.116
||yphi|| = 0.197327
||BtYp|| = 2.41318
||ru|| = 2.4144
||yu|| = 133.002
||GtYphi|| = 1.80365
||KtYu|| = 13.7889
||rj|| = 14.5542
||yj|| = 0.921166
||rphi|| = 0.00151095
||rp|| = 0.0712558
||y|| = 481.837
   Pass :  1   Iteration : 310  || r || = 0.00323189
||yp|| = 468.468
||xi|| = 425.588
||eta|| = 0.422512
||yp|| = 468.468
||yphi|| = 0.209005
||BtYp|| = 2.29832
||ru|| = 2.29909
||yu|| = 130.877
||GtYphi|| = 1.74394
||KtYu|| = 13.4649
||rj|| = 14.2645
||yj|| = 0.882922
||rphi|| = 0.00146224
||rp|| = 0.0698071
||y|| = 486.407
   Pass :  1   Iteration : 311  || r || = 0.00322174
||yp|| = 455.334
||xi|| = 413.603
||eta|| = 0.528295
||yp|| = 455.334
||yphi|| = 0.163498
||BtYp|| = 2.07059
||ru|| = 2.07224
||yu|| = 125.444
||GtYphi|| = 1.74495
||KtYu|| = 13.1105
||rj|| = 13.9559
||yj|| = 0.845669
||rphi|| = 0.00141568
||rp|| = 0.0673411
||y|| = 472.298
   Pass :  1   Iteration : 312  || r || = 0.00319425
||yp|| = 444.423
||xi|| = 403.729
||eta|| = 0.398741
||yp|| = 444.423
||yphi|| = 0.253338
||BtYp|| = 2.2864
||ru|| = 2.28828
||yu|| = 133.231
||GtYphi|| = 1.77894
||KtYu|| = 13.6877
||rj|| = 14.5008
||yj|| = 0.924752
||rphi|| = 0.00204252
||rp|| = 0.0725571
||y|| = 463.964
   Pass :  1   Iteration : 313  || r || = 0.00314332
||yp|| = 497.538
||xi|| = 451.993
||eta|| = 0.426881
||yp|| = 497.538
||yphi|| = 0.243414
||BtYp|| = 2.44819
||ru|| = 2.4488
||yu|| = 127.339
||GtYphi|| = 1.8819
||KtYu|| = 13.2696
||rj|| = 14.037
||yj|| = 0.862412
||rphi|| = 0.00207993
||rp|| = 0.0658915
||y|| = 513.575
   Pass :  1   Iteration : 314  || r || = 0.00305803
||yp|| = 469.804
||xi|| = 426.8
||eta|| = 0.509002
||yp|| = 469.804
||yphi|| = 0.212338
||BtYp|| = 2.56212
||ru|| = 2.56333
||yu|| = 136.787
||GtYphi|| = 1.74206
||KtYu|| = 13.4558
||rj|| = 14.259
||yj|| = 0.873719
||rphi|| = 0.00164388
||rp|| = 0.0718111
||y|| = 489.313
   Pass :  1   Iteration : 315  || r || = 0.00294697
||yp|| = 522.887
||xi|| = 475.069
||eta|| = 0.384251
||yp|| = 522.887
||yphi|| = 0.270344
||BtYp|| = 2.7985
||ru|| = 2.8
||yu|| = 143.356
||GtYphi|| = 1.65067
||KtYu|| = 13.8939
||rj|| = 14.6742
||yj|| = 0.911998
||rphi|| = 0.00216018
||rp|| = 0.0784371
||y|| = 542.183
   Pass :  1   Iteration : 316  || r || = 0.00282752
||yp|| = 434.693
||xi|| = 394.861
||eta|| = 0.398587
||yp|| = 434.693
||yphi|| = 0.193473
||BtYp|| = 2.08435
||ru|| = 2.08542
||yu|| = 121.003
||GtYphi|| = 1.93067
||KtYu|| = 11.2507
||rj|| = 12.0005
||yj|| = 0.706403
||rphi|| = 0.00149958
||rp|| = 0.0621919
||y|| = 451.22
   Pass :  1   Iteration : 317  || r || = 0.00277556
||yp|| = 503.02
||xi|| = 456.987
||eta|| = 0.432653
||yp|| = 503.02
||yphi|| = 0.12715
||BtYp|| = 2.69062
||ru|| = 2.69147
||yu|| = 146.12
||GtYphi|| = 1.44946
||KtYu|| = 14.8071
||rj|| = 15.6307
||yj|| = 1.00265
||rphi|| = 0.00100574
||rp|| = 0.0761119
||y|| = 523.814
   Pass :  1   Iteration : 318  || r || = 0.00274188
||yp|| = 489.009
||xi|| = 444.292
||eta|| = 0.39574
||yp|| = 489.009
||yphi|| = 0.197305
||BtYp|| = 2.73549
||ru|| = 2.73768
||yu|| = 141.234
||GtYphi|| = 1.77299
||KtYu|| = 12.7167
||rj|| = 13.4823
||yj|| = 0.848699
||rphi|| = 0.00188075
||rp|| = 0.0757748
||y|| = 508.997
   Pass :  1   Iteration : 319  || r || = 0.00272677
||yp|| = 474.724
||xi|| = 431.306
||eta|| = 0.376539
||yp|| = 474.724
||yphi|| = 0.20357
||BtYp|| = 2.44792
||ru|| = 2.44817
||yu|| = 122.11
||GtYphi|| = 1.86309
||KtYu|| = 12.1321
||rj|| = 12.9332
||yj|| = 0.76712
||rphi|| = 0.00168267
||rp|| = 0.0663408
||y|| = 490.178
   Pass :  1   Iteration : 320  || r || = 0.00272187
||yp|| = 541.245
||xi|| = 491.751
||eta|| = 0.458177
||yp|| = 541.245
||yphi|| = 0.128697
||BtYp|| = 3.13719
||ru|| = 3.1387
||yu|| = 157.589
||GtYphi|| = 1.52968
||KtYu|| = 14.951
||rj|| = 15.7596
||yj|| = 1.01978
||rphi|| = 0.00111397
||rp|| = 0.0882116
||y|| = 563.722
   Pass :  1   Iteration : 321  || r || = 0.00271739
||yp|| = 501.732
||xi|| = 455.834
||eta|| = 0.456851
||yp|| = 501.732
||yphi|| = 0.198667
||BtYp|| = 2.50143
||ru|| = 2.502
||yu|| = 136.314
||GtYphi|| = 2.01199
||KtYu|| = 13.492
||rj|| = 14.2252
||yj|| = 0.853212
||rphi|| = 0.00164502
||rp|| = 0.0767572
||y|| = 519.921
   Pass :  1   Iteration : 322  || r || = 0.00271493
||yp|| = 570.357
||xi|| = 518.178
||eta|| = 0.48507
||yp|| = 570.357
||yphi|| = 0.208213
||BtYp|| = 3.27766
||ru|| = 3.27875
||yu|| = 172.045
||GtYphi|| = 1.86656
||KtYu|| = 14.5306
||rj|| = 15.3162
||yj|| = 0.949961
||rphi|| = 0.00176748
||rp|| = 0.09367
||y|| = 595.741
   Pass :  1   Iteration : 323  || r || = 0.00271354
||yp|| = 517.761
||xi|| = 470.39
||eta|| = 0.481011
||yp|| = 517.761
||yphi|| = 0.167241
||BtYp|| = 2.61143
||ru|| = 2.61267
||yu|| = 139.876
||GtYphi|| = 1.58514
||KtYu|| = 14.1569
||rj|| = 14.939
||yj|| = 0.953613
||rphi|| = 0.00137631
||rp|| = 0.0756125
||y|| = 536.323
   Pass :  1   Iteration : 324  || r || = 0.00271281
||yp|| = 496.641
||xi|| = 451.202
||eta|| = 0.41806
||yp|| = 496.641
||yphi|| = 0.191166
||BtYp|| = 2.42004
||ru|| = 2.42152
||yu|| = 133.862
||GtYphi|| = 1.89115
||KtYu|| = 12.7526
||rj|| = 13.5193
||yj|| = 0.779954
||rphi|| = 0.00139951
||rp|| = 0.0747988
||y|| = 514.366
   Pass :  1   Iteration : 325  || r || = 0.0027125
||yp|| = 515.599
||xi|| = 468.365
||eta|| = 0.428612
||yp|| = 515.599
||yphi|| = 0.174281
||BtYp|| = 2.72404
||ru|| = 2.72415
||yu|| = 165.596
||GtYphi|| = 1.61106
||KtYu|| = 15.5405
||rj|| = 16.3311
||yj|| = 1.03679
||rphi|| = 0.00146241
||rp|| = 0.0872005
||y|| = 541.54
   Pass :  1   Iteration : 326  || r || = 0.0027119
||yp|| = 478.614
||xi|| = 434.764
||eta|| = 0.504145
||yp|| = 478.614
||yphi|| = 0.20585
||BtYp|| = 2.49705
||ru|| = 2.49859
||yu|| = 138.151
||GtYphi|| = 1.8734
||KtYu|| = 13.9398
||rj|| = 14.7247
||yj|| = 0.904036
||rphi|| = 0.00166187
||rp|| = 0.0750622
||y|| = 498.155
   Pass :  1   Iteration : 327  || r || = 0.00271163
||yp|| = 506.852
||xi|| = 460.389
||eta|| = 0.558619
||yp|| = 506.852
||yphi|| = 0.329286
||BtYp|| = 2.61735
||ru|| = 2.61757
||yu|| = 143.332
||GtYphi|| = 2.17527
||KtYu|| = 13.67
||rj|| = 14.5589
||yj|| = 0.813441
||rphi|| = 0.00249797
||rp|| = 0.0749816
||y|| = 526.729
   Pass :  1   Iteration : 328  || r || = 0.00270829
||yp|| = 563.801
||xi|| = 512.159
||eta|| = 0.552509
||yp|| = 563.801
||yphi|| = 0.140006
||BtYp|| = 3.03067
||ru|| = 3.03274
||yu|| = 172.101
||GtYphi|| = 1.58063
||KtYu|| = 15.3852
||rj|| = 16.125
||yj|| = 1.03615
||rphi|| = 0.0011338
||rp|| = 0.0891541
||y|| = 589.484
   Pass :  1   Iteration : 329  || r || = 0.00270073
||yp|| = 460.542
||xi|| = 418.317
||eta|| = 0.53002
||yp|| = 460.542
||yphi|| = 0.194721
||BtYp|| = 2.37907
||ru|| = 2.38099
||yu|| = 141.752
||GtYphi|| = 1.84446
||KtYu|| = 14.5467
||rj|| = 15.3584
||yj|| = 0.938048
||rphi|| = 0.0014242
||rp|| = 0.076584
||y|| = 481.865
   Pass :  1   Iteration : 330  || r || = 0.00268533
||yp|| = 465.895
||xi|| = 423.246
||eta|| = 0.480883
||yp|| = 465.895
||yphi|| = 0.204658
||BtYp|| = 2.32935
||ru|| = 2.33224
||yu|| = 131.823
||GtYphi|| = 1.96765
||KtYu|| = 14.2953
||rj|| = 15.0464
||yj|| = 0.918341
||rphi|| = 0.00169488
||rp|| = 0.071373
||y|| = 484.186
   Pass :  1   Iteration : 331  || r || = 0.00265385
||yp|| = 484.907
||xi|| = 440.428
||eta|| = 0.611394
||yp|| = 484.907
||yphi|| = 0.174028
||BtYp|| = 2.56716
||ru|| = 2.56907
||yu|| = 157.641
||GtYphi|| = 1.6994
||KtYu|| = 14.7724
||rj|| = 15.5645
||yj|| = 0.979666
||rphi|| = 0.0015427
||rp|| = 0.0832335
||y|| = 509.889
   Pass :  1   Iteration : 332  || r || = 0.00259019
||yp|| = 478.878
||xi|| = 435.016
||eta|| = 0.426224
||yp|| = 478.878
||yphi|| = 0.160895
||BtYp|| = 2.41758
||ru|| = 2.41915
||yu|| = 143.741
||GtYphi|| = 1.77728
||KtYu|| = 12.866
||rj|| = 13.6447
||yj|| = 0.806401
||rphi|| = 0.00122411
||rp|| = 0.0763179
||y|| = 499.986
   Pass :  1   Iteration : 333  || r || = 0.00248363
||yp|| = 456.569
||xi|| = 414.751
||eta|| = 0.410926
||yp|| = 456.569
||yphi|| = 0.230778
||BtYp|| = 2.14512
||ru|| = 2.1465
||yu|| = 128.665
||GtYphi|| = 1.86269
||KtYu|| = 13.7381
||rj|| = 14.5685
||yj|| = 0.826719
||rphi|| = 0.00177006
||rp|| = 0.0676311
||y|| = 474.353
   Pass :  1   Iteration : 334  || r || = 0.00236986
||yp|| = 488.169
||xi|| = 443.435
||eta|| = 0.536469
||yp|| = 488.169
||yphi|| = 0.224712
||BtYp|| = 2.47758
||ru|| = 2.4787
||yu|| = 143.59
||GtYphi|| = 1.53084
||KtYu|| = 14.6972
||rj|| = 15.4384
||yj|| = 0.963077
||rphi|| = 0.00183876
||rp|| = 0.0757143
||y|| = 508.85
   Pass :  1   Iteration : 335  || r || = 0.00228473
||yp|| = 500.863
||xi|| = 454.985
||eta|| = 0.331817
||yp|| = 500.863
||yphi|| = 0.143347
||BtYp|| = 2.34041
||ru|| = 2.34234
||yu|| = 138.876
||GtYphi|| = 1.67303
||KtYu|| = 13.884
||rj|| = 14.6555
||yj|| = 0.817257
||rphi|| = 0.001036
||rp|| = 0.0688809
||y|| = 519.76
   Pass :  1   Iteration : 336  || r || = 0.00223811
||yp|| = 482.326
||xi|| = 438.156
||eta|| = 0.389068
||yp|| = 482.326
||yphi|| = 0.160634
||BtYp|| = 2.21393
||ru|| = 2.2146
||yu|| = 127.043
||GtYphi|| = 1.78678
||KtYu|| = 12.8575
||rj|| = 13.6783
||yj|| = 0.770528
||rphi|| = 0.00120226
||rp|| = 0.0636382
||y|| = 498.777
   Pass :  1   Iteration : 337  || r || = 0.00220585
||yp|| = 476.852
||xi|| = 433.186
||eta|| = 0.485516
||yp|| = 476.852
||yphi|| = 0.19227
||BtYp|| = 2.45257
||ru|| = 2.45434
||yu|| = 139.894
||GtYphi|| = 1.55358
||KtYu|| = 14.1141
||rj|| = 14.8497
||yj|| = 0.963892
||rphi|| = 0.00147496
||rp|| = 0.0731253
||y|| = 496.95
   Pass :  1   Iteration : 338  || r || = 0.0021912
||yp|| = 601.356
||xi|| = 546.274
||eta|| = 0.502122
||yp|| = 601.356
||yphi|| = 0.151649
||BtYp|| = 3.30256
||ru|| = 3.30296
||yu|| = 185.62
||GtYphi|| = 1.54627
||KtYu|| = 16.4161
||rj|| = 17.1151
||yj|| = 1.03966
||rphi|| = 0.00111903
||rp|| = 0.0940486
||y|| = 629.353
   Pass :  1   Iteration : 339  || r || = 0.0021886
||yp|| = 529.192
||xi|| = 480.772
||eta|| = 0.519675
||yp|| = 529.192
||yphi|| = 0.18121
||BtYp|| = 2.65807
||ru|| = 2.65932
||yu|| = 140.088
||GtYphi|| = 2.03178
||KtYu|| = 14.2437
||rj|| = 14.8876
||yj|| = 0.856692
||rphi|| = 0.00144523
||rp|| = 0.0740357
||y|| = 547.421
   Pass :  1   Iteration : 340  || r || = 0.00218809
||yp|| = 526.995
||xi|| = 478.804
||eta|| = 0.37402
||yp|| = 526.995
||yphi|| = 0.165574
||BtYp|| = 2.84921
||ru|| = 2.85088
||yu|| = 150.719
||GtYphi|| = 1.68273
||KtYu|| = 15.9732
||rj|| = 16.857
||yj|| = 1.06222
||rphi|| = 0.00131943
||rp|| = 0.080079
||y|| = 548.125
   Pass :  1   Iteration : 341  || r || = 0.00218722
||yp|| = 469.003
||xi|| = 426.064
||eta|| = 0.488055
||yp|| = 469.003
||yphi|| = 0.186221
||BtYp|| = 2.38575
||ru|| = 2.38627
||yu|| = 130.518
||GtYphi|| = 1.93337
||KtYu|| = 13.7096
||rj|| = 14.4094
||yj|| = 0.855938
||rphi|| = 0.00164608
||rp|| = 0.0712098
||y|| = 486.825
   Pass :  1   Iteration : 342  || r || = 0.00218716
||yp|| = 471.233
||xi|| = 428.124
||eta|| = 0.389405
||yp|| = 471.233
||yphi|| = 0.199967
||BtYp|| = 2.29795
||ru|| = 2.29888
||yu|| = 126.918
||GtYphi|| = 2.04945
||KtYu|| = 13.3478
||rj|| = 14.1654
||yj|| = 0.808899
||rphi|| = 0.00155481
||rp|| = 0.0673973
||y|| = 488.026
   Pass :  1   Iteration : 343  || r || = 0.00218707
||yp|| = 504.451
||xi|| = 458.327
||eta|| = 0.36094
||yp|| = 504.451
||yphi|| = 0.168564
||BtYp|| = 2.9091
||ru|| = 2.91058
||yu|| = 149.229
||GtYphi|| = 1.56807
||KtYu|| = 15.5652
||rj|| = 16.3949
||yj|| = 1.00576
||rphi|| = 0.00130929
||rp|| = 0.0821662
||y|| = 526.061
   Pass :  1   Iteration : 344  || r || = 0.00218624
||yp|| = 435.742
||xi|| = 395.831
||eta|| = 0.438328
||yp|| = 435.742
||yphi|| = 0.22165
||BtYp|| = 2.19241
||ru|| = 2.19473
||yu|| = 115.569
||GtYphi|| = 2.12568
||KtYu|| = 11.9652
||rj|| = 12.7734
||yj|| = 0.69858
||rphi|| = 0.00174339
||rp|| = 0.0619582
||y|| = 450.807
   Pass :  1   Iteration : 345  || r || = 0.00218566
||yp|| = 528.604
||xi|| = 480.285
||eta|| = 0.377431
||yp|| = 528.604
||yphi|| = 0.150477
||BtYp|| = 2.94129
||ru|| = 2.94107
||yu|| = 148.794
||GtYphi|| = 1.67162
||KtYu|| = 14.0304
||rj|| = 14.8245
||yj|| = 0.882796
||rphi|| = 0.00120119
||rp|| = 0.0799047
||y|| = 549.147
   Pass :  1   Iteration : 346  || r || = 0.0021848
||yp|| = 472.421
||xi|| = 429.21
||eta|| = 0.274736
||yp|| = 472.421
||yphi|| = 0.132973
||BtYp|| = 2.56154
||ru|| = 2.56344
||yu|| = 130.889
||GtYphi|| = 1.69473
||KtYu|| = 14.4143
||rj|| = 15.2542
||yj|| = 0.91154
||rphi|| = 0.00101551
||rp|| = 0.072802
||y|| = 490.219
   Pass :  1   Iteration : 347  || r || = 0.00217929
||yp|| = 601.934
||xi|| = 546.928
||eta|| = 0.550046
||yp|| = 601.934
||yphi|| = 0.176085
||BtYp|| = 3.17584
||ru|| = 3.17544
||yu|| = 161.817
||GtYphi|| = 2.0155
||KtYu|| = 12.7512
||rj|| = 13.5425
||yj|| = 0.699029
||rphi|| = 0.00130704
||rp|| = 0.0841713
||y|| = 623.306
   Pass :  1   Iteration : 348  || r || = 0.0021719
||yp|| = 468.446
||xi|| = 425.594
||eta|| = 0.440981
||yp|| = 468.446
||yphi|| = 0.190586
||BtYp|| = 2.35837
||ru|| = 2.35946
||yu|| = 127.019
||GtYphi|| = 1.75358
||KtYu|| = 14.8823
||rj|| = 15.7357
||yj|| = 0.900825
||rphi|| = 0.00140101
||rp|| = 0.0649376
||y|| = 485.362
   Pass :  1   Iteration : 349  || r || = 0.00215777
||yp|| = 497.588
||xi|| = 452.024
||eta|| = 0.638271
||yp|| = 497.588
||yphi|| = 0.175498
||BtYp|| = 2.27176
||ru|| = 2.27324
||yu|| = 136.228
||GtYphi|| = 1.81838
||KtYu|| = 14.5435
||rj|| = 15.3392
||yj|| = 0.900454
||rphi|| = 0.00141102
||rp|| = 0.0681567
||y|| = 515.899
   Pass :  1   Iteration : 350  || r || = 0.00212204
||yp|| = 471.979
||xi|| = 428.795
||eta|| = 0.513789
||yp|| = 471.979
||yphi|| = 0.233186
||BtYp|| = 2.21548
||ru|| = 2.21602
||yu|| = 133.044
||GtYphi|| = 2.1114
||KtYu|| = 12.9197
||rj|| = 13.7325
||yj|| = 0.710672
||rphi|| = 0.00185471
||rp|| = 0.0648611
||y|| = 490.373
   Pass :  1   Iteration : 351  || r || = 0.00206428
||yp|| = 508.13
||xi|| = 461.615
||eta|| = 0.437006
||yp|| = 508.13
||yphi|| = 0.163817
||BtYp|| = 2.22765
||ru|| = 2.22973
||yu|| = 133.117
||GtYphi|| = 1.69405
||KtYu|| = 13.9156
||rj|| = 14.7319
||yj|| = 0.922063
||rphi|| = 0.00118882
||rp|| = 0.0653167
||y|| = 525.278
   Pass :  1   Iteration : 352  || r || = 0.00194608
integral = -9.62003e-08
volume = 1
mean = -9.62003e-08
integral = 1.19567e-05
volume = 1
mean = 1.19567e-05
p_norm = 46.0546
phi_norm = 0.066629
Time step 2, time = 0.1, dt = 0.05. Print step 2
Relative L2 Norm for current density: 0.00474864
Relative L2 Norm for electric potential: 0.00220161
Relative L2 Norm for velocity: 0.000822448
Relative L2 Norm for pressure: 0.00215622
Time step 3, time = 0.15, time elapsed = 895.281
   Pass :  1   Iteration :   0  || r || = 20.6177
||yp|| = 0.610653
||xi|| = 0.554834
||eta|| = 0.000503579
||yp|| = 0.610653
||yphi|| = 0.000238157
||BtYp|| = 0.00339071
||ru|| = 1
||yu|| = 1.33679
||GtYphi|| = 0.00234419
||KtYu|| = 0.210244
||rj|| = 0.210197
||yj|| = 0.0098194
||rphi|| = 1.90647e-06
||rp|| = 9.83973e-05
||y|| = 1.4697
   Pass :  1   Iteration :   1  || r || = 1.90381
||yp|| = 67.9781
||xi|| = 61.54
||eta|| = 0.545326
||yp|| = 67.9781
||yphi|| = 0.969593
||BtYp|| = 0.365805
||ru|| = 0.365979
||yu|| = 20.2458
||GtYphi|| = 3.22402
||KtYu|| = 2.12662
||rj|| = 4.18096
||yj|| = 0.155538
||rphi|| = 0.0062399
||rp|| = 0.0120987
||y|| = 70.9357
   Pass :  1   Iteration :   2  || r || = 1.46012
||yp|| = 291.623
||xi|| = 264.936
||eta|| = 0.343058
||yp|| = 291.623
||yphi|| = 0.293302
||BtYp|| = 1.85042
||ru|| = 1.85076
||yu|| = 91.8065
||GtYphi|| = 1.52883
||KtYu|| = 7.01457
||rj|| = 7.50207
||yj|| = 0.450035
||rphi|| = 0.00175706
||rp|| = 0.0496819
||y|| = 305.734
   Pass :  1   Iteration :   3  || r || = 1.43909
||yp|| = 731.535
||xi|| = 664.728
||eta|| = 0.297984
||yp|| = 731.535
||yphi|| = 0.233224
||BtYp|| = 4.69079
||ru|| = 4.69162
||yu|| = 228.959
||GtYphi|| = 1.06399
||KtYu|| = 17.4132
||rj|| = 18.3049
||yj|| = 1.07469
||rphi|| = 0.00161817
||rp|| = 0.122902
||y|| = 766.529
   Pass :  1   Iteration :   4  || r || = 1.34328
||yp|| = 304.285
||xi|| = 276.498
||eta|| = 0.177323
||yp|| = 304.285
||yphi|| = 0.317952
||BtYp|| = 1.71124
||ru|| = 1.71223
||yu|| = 83.0702
||GtYphi|| = 1.8603
||KtYu|| = 9.03219
||rj|| = 9.78995
||yj|| = 0.534401
||rphi|| = 0.00242831
||rp|| = 0.0429925
||y|| = 315.421
   Pass :  1   Iteration :   5  || r || = 1.26687
||yp|| = 435.782
||xi|| = 395.956
||eta|| = 0.354667
||yp|| = 435.782
||yphi|| = 0.702276
||BtYp|| = 2.75096
||ru|| = 2.75165
||yu|| = 128.908
||GtYphi|| = 2.79638
||KtYu|| = 13.0954
||rj|| = 14.1295
||yj|| = 0.856719
||rphi|| = 0.00549648
||rp|| = 0.0702597
||y|| = 454.45
   Pass :  1   Iteration :   6  || r || = 1.00537
||yp|| = 587.95
||xi|| = 534.336
||eta|| = 0.284355
||yp|| = 587.95
||yphi|| = 0.348098
||BtYp|| = 3.95863
||ru|| = 3.95906
||yu|| = 167.738
||GtYphi|| = 2.244
||KtYu|| = 11.211
||rj|| = 12.0927
||yj|| = 0.71949
||rphi|| = 0.00262562
||rp|| = 0.0969428
||y|| = 611.41
   Pass :  1   Iteration :   7  || r || = 0.904861
||yp|| = 637.501
||xi|| = 579.289
||eta|| = 0.313168
||yp|| = 637.501
||yphi|| = 0.154796
||BtYp|| = 4.39286
||ru|| = 4.39354
||yu|| = 188.084
||GtYphi|| = 0.846063
||KtYu|| = 12.3036
||rj|| = 13.0331
||yj|| = 0.780374
||rphi|| = 0.00131825
||rp|| = 0.108962
||y|| = 664.668
   Pass :  1   Iteration :   8  || r || = 0.871664
||yp|| = 423.563
||xi|| = 384.894
||eta|| = 0.314227
||yp|| = 423.563
||yphi|| = 0.243125
||BtYp|| = 2.7253
||ru|| = 2.72614
||yu|| = 128.184
||GtYphi|| = 1.71227
||KtYu|| = 11.139
||rj|| = 11.9679
||yj|| = 0.730101
||rphi|| = 0.0019205
||rp|| = 0.0746816
||y|| = 442.535
   Pass :  1   Iteration :   9  || r || = 0.87003
||yp|| = 458.132
||xi|| = 416.251
||eta|| = 0.410911
||yp|| = 458.132
||yphi|| = 0.326093
||BtYp|| = 3.03062
||ru|| = 3.03134
||yu|| = 150.11
||GtYphi|| = 1.94166
||KtYu|| = 12.4812
||rj|| = 13.3006
||yj|| = 0.83691
||rphi|| = 0.00291244
||rp|| = 0.0859837
||y|| = 482.099
   Pass :  1   Iteration :  10  || r || = 0.865167
||yp|| = 430.522
||xi|| = 391.167
||eta|| = 0.301107
||yp|| = 430.522
||yphi|| = 0.811251
||BtYp|| = 2.5721
||ru|| = 2.57331
||yu|| = 131.399
||GtYphi|| = 2.8478
||KtYu|| = 12.1905
||rj|| = 13.219
||yj|| = 0.84243
||rphi|| = 0.00598912
||rp|| = 0.0745267
||y|| = 450.129
   Pass :  1   Iteration :  11  || r || = 0.860377
||yp|| = 403.522
||xi|| = 366.649
||eta|| = 0.323712
||yp|| = 403.522
||yphi|| = 1.08994
||BtYp|| = 2.767
||ru|| = 2.76774
||yu|| = 128.233
||GtYphi|| = 3.21333
||KtYu|| = 11.8477
||rj|| = 12.8763
||yj|| = 0.837322
||rphi|| = 0.00836122
||rp|| = 0.0755206
||y|| = 423.409
   Pass :  1   Iteration :  12  || r || = 0.858178
||yp|| = 540.852
||xi|| = 491.428
||eta|| = 0.271753
||yp|| = 540.852
||yphi|| = 0.678482
||BtYp|| = 3.53338
||ru|| = 3.53442
||yu|| = 153.111
||GtYphi|| = 2.25312
||KtYu|| = 11.9025
||rj|| = 12.7296
||yj|| = 0.842345
||rphi|| = 0.00562116
||rp|| = 0.0895294
||y|| = 562.108
   Pass :  1   Iteration :  13  || r || = 0.840545
||yp|| = 599.407
||xi|| = 544.698
||eta|| = 0.253233
||yp|| = 599.407
||yphi|| = 0.51371
||BtYp|| = 4.24389
||ru|| = 4.24454
||yu|| = 178.076
||GtYphi|| = 1.96894
||KtYu|| = 12.8438
||rj|| = 13.7359
||yj|| = 0.816006
||rphi|| = 0.00409935
||rp|| = 0.108136
||y|| = 625.301
   Pass :  1   Iteration :  14  || r || = 0.811547
||yp|| = 341.344
||xi|| = 310.107
||eta|| = 0.323917
||yp|| = 341.344
||yphi|| = 0.951182
||BtYp|| = 2.21416
||ru|| = 2.21545
||yu|| = 115.177
||GtYphi|| = 2.86013
||KtYu|| = 12.2333
||rj|| = 13.2631
||yj|| = 0.869995
||rphi|| = 0.00723254
||rp|| = 0.0656457
||y|| = 360.255
   Pass :  1   Iteration :  15  || r || = 0.77064
||yp|| = 405.051
||xi|| = 368.013
||eta|| = 0.320871
||yp|| = 405.051
||yphi|| = 0.358613
||BtYp|| = 2.54467
||ru|| = 2.54555
||yu|| = 117.84
||GtYphi|| = 2.17142
||KtYu|| = 11.2034
||rj|| = 12.0488
||yj|| = 0.748721
||rphi|| = 0.00235728
||rp|| = 0.0689078
||y|| = 421.845
   Pass :  1   Iteration :  16  || r || = 0.755459
||yp|| = 433.296
||xi|| = 393.672
||eta|| = 0.233945
||yp|| = 433.296
||yphi|| = 0.27548
||BtYp|| = 2.63692
||ru|| = 2.63822
||yu|| = 128.087
||GtYphi|| = 1.93172
||KtYu|| = 13.1095
||rj|| = 13.9991
||yj|| = 0.895863
||rphi|| = 0.00246563
||rp|| = 0.0713992
||y|| = 451.832
   Pass :  1   Iteration :  17  || r || = 0.751808
||yp|| = 486.285
||xi|| = 441.885
||eta|| = 0.242523
||yp|| = 486.285
||yphi|| = 0.252301
||BtYp|| = 3.34875
||ru|| = 3.34962
||yu|| = 144.011
||GtYphi|| = 1.76315
||KtYu|| = 12.4118
||rj|| = 13.2706
||yj|| = 0.83312
||rphi|| = 0.00187328
||rp|| = 0.0863284
||y|| = 507.162
   Pass :  1   Iteration :  18  || r || = 0.748935
||yp|| = 352.319
||xi|| = 320.097
||eta|| = 0.258359
||yp|| = 352.319
||yphi|| = 0.27028
||BtYp|| = 2.21463
||ru|| = 2.21607
||yu|| = 106.679
||GtYphi|| = 1.64707
||KtYu|| = 11.9183
||rj|| = 12.781
||yj|| = 0.777049
||rphi|| = 0.00188588
||rp|| = 0.0619864
||y|| = 368.117
   Pass :  1   Iteration :  19  || r || = 0.741162
||yp|| = 457.072
||xi|| = 415.29
||eta|| = 0.271389
||yp|| = 457.072
||yphi|| = 0.510576
||BtYp|| = 2.97655
||ru|| = 2.97739
||yu|| = 136.563
||GtYphi|| = 1.82707
||KtYu|| = 12.251
||rj|| = 13.1124
||yj|| = 0.820048
||rphi|| = 0.00399496
||rp|| = 0.0796252
||y|| = 477.038
   Pass :  1   Iteration :  20  || r || = 0.729092
||yp|| = 437.356
||xi|| = 397.388
||eta|| = 0.23513
||yp|| = 437.356
||yphi|| = 0.69679
||BtYp|| = 2.83346
||ru|| = 2.83501
||yu|| = 136.017
||GtYphi|| = 2.29718
||KtYu|| = 13.273
||rj|| = 14.1448
||yj|| = 0.939784
||rphi|| = 0.00571976
||rp|| = 0.078258
||y|| = 458.019
   Pass :  1   Iteration :  21  || r || = 0.710924
||yp|| = 385.037
||xi|| = 349.849
||eta|| = 0.216772
||yp|| = 385.037
||yphi|| = 0.416107
||BtYp|| = 2.58353
||ru|| = 2.58452
||yu|| = 117.36
||GtYphi|| = 1.86763
||KtYu|| = 11.4784
||rj|| = 12.2948
||yj|| = 0.748109
||rphi|| = 0.00349142
||rp|| = 0.070283
||y|| = 402.527
   Pass :  1   Iteration :  22  || r || = 0.699583
||yp|| = 465.395
||xi|| = 422.903
||eta|| = 0.225677
||yp|| = 465.395
||yphi|| = 0.300287
||BtYp|| = 3.12921
||ru|| = 3.13037
||yu|| = 137.915
||GtYphi|| = 1.85075
||KtYu|| = 12.3796
||rj|| = 13.2458
||yj|| = 0.889333
||rphi|| = 0.00223185
||rp|| = 0.0829994
||y|| = 485.401
   Pass :  1   Iteration :  23  || r || = 0.690747
||yp|| = 518.125
||xi|| = 470.841
||eta|| = 0.29042
||yp|| = 518.125
||yphi|| = 0.330112
||BtYp|| = 3.63481
||ru|| = 3.6355
||yu|| = 153.448
||GtYphi|| = 1.69476
||KtYu|| = 12.2903
||rj|| = 13.1461
||yj|| = 0.81551
||rphi|| = 0.00254169
||rp|| = 0.0921796
||y|| = 540.371
   Pass :  1   Iteration :  24  || r || = 0.674097
||yp|| = 615.33
||xi|| = 559.162
||eta|| = 0.342993
||yp|| = 615.33
||yphi|| = 0.185518
||BtYp|| = 4.0533
||ru|| = 4.05399
||yu|| = 171.73
||GtYphi|| = 1.74624
||KtYu|| = 13.6043
||rj|| = 14.4699
||yj|| = 0.864382
||rphi|| = 0.00127844
||rp|| = 0.102232
||y|| = 638.845
   Pass :  1   Iteration :  25  || r || = 0.619439
||yp|| = 617.238
||xi|| = 560.907
||eta|| = 0.318433
||yp|| = 617.238
||yphi|| = 0.22963
||BtYp|| = 4.26269
||ru|| = 4.26305
||yu|| = 177.326
||GtYphi|| = 2.1017
||KtYu|| = 13.005
||rj|| = 13.869
||yj|| = 0.856692
||rphi|| = 0.0016294
||rp|| = 0.107807
||y|| = 642.206
   Pass :  1   Iteration :  26  || r || = 0.536385
||yp|| = 681.462
||xi|| = 619.294
||eta|| = 0.258854
||yp|| = 681.462
||yphi|| = 0.168436
||BtYp|| = 4.58052
||ru|| = 4.58115
||yu|| = 185.906
||GtYphi|| = 1.5426
||KtYu|| = 11.9546
||rj|| = 12.7451
||yj|| = 0.72686
||rphi|| = 0.0012638
||rp|| = 0.113324
||y|| = 706.365
   Pass :  1   Iteration :  27  || r || = 0.460291
||yp|| = 617.874
||xi|| = 561.514
||eta|| = 0.250529
||yp|| = 617.874
||yphi|| = 0.187473
||BtYp|| = 4.25748
||ru|| = 4.25789
||yu|| = 173.643
||GtYphi|| = 1.70946
||KtYu|| = 11.6406
||rj|| = 12.4419
||yj|| = 0.742556
||rphi|| = 0.00136843
||rp|| = 0.106794
||y|| = 641.81
   Pass :  1   Iteration :  28  || r || = 0.419032
||yp|| = 562.111
||xi|| = 510.826
||eta|| = 0.219487
||yp|| = 562.111
||yphi|| = 0.148083
||BtYp|| = 3.92415
||ru|| = 3.92484
||yu|| = 160.822
||GtYphi|| = 1.42947
||KtYu|| = 12.5169
||rj|| = 13.338
||yj|| = 0.846185
||rphi|| = 0.00114893
||rp|| = 0.0982507
||y|| = 584.665
   Pass :  1   Iteration :  29  || r || = 0.381983
||yp|| = 445.108
||xi|| = 404.464
||eta|| = 0.249683
||yp|| = 445.108
||yphi|| = 0.273174
||BtYp|| = 2.66754
||ru|| = 2.66844
||yu|| = 114.483
||GtYphi|| = 1.7219
||KtYu|| = 10.3901
||rj|| = 11.215
||yj|| = 0.688314
||rphi|| = 0.00200603
||rp|| = 0.0687151
||y|| = 459.595
   Pass :  1   Iteration :  30  || r || = 0.36469
||yp|| = 527.564
||xi|| = 479.43
||eta|| = 0.216159
||yp|| = 527.564
||yphi|| = 0.211071
||BtYp|| = 3.71361
||ru|| = 3.71419
||yu|| = 155.233
||GtYphi|| = 1.92734
||KtYu|| = 12.5003
||rj|| = 13.3604
||yj|| = 0.803538
||rphi|| = 0.00167408
||rp|| = 0.094252
||y|| = 549.929
   Pass :  1   Iteration :  31  || r || = 0.356637
||yp|| = 577.535
||xi|| = 524.845
||eta|| = 0.338852
||yp|| = 577.535
||yphi|| = 0.21389
||BtYp|| = 3.90148
||ru|| = 3.90254
||yu|| = 166.831
||GtYphi|| = 2.03145
||KtYu|| = 12.8924
||rj|| = 13.7674
||yj|| = 0.853981
||rphi|| = 0.00167167
||rp|| = 0.0998362
||y|| = 601.149
   Pass :  1   Iteration :  32  || r || = 0.345605
||yp|| = 528.576
||xi|| = 480.284
||eta|| = 0.323047
||yp|| = 528.576
||yphi|| = 0.252845
||BtYp|| = 3.57118
||ru|| = 3.57216
||yu|| = 154.836
||GtYphi|| = 1.70281
||KtYu|| = 12.2582
||rj|| = 13.07
||yj|| = 0.791713
||rphi|| = 0.00179648
||rp|| = 0.0898566
||y|| = 550.788
   Pass :  1   Iteration :  33  || r || = 0.338046
||yp|| = 472.09
||xi|| = 428.993
||eta|| = 0.243829
||yp|| = 472.09
||yphi|| = 0.156952
||BtYp|| = 3.1961
||ru|| = 3.19712
||yu|| = 143.605
||GtYphi|| = 1.46958
||KtYu|| = 12.8831
||rj|| = 13.7018
||yj|| = 0.788288
||rphi|| = 0.00120519
||rp|| = 0.0842141
||y|| = 493.449
   Pass :  1   Iteration :  34  || r || = 0.331502
||yp|| = 443.02
||xi|| = 402.558
||eta|| = 0.208878
||yp|| = 443.02
||yphi|| = 0.444935
||BtYp|| = 2.93138
||ru|| = 2.93289
||yu|| = 128.121
||GtYphi|| = 1.99408
||KtYu|| = 12.4868
||rj|| = 13.3505
||yj|| = 0.788953
||rphi|| = 0.00333141
||rp|| = 0.0745546
||y|| = 461.175
   Pass :  1   Iteration :  35  || r || = 0.328445
||yp|| = 405.796
||xi|| = 368.72
||eta|| = 0.229512
||yp|| = 405.796
||yphi|| = 0.273949
||BtYp|| = 2.63282
||ru|| = 2.63323
||yu|| = 117.493
||GtYphi|| = 2.0815
||KtYu|| = 12.3561
||rj|| = 13.2976
||yj|| = 0.782463
||rphi|| = 0.00224452
||rp|| = 0.0686984
||y|| = 422.464
   Pass :  1   Iteration :  36  || r || = 0.325876
||yp|| = 385.099
||xi|| = 349.914
||eta|| = 0.227161
||yp|| = 385.099
||yphi|| = 0.613783
||BtYp|| = 2.38986
||ru|| = 2.39097
||yu|| = 110.89
||GtYphi|| = 2.36188
||KtYu|| = 11.8942
||rj|| = 12.8386
||yj|| = 0.787955
||rphi|| = 0.00466241
||rp|| = 0.0641086
||y|| = 400.748
   Pass :  1   Iteration :  37  || r || = 0.325435
||yp|| = 498.229
||xi|| = 452.736
||eta|| = 0.283377
||yp|| = 498.229
||yphi|| = 0.162718
||BtYp|| = 3.23591
||ru|| = 3.23673
||yu|| = 144.237
||GtYphi|| = 1.71001
||KtYu|| = 13.1735
||rj|| = 14.0731
||yj|| = 0.820544
||rphi|| = 0.00146796
||rp|| = 0.084407
||y|| = 518.688
   Pass :  1   Iteration :  38  || r || = 0.324974
||yp|| = 395.997
||xi|| = 359.786
||eta|| = 0.363474
||yp|| = 395.997
||yphi|| = 0.520286
||BtYp|| = 2.34457
||ru|| = 2.3457
||yu|| = 124.329
||GtYphi|| = 2.19856
||KtYu|| = 11.8744
||rj|| = 12.689
||yj|| = 0.75984
||rphi|| = 0.00389287
||rp|| = 0.0680904
||y|| = 415.057
   Pass :  1   Iteration :  39  || r || = 0.324902
||yp|| = 522.741
||xi|| = 474.978
||eta|| = 0.266721
||yp|| = 522.741
||yphi|| = 0.333538
||BtYp|| = 3.35285
||ru|| = 3.35352
||yu|| = 149.557
||GtYphi|| = 1.95882
||KtYu|| = 12.688
||rj|| = 13.4937
||yj|| = 0.789439
||rphi|| = 0.00279319
||rp|| = 0.0877293
||y|| = 543.715
   Pass :  1   Iteration :  40  || r || = 0.324902
||yp|| = 380.996
||xi|| = 346.152
||eta|| = 0.238827
||yp|| = 380.996
||yphi|| = 0.265465
||BtYp|| = 2.01653
||ru|| = 2.01843
||yu|| = 103.537
||GtYphi|| = 2.16022
||KtYu|| = 12.7655
||rj|| = 13.7423
||yj|| = 0.86047
||rphi|| = 0.00250802
||rp|| = 0.0569677
||y|| = 394.814
   Pass :  1   Iteration :  41  || r || = 0.324891
||yp|| = 418.27
||xi|| = 380.02
||eta|| = 0.227237
||yp|| = 418.27
||yphi|| = 0.353328
||BtYp|| = 2.18004
||ru|| = 2.18093
||yu|| = 110.265
||GtYphi|| = 2.10943
||KtYu|| = 12.1222
||rj|| = 12.9337
||yj|| = 0.814788
||rphi|| = 0.00343314
||rp|| = 0.058937
||y|| = 432.561
   Pass :  1   Iteration :  42  || r || = 0.32396
||yp|| = 474.484
||xi|| = 431.11
||eta|| = 0.286422
||yp|| = 474.484
||yphi|| = 0.507404
||BtYp|| = 2.91525
||ru|| = 2.91641
||yu|| = 131.521
||GtYphi|| = 2.53942
||KtYu|| = 13.0501
||rj|| = 13.9514
||yj|| = 0.845501
||rphi|| = 0.00458293
||rp|| = 0.0729728
||y|| = 492.376
   Pass :  1   Iteration :  43  || r || = 0.319158
||yp|| = 341.805
||xi|| = 310.526
||eta|| = 0.294444
||yp|| = 341.805
||yphi|| = 0.403638
||BtYp|| = 1.98337
||ru|| = 1.98449
||yu|| = 102.842
||GtYphi|| = 2.16208
||KtYu|| = 12.3203
||rj|| = 13.2969
||yj|| = 0.795167
||rphi|| = 0.00365573
||rp|| = 0.0564881
||y|| = 356.942
   Pass :  1   Iteration :  44  || r || = 0.313076
||yp|| = 344.835
||xi|| = 313.3
||eta|| = 0.286165
||yp|| = 344.835
||yphi|| = 0.308976
||BtYp|| = 1.93609
||ru|| = 1.93713
||yu|| = 99.4632
||GtYphi|| = 1.94637
||KtYu|| = 11.158
||rj|| = 11.9621
||yj|| = 0.697174
||rphi|| = 0.00269759
||rp|| = 0.0530323
||y|| = 358.894
   Pass :  1   Iteration :  45  || r || = 0.311106
||yp|| = 419.537
||xi|| = 381.207
||eta|| = 0.294117
||yp|| = 419.537
||yphi|| = 0.255378
||BtYp|| = 2.57394
||ru|| = 2.57486
||yu|| = 118.949
||GtYphi|| = 1.70381
||KtYu|| = 13.0266
||rj|| = 13.8801
||yj|| = 0.796811
||rphi|| = 0.00202554
||rp|| = 0.067161
||y|| = 436.075
   Pass :  1   Iteration :  46  || r || = 0.310719
||yp|| = 324.006
||xi|| = 294.383
||eta|| = 0.234322
||yp|| = 324.006
||yphi|| = 0.244897
||BtYp|| = 1.79296
||ru|| = 1.7942
||yu|| = 90.3899
||GtYphi|| = 2.22158
||KtYu|| = 11.615
||rj|| = 12.589
||yj|| = 0.743375
||rphi|| = 0.00215386
||rp|| = 0.0492916
||y|| = 336.379
   Pass :  1   Iteration :  47  || r || = 0.310491
||yp|| = 379.447
||xi|| = 344.753
||eta|| = 0.239096
||yp|| = 379.447
||yphi|| = 0.418095
||BtYp|| = 2.07826
||ru|| = 2.07954
||yu|| = 104.487
||GtYphi|| = 2.24931
||KtYu|| = 11.6463
||rj|| = 12.5582
||yj|| = 0.705153
||rphi|| = 0.00385677
||rp|| = 0.0558587
||y|| = 393.571
   Pass :  1   Iteration :  48  || r || = 0.308463
||yp|| = 409.603
||xi|| = 372.171
||eta|| = 0.216623
||yp|| = 409.603
||yphi|| = 0.462742
||BtYp|| = 2.45046
||ru|| = 2.45167
||yu|| = 122.381
||GtYphi|| = 2.41697
||KtYu|| = 13.1628
||rj|| = 14.0574
||yj|| = 0.841401
||rphi|| = 0.00428422
||rp|| = 0.0679358
||y|| = 427.496
   Pass :  1   Iteration :  49  || r || = 0.29865
||yp|| = 400.825
||xi|| = 364.179
||eta|| = 0.217424
||yp|| = 400.825
||yphi|| = 0.485909
||BtYp|| = 2.22013
||ru|| = 2.22122
||yu|| = 108.759
||GtYphi|| = 2.43827
||KtYu|| = 12.2508
||rj|| = 13.1627
||yj|| = 0.780356
||rphi|| = 0.00462413
||rp|| = 0.0609351
||y|| = 415.319
   Pass :  1   Iteration :  50  || r || = 0.272596
||yp|| = 399.881
||xi|| = 363.333
||eta|| = 0.222677
||yp|| = 399.881
||yphi|| = 0.576856
||BtYp|| = 2.24403
||ru|| = 2.24495
||yu|| = 109.774
||GtYphi|| = 2.67101
||KtYu|| = 11.7748
||rj|| = 12.7591
||yj|| = 0.703766
||rphi|| = 0.00544909
||rp|| = 0.0597421
||y|| = 414.676
   Pass :  1   Iteration :  51  || r || = 0.24021
||yp|| = 357.454
||xi|| = 324.779
||eta|| = 0.244438
||yp|| = 357.454
||yphi|| = 0.384478
||BtYp|| = 2.06804
||ru|| = 2.06936
||yu|| = 103.958
||GtYphi|| = 1.91654
||KtYu|| = 11.9683
||rj|| = 12.847
||yj|| = 0.766429
||rphi|| = 0.00366466
||rp|| = 0.0574536
||y|| = 372.265
   Pass :  1   Iteration :  52  || r || = 0.209201
||yp|| = 377.833
||xi|| = 343.286
||eta|| = 0.23594
||yp|| = 377.833
||yphi|| = 0.245666
||BtYp|| = 2.1675
||ru|| = 2.16855
||yu|| = 108.146
||GtYphi|| = 1.84344
||KtYu|| = 11.5418
||rj|| = 12.368
||yj|| = 0.741566
||rphi|| = 0.00217012
||rp|| = 0.0589013
||y|| = 393.006
   Pass :  1   Iteration :  53  || r || = 0.189671
||yp|| = 478.207
||xi|| = 434.517
||eta|| = 0.213692
||yp|| = 478.207
||yphi|| = 0.212014
||BtYp|| = 2.83519
||ru|| = 2.83615
||yu|| = 134.413
||GtYphi|| = 1.71427
||KtYu|| = 12.7626
||rj|| = 13.6522
||yj|| = 0.790183
||rphi|| = 0.00161297
||rp|| = 0.0729296
||y|| = 496.738
   Pass :  1   Iteration :  54  || r || = 0.175834
||yp|| = 415.481
||xi|| = 377.532
||eta|| = 0.243335
||yp|| = 415.481
||yphi|| = 0.249289
||BtYp|| = 2.50224
||ru|| = 2.50319
||yu|| = 119.671
||GtYphi|| = 1.99736
||KtYu|| = 12.4163
||rj|| = 13.2552
||yj|| = 0.814222
||rphi|| = 0.00217338
||rp|| = 0.0652713
||y|| = 432.373
   Pass :  1   Iteration :  55  || r || = 0.166173
||yp|| = 415.167
||xi|| = 377.225
||eta|| = 0.202456
||yp|| = 415.167
||yphi|| = 0.376928
||BtYp|| = 2.29105
||ru|| = 2.29208
||yu|| = 112.284
||GtYphi|| = 2.0409
||KtYu|| = 12.2037
||rj|| = 13.125
||yj|| = 0.744377
||rphi|| = 0.00314898
||rp|| = 0.0601193
||y|| = 430.084
   Pass :  1   Iteration :  56  || r || = 0.156697
||yp|| = 469.271
||xi|| = 426.367
||eta|| = 0.272875
||yp|| = 469.271
||yphi|| = 0.472217
||BtYp|| = 2.7414
||ru|| = 2.74209
||yu|| = 127.607
||GtYphi|| = 2.19557
||KtYu|| = 12.3561
||rj|| = 13.177
||yj|| = 0.744824
||rphi|| = 0.00361609
||rp|| = 0.0712296
||y|| = 486.312
   Pass :  1   Iteration :  57  || r || = 0.151758
||yp|| = 480.047
||xi|| = 436.209
||eta|| = 0.22837
||yp|| = 480.047
||yphi|| = 0.292701
||BtYp|| = 2.96457
||ru|| = 2.96555
||yu|| = 140.616
||GtYphi|| = 1.7155
||KtYu|| = 13.527
||rj|| = 14.404
||yj|| = 0.876399
||rphi|| = 0.00284059
||rp|| = 0.0785881
||y|| = 500.219
   Pass :  1   Iteration :  58  || r || = 0.148389
||yp|| = 417.269
||xi|| = 379.177
||eta|| = 0.265224
||yp|| = 417.269
||yphi|| = 0.453755
||BtYp|| = 2.59497
||ru|| = 2.59594
||yu|| = 116.923
||GtYphi|| = 2.12906
||KtYu|| = 11.4268
||rj|| = 12.3383
||yj|| = 0.68655
||rphi|| = 0.00401324
||rp|| = 0.0663434
||y|| = 433.342
   Pass :  1   Iteration :  59  || r || = 0.145984
||yp|| = 432.301
||xi|| = 392.797
||eta|| = 0.269984
||yp|| = 432.301
||yphi|| = 0.264418
||BtYp|| = 2.64224
||ru|| = 2.64296
||yu|| = 119.274
||GtYphi|| = 1.8111
||KtYu|| = 10.8762
||rj|| = 11.6291
||yj|| = 0.691346
||rphi|| = 0.00260639
||rp|| = 0.0670404
||y|| = 448.454
   Pass :  1   Iteration :  60  || r || = 0.145356
||yp|| = 603.648
||xi|| = 548.516
||eta|| = 0.343979
||yp|| = 603.648
||yphi|| = 0.263154
||BtYp|| = 3.89611
||ru|| = 3.89671
||yu|| = 170.524
||GtYphi|| = 1.70064
||KtYu|| = 14.5724
||rj|| = 15.4768
||yj|| = 0.949475
||rphi|| = 0.00242981
||rp|| = 0.0973482
||y|| = 627.272
   Pass :  1   Iteration :  61  || r || = 0.144726
||yp|| = 485.873
||xi|| = 441.508
||eta|| = 0.379308
||yp|| = 485.873
||yphi|| = 0.360194
||BtYp|| = 3.11175
||ru|| = 3.11283
||yu|| = 141.072
||GtYphi|| = 2.24971
||KtYu|| = 13.0184
||rj|| = 13.9372
||yj|| = 0.80509
||rphi|| = 0.00308133
||rp|| = 0.0817721
||y|| = 505.939
   Pass :  1   Iteration :  62  || r || = 0.143779
||yp|| = 497.662
||xi|| = 452.254
||eta|| = 0.283284
||yp|| = 497.662
||yphi|| = 0.290775
||BtYp|| = 3.22312
||ru|| = 3.22341
||yu|| = 136.342
||GtYphi|| = 2.3572
||KtYu|| = 11.3072
||rj|| = 12.1758
||yj|| = 0.686131
||rphi|| = 0.00243484
||rp|| = 0.0810499
||y|| = 516.001
   Pass :  1   Iteration :  63  || r || = 0.143482
||yp|| = 532.459
||xi|| = 483.854
||eta|| = 0.245606
||yp|| = 532.459
||yphi|| = 0.266612
||BtYp|| = 3.53176
||ru|| = 3.53311
||yu|| = 152.417
||GtYphi|| = 2.11713
||KtYu|| = 13.8273
||rj|| = 14.7882
||yj|| = 0.910981
||rphi|| = 0.00245814
||rp|| = 0.0914011
||y|| = 553.845
   Pass :  1   Iteration :  64  || r || = 0.143349
||yp|| = 507.56
||xi|| = 461.222
||eta|| = 0.246184
||yp|| = 507.56
||yphi|| = 0.428349
||BtYp|| = 3.28731
||ru|| = 3.28775
||yu|| = 139.07
||GtYphi|| = 2.81011
||KtYu|| = 11.6633
||rj|| = 12.6398
||yj|| = 0.749319
||rphi|| = 0.00380678
||rp|| = 0.0841941
||y|| = 526.268
   Pass :  1   Iteration :  65  || r || = 0.143213
||yp|| = 481.561
||xi|| = 437.61
||eta|| = 0.241189
||yp|| = 481.561
||yphi|| = 0.428152
||BtYp|| = 3.30549
||ru|| = 3.30641
||yu|| = 137.767
||GtYphi|| = 2.81843
||KtYu|| = 12.1598
||rj|| = 13.1529
||yj|| = 0.810403
||rphi|| = 0.0038456
||rp|| = 0.0844601
||y|| = 500.881
   Pass :  1   Iteration :  66  || r || = 0.142423
||yp|| = 514.672
||xi|| = 467.707
||eta|| = 0.308962
||yp|| = 514.672
||yphi|| = 0.303453
||BtYp|| = 3.37073
||ru|| = 3.37121
||yu|| = 139.257
||GtYphi|| = 2.31917
||KtYu|| = 12.1971
||rj|| = 13.1527
||yj|| = 0.746793
||rphi|| = 0.00261301
||rp|| = 0.0852447
||y|| = 533.18
   Pass :  1   Iteration :  67  || r || = 0.140556
||yp|| = 554.828
||xi|| = 504.18
||eta|| = 0.390556
||yp|| = 554.828
||yphi|| = 0.209895
||BtYp|| = 3.89372
||ru|| = 3.89419
||yu|| = 159.99
||GtYphi|| = 2.02955
||KtYu|| = 13.0136
||rj|| = 13.8113
||yj|| = 0.812162
||rphi|| = 0.00170839
||rp|| = 0.0979304
||y|| = 577.436
   Pass :  1   Iteration :  68  || r || = 0.139267
||yp|| = 553.918
||xi|| = 503.335
||eta|| = 0.382108
||yp|| = 553.918
||yphi|| = 0.307197
||BtYp|| = 3.56209
||ru|| = 3.56274
||yu|| = 153.338
||GtYphi|| = 1.99399
||KtYu|| = 13.0156
||rj|| = 13.9084
||yj|| = 0.859219
||rphi|| = 0.00242925
||rp|| = 0.0915955
||y|| = 574.751
   Pass :  1   Iteration :  69  || r || = 0.138298
||yp|| = 595.287
||xi|| = 540.94
||eta|| = 0.262957
||yp|| = 595.287
||yphi|| = 0.442246
||BtYp|| = 3.86104
||ru|| = 3.86165
||yu|| = 157.724
||GtYphi|| = 2.51565
||KtYu|| = 12.6253
||rj|| = 13.6114
||yj|| = 0.771835
||rphi|| = 0.00341779
||rp|| = 0.0955062
||y|| = 615.828
   Pass :  1   Iteration :  70  || r || = 0.136665
||yp|| = 505.497
||xi|| = 459.354
||eta|| = 0.37533
||yp|| = 505.497
||yphi|| = 0.267478
||BtYp|| = 3.56123
||ru|| = 3.56153
||yu|| = 149.186
||GtYphi|| = 2.01934
||KtYu|| = 12.6713
||rj|| = 13.5087
||yj|| = 0.80885
||rphi|| = 0.00206449
||rp|| = 0.0912932
||y|| = 527.053
   Pass :  1   Iteration :  71  || r || = 0.134041
||yp|| = 496.687
||xi|| = 451.363
||eta|| = 0.315876
||yp|| = 496.687
||yphi|| = 0.37905
||BtYp|| = 3.3132
||ru|| = 3.31458
||yu|| = 142.263
||GtYphi|| = 2.20627
||KtYu|| = 11.8674
||rj|| = 12.7549
||yj|| = 0.770838
||rphi|| = 0.00300363
||rp|| = 0.0847276
||y|| = 516.66
   Pass :  1   Iteration :  72  || r || = 0.130273
||yp|| = 516.169
||xi|| = 469.003
||eta|| = 0.31034
||yp|| = 516.169
||yphi|| = 0.502314
||BtYp|| = 3.3843
||ru|| = 3.38519
||yu|| = 149.722
||GtYphi|| = 2.48164
||KtYu|| = 12.7355
||rj|| = 13.7377
||yj|| = 0.754902
||rphi|| = 0.00427697
||rp|| = 0.0873223
||y|| = 537.446
   Pass :  1   Iteration :  73  || r || = 0.123023
||yp|| = 509.894
||xi|| = 463.356
||eta|| = 0.249722
||yp|| = 509.894
||yphi|| = 0.312962
||BtYp|| = 3.46064
||ru|| = 3.46114
||yu|| = 144.26
||GtYphi|| = 1.89084
||KtYu|| = 11.8771
||rj|| = 12.7039
||yj|| = 0.762987
||rphi|| = 0.00237006
||rp|| = 0.0875311
||y|| = 529.909
   Pass :  1   Iteration :  74  || r || = 0.115792
||yp|| = 570.824
||xi|| = 518.73
||eta|| = 0.31897
||yp|| = 570.824
||yphi|| = 0.445
||BtYp|| = 3.88104
||ru|| = 3.88242
||yu|| = 172.301
||GtYphi|| = 1.79358
||KtYu|| = 13.8126
||rj|| = 14.6627
||yj|| = 0.901222
||rphi|| = 0.00339527
||rp|| = 0.099907
||y|| = 596.262
   Pass :  1   Iteration :  75  || r || = 0.103583
||yp|| = 433.972
||xi|| = 394.318
||eta|| = 0.235227
||yp|| = 433.972
||yphi|| = 0.145509
||BtYp|| = 2.5195
||ru|| = 2.51984
||yu|| = 115.242
||GtYphi|| = 1.55699
||KtYu|| = 11.9274
||rj|| = 12.7227
||yj|| = 0.730178
||rphi|| = 0.00122509
||rp|| = 0.0649785
||y|| = 449.013
   Pass :  1   Iteration :  76  || r || = 0.0887382
||yp|| = 457.714
||xi|| = 415.898
||eta|| = 0.231557
||yp|| = 457.714
||yphi|| = 0.208475
||BtYp|| = 2.87923
||ru|| = 2.88101
||yu|| = 131.604
||GtYphi|| = 1.6435
||KtYu|| = 13.019
||rj|| = 13.8306
||yj|| = 0.853056
||rphi|| = 0.00173152
||rp|| = 0.0756703
||y|| = 476.259
   Pass :  1   Iteration :  77  || r || = 0.0799527
||yp|| = 513.778
||xi|| = 466.866
||eta|| = 0.233986
||yp|| = 513.778
||yphi|| = 0.165897
||BtYp|| = 3.39188
||ru|| = 3.39218
||yu|| = 149.44
||GtYphi|| = 1.54963
||KtYu|| = 12.8715
||rj|| = 13.7026
||yj|| = 0.829252
||rphi|| = 0.00149419
||rp|| = 0.0874329
||y|| = 535.071
   Pass :  1   Iteration :  78  || r || = 0.074586
||yp|| = 398.874
||xi|| = 362.428
||eta|| = 0.231301
||yp|| = 398.874
||yphi|| = 0.19333
||BtYp|| = 2.32638
||ru|| = 2.32697
||yu|| = 105.667
||GtYphi|| = 1.96072
||KtYu|| = 11.1587
||rj|| = 11.9736
||yj|| = 0.671457
||rphi|| = 0.00140002
||rp|| = 0.0590042
||y|| = 412.634
   Pass :  1   Iteration :  79  || r || = 0.0726837
||yp|| = 477.787
||xi|| = 434.136
||eta|| = 0.230776
||yp|| = 477.787
||yphi|| = 0.185334
||BtYp|| = 2.86086
||ru|| = 2.8623
||yu|| = 133.81
||GtYphi|| = 1.40109
||KtYu|| = 13.5549
||rj|| = 14.4132
||yj|| = 0.884006
||rphi|| = 0.00153367
||rp|| = 0.0753765
||y|| = 496.172
   Pass :  1   Iteration :  80  || r || = 0.0720148
||yp|| = 452.673
||xi|| = 411.313
||eta|| = 0.302048
||yp|| = 452.673
||yphi|| = 0.208796
||BtYp|| = 2.70559
||ru|| = 2.70627
||yu|| = 128.927
||GtYphi|| = 2.12465
||KtYu|| = 13.1969
||rj|| = 14.0357
||yj|| = 0.847896
||rphi|| = 0.00175202
||rp|| = 0.0727657
||y|| = 470.676
   Pass :  1   Iteration :  81  || r || = 0.0716936
||yp|| = 489.598
||xi|| = 444.884
||eta|| = 0.271925
||yp|| = 489.598
||yphi|| = 0.201992
||BtYp|| = 2.99264
||ru|| = 2.99336
||yu|| = 136.359
||GtYphi|| = 1.88492
||KtYu|| = 12.913
||rj|| = 13.7676
||yj|| = 0.798867
||rphi|| = 0.00166449
||rp|| = 0.0773639
||y|| = 508.233
   Pass :  1   Iteration :  82  || r || = 0.0713642
||yp|| = 460.599
||xi|| = 418.483
||eta|| = 0.332163
||yp|| = 460.599
||yphi|| = 0.145725
||BtYp|| = 2.86116
||ru|| = 2.86227
||yu|| = 144.801
||GtYphi|| = 1.39945
||KtYu|| = 13.9541
||rj|| = 14.7336
||yj|| = 0.936687
||rphi|| = 0.00121545
||rp|| = 0.0795466
||y|| = 482.825
   Pass :  1   Iteration :  83  || r || = 0.0706214
||yp|| = 410.503
||xi|| = 372.993
||eta|| = 0.338479
||yp|| = 410.503
||yphi|| = 0.207839
||BtYp|| = 2.40621
||ru|| = 2.40696
||yu|| = 118.821
||GtYphi|| = 1.57752
||KtYu|| = 12.259
||rj|| = 12.9674
||yj|| = 0.743945
||rphi|| = 0.00149558
||rp|| = 0.0660292
||y|| = 427.354
   Pass :  1   Iteration :  84  || r || = 0.0703334
||yp|| = 444.874
||xi|| = 404.231
||eta|| = 0.297028
||yp|| = 444.874
||yphi|| = 0.17546
||BtYp|| = 2.68388
||ru|| = 2.68507
||yu|| = 127.279
||GtYphi|| = 1.66108
||KtYu|| = 13.0983
||rj|| = 13.9351
||yj|| = 0.868374
||rphi|| = 0.0012659
||rp|| = 0.0730571
||y|| = 462.725
   Pass :  1   Iteration :  85  || r || = 0.0701971
||yp|| = 557.519
||xi|| = 506.591
||eta|| = 0.325155
||yp|| = 557.519
||yphi|| = 0.197512
||BtYp|| = 3.2221
||ru|| = 3.22259
||yu|| = 151.793
||GtYphi|| = 1.88636
||KtYu|| = 13.8564
||rj|| = 14.6432
||yj|| = 0.877599
||rphi|| = 0.00157517
||rp|| = 0.0824037
||y|| = 577.814
   Pass :  1   Iteration :  86  || r || = 0.0699257
||yp|| = 528.71
||xi|| = 480.4
||eta|| = 0.254547
||yp|| = 528.71
||yphi|| = 0.184885
||BtYp|| = 3.21947
||ru|| = 3.22048
||yu|| = 149.399
||GtYphi|| = 1.84144
||KtYu|| = 12.2767
||rj|| = 13.1758
||yj|| = 0.725995
||rphi|| = 0.00151124
||rp|| = 0.0804776
||y|| = 549.414
   Pass :  1   Iteration :  87  || r || = 0.0698722
||yp|| = 602.559
||xi|| = 547.557
||eta|| = 0.271673
||yp|| = 602.559
||yphi|| = 0.148584
||BtYp|| = 3.8594
||ru|| = 3.85933
||yu|| = 172.189
||GtYphi|| = 1.54244
||KtYu|| = 14.0997
||rj|| = 14.8029
||yj|| = 0.917064
||rphi|| = 0.00113109
||rp|| = 0.0971899
||y|| = 626.68
   Pass :  1   Iteration :  88  || r || = 0.069866
||yp|| = 514.479
||xi|| = 467.495
||eta|| = 0.256988
||yp|| = 514.479
||yphi|| = 0.263885
||BtYp|| = 2.92626
||ru|| = 2.92783
||yu|| = 137.122
||GtYphi|| = 1.88202
||KtYu|| = 13.2352
||rj|| = 14.092
||yj|| = 0.837411
||rphi|| = 0.00207117
||rp|| = 0.0758786
||y|| = 532.439
   Pass :  1   Iteration :  89  || r || = 0.0698495
||yp|| = 501.045
||xi|| = 455.253
||eta|| = 0.26599
||yp|| = 501.045
||yphi|| = 0.245244
||BtYp|| = 2.98538
||ru|| = 2.98571
||yu|| = 138.202
||GtYphi|| = 1.85879
||KtYu|| = 13.1059
||rj|| = 13.8986
||yj|| = 0.794358
||rphi|| = 0.00181158
||rp|| = 0.074083
||y|| = 519.756
   Pass :  1   Iteration :  90  || r || = 0.0698492
||yp|| = 467.04
||xi|| = 424.389
||eta|| = 0.2832
||yp|| = 467.04
||yphi|| = 0.147594
||BtYp|| = 2.7736
||ru|| = 2.77474
||yu|| = 129.151
||GtYphi|| = 1.49757
||KtYu|| = 12.9646
||rj|| = 13.7386
||yj|| = 0.82952
||rphi|| = 0.0011288
||rp|| = 0.0721186
||y|| = 484.569
   Pass :  1   Iteration :  91  || r || = 0.0698488
||yp|| = 439.551
||xi|| = 399.374
||eta|| = 0.28343
||yp|| = 439.551
||yphi|| = 0.172639
||BtYp|| = 2.55173
||ru|| = 2.55256
||yu|| = 116.722
||GtYphi|| = 1.70254
||KtYu|| = 11.6491
||rj|| = 12.4672
||yj|| = 0.745211
||rphi|| = 0.00137286
||rp|| = 0.0641633
||y|| = 454.785
   Pass :  1   Iteration :  92  || r || = 0.0696504
||yp|| = 621.564
||xi|| = 564.826
||eta|| = 0.270489
||yp|| = 621.564
||yphi|| = 0.248573
||BtYp|| = 3.85393
||ru|| = 3.85434
||yu|| = 167.598
||GtYphi|| = 1.76377
||KtYu|| = 13.5134
||rj|| = 14.2718
||yj|| = 0.845931
||rphi|| = 0.0019732
||rp|| = 0.0956737
||y|| = 643.763
   Pass :  1   Iteration :  93  || r || = 0.0688942
||yp|| = 422.68
||xi|| = 384.038
||eta|| = 0.252649
||yp|| = 422.68
||yphi|| = 0.162686
||BtYp|| = 2.54289
||ru|| = 2.54374
||yu|| = 126.2
||GtYphi|| = 1.77737
||KtYu|| = 13.0953
||rj|| = 13.9298
||yj|| = 0.866983
||rphi|| = 0.00142325
||rp|| = 0.0720856
||y|| = 441.119
   Pass :  1   Iteration :  94  || r || = 0.0672486
||yp|| = 414.132
||xi|| = 376.273
||eta|| = 0.274863
||yp|| = 414.132
||yphi|| = 0.228019
||BtYp|| = 2.3698
||ru|| = 2.3706
||yu|| = 120.96
||GtYphi|| = 1.75722
||KtYu|| = 12.6845
||rj|| = 13.5177
||yj|| = 0.802794
||rphi|| = 0.0018546
||rp|| = 0.0686551
||y|| = 431.436
   Pass :  1   Iteration :  95  || r || = 0.0645807
||yp|| = 558.522
||xi|| = 507.515
||eta|| = 0.315499
||yp|| = 558.522
||yphi|| = 0.272843
||BtYp|| = 3.61342
||ru|| = 3.61448
||yu|| = 159.887
||GtYphi|| = 1.60446
||KtYu|| = 13.4804
||rj|| = 14.2771
||yj|| = 0.89361
||rphi|| = 0.00217785
||rp|| = 0.0961106
||y|| = 580.957
   Pass :  1   Iteration :  96  || r || = 0.0600978
||yp|| = 388.717
||xi|| = 353.155
||eta|| = 0.333928
||yp|| = 388.717
||yphi|| = 0.210095
||BtYp|| = 2.1793
||ru|| = 2.18041
||yu|| = 119.103
||GtYphi|| = 1.7868
||KtYu|| = 11.9007
||rj|| = 12.6811
||yj|| = 0.790579
||rphi|| = 0.00155541
||rp|| = 0.0665238
||y|| = 406.555
   Pass :  1   Iteration :  97  || r || = 0.0555036
||yp|| = 469.674
||xi|| = 426.76
||eta|| = 0.274008
||yp|| = 469.674
||yphi|| = 0.186287
||BtYp|| = 2.9939
||ru|| = 2.99512
||yu|| = 137.489
||GtYphi|| = 1.59831
||KtYu|| = 13.2841
||rj|| = 14.163
||yj|| = 0.866666
||rphi|| = 0.00136888
||rp|| = 0.0824835
||y|| = 489.385
   Pass :  1   Iteration :  98  || r || = 0.0503333
||yp|| = 401.631
||xi|| = 364.928
||eta|| = 0.238817
||yp|| = 401.631
||yphi|| = 0.269969
||BtYp|| = 2.53605
||ru|| = 2.53717
||yu|| = 117.642
||GtYphi|| = 1.6361
||KtYu|| = 11.1705
||rj|| = 11.9265
||yj|| = 0.711925
||rphi|| = 0.00223439
||rp|| = 0.0694372
||y|| = 418.507
   Pass :  1   Iteration :  99  || r || = 0.0475692
||yp|| = 409.711
||xi|| = 372.243
||eta|| = 0.282064
||yp|| = 409.711
||yphi|| = 0.236513
||BtYp|| = 2.50422
||ru|| = 2.50528
||yu|| = 122.459
||GtYphi|| = 1.68907
||KtYu|| = 12.9036
||rj|| = 13.7807
||yj|| = 0.831401
||rphi|| = 0.00194733
||rp|| = 0.0690697
||y|| = 427.622
   Pass :  1   Iteration : 100  || r || = 0.0447334
||yp|| = 393.514
||xi|| = 357.555
||eta|| = 0.230494
||yp|| = 393.514
||yphi|| = 0.179948
||BtYp|| = 2.39915
||ru|| = 2.39989
||yu|| = 106.324
||GtYphi|| = 1.8896
||KtYu|| = 11.3553
||rj|| = 12.2054
||yj|| = 0.713421
||rphi|| = 0.00134904
||rp|| = 0.0629547
||y|| = 407.626
   Pass :  1   Iteration : 101  || r || = 0.0426141
||yp|| = 410.601
||xi|| = 373.077
||eta|| = 0.212233
||yp|| = 410.601
||yphi|| = 0.162687
||BtYp|| = 2.39054
||ru|| = 2.39209
||yu|| = 118.388
||GtYphi|| = 1.56112
||KtYu|| = 12.6176
||rj|| = 13.4053
||yj|| = 0.829932
||rphi|| = 0.00134628
||rp|| = 0.0642866
||y|| = 427.329
   Pass :  1   Iteration : 102  || r || = 0.0415955
||yp|| = 537.211
||xi|| = 488.175
||eta|| = 0.221259
||yp|| = 537.211
||yphi|| = 0.160158
||BtYp|| = 3.65024
||ru|| = 3.65124
||yu|| = 152.019
||GtYphi|| = 1.42515
||KtYu|| = 13.3206
||rj|| = 14.1301
||yj|| = 0.868295
||rphi|| = 0.00129937
||rp|| = 0.0927966
||y|| = 558.307
   Pass :  1   Iteration : 103  || r || = 0.0409636
||yp|| = 450.901
||xi|| = 409.725
||eta|| = 0.223218
||yp|| = 450.901
||yphi|| = 0.160433
||BtYp|| = 2.48923
||ru|| = 2.49011
||yu|| = 115.013
||GtYphi|| = 1.83265
||KtYu|| = 11.1907
||rj|| = 11.9547
||yj|| = 0.685121
||rphi|| = 0.00138215
||rp|| = 0.0638511
||y|| = 465.339
   Pass :  1   Iteration : 104  || r || = 0.0406632
||yp|| = 441.535
||xi|| = 401.202
||eta|| = 0.231506
||yp|| = 441.535
||yphi|| = 0.170452
||BtYp|| = 2.61938
||ru|| = 2.62039
||yu|| = 122.543
||GtYphi|| = 1.43369
||KtYu|| = 13.5245
||rj|| = 14.3451
||yj|| = 0.922198
||rphi|| = 0.00143429
||rp|| = 0.0704175
||y|| = 458.225
   Pass :  1   Iteration : 105  || r || = 0.0405498
||yp|| = 405.574
||xi|| = 368.498
||eta|| = 0.233311
||yp|| = 405.574
||yphi|| = 0.196216
||BtYp|| = 2.20499
||ru|| = 2.20615
||yu|| = 110.38
||GtYphi|| = 1.83193
||KtYu|| = 11.9189
||rj|| = 12.7446
||yj|| = 0.750703
||rphi|| = 0.00146443
||rp|| = 0.0602408
||y|| = 420.327
   Pass :  1   Iteration : 106  || r || = 0.0405363
||yp|| = 490.271
||xi|| = 445.453
||eta|| = 0.287963
||yp|| = 490.271
||yphi|| = 0.171865
||BtYp|| = 2.3493
||ru|| = 2.35099
||yu|| = 124.634
||GtYphi|| = 1.89259
||KtYu|| = 13.5239
||rj|| = 14.3612
||yj|| = 0.886811
||rphi|| = 0.00133561
||rp|| = 0.0655423
||y|| = 505.865
   Pass :  1   Iteration : 107  || r || = 0.0405346
||yp|| = 471.488
||xi|| = 428.422
||eta|| = 0.264268
||yp|| = 471.488
||yphi|| = 0.255199
||BtYp|| = 2.65521
||ru|| = 2.65669
||yu|| = 125.048
||GtYphi|| = 1.94679
||KtYu|| = 13.3664
||rj|| = 14.1798
||yj|| = 0.885735
||rphi|| = 0.00188228
||rp|| = 0.0699359
||y|| = 487.789
   Pass :  1   Iteration : 108  || r || = 0.0405342
||yp|| = 401.334
||xi|| = 364.597
||eta|| = 0.279568
||yp|| = 401.334
||yphi|| = 0.26645
||BtYp|| = 1.88426
||ru|| = 1.88584
||yu|| = 100.488
||GtYphi|| = 1.91078
||KtYu|| = 12.0004
||rj|| = 12.8773
||yj|| = 0.749075
||rphi|| = 0.00192489
||rp|| = 0.0512255
||y|| = 413.724
   Pass :  1   Iteration : 109  || r || = 0.0405244
||yp|| = 452.949
||xi|| = 411.566
||eta|| = 0.261291
||yp|| = 452.949
||yphi|| = 0.164808
||BtYp|| = 2.77105
||ru|| = 2.77234
||yu|| = 129.37
||GtYphi|| = 1.58979
||KtYu|| = 13.0876
||rj|| = 13.863
||yj|| = 0.862202
||rphi|| = 0.00135258
||rp|| = 0.0735131
||y|| = 471.063
   Pass :  1   Iteration : 110  || r || = 0.0404775
||yp|| = 442.043
||xi|| = 401.659
||eta|| = 0.231032
||yp|| = 442.043
||yphi|| = 0.153781
||BtYp|| = 2.50299
||ru|| = 2.50442
||yu|| = 121.844
||GtYphi|| = 1.79967
||KtYu|| = 12.169
||rj|| = 13.0259
||yj|| = 0.772237
||rphi|| = 0.00125996
||rp|| = 0.0678226
||y|| = 458.529
   Pass :  1   Iteration : 111  || r || = 0.0404649
||yp|| = 438.613
||xi|| = 398.531
||eta|| = 0.27105
||yp|| = 438.613
||yphi|| = 0.205567
||BtYp|| = 2.50964
||ru|| = 2.51078
||yu|| = 124.815
||GtYphi|| = 1.85283
||KtYu|| = 12.5069
||rj|| = 13.3557
||yj|| = 0.778019
||rphi|| = 0.00175096
||rp|| = 0.0684149
||y|| = 456.028
   Pass :  1   Iteration : 112  || r || = 0.0404569
||yp|| = 505.647
||xi|| = 459.443
||eta|| = 0.246806
||yp|| = 505.647
||yphi|| = 0.288273
||BtYp|| = 2.96588
||ru|| = 2.9665
||yu|| = 143.725
||GtYphi|| = 1.73187
||KtYu|| = 13.3599
||rj|| = 14.1913
||yj|| = 0.851961
||rphi|| = 0.00221311
||rp|| = 0.0772117
||y|| = 525.678
   Pass :  1   Iteration : 113  || r || = 0.040441
||yp|| = 407.07
||xi|| = 369.839
||eta|| = 0.274937
||yp|| = 407.07
||yphi|| = 0.231232
||BtYp|| = 2.19145
||ru|| = 2.19341
||yu|| = 112.589
||GtYphi|| = 2.05244
||KtYu|| = 12.9877
||rj|| = 13.8498
||yj|| = 0.813786
||rphi|| = 0.001847
||rp|| = 0.0603723
||y|| = 422.354
   Pass :  1   Iteration : 114  || r || = 0.0404018
||yp|| = 428.438
||xi|| = 389.239
||eta|| = 0.297526
||yp|| = 428.438
||yphi|| = 0.252688
||BtYp|| = 2.46122
||ru|| = 2.46223
||yu|| = 129.895
||GtYphi|| = 1.79847
||KtYu|| = 13.532
||rj|| = 14.4025
||yj|| = 0.896758
||rphi|| = 0.0019087
||rp|| = 0.0703922
||y|| = 447.697
   Pass :  1   Iteration : 115  || r || = 0.0403007
||yp|| = 494.719
||xi|| = 449.491
||eta|| = 0.23551
||yp|| = 494.719
||yphi|| = 0.171987
||BtYp|| = 2.82962
||ru|| = 2.83108
||yu|| = 131.228
||GtYphi|| = 1.75544
||KtYu|| = 13.0107
||rj|| = 13.8491
||yj|| = 0.812525
||rphi|| = 0.00134205
||rp|| = 0.0707359
||y|| = 511.828
   Pass :  1   Iteration : 116  || r || = 0.0400168
||yp|| = 422.172
||xi|| = 383.566
||eta|| = 0.240607
||yp|| = 422.172
||yphi|| = 0.230895
||BtYp|| = 2.46815
||ru|| = 2.46865
||yu|| = 120.251
||GtYphi|| = 1.95131
||KtYu|| = 11.7278
||rj|| = 12.6047
||yj|| = 0.728319
||rphi|| = 0.00193358
||rp|| = 0.0669152
||y|| = 438.965
   Pass :  1   Iteration : 117  || r || = 0.0394411
||yp|| = 519.592
||xi|| = 472.133
||eta|| = 0.261727
||yp|| = 519.592
||yphi|| = 0.269881
||BtYp|| = 3.10076
||ru|| = 3.10208
||yu|| = 144.409
||GtYphi|| = 1.73336
||KtYu|| = 13.7369
||rj|| = 14.5494
||yj|| = 0.908664
||rphi|| = 0.00226168
||rp|| = 0.0831121
||y|| = 539.287
   Pass :  1   Iteration : 118  || r || = 0.0383422
||yp|| = 456.048
||xi|| = 414.357
||eta|| = 0.261077
||yp|| = 456.048
||yphi|| = 0.259091
||BtYp|| = 2.76315
||ru|| = 2.76418
||yu|| = 124.084
||GtYphi|| = 2.01011
||KtYu|| = 12.3296
||rj|| = 13.2204
||yj|| = 0.798178
||rphi|| = 0.00217128
||rp|| = 0.072419
||y|| = 472.628
   Pass :  1   Iteration : 119  || r || = 0.036375
||yp|| = 486.23
||xi|| = 441.795
||eta|| = 0.260477
||yp|| = 486.23
||yphi|| = 0.308682
||BtYp|| = 2.94551
||ru|| = 2.94674
||yu|| = 132.56
||GtYphi|| = 1.75145
||KtYu|| = 12.7985
||rj|| = 13.6203
||yj|| = 0.789962
||rphi|| = 0.0024477
||rp|| = 0.0770344
||y|| = 503.976
   Pass :  1   Iteration : 120  || r || = 0.033374
||yp|| = 451.408
||xi|| = 410.169
||eta|| = 0.305643
||yp|| = 451.408
||yphi|| = 0.227771
||BtYp|| = 2.84823
||ru|| = 2.84929
||yu|| = 129.387
||GtYphi|| = 1.64463
||KtYu|| = 11.7408
||rj|| = 12.526
||yj|| = 0.764824
||rphi|| = 0.00172711
||rp|| = 0.0756627
||y|| = 469.586
   Pass :  1   Iteration : 121  || r || = 0.0312752
||yp|| = 516.8
||xi|| = 469.595
||eta|| = 0.278815
||yp|| = 516.8
||yphi|| = 0.410607
||BtYp|| = 3.19576
||ru|| = 3.19653
||yu|| = 145.75
||GtYphi|| = 2.01775
||KtYu|| = 13.0312
||rj|| = 13.9316
||yj|| = 0.8492
||rphi|| = 0.00320367
||rp|| = 0.0851585
||y|| = 536.96
   Pass :  1   Iteration : 122  || r || = 0.0301523
||yp|| = 508.787
||xi|| = 462.295
||eta|| = 0.31929
||yp|| = 508.787
||yphi|| = 0.237992
||BtYp|| = 3.21298
||ru|| = 3.21381
||yu|| = 141.833
||GtYphi|| = 1.84648
||KtYu|| = 12.3085
||rj|| = 13.1206
||yj|| = 0.802114
||rphi|| = 0.00194932
||rp|| = 0.0828243
||y|| = 528.187
   Pass :  1   Iteration : 123  || r || = 0.0297672
||yp|| = 512.721
||xi|| = 465.862
||eta|| = 0.263717
||yp|| = 512.721
||yphi|| = 0.311031
||BtYp|| = 3.28309
||ru|| = 3.28452
||yu|| = 146.43
||GtYphi|| = 2.11257
||KtYu|| = 13.2967
||rj|| = 14.1831
||yj|| = 0.900141
||rphi|| = 0.00242196
||rp|| = 0.0862195
||y|| = 533.222
   Pass :  1   Iteration : 124  || r || = 0.0295696
||yp|| = 462.721
||xi|| = 420.443
||eta|| = 0.243422
||yp|| = 462.721
||yphi|| = 0.303913
||BtYp|| = 2.82551
||ru|| = 2.8262
||yu|| = 127.038
||GtYphi|| = 1.9614
||KtYu|| = 12.8844
||rj|| = 13.8038
||yj|| = 0.854899
||rphi|| = 0.00247142
||rp|| = 0.0731399
||y|| = 479.844
   Pass :  1   Iteration : 125  || r || = 0.029534
||yp|| = 529.544
||xi|| = 481.186
||eta|| = 0.272763
||yp|| = 529.544
||yphi|| = 0.315024
||BtYp|| = 3.40319
||ru|| = 3.40387
||yu|| = 145.453
||GtYphi|| = 2.21714
||KtYu|| = 12.6
||rj|| = 13.5407
||yj|| = 0.794242
||rphi|| = 0.00248741
||rp|| = 0.0863453
||y|| = 549.158
   Pass :  1   Iteration : 126  || r || = 0.0295261
||yp|| = 521.518
||xi|| = 473.838
||eta|| = 0.387805
||yp|| = 521.518
||yphi|| = 0.292545
||BtYp|| = 3.39208
||ru|| = 3.3931
||yu|| = 157.296
||GtYphi|| = 1.90467
||KtYu|| = 14.1787
||rj|| = 15.0175
||yj|| = 0.941948
||rphi|| = 0.00224875
||rp|| = 0.088573
||y|| = 544.724
   Pass :  1   Iteration : 127  || r || = 0.02951
||yp|| = 491.259
||xi|| = 446.418
||eta|| = 0.260278
||yp|| = 491.259
||yphi|| = 0.471206
||BtYp|| = 3.07781
||ru|| = 3.07855
||yu|| = 132.996
||GtYphi|| = 2.10779
||KtYu|| = 11.448
||rj|| = 12.2631
||yj|| = 0.748818
||rphi|| = 0.00349998
||rp|| = 0.0767484
||y|| = 508.944
   Pass :  1   Iteration : 128  || r || = 0.0295024
||yp|| = 542.753
||xi|| = 493.19
||eta|| = 0.271844
||yp|| = 542.753
||yphi|| = 0.242777
||BtYp|| = 3.36505
||ru|| = 3.36551
||yu|| = 149.808
||GtYphi|| = 2.03964
||KtYu|| = 12.9646
||rj|| = 13.8291
||yj|| = 0.816155
||rphi|| = 0.00189115
||rp|| = 0.0859128
||y|| = 563.048
   Pass :  1   Iteration : 129  || r || = 0.029502
||yp|| = 626.14
||xi|| = 568.981
||eta|| = 0.282168
||yp|| = 626.14
||yphi|| = 0.202896
||BtYp|| = 3.98818
||ru|| = 3.98974
||yu|| = 174.757
||GtYphi|| = 1.85275
||KtYu|| = 14.9244
||rj|| = 15.8215
||yj|| = 0.978271
||rphi|| = 0.00150806
||rp|| = 0.100955
||y|| = 650.071
   Pass :  1   Iteration : 130  || r || = 0.0294976
||yp|| = 474.559
||xi|| = 431.098
||eta|| = 0.369392
||yp|| = 474.559
||yphi|| = 0.387135
||BtYp|| = 2.77632
||ru|| = 2.77614
||yu|| = 128.758
||GtYphi|| = 2.52604
||KtYu|| = 11.9296
||rj|| = 12.875
||yj|| = 0.762013
||rphi|| = 0.00311562
||rp|| = 0.0704407
||y|| = 491.718
   Pass :  1   Iteration : 131  || r || = 0.0294914
||yp|| = 579.444
||xi|| = 526.542
||eta|| = 0.324867
||yp|| = 579.444
||yphi|| = 0.478462
||BtYp|| = 3.64128
||ru|| = 3.64307
||yu|| = 163.003
||GtYphi|| = 2.46819
||KtYu|| = 13.9967
||rj|| = 14.8865
||yj|| = 0.886717
||rphi|| = 0.00376806
||rp|| = 0.0928639
||y|| = 601.936
   Pass :  1   Iteration : 132  || r || = 0.0294824
||yp|| = 520.77
||xi|| = 473.183
||eta|| = 0.258723
||yp|| = 520.77
||yphi|| = 0.317692
||BtYp|| = 3.28941
||ru|| = 3.28899
||yu|| = 150.866
||GtYphi|| = 2.16197
||KtYu|| = 13.3233
||rj|| = 14.1928
||yj|| = 0.917174
||rphi|| = 0.00253487
||rp|| = 0.0846034
||y|| = 542.183
   Pass :  1   Iteration : 133  || r || = 0.0294034
||yp|| = 521.887
||xi|| = 474.205
||eta|| = 0.234331
||yp|| = 521.887
||yphi|| = 0.416625
||BtYp|| = 3.14252
||ru|| = 3.14499
||yu|| = 139.409
||GtYphi|| = 2.33437
||KtYu|| = 12.8704
||rj|| = 13.7652
||yj|| = 0.805647
||rphi|| = 0.00330213
||rp|| = 0.079376
||y|| = 540.187
   Pass :  1   Iteration : 134  || r || = 0.0292832
||yp|| = 448.102
||xi|| = 407.132
||eta|| = 0.298066
||yp|| = 448.102
||yphi|| = 0.2577
||BtYp|| = 2.68984
||ru|| = 2.69011
||yu|| = 134.878
||GtYphi|| = 2.11796
||KtYu|| = 12.9998
||rj|| = 13.8489
||yj|| = 0.834654
||rphi|| = 0.00212798
||rp|| = 0.0756149
||y|| = 467.962
   Pass :  1   Iteration : 135  || r || = 0.0291668
||yp|| = 410.916
||xi|| = 373.331
||eta|| = 0.253022
||yp|| = 410.916
||yphi|| = 0.240632
||BtYp|| = 2.27585
||ru|| = 2.27737
||yu|| = 115.01
||GtYphi|| = 1.94826
||KtYu|| = 12.9547
||rj|| = 13.8625
||yj|| = 0.863834
||rphi|| = 0.00203747
||rp|| = 0.0644167
||y|| = 426.708
   Pass :  1   Iteration : 136  || r || = 0.0288592
||yp|| = 537.27
||xi|| = 488.218
||eta|| = 0.308192
||yp|| = 537.27
||yphi|| = 0.388112
||BtYp|| = 3.3247
||ru|| = 3.3258
||yu|| = 149.773
||GtYphi|| = 2.23242
||KtYu|| = 13.2536
||rj|| = 14.091
||yj|| = 0.850313
||rphi|| = 0.00285889
||rp|| = 0.0849975
||y|| = 557.756
   Pass :  1   Iteration : 137  || r || = 0.0281467
||yp|| = 519.899
||xi|| = 472.381
||eta|| = 0.250701
||yp|| = 519.899
||yphi|| = 0.220101
||BtYp|| = 2.95137
||ru|| = 2.95224
||yu|| = 136.624
||GtYphi|| = 1.81804
||KtYu|| = 13.4882
||rj|| = 14.3977
||yj|| = 0.867182
||rphi|| = 0.00174479
||rp|| = 0.0746637
||y|| = 537.552
   Pass :  1   Iteration : 138  || r || = 0.0264361
||yp|| = 408.021
||xi|| = 370.729
||eta|| = 0.224854
||yp|| = 408.021
||yphi|| = 0.272921
||BtYp|| = 2.28408
||ru|| = 2.28565
||yu|| = 108.784
||GtYphi|| = 1.96809
||KtYu|| = 11.8724
||rj|| = 12.7123
||yj|| = 0.776516
||rphi|| = 0.00221256
||rp|| = 0.0589136
||y|| = 422.275
   Pass :  1   Iteration : 139  || r || = 0.0247059
||yp|| = 482.444
||xi|| = 438.396
||eta|| = 0.258881
||yp|| = 482.444
||yphi|| = 0.225191
||BtYp|| = 2.70548
||ru|| = 2.70592
||yu|| = 124.773
||GtYphi|| = 1.55981
||KtYu|| = 12.5648
||rj|| = 13.383
||yj|| = 0.805359
||rphi|| = 0.00166949
||rp|| = 0.0684309
||y|| = 498.318
   Pass :  1   Iteration : 140  || r || = 0.0233884
||yp|| = 446.001
||xi|| = 405.238
||eta|| = 0.240062
||yp|| = 446.001
||yphi|| = 0.291158
||BtYp|| = 2.45291
||ru|| = 2.45404
||yu|| = 116.07
||GtYphi|| = 1.90643
||KtYu|| = 12.7345
||rj|| = 13.6222
||yj|| = 0.821106
||rphi|| = 0.00237695
||rp|| = 0.0634785
||y|| = 460.858
   Pass :  1   Iteration : 141  || r || = 0.0226027
||yp|| = 384.423
||xi|| = 349.275
||eta|| = 0.256772
||yp|| = 384.423
||yphi|| = 0.29338
||BtYp|| = 2.14666
||ru|| = 2.14773
||yu|| = 105.159
||GtYphi|| = 2.00201
||KtYu|| = 12.1567
||rj|| = 13.0354
||yj|| = 0.785355
||rphi|| = 0.00244645
||rp|| = 0.0582761
||y|| = 398.548
   Pass :  1   Iteration : 142  || r || = 0.0221528
||yp|| = 480.583
||xi|| = 436.673
||eta|| = 0.271657
||yp|| = 480.583
||yphi|| = 0.275895
||BtYp|| = 2.6721
||ru|| = 2.67348
||yu|| = 124.858
||GtYphi|| = 1.94935
||KtYu|| = 12.5025
||rj|| = 13.3796
||yj|| = 0.787097
||rphi|| = 0.00206415
||rp|| = 0.0704908
||y|| = 496.538
   Pass :  1   Iteration : 143  || r || = 0.0219382
||yp|| = 484.031
||xi|| = 439.814
||eta|| = 0.283222
||yp|| = 484.031
||yphi|| = 0.237618
||BtYp|| = 2.91092
||ru|| = 2.9107
||yu|| = 134.013
||GtYphi|| = 2.02135
||KtYu|| = 13.2926
||rj|| = 14.181
||yj|| = 0.851189
||rphi|| = 0.00186844
||rp|| = 0.0760472
||y|| = 502.241
   Pass :  1   Iteration : 144  || r || = 0.0218377
||yp|| = 400.725
||xi|| = 364.059
||eta|| = 0.323077
||yp|| = 400.725
||yphi|| = 0.438954
||BtYp|| = 2.10399
||ru|| = 2.1055
||yu|| = 111.269
||GtYphi|| = 2.20201
||KtYu|| = 12.4587
||rj|| = 13.3809
||yj|| = 0.816888
||rphi|| = 0.00346503
||rp|| = 0.0612713
||y|| = 415.887
   Pass :  1   Iteration : 145  || r || = 0.0217976
||yp|| = 367.072
||xi|| = 333.462
||eta|| = 0.247874
||yp|| = 367.072
||yphi|| = 0.373589
||BtYp|| = 1.95845
||ru|| = 1.96035
||yu|| = 109.9
||GtYphi|| = 1.95797
||KtYu|| = 12.4594
||rj|| = 13.2355
||yj|| = 0.86009
||rphi|| = 0.00296697
||rp|| = 0.0582227
||y|| = 383.172
   Pass :  1   Iteration : 146  || r || = 0.0217888
||yp|| = 474.39
||xi|| = 431.019
||eta|| = 0.291417
||yp|| = 474.39
||yphi|| = 0.205662
||BtYp|| = 2.7175
||ru|| = 2.71904
||yu|| = 133.542
||GtYphi|| = 1.85002
||KtYu|| = 13.8415
||rj|| = 14.7347
||yj|| = 0.878459
||rphi|| = 0.00170068
||rp|| = 0.0750198
||y|| = 492.829
   Pass :  1   Iteration : 147  || r || = 0.0217819
||yp|| = 414.182
||xi|| = 376.282
||eta|| = 0.322475
||yp|| = 414.182
||yphi|| = 0.341612
||BtYp|| = 2.21535
||ru|| = 2.21676
||yu|| = 112.148
||GtYphi|| = 1.97994
||KtYu|| = 12.2962
||rj|| = 13.1631
||yj|| = 0.815685
||rphi|| = 0.00251507
||rp|| = 0.0638058
||y|| = 429.097
   Pass :  1   Iteration : 148  || r || = 0.021776
||yp|| = 420.101
||xi|| = 381.676
||eta|| = 0.346275
||yp|| = 420.101
||yphi|| = 0.199419
||BtYp|| = 2.34701
||ru|| = 2.34864
||yu|| = 120.49
||GtYphi|| = 1.89392
||KtYu|| = 13.4367
||rj|| = 14.3413
||yj|| = 0.872988
||rphi|| = 0.0017426
||rp|| = 0.0669915
||y|| = 437.04
   Pass :  1   Iteration : 149  || r || = 0.0217727
||yp|| = 431.95
||xi|| = 392.442
||eta|| = 0.320942
||yp|| = 431.95
||yphi|| = 0.192433
||BtYp|| = 2.18841
||ru|| = 2.19015
||yu|| = 119.753
||GtYphi|| = 1.89662
||KtYu|| = 12.1673
||rj|| = 12.9999
||yj|| = 0.769036
||rphi|| = 0.00159462
||rp|| = 0.0655624
||y|| = 448.243
   Pass :  1   Iteration : 150  || r || = 0.0217691
||yp|| = 432.216
||xi|| = 392.667
||eta|| = 0.287615
||yp|| = 432.216
||yphi|| = 0.274648
||BtYp|| = 2.16622
||ru|| = 2.16688
||yu|| = 120.475
||GtYphi|| = 1.74109
||KtYu|| = 12.7677
||rj|| = 13.6142
||yj|| = 0.877866
||rphi|| = 0.00223637
||rp|| = 0.065347
||y|| = 448.693
   Pass :  1   Iteration : 151  || r || = 0.021755
||yp|| = 431.58
||xi|| = 392.099
||eta|| = 0.351045
||yp|| = 431.58
||yphi|| = 0.207903
||BtYp|| = 2.3115
||ru|| = 2.31305
||yu|| = 123.726
||GtYphi|| = 1.832
||KtYu|| = 13.6072
||rj|| = 14.4063
||yj|| = 0.892188
||rphi|| = 0.00178867
||rp|| = 0.0700908
||y|| = 448.965
   Pass :  1   Iteration : 152  || r || = 0.0217373
||yp|| = 449.43
||xi|| = 408.354
||eta|| = 0.284463
||yp|| = 449.43
||yphi|| = 0.259997
||BtYp|| = 2.52448
||ru|| = 2.52549
||yu|| = 125.381
||GtYphi|| = 1.91123
||KtYu|| = 12.5257
||rj|| = 13.3313
||yj|| = 0.82778
||rphi|| = 0.00204245
||rp|| = 0.0735035
||y|| = 466.592
   Pass :  1   Iteration : 153  || r || = 0.0216956
||yp|| = 429.806
||xi|| = 390.534
||eta|| = 0.291539
||yp|| = 429.806
||yphi|| = 0.267879
||BtYp|| = 2.52172
||ru|| = 2.52282
||yu|| = 125.486
||GtYphi|| = 1.95597
||KtYu|| = 13.0303
||rj|| = 13.9022
||yj|| = 0.854245
||rphi|| = 0.00222124
||rp|| = 0.0717658
||y|| = 447.75
   Pass :  1   Iteration : 154  || r || = 0.0215927
||yp|| = 540.327
||xi|| = 490.956
||eta|| = 0.333248
||yp|| = 540.327
||yphi|| = 0.332386
||BtYp|| = 3.15223
||ru|| = 3.15309
||yu|| = 152.465
||GtYphi|| = 1.9111
||KtYu|| = 13.0968
||rj|| = 13.9103
||yj|| = 0.833316
||rphi|| = 0.00243303
||rp|| = 0.0859561
||y|| = 561.426
   Pass :  1   Iteration : 155  || r || = 0.0214098
||yp|| = 492.957
||xi|| = 447.901
||eta|| = 0.26073
||yp|| = 492.957
||yphi|| = 0.396176
||BtYp|| = 2.91437
||ru|| = 2.91517
||yu|| = 148.5
||GtYphi|| = 1.91209
||KtYu|| = 13.216
||rj|| = 14.0356
||yj|| = 0.872948
||rphi|| = 0.00299647
||rp|| = 0.0825683
||y|| = 514.839
   Pass :  1   Iteration : 156  || r || = 0.0210498
||yp|| = 475.089
||xi|| = 431.668
||eta|| = 0.229933
||yp|| = 475.089
||yphi|| = 0.336577
||BtYp|| = 2.62801
||ru|| = 2.62921
||yu|| = 123.552
||GtYphi|| = 2.05893
||KtYu|| = 11.7347
||rj|| = 12.6359
||yj|| = 0.741178
||rphi|| = 0.00254071
||rp|| = 0.0706424
||y|| = 490.892
   Pass :  1   Iteration : 157  || r || = 0.0203584
||yp|| = 490.548
||xi|| = 445.746
||eta|| = 0.232489
||yp|| = 490.548
||yphi|| = 0.216702
||BtYp|| = 3.08843
||ru|| = 3.08951
||yu|| = 140.828
||GtYphi|| = 1.54875
||KtYu|| = 13.3083
||rj|| = 14.1196
||yj|| = 0.870028
||rphi|| = 0.00176399
||rp|| = 0.0816529
||y|| = 510.363
   Pass :  1   Iteration : 158  || r || = 0.0193151
||yp|| = 460.93
||xi|| = 418.815
||eta|| = 0.22681
||yp|| = 460.93
||yphi|| = 0.226792
||BtYp|| = 2.62388
||ru|| = 2.62505
||yu|| = 125.376
||GtYphi|| = 1.74829
||KtYu|| = 11.8195
||rj|| = 12.6188
||yj|| = 0.769509
||rphi|| = 0.00186066
||rp|| = 0.0704081
||y|| = 477.678
   Pass :  1   Iteration : 159  || r || = 0.0184118
||yp|| = 499.331
||xi|| = 453.72
||eta|| = 0.228622
||yp|| = 499.331
||yphi|| = 0.18411
||BtYp|| = 2.9949
||ru|| = 2.99558
||yu|| = 137.481
||GtYphi|| = 1.68447
||KtYu|| = 12.1839
||rj|| = 12.9978
||yj|| = 0.762023
||rphi|| = 0.00141609
||rp|| = 0.0762967
||y|| = 517.913
   Pass :  1   Iteration : 160  || r || = 0.0177191
||yp|| = 571.741
||xi|| = 519.554
||eta|| = 0.289419
||yp|| = 571.741
||yphi|| = 0.181668
||BtYp|| = 3.49668
||ru|| = 3.49752
||yu|| = 156.028
||GtYphi|| = 1.60525
||KtYu|| = 13.5313
||rj|| = 14.3345
||yj|| = 0.859385
||rphi|| = 0.00132469
||rp|| = 0.0878868
||y|| = 592.65
   Pass :  1   Iteration : 161  || r || = 0.0172785
||yp|| = 482.108
||xi|| = 438.043
||eta|| = 0.325697
||yp|| = 482.108
||yphi|| = 0.216531
||BtYp|| = 2.89132
||ru|| = 2.89214
||yu|| = 139.383
||GtYphi|| = 1.85589
||KtYu|| = 12.6124
||rj|| = 13.4481
||yj|| = 0.784406
||rphi|| = 0.00177572
||rp|| = 0.0792047
||y|| = 501.853
   Pass :  1   Iteration : 162  || r || = 0.0170204
||yp|| = 542.752
||xi|| = 493.186
||eta|| = 0.329871
||yp|| = 542.752
||yphi|| = 0.214605
||BtYp|| = 3.20739
||ru|| = 3.20873
||yu|| = 150.738
||GtYphi|| = 1.7905
||KtYu|| = 13.7155
||rj|| = 14.5046
||yj|| = 0.871516
||rphi|| = 0.00179228
||rp|| = 0.0844506
||y|| = 563.296
   Pass :  1   Iteration : 163  || r || = 0.0168743
||yp|| = 490.137
||xi|| = 445.386
||eta|| = 0.251842
||yp|| = 490.137
||yphi|| = 0.1897
||BtYp|| = 3.05523
||ru|| = 3.05643
||yu|| = 139.731
||GtYphi|| = 1.71704
||KtYu|| = 12.6485
||rj|| = 13.4691
||yj|| = 0.828191
||rphi|| = 0.00150247
||rp|| = 0.0792491
||y|| = 509.666
   Pass :  1   Iteration : 164  || r || = 0.0167561
||yp|| = 509.872
||xi|| = 463.299
||eta|| = 0.267583
||yp|| = 509.872
||yphi|| = 0.173292
||BtYp|| = 3.0295
||ru|| = 3.03017
||yu|| = 136.409
||GtYphi|| = 1.57564
||KtYu|| = 12.2208
||rj|| = 13.0213
||yj|| = 0.765488
||rphi|| = 0.00129946
||rp|| = 0.0785178
||y|| = 527.804
   Pass :  1   Iteration : 165  || r || = 0.0166818
||yp|| = 514.973
||xi|| = 467.942
||eta|| = 0.297574
||yp|| = 514.973
||yphi|| = 0.224048
||BtYp|| = 3.22295
||ru|| = 3.22407
||yu|| = 147.144
||GtYphi|| = 1.88976
||KtYu|| = 12.9513
||rj|| = 13.7442
||yj|| = 0.786823
||rphi|| = 0.00174757
||rp|| = 0.0836642
||y|| = 535.583
   Pass :  1   Iteration : 166  || r || = 0.0166515
||yp|| = 528.541
||xi|| = 480.243
||eta|| = 0.293071
||yp|| = 528.541
||yphi|| = 0.215762
||BtYp|| = 3.07657
||ru|| = 3.07779
||yu|| = 147.984
||GtYphi|| = 1.7186
||KtYu|| = 13.0852
||rj|| = 13.9512
||yj|| = 0.817689
||rphi|| = 0.00196017
||rp|| = 0.0830901
||y|| = 548.867
   Pass :  1   Iteration : 167  || r || = 0.0166416
||yp|| = 604.196
||xi|| = 549.009
||eta|| = 0.278506
||yp|| = 604.196
||yphi|| = 0.171221
||BtYp|| = 3.81901
||ru|| = 3.81928
||yu|| = 173.594
||GtYphi|| = 1.82069
||KtYu|| = 13.2422
||rj|| = 14.0007
||yj|| = 0.774808
||rphi|| = 0.00131548
||rp|| = 0.0971942
||y|| = 628.64
   Pass :  1   Iteration : 168  || r || = 0.0166399
||yp|| = 522.087
||xi|| = 474.407
||eta|| = 0.316726
||yp|| = 522.087
||yphi|| = 0.321639
||BtYp|| = 3.12976
||ru|| = 3.13063
||yu|| = 147.479
||GtYphi|| = 2.02943
||KtYu|| = 13.1095
||rj|| = 13.9787
||yj|| = 0.824013
||rphi|| = 0.00257783
||rp|| = 0.0845932
||y|| = 542.518
   Pass :  1   Iteration : 169  || r || = 0.0166399
||yp|| = 476.385
||xi|| = 432.841
||eta|| = 0.326174
||yp|| = 476.385
||yphi|| = 0.308996
||BtYp|| = 2.83356
||ru|| = 2.83505
||yu|| = 134.901
||GtYphi|| = 1.68973
||KtYu|| = 13.4736
||rj|| = 14.3627
||yj|| = 0.883527
||rphi|| = 0.00231176
||rp|| = 0.0770874
||y|| = 495.118
   Pass :  1   Iteration : 170  || r || = 0.0166395
||yp|| = 470.901
||xi|| = 427.889
||eta|| = 0.389452
||yp|| = 470.901
||yphi|| = 0.414875
||BtYp|| = 2.82153
||ru|| = 2.82209
||yu|| = 135.221
||GtYphi|| = 2.24841
||KtYu|| = 12.2602
||rj|| = 13.0069
||yj|| = 0.73131
||rphi|| = 0.00328671
||rp|| = 0.0757925
||y|| = 489.932
   Pass :  1   Iteration : 171  || r || = 0.0166361
||yp|| = 465.107
||xi|| = 422.583
||eta|| = 0.283046
||yp|| = 465.107
||yphi|| = 0.374907
||BtYp|| = 2.69119
||ru|| = 2.69246
||yu|| = 128.989
||GtYphi|| = 2.01372
||KtYu|| = 13.9891
||rj|| = 14.9086
||yj|| = 0.893043
||rphi|| = 0.0034529
||rp|| = 0.0710557
||y|| = 482.663
   Pass :  1   Iteration : 172  || r || = 0.0166236
||yp|| = 464.015
||xi|| = 421.603
||eta|| = 0.280353
||yp|| = 464.015
||yphi|| = 0.197315
||BtYp|| = 2.69734
||ru|| = 2.6986
||yu|| = 131.342
||GtYphi|| = 1.9412
||KtYu|| = 12.851
||rj|| = 13.6366
||yj|| = 0.78054
||rphi|| = 0.00155951
||rp|| = 0.0734053
||y|| = 482.246
   Pass :  1   Iteration : 173  || r || = 0.0165985
||yp|| = 453.383
||xi|| = 411.925
||eta|| = 0.304003
||yp|| = 453.383
||yphi|| = 0.30143
||BtYp|| = 2.5386
||ru|| = 2.53958
||yu|| = 117.749
||GtYphi|| = 2.0734
||KtYu|| = 12.4651
||rj|| = 13.3248
||yj|| = 0.801444
||rphi|| = 0.00270214
||rp|| = 0.0656548
||y|| = 468.425
   Pass :  1   Iteration : 174  || r || = 0.0165491
||yp|| = 372.574
||xi|| = 338.471
||eta|| = 0.259031
||yp|| = 372.574
||yphi|| = 0.254225
||BtYp|| = 1.89341
||ru|| = 1.8955
||yu|| = 103.05
||GtYphi|| = 1.84394
||KtYu|| = 13.3617
||rj|| = 14.2049
||yj|| = 0.890709
||rphi|| = 0.00201756
||rp|| = 0.0550563
||y|| = 386.564
   Pass :  1   Iteration : 175  || r || = 0.0164382
||yp|| = 429.118
||xi|| = 389.857
||eta|| = 0.32417
||yp|| = 429.118
||yphi|| = 0.263195
||BtYp|| = 2.48366
||ru|| = 2.48521
||yu|| = 127.002
||GtYphi|| = 2.11707
||KtYu|| = 12.1992
||rj|| = 13.0017
||yj|| = 0.80684
||rphi|| = 0.00227841
||rp|| = 0.070894
||y|| = 447.518
   Pass :  1   Iteration : 176  || r || = 0.0162879
||yp|| = 411.809
||xi|| = 374.107
||eta|| = 0.302031
||yp|| = 411.809
||yphi|| = 0.366402
||BtYp|| = 2.13917
||ru|| = 2.14064
||yu|| = 118.043
||GtYphi|| = 2.04244
||KtYu|| = 13.1444
||rj|| = 14.0206
||yj|| = 0.873533
||rphi|| = 0.00337111
||rp|| = 0.0633913
||y|| = 428.395
   Pass :  1   Iteration : 177  || r || = 0.0159235
||yp|| = 433.37
||xi|| = 393.768
||eta|| = 0.284152
||yp|| = 433.37
||yphi|| = 0.184186
||BtYp|| = 2.28234
||ru|| = 2.28359
||yu|| = 114.605
||GtYphi|| = 1.63984
||KtYu|| = 13.5528
||rj|| = 14.3544
||yj|| = 0.868467
||rphi|| = 0.00145143
||rp|| = 0.0614637
||y|| = 448.269
   Pass :  1   Iteration : 178  || r || = 0.0150204
||yp|| = 407.912
||xi|| = 370.557
||eta|| = 0.37844
||yp|| = 407.912
||yphi|| = 0.183236
||BtYp|| = 2.29316
||ru|| = 2.29408
||yu|| = 127.392
||GtYphi|| = 1.80499
||KtYu|| = 13.0321
||rj|| = 13.8137
||yj|| = 0.817935
||rphi|| = 0.00159718
||rp|| = 0.0688737
||y|| = 427.342
   Pass :  1   Iteration : 179  || r || = 0.0141528
||yp|| = 424.75
||xi|| = 385.897
||eta|| = 0.295585
||yp|| = 424.75
||yphi|| = 0.226735
||BtYp|| = 2.29671
||ru|| = 2.29819
||yu|| = 125.303
||GtYphi|| = 1.73088
||KtYu|| = 13.1704
||rj|| = 13.9432
||yj|| = 0.855359
||rphi|| = 0.00180775
||rp|| = 0.068197
||y|| = 442.848
   Pass :  1   Iteration : 180  || r || = 0.0135603
||yp|| = 441.131
||xi|| = 400.779
||eta|| = 0.332909
||yp|| = 441.131
||yphi|| = 0.248267
||BtYp|| = 2.66202
||ru|| = 2.66346
||yu|| = 125.154
||GtYphi|| = 1.86888
||KtYu|| = 12.5447
||rj|| = 13.4068
||yj|| = 0.804981
||rphi|| = 0.0021811
||rp|| = 0.070559
||y|| = 458.542
   Pass :  1   Iteration : 181  || r || = 0.0130497
||yp|| = 423.935
||xi|| = 385.202
||eta|| = 0.312884
||yp|| = 423.935
||yphi|| = 0.411871
||BtYp|| = 2.48418
||ru|| = 2.4847
||yu|| = 119.539
||GtYphi|| = 2.04027
||KtYu|| = 11.4185
||rj|| = 12.1698
||yj|| = 0.713363
||rphi|| = 0.00345842
||rp|| = 0.0714703
||y|| = 440.467
   Pass :  1   Iteration : 182  || r || = 0.0128207
||yp|| = 453.917
||xi|| = 412.389
||eta|| = 0.291705
||yp|| = 453.917
||yphi|| = 0.391834
||BtYp|| = 2.67855
||ru|| = 2.68019
||yu|| = 139.786
||GtYphi|| = 1.8005
||KtYu|| = 14.1537
||rj|| = 15.0151
||yj|| = 0.935088
||rphi|| = 0.00306704
||rp|| = 0.0789799
||y|| = 474.955
   Pass :  1   Iteration : 183  || r || = 0.012725
||yp|| = 449.879
||xi|| = 408.661
||eta|| = 0.467436
||yp|| = 449.879
||yphi|| = 0.206782
||BtYp|| = 2.35896
||ru|| = 2.35996
||yu|| = 131.81
||GtYphi|| = 1.79783
||KtYu|| = 12.5937
||rj|| = 13.4114
||yj|| = 0.776175
||rphi|| = 0.00151656
||rp|| = 0.0714116
||y|| = 468.791
   Pass :  1   Iteration : 184  || r || = 0.0126847
||yp|| = 495.873
||xi|| = 450.521
||eta|| = 0.432604
||yp|| = 495.873
||yphi|| = 0.325333
||BtYp|| = 2.90038
||ru|| = 2.90126
||yu|| = 145.968
||GtYphi|| = 2.03721
||KtYu|| = 13.1994
||rj|| = 13.9668
||yj|| = 0.847239
||rphi|| = 0.00249122
||rp|| = 0.0818657
||y|| = 516.911
   Pass :  1   Iteration : 185  || r || = 0.0126653
||yp|| = 479.579
||xi|| = 435.76
||eta|| = 0.313782
||yp|| = 479.579
||yphi|| = 0.253462
||BtYp|| = 3.09965
||ru|| = 3.10148
||yu|| = 138.087
||GtYphi|| = 1.77225
||KtYu|| = 13.8231
||rj|| = 14.6848
||yj|| = 0.940942
||rphi|| = 0.00243002
||rp|| = 0.0860193
||y|| = 499.064
   Pass :  1   Iteration : 186  || r || = 0.0126556
||yp|| = 449.511
||xi|| = 408.421
||eta|| = 0.296593
||yp|| = 449.511
||yphi|| = 0.315136
||BtYp|| = 2.71752
||ru|| = 2.71814
||yu|| = 128.233
||GtYphi|| = 2.22132
||KtYu|| = 10.999
||rj|| = 11.824
||yj|| = 0.645745
||rphi|| = 0.00309486
||rp|| = 0.0777399
||y|| = 467.445
   Pass :  1   Iteration : 187  || r || = 0.0126505
||yp|| = 538.818
||xi|| = 489.581
||eta|| = 0.266108
||yp|| = 538.818
||yphi|| = 0.291566
||BtYp|| = 3.33051
||ru|| = 3.33155
||yu|| = 153.774
||GtYphi|| = 1.81544
||KtYu|| = 13.6939
||rj|| = 14.5474
||yj|| = 0.866156
||rphi|| = 0.00255141
||rp|| = 0.092148
||y|| = 560.332
   Pass :  1   Iteration : 188  || r || = 0.0126474
||yp|| = 502.98
||xi|| = 456.975
||eta|| = 0.310421
||yp|| = 502.98
||yphi|| = 0.295982
||BtYp|| = 2.85242
||ru|| = 2.85334
||yu|| = 148.157
||GtYphi|| = 2.01786
||KtYu|| = 13.1062
||rj|| = 13.9373
||yj|| = 0.803604
||rphi|| = 0.00252467
||rp|| = 0.0831393
||y|| = 524.347
   Pass :  1   Iteration : 189  || r || = 0.0126447
||yp|| = 489.087
||xi|| = 444.412
||eta|| = 0.270418
||yp|| = 489.087
||yphi|| = 0.269197
||BtYp|| = 2.86485
||ru|| = 2.86543
||yu|| = 133.686
||GtYphi|| = 2.02111
||KtYu|| = 12.9535
||rj|| = 13.7999
||yj|| = 0.735936
||rphi|| = 0.00211261
||rp|| = 0.0757152
||y|| = 507.029
   Pass :  1   Iteration : 190  || r || = 0.0126435
||yp|| = 438.082
||xi|| = 398.038
||eta|| = 0.241367
||yp|| = 438.082
||yphi|| = 0.275369
||BtYp|| = 2.66119
||ru|| = 2.66295
||yu|| = 122.318
||GtYphi|| = 1.68618
||KtYu|| = 12.818
||rj|| = 13.6062
||yj|| = 0.854558
||rphi|| = 0.00232194
||rp|| = 0.0695103
||y|| = 454.839
   Pass :  1   Iteration : 191  || r || = 0.0126426
||yp|| = 452.8
||xi|| = 411.402
||eta|| = 0.308263
||yp|| = 452.8
||yphi|| = 0.279131
||BtYp|| = 2.56191
||ru|| = 2.56242
||yu|| = 120.055
||GtYphi|| = 2.07739
||KtYu|| = 12.293
||rj|| = 13.1853
||yj|| = 0.764584
||rphi|| = 0.00232223
||rp|| = 0.0666475
||y|| = 468.446
   Pass :  1   Iteration : 192  || r || = 0.0126385
||yp|| = 487.41
||xi|| = 442.791
||eta|| = 0.41053
||yp|| = 487.41
||yphi|| = 0.201353
||BtYp|| = 2.76363
||ru|| = 2.76475
||yu|| = 142.546
||GtYphi|| = 1.93989
||KtYu|| = 13.3992
||rj|| = 14.2879
||yj|| = 0.842662
||rphi|| = 0.00181789
||rp|| = 0.0755355
||y|| = 507.828
   Pass :  1   Iteration : 193  || r || = 0.0126278
||yp|| = 460.554
||xi|| = 418.446
||eta|| = 0.363238
||yp|| = 460.554
||yphi|| = 0.442595
||BtYp|| = 2.38767
||ru|| = 2.389
||yu|| = 123.192
||GtYphi|| = 2.27504
||KtYu|| = 13.7968
||rj|| = 14.6443
||yj|| = 0.885269
||rphi|| = 0.00382814
||rp|| = 0.0652315
||y|| = 476.747
   Pass :  1   Iteration : 194  || r || = 0.0126055
||yp|| = 468.153
||xi|| = 425.342
||eta|| = 0.325217
||yp|| = 468.153
||yphi|| = 0.206525
||BtYp|| = 2.67083
||ru|| = 2.67079
||yu|| = 132.794
||GtYphi|| = 1.77874
||KtYu|| = 13.2731
||rj|| = 14.0838
||yj|| = 0.840587
||rphi|| = 0.00180598
||rp|| = 0.0744336
||y|| = 486.624
   Pass :  1   Iteration : 195  || r || = 0.0125542
||yp|| = 445.298
||xi|| = 404.519
||eta|| = 0.390051
||yp|| = 445.298
||yphi|| = 0.179449
||BtYp|| = 2.59207
||ru|| = 2.59364
||yu|| = 130.125
||GtYphi|| = 1.92291
||KtYu|| = 12.6365
||rj|| = 13.4543
||yj|| = 0.806994
||rphi|| = 0.00150293
||rp|| = 0.0730798
||y|| = 463.921
   Pass :  1   Iteration : 196  || r || = 0.0124665
||yp|| = 456.488
||xi|| = 414.739
||eta|| = 0.381982
||yp|| = 456.488
||yphi|| = 0.234874
||BtYp|| = 2.6658
||ru|| = 2.66675
||yu|| = 130.61
||GtYphi|| = 1.89974
||KtYu|| = 13.0776
||rj|| = 13.8939
||yj|| = 0.836707
||rphi|| = 0.00194116
||rp|| = 0.0744992
||y|| = 474.806
   Pass :  1   Iteration : 197  || r || = 0.0122819
||yp|| = 523.878
||xi|| = 476.005
||eta|| = 0.295362
||yp|| = 523.878
||yphi|| = 0.29819
||BtYp|| = 3.00564
||ru|| = 3.00647
||yu|| = 141.613
||GtYphi|| = 1.90871
||KtYu|| = 13.4907
||rj|| = 14.3372
||yj|| = 0.820509
||rphi|| = 0.00231595
||rp|| = 0.0795552
||y|| = 542.682
   Pass :  1   Iteration : 198  || r || = 0.0118144
||yp|| = 466.793
||xi|| = 424.147
||eta|| = 0.246033
||yp|| = 466.793
||yphi|| = 0.32679
||BtYp|| = 2.91779
||ru|| = 2.91902
||yu|| = 133.627
||GtYphi|| = 2.08791
||KtYu|| = 12.4188
||rj|| = 13.2622
||yj|| = 0.791971
||rphi|| = 0.00292334
||rp|| = 0.08017
||y|| = 485.544
   Pass :  1   Iteration : 199  || r || = 0.0112119
||yp|| = 465.346
||xi|| = 422.771
||eta|| = 0.302765
||yp|| = 465.346
||yphi|| = 0.250496
||BtYp|| = 2.693
||ru|| = 2.69356
||yu|| = 145.001
||GtYphi|| = 1.58531
||KtYu|| = 12.9222
||rj|| = 13.6798
||yj|| = 0.853372
||rphi|| = 0.00210279
||rp|| = 0.083531
||y|| = 487.415
   Pass :  1   Iteration : 200  || r || = 0.0106514
||yp|| = 494.895
||xi|| = 449.631
||eta|| = 0.281834
||yp|| = 494.895
||yphi|| = 0.237515
||BtYp|| = 2.71169
||ru|| = 2.71296
||yu|| = 137.212
||GtYphi|| = 1.91705
||KtYu|| = 11.9527
||rj|| = 12.7658
||yj|| = 0.754188
||rphi|| = 0.00205017
||rp|| = 0.078221
||y|| = 513.565
   Pass :  1   Iteration : 201  || r || = 0.0102922
||yp|| = 464.838
||xi|| = 422.318
||eta|| = 0.336783
||yp|| = 464.838
||yphi|| = 0.218957
||BtYp|| = 2.69786
||ru|| = 2.69902
||yu|| = 138.254
||GtYphi|| = 1.73975
||KtYu|| = 13.4441
||rj|| = 14.2849
||yj|| = 0.890962
||rphi|| = 0.00182593
||rp|| = 0.0815278
||y|| = 484.964
   Pass :  1   Iteration : 202  || r || = 0.00997893
||yp|| = 516.334
||xi|| = 469.162
||eta|| = 0.26336
||yp|| = 516.334
||yphi|| = 0.199987
||BtYp|| = 3.15646
||ru|| = 3.15649
||yu|| = 148.045
||GtYphi|| = 1.55433
||KtYu|| = 12.7133
||rj|| = 13.5037
||yj|| = 0.778718
||rphi|| = 0.0015385
||rp|| = 0.0883656
||y|| = 537.14
   Pass :  1   Iteration : 203  || r || = 0.00977929
||yp|| = 506.138
||xi|| = 459.897
||eta|| = 0.258187
||yp|| = 506.138
||yphi|| = 0.221669
||BtYp|| = 3.21001
||ru|| = 3.21085
||yu|| = 144.735
||GtYphi|| = 1.76533
||KtYu|| = 11.6732
||rj|| = 12.4437
||yj|| = 0.725203
||rphi|| = 0.00170269
||rp|| = 0.0867463
||y|| = 526.426
   Pass :  1   Iteration : 204  || r || = 0.0097282
||yp|| = 455.207
||xi|| = 413.477
||eta|| = 0.361625
||yp|| = 455.207
||yphi|| = 0.155793
||BtYp|| = 2.63286
||ru|| = 2.63422
||yu|| = 152.066
||GtYphi|| = 1.62008
||KtYu|| = 13.7282
||rj|| = 14.5948
||yj|| = 0.95473
||rphi|| = 0.00121786
||rp|| = 0.0861643
||y|| = 479.936
   Pass :  1   Iteration : 205  || r || = 0.00970924
||yp|| = 435.476
||xi|| = 395.609
||eta|| = 0.289738
||yp|| = 435.476
||yphi|| = 0.205998
||BtYp|| = 2.38051
||ru|| = 2.38169
||yu|| = 129.573
||GtYphi|| = 2.16204
||KtYu|| = 12.3243
||rj|| = 13.2373
||yj|| = 0.803171
||rphi|| = 0.00159371
||rp|| = 0.0749516
||y|| = 454.345
   Pass :  1   Iteration : 206  || r || = 0.00969944
||yp|| = 407.29
||xi|| = 370.004
||eta|| = 0.345084
||yp|| = 407.29
||yphi|| = 0.161701
||BtYp|| = 2.30252
||ru|| = 2.30354
||yu|| = 123.207
||GtYphi|| = 1.69192
||KtYu|| = 12.082
||rj|| = 12.8524
||yj|| = 0.783221
||rphi|| = 0.00150149
||rp|| = 0.0707058
||y|| = 425.518
   Pass :  1   Iteration : 207  || r || = 0.00969549
||yp|| = 436.985
||xi|| = 397.003
||eta|| = 0.299227
||yp|| = 436.985
||yphi|| = 0.205764
||BtYp|| = 2.62786
||ru|| = 2.62895
||yu|| = 135.299
||GtYphi|| = 1.67351
||KtYu|| = 13.577
||rj|| = 14.4122
||yj|| = 0.910343
||rphi|| = 0.00167285
||rp|| = 0.0787957
||y|| = 457.453
   Pass :  1   Iteration : 208  || r || = 0.00969219
||yp|| = 482.437
||xi|| = 438.334
||eta|| = 0.326066
||yp|| = 482.437
||yphi|| = 0.214847
||BtYp|| = 2.87064
||ru|| = 2.87173
||yu|| = 134.386
||GtYphi|| = 2.04439
||KtYu|| = 11.5592
||rj|| = 12.3414
||yj|| = 0.732943
||rphi|| = 0.00179393
||rp|| = 0.0776506
||y|| = 500.805
   Pass :  1   Iteration : 209  || r || = 0.00968854
||yp|| = 505.644
||xi|| = 459.42
||eta|| = 0.350256
||yp|| = 505.644
||yphi|| = 0.329645
||BtYp|| = 2.94768
||ru|| = 2.94868
||yu|| = 143.208
||GtYphi|| = 2.15214
||KtYu|| = 13.8595
||rj|| = 14.7943
||yj|| = 0.876472
||rphi|| = 0.00239129
||rp|| = 0.082662
||y|| = 525.533
   Pass :  1   Iteration : 210  || r || = 0.00968228
||yp|| = 490.952
||xi|| = 446.054
||eta|| = 0.36185
||yp|| = 490.952
||yphi|| = 0.239043
||BtYp|| = 2.79783
||ru|| = 2.79969
||yu|| = 137.583
||GtYphi|| = 2.16198
||KtYu|| = 13.2269
||rj|| = 14.0674
||yj|| = 0.83266
||rphi|| = 0.00205507
||rp|| = 0.0759146
||y|| = 509.866
   Pass :  1   Iteration : 211  || r || = 0.0096744
||yp|| = 517.641
||xi|| = 470.33
||eta|| = 0.332432
||yp|| = 517.641
||yphi|| = 0.231418
||BtYp|| = 3.08331
||ru|| = 3.08469
||yu|| = 142.4
||GtYphi|| = 2.11593
||KtYu|| = 12.2158
||rj|| = 13.035
||yj|| = 0.756591
||rphi|| = 0.0020188
||rp|| = 0.0800996
||y|| = 536.871
   Pass :  1   Iteration : 212  || r || = 0.00966484
||yp|| = 543.681
||xi|| = 493.996
||eta|| = 0.374374
||yp|| = 543.681
||yphi|| = 0.22867
||BtYp|| = 3.11448
||ru|| = 3.11637
||yu|| = 157.087
||GtYphi|| = 1.7744
||KtYu|| = 14.8403
||rj|| = 15.6671
||yj|| = 0.947769
||rphi|| = 0.00174443
||rp|| = 0.0821731
||y|| = 565.921
   Pass :  1   Iteration : 213  || r || = 0.00964802
||yp|| = 454.334
||xi|| = 412.829
||eta|| = 0.299113
||yp|| = 454.334
||yphi|| = 0.257231
||BtYp|| = 2.94633
||ru|| = 2.94795
||yu|| = 130.135
||GtYphi|| = 2.04796
||KtYu|| = 13.2643
||rj|| = 14.0513
||yj|| = 0.841188
||rphi|| = 0.00195301
||rp|| = 0.0780836
||y|| = 472.605
   Pass :  1   Iteration : 214  || r || = 0.00961427
||yp|| = 493.112
||xi|| = 448.018
||eta|| = 0.294407
||yp|| = 493.112
||yphi|| = 0.238668
||BtYp|| = 2.70885
||ru|| = 2.70962
||yu|| = 135.219
||GtYphi|| = 1.88011
||KtYu|| = 12.7374
||rj|| = 13.569
||yj|| = 0.774839
||rphi|| = 0.00181074
||rp|| = 0.0735431
||y|| = 511.316
   Pass :  1   Iteration : 215  || r || = 0.00955932
||yp|| = 550.186
||xi|| = 499.925
||eta|| = 0.315102
||yp|| = 550.186
||yphi|| = 0.176726
||BtYp|| = 3.49393
||ru|| = 3.49439
||yu|| = 150.38
||GtYphi|| = 1.72745
||KtYu|| = 13.8812
||rj|| = 14.7191
||yj|| = 0.876265
||rphi|| = 0.00139981
||rp|| = 0.0877138
||y|| = 570.368
   Pass :  1   Iteration : 216  || r || = 0.00941564
||yp|| = 477.305
||xi|| = 433.636
||eta|| = 0.306193
||yp|| = 477.305
||yphi|| = 0.307439
||BtYp|| = 2.45723
||ru|| = 2.45897
||yu|| = 129.361
||GtYphi|| = 1.99162
||KtYu|| = 12.9031
||rj|| = 13.7623
||yj|| = 0.814249
||rphi|| = 0.0025833
||rp|| = 0.0707749
||y|| = 494.525
   Pass :  1   Iteration : 217  || r || = 0.00910862
||yp|| = 518.265
||xi|| = 470.81
||eta|| = 0.332647
||yp|| = 518.265
||yphi|| = 0.187537
||BtYp|| = 2.84243
||ru|| = 2.84311
||yu|| = 156.359
||GtYphi|| = 1.76922
||KtYu|| = 13.1469
||rj|| = 14.026
||yj|| = 0.857024
||rphi|| = 0.00142553
||rp|| = 0.0848462
||y|| = 541.338
   Pass :  1   Iteration : 218  || r || = 0.00853774
||yp|| = 507.093
||xi|| = 460.725
||eta|| = 0.329719
||yp|| = 507.093
||yphi|| = 0.158304
||BtYp|| = 2.98911
||ru|| = 2.99067
||yu|| = 146.807
||GtYphi|| = 1.48868
||KtYu|| = 12.9356
||rj|| = 13.6809
||yj|| = 0.832841
||rphi|| = 0.00136072
||rp|| = 0.0842457
||y|| = 527.917
   Pass :  1   Iteration : 219  || r || = 0.00804416
||yp|| = 474.531
||xi|| = 431.124
||eta|| = 0.300783
||yp|| = 474.531
||yphi|| = 0.227474
||BtYp|| = 2.56454
||ru|| = 2.56549
||yu|| = 136.458
||GtYphi|| = 1.85026
||KtYu|| = 13.2584
||rj|| = 14.0996
||yj|| = 0.804775
||rphi|| = 0.00191797
||rp|| = 0.0742284
||y|| = 493.762
   Pass :  1   Iteration : 220  || r || = 0.00761409
||yp|| = 473.027
||xi|| = 429.769
||eta|| = 0.380575
||yp|| = 473.027
||yphi|| = 0.2004
||BtYp|| = 2.76933
||ru|| = 2.77034
||yu|| = 137.306
||GtYphi|| = 1.79769
||KtYu|| = 12.3231
||rj|| = 13.1444
||yj|| = 0.762333
||rphi|| = 0.00184004
||rp|| = 0.0800333
||y|| = 492.553
   Pass :  1   Iteration : 221  || r || = 0.00731057
||yp|| = 493.186
||xi|| = 448.082
||eta|| = 0.420173
||yp|| = 493.186
||yphi|| = 0.220608
||BtYp|| = 2.82113
||ru|| = 2.82207
||yu|| = 140.875
||GtYphi|| = 1.86478
||KtYu|| = 12.6349
||rj|| = 13.4813
||yj|| = 0.810759
||rphi|| = 0.00198129
||rp|| = 0.0835456
||y|| = 512.913
   Pass :  1   Iteration : 222  || r || = 0.00718271
||yp|| = 487.114
||xi|| = 442.53
||eta|| = 0.337777
||yp|| = 487.114
||yphi|| = 0.302326
||BtYp|| = 2.77745
||ru|| = 2.77841
||yu|| = 149.453
||GtYphi|| = 2.10373
||KtYu|| = 13.1177
||rj|| = 13.9849
||yj|| = 0.806634
||rphi|| = 0.00265429
||rp|| = 0.0855592
||y|| = 509.526
   Pass :  1   Iteration : 223  || r || = 0.00711588
||yp|| = 455.547
||xi|| = 413.857
||eta|| = 0.401849
||yp|| = 455.547
||yphi|| = 0.348037
||BtYp|| = 2.51711
||ru|| = 2.51872
||yu|| = 136.35
||GtYphi|| = 2.14541
||KtYu|| = 12.5271
||rj|| = 13.3907
||yj|| = 0.813936
||rphi|| = 0.00300464
||rp|| = 0.0783767
||y|| = 475.516
   Pass :  1   Iteration : 224  || r || = 0.00707885
||yp|| = 445.543
||xi|| = 404.743
||eta|| = 0.438127
||yp|| = 445.543
||yphi|| = 0.265367
||BtYp|| = 2.50168
||ru|| = 2.50334
||yu|| = 133.821
||GtYphi|| = 1.88484
||KtYu|| = 13.8027
||rj|| = 14.5985
||yj|| = 0.922219
||rphi|| = 0.00230142
||rp|| = 0.073995
||y|| = 465.207
   Pass :  1   Iteration : 225  || r || = 0.00705676
||yp|| = 598.121
||xi|| = 543.473
||eta|| = 0.353779
||yp|| = 598.121
||yphi|| = 0.263649
||BtYp|| = 3.74888
||ru|| = 3.74945
||yu|| = 171.212
||GtYphi|| = 1.91066
||KtYu|| = 13.2006
||rj|| = 13.9513
||yj|| = 0.827729
||rphi|| = 0.00207773
||rp|| = 0.0993934
||y|| = 622.144
   Pass :  1   Iteration : 226  || r || = 0.00704643
||yp|| = 499.542
||xi|| = 453.875
||eta|| = 0.291755
||yp|| = 499.542
||yphi|| = 0.203808
||BtYp|| = 2.94313
||ru|| = 2.94397
||yu|| = 147.608
||GtYphi|| = 1.83647
||KtYu|| = 14.2627
||rj|| = 15.0823
||yj|| = 0.916057
||rphi|| = 0.00168691
||rp|| = 0.0828569
||y|| = 520.894
   Pass :  1   Iteration : 227  || r || = 0.00703987
||yp|| = 474.774
||xi|| = 431.367
||eta|| = 0.292778
||yp|| = 474.774
||yphi|| = 0.261622
||BtYp|| = 2.8971
||ru|| = 2.89768
||yu|| = 140.373
||GtYphi|| = 1.85201
||KtYu|| = 13.0562
||rj|| = 13.8357
||yj|| = 0.875018
||rphi|| = 0.00204503
||rp|| = 0.0815374
||y|| = 495.091
   Pass :  1   Iteration : 228  || r || = 0.00703617
||yp|| = 439.014
||xi|| = 398.817
||eta|| = 0.377474
||yp|| = 439.014
||yphi|| = 0.338179
||BtYp|| = 2.28779
||ru|| = 2.28945
||yu|| = 119.857
||GtYphi|| = 2.2863
||KtYu|| = 12.5923
||rj|| = 13.4464
||yj|| = 0.801844
||rphi|| = 0.00259103
||rp|| = 0.0648503
||y|| = 455.082
   Pass :  1   Iteration : 229  || r || = 0.00703438
||yp|| = 450.028
||xi|| = 408.844
||eta|| = 0.329741
||yp|| = 450.028
||yphi|| = 0.191897
||BtYp|| = 2.62972
||ru|| = 2.63127
||yu|| = 129.922
||GtYphi|| = 1.79632
||KtYu|| = 14.0551
||rj|| = 14.9647
||yj|| = 0.951035
||rphi|| = 0.00150279
||rp|| = 0.073896
||y|| = 468.408
   Pass :  1   Iteration : 230  || r || = 0.00703166
||yp|| = 413.037
||xi|| = 375.208
||eta|| = 0.393883
||yp|| = 413.037
||yphi|| = 0.205795
||BtYp|| = 2.20828
||ru|| = 2.21055
||yu|| = 112.505
||GtYphi|| = 1.9971
||KtYu|| = 12.5792
||rj|| = 13.3932
||yj|| = 0.794454
||rphi|| = 0.00179799
||rp|| = 0.0610213
||y|| = 428.086
   Pass :  1   Iteration : 231  || r || = 0.00703086
||yp|| = 433.926
||xi|| = 394.252
||eta|| = 0.384394
||yp|| = 433.926
||yphi|| = 0.277472
||BtYp|| = 2.34089
||ru|| = 2.34108
||yu|| = 115.65
||GtYphi|| = 1.99221
||KtYu|| = 12.1605
||rj|| = 12.9439
||yj|| = 0.758529
||rphi|| = 0.00258591
||rp|| = 0.0631652
||y|| = 449.074
   Pass :  1   Iteration : 232  || r || = 0.00702889
||yp|| = 511.977
||xi|| = 465.152
||eta|| = 0.281172
||yp|| = 511.977
||yphi|| = 0.213483
||BtYp|| = 3.01678
||ru|| = 3.01895
||yu|| = 144.949
||GtYphi|| = 1.68048
||KtYu|| = 14.9428
||rj|| = 15.8359
||yj|| = 0.989837
||rphi|| = 0.00176812
||rp|| = 0.0782898
||y|| = 532.101
   Pass :  1   Iteration : 233  || r || = 0.00700682
||yp|| = 451.573
||xi|| = 410.259
||eta|| = 0.405035
||yp|| = 451.573
||yphi|| = 0.194437
||BtYp|| = 2.30532
||ru|| = 2.3065
||yu|| = 119.55
||GtYphi|| = 1.92274
||KtYu|| = 12.7301
||rj|| = 13.5355
||yj|| = 0.773661
||rphi|| = 0.00155229
||rp|| = 0.0646726
||y|| = 467.131
   Pass :  1   Iteration : 234  || r || = 0.00695332
||yp|| = 478.381
||xi|| = 434.628
||eta|| = 0.365343
||yp|| = 478.381
||yphi|| = 0.201363
||BtYp|| = 2.83764
||ru|| = 2.84025
||yu|| = 135.952
||GtYphi|| = 1.87782
||KtYu|| = 13.3856
||rj|| = 14.2371
||yj|| = 0.848358
||rphi|| = 0.00158942
||rp|| = 0.0737826
||y|| = 497.325
   Pass :  1   Iteration : 235  || r || = 0.00685849
||yp|| = 472.041
||xi|| = 428.883
||eta|| = 0.282978
||yp|| = 472.041
||yphi|| = 0.23176
||BtYp|| = 2.50238
||ru|| = 2.50321
||yu|| = 119.984
||GtYphi|| = 1.85313
||KtYu|| = 13.4515
||rj|| = 14.3181
||yj|| = 0.899196
||rphi|| = 0.00183868
||rp|| = 0.0653891
||y|| = 487.052
   Pass :  1   Iteration : 236  || r || = 0.00661687
||yp|| = 447.707
||xi|| = 406.759
||eta|| = 0.275331
||yp|| = 447.707
||yphi|| = 0.207834
||BtYp|| = 2.22067
||ru|| = 2.22221
||yu|| = 112.866
||GtYphi|| = 1.98452
||KtYu|| = 12.5069
||rj|| = 13.3973
||yj|| = 0.749861
||rphi|| = 0.00158677
||rp|| = 0.0595934
||y|| = 461.715
   Pass :  1   Iteration : 237  || r || = 0.00623467
||yp|| = 434.935
||xi|| = 395.145
||eta|| = 0.375913
||yp|| = 434.935
||yphi|| = 0.202519
||BtYp|| = 2.38775
||ru|| = 2.38893
||yu|| = 120.141
||GtYphi|| = 1.73842
||KtYu|| = 12.9457
||rj|| = 13.7504
||yj|| = 0.864476
||rphi|| = 0.0016405
||rp|| = 0.0659916
||y|| = 451.224
   Pass :  1   Iteration : 238  || r || = 0.0057951
||yp|| = 477.126
||xi|| = 433.53
||eta|| = 0.35509
||yp|| = 477.126
||yphi|| = 0.267305
||BtYp|| = 2.6716
||ru|| = 2.67281
||yu|| = 128.702
||GtYphi|| = 1.85039
||KtYu|| = 13.9225
||rj|| = 14.7629
||yj|| = 0.910502
||rphi|| = 0.00223722
||rp|| = 0.0700036
||y|| = 494.18
   Pass :  1   Iteration : 239  || r || = 0.00538216
||yp|| = 455.451
||xi|| = 413.816
||eta|| = 0.266412
||yp|| = 455.451
||yphi|| = 0.304697
||BtYp|| = 2.42636
||ru|| = 2.4276
||yu|| = 113.424
||GtYphi|| = 1.89915
||KtYu|| = 11.7621
||rj|| = 12.6243
||yj|| = 0.743866
||rphi|| = 0.00240246
||rp|| = 0.0615656
||y|| = 469.363
   Pass :  1   Iteration : 240  || r || = 0.00513459
||yp|| = 461.766
||xi|| = 419.55
||eta|| = 0.343267
||yp|| = 461.766
||yphi|| = 0.19195
||BtYp|| = 2.61683
||ru|| = 2.61815
||yu|| = 124.804
||GtYphi|| = 1.69681
||KtYu|| = 13.1064
||rj|| = 13.9424
||yj|| = 0.85531
||rphi|| = 0.00172598
||rp|| = 0.0682498
||y|| = 478.335
   Pass :  1   Iteration : 241  || r || = 0.00499096
||yp|| = 537.797
||xi|| = 488.657
||eta|| = 0.409068
||yp|| = 537.797
||yphi|| = 0.220318
||BtYp|| = 3.14651
||ru|| = 3.14723
||yu|| = 153.543
||GtYphi|| = 1.76248
||KtYu|| = 13.7385
||rj|| = 14.5133
||yj|| = 0.896554
||rphi|| = 0.00211921
||rp|| = 0.0844485
||y|| = 559.287
   Pass :  1   Iteration : 242  || r || = 0.004918
||yp|| = 458.962
||xi|| = 416.985
||eta|| = 0.312701
||yp|| = 458.962
||yphi|| = 0.201245
||BtYp|| = 2.38814
||ru|| = 2.38958
||yu|| = 123.28
||GtYphi|| = 1.91884
||KtYu|| = 12.0842
||rj|| = 12.8871
||yj|| = 0.769938
||rphi|| = 0.00202526
||rp|| = 0.0672076
||y|| = 475.231
   Pass :  1   Iteration : 243  || r || = 0.00490035
||yp|| = 558.555
||xi|| = 507.509
||eta|| = 0.364765
||yp|| = 558.555
||yphi|| = 0.188854
||BtYp|| = 3.14484
||ru|| = 3.14594
||yu|| = 150.594
||GtYphi|| = 1.59277
||KtYu|| = 14.5731
||rj|| = 15.4347
||yj|| = 0.942529
||rphi|| = 0.001439
||rp|| = 0.0826688
||y|| = 578.501
   Pass :  1   Iteration : 244  || r || = 0.00488917
||yp|| = 573.25
||xi|| = 520.86
||eta|| = 0.465223
||yp|| = 573.25
||yphi|| = 0.232012
||BtYp|| = 3.49914
||ru|| = 3.50045
||yu|| = 150.882
||GtYphi|| = 2.03413
||KtYu|| = 13.0664
||rj|| = 13.8715
||yj|| = 0.798954
||rphi|| = 0.00190956
||rp|| = 0.0861169
||y|| = 592.774
   Pass :  1   Iteration : 245  || r || = 0.00488171
||yp|| = 531.63
||xi|| = 483.045
||eta|| = 0.406234
||yp|| = 531.63
||yphi|| = 0.174328
||BtYp|| = 3.05433
||ru|| = 3.05567
||yu|| = 137.498
||GtYphi|| = 1.65121
||KtYu|| = 13.3162
||rj|| = 14.1283
||yj|| = 0.862779
||rphi|| = 0.00125859
||rp|| = 0.0781391
||y|| = 549.124
   Pass :  1   Iteration : 246  || r || = 0.00487846
||yp|| = 457.894
||xi|| = 416.005
||eta|| = 0.354615
||yp|| = 457.894
||yphi|| = 0.177325
||BtYp|| = 2.48987
||ru|| = 2.49092
||yu|| = 130.388
||GtYphi|| = 1.82662
||KtYu|| = 13.4269
||rj|| = 14.2968
||yj|| = 0.876628
||rphi|| = 0.00172942
||rp|| = 0.0719541
||y|| = 476.097
   Pass :  1   Iteration : 247  || r || = 0.0048772
||yp|| = 444.208
||xi|| = 403.578
||eta|| = 0.31836
||yp|| = 444.208
||yphi|| = 0.214636
||BtYp|| = 2.37607
||ru|| = 2.37695
||yu|| = 118.828
||GtYphi|| = 1.90236
||KtYu|| = 12.7886
||rj|| = 13.6532
||yj|| = 0.782988
||rphi|| = 0.00168858
||rp|| = 0.0656932
||y|| = 459.828
   Pass :  1   Iteration : 248  || r || = 0.00487351
||yp|| = 486.35
||xi|| = 441.875
||eta|| = 0.308276
||yp|| = 486.35
||yphi|| = 0.24487
||BtYp|| = 2.78809
||ru|| = 2.78968
||yu|| = 130.823
||GtYphi|| = 1.95943
||KtYu|| = 13.1048
||rj|| = 13.9658
||yj|| = 0.870398
||rphi|| = 0.00187179
||rp|| = 0.0742819
||y|| = 503.638
   Pass :  1   Iteration : 249  || r || = 0.00487107
||yp|| = 463.217
||xi|| = 420.834
||eta|| = 0.355329
||yp|| = 463.217
||yphi|| = 0.275151
||BtYp|| = 2.44817
||ru|| = 2.44928
||yu|| = 126.08
||GtYphi|| = 2.21674
||KtYu|| = 13.1006
||rj|| = 14.0322
||yj|| = 0.846708
||rphi|| = 0.0022322
||rp|| = 0.0680228
||y|| = 480.07
   Pass :  1   Iteration : 250  || r || = 0.00487066
||yp|| = 485.36
||xi|| = 440.998
||eta|| = 0.373211
||yp|| = 485.36
||yphi|| = 0.242634
||BtYp|| = 2.78395
||ru|| = 2.78539
||yu|| = 137.949
||GtYphi|| = 2.01143
||KtYu|| = 13.7799
||rj|| = 14.6166
||yj|| = 0.852184
||rphi|| = 0.00192353
||rp|| = 0.0779682
||y|| = 504.584
   Pass :  1   Iteration : 251  || r || = 0.00486959
||yp|| = 460.747
||xi|| = 418.59
||eta|| = 0.379754
||yp|| = 460.747
||yphi|| = 0.243887
||BtYp|| = 2.45832
||ru|| = 2.45996
||yu|| = 131.847
||GtYphi|| = 1.98362
||KtYu|| = 13.6886
||rj|| = 14.5093
||yj|| = 0.893365
||rphi|| = 0.0019223
||rp|| = 0.0712432
||y|| = 479.241
   Pass :  1   Iteration : 252  || r || = 0.00486421
||yp|| = 500.13
||xi|| = 454.405
||eta|| = 0.379997
||yp|| = 500.13
||yphi|| = 0.254775
||BtYp|| = 2.78222
||ru|| = 2.78313
||yu|| = 136.304
||GtYphi|| = 1.84321
||KtYu|| = 13.6386
||rj|| = 14.4657
||yj|| = 0.834149
||rphi|| = 0.00215654
||rp|| = 0.0763512
||y|| = 518.372
   Pass :  1   Iteration : 253  || r || = 0.00485018
||yp|| = 463.367
||xi|| = 420.982
||eta|| = 0.293802
||yp|| = 463.367
||yphi|| = 0.255593
||BtYp|| = 2.42191
||ru|| = 2.42339
||yu|| = 125.917
||GtYphi|| = 1.84718
||KtYu|| = 12.7401
||rj|| = 13.6174
||yj|| = 0.77816
||rphi|| = 0.00200934
||rp|| = 0.0698216
||y|| = 480.172
   Pass :  1   Iteration : 254  || r || = 0.00482453
||yp|| = 409.884
||xi|| = 372.346
||eta|| = 0.370744
||yp|| = 409.884
||yphi|| = 0.208016
||BtYp|| = 2.36921
||ru|| = 2.37101
||yu|| = 121.382
||GtYphi|| = 1.71778
||KtYu|| = 13.6751
||rj|| = 14.5191
||yj|| = 0.940244
||rphi|| = 0.00146436
||rp|| = 0.0708094
||y|| = 427.48
   Pass :  1   Iteration : 255  || r || = 0.00478715
||yp|| = 485.112
||xi|| = 440.738
||eta|| = 0.412818
||yp|| = 485.112
||yphi|| = 0.261565
||BtYp|| = 2.38567
||ru|| = 2.38693
||yu|| = 129.531
||GtYphi|| = 2.13644
||KtYu|| = 12.7824
||rj|| = 13.6537
||yj|| = 0.812885
||rphi|| = 0.00199102
||rp|| = 0.0709916
||y|| = 502.108
   Pass :  1   Iteration : 256  || r || = 0.0046971
||yp|| = 502.897
||xi|| = 456.896
||eta|| = 0.400171
||yp|| = 502.897
||yphi|| = 0.26491
||BtYp|| = 2.60912
||ru|| = 2.6113
||yu|| = 137.356
||GtYphi|| = 1.96159
||KtYu|| = 13.4241
||rj|| = 14.23
||yj|| = 0.841602
||rphi|| = 0.00207009
||rp|| = 0.0781465
||y|| = 521.319
   Pass :  1   Iteration : 257  || r || = 0.00454692
||yp|| = 417.811
||xi|| = 379.574
||eta|| = 0.303533
||yp|| = 417.811
||yphi|| = 0.25845
||BtYp|| = 2.26666
||ru|| = 2.26856
||yu|| = 125.179
||GtYphi|| = 1.8217
||KtYu|| = 13.6722
||rj|| = 14.496
||yj|| = 0.907194
||rphi|| = 0.00191733
||rp|| = 0.0702974
||y|| = 436.161
   Pass :  1   Iteration : 258  || r || = 0.00433032
||yp|| = 446.919
||xi|| = 406.03
||eta|| = 0.352677
||yp|| = 446.919
||yphi|| = 0.280649
||BtYp|| = 2.02634
||ru|| = 2.02769
||yu|| = 110.607
||GtYphi|| = 2.13198
||KtYu|| = 11.7798
||rj|| = 12.6206
||yj|| = 0.72582
||rphi|| = 0.00244961
||rp|| = 0.0598571
||y|| = 460.403
   Pass :  1   Iteration : 259  || r || = 0.00416119
||yp|| = 442.925
||xi|| = 402.392
||eta|| = 0.297195
||yp|| = 442.925
||yphi|| = 0.283133
||BtYp|| = 2.41891
||ru|| = 2.42079
||yu|| = 126.653
||GtYphi|| = 2.05522
||KtYu|| = 13.6217
||rj|| = 14.4986
||yj|| = 0.857429
||rphi|| = 0.00212004
||rp|| = 0.0695576
||y|| = 460.678
   Pass :  1   Iteration : 260  || r || = 0.00403319
||yp|| = 480.042
||xi|| = 436.139
||eta|| = 0.330918
||yp|| = 480.042
||yphi|| = 0.156074
||BtYp|| = 2.43696
||ru|| = 2.43891
||yu|| = 132.196
||GtYphi|| = 1.46591
||KtYu|| = 13.6488
||rj|| = 14.4304
||yj|| = 0.891624
||rphi|| = 0.00126565
||rp|| = 0.072603
||y|| = 497.913
   Pass :  1   Iteration : 261  || r || = 0.00394897
||yp|| = 484.84
||xi|| = 440.483
||eta|| = 0.341992
||yp|| = 484.84
||yphi|| = 0.244044
||BtYp|| = 2.77377
||ru|| = 2.77606
||yu|| = 135.695
||GtYphi|| = 1.99349
||KtYu|| = 13.3173
||rj|| = 14.0964
||yj|| = 0.802297
||rphi|| = 0.00180711
||rp|| = 0.0773961
||y|| = 503.472
   Pass :  1   Iteration : 262  || r || = 0.00392416
||yp|| = 493.186
||xi|| = 448.073
||eta|| = 0.327794
||yp|| = 493.186
||yphi|| = 0.235324
||BtYp|| = 2.56729
||ru|| = 2.56833
||yu|| = 140.026
||GtYphi|| = 1.9692
||KtYu|| = 13.9552
||rj|| = 14.8625
||yj|| = 0.870984
||rphi|| = 0.0019043
||rp|| = 0.0763303
||y|| = 512.68
   Pass :  1   Iteration : 263  || r || = 0.00391413
||yp|| = 465.044
||xi|| = 422.478
||eta|| = 0.435787
||yp|| = 465.044
||yphi|| = 0.237954
||BtYp|| = 2.36419
||ru|| = 2.36603
||yu|| = 135.605
||GtYphi|| = 2.04421
||KtYu|| = 13.7366
||rj|| = 14.6041
||yj|| = 0.878767
||rphi|| = 0.00192396
||rp|| = 0.0723213
||y|| = 484.413
   Pass :  1   Iteration : 264  || r || = 0.00390458
||yp|| = 425.321
||xi|| = 386.391
||eta|| = 0.335495
||yp|| = 425.321
||yphi|| = 0.242292
||BtYp|| = 2.20472
||ru|| = 2.20593
||yu|| = 115.981
||GtYphi|| = 2.047
||KtYu|| = 12.6692
||rj|| = 13.5002
||yj|| = 0.757834
||rphi|| = 0.00187965
||rp|| = 0.0622386
||y|| = 440.851
   Pass :  1   Iteration : 265  || r || = 0.00390138
||yp|| = 499.691
||xi|| = 453.999
||eta|| = 0.290603
||yp|| = 499.691
||yphi|| = 0.178751
||BtYp|| = 2.64289
||ru|| = 2.64444
||yu|| = 138.101
||GtYphi|| = 1.76543
||KtYu|| = 13.787
||rj|| = 14.5759
||yj|| = 0.885255
||rphi|| = 0.00148344
||rp|| = 0.0744935
||y|| = 518.424
   Pass :  1   Iteration : 266  || r || = 0.00390027
||yp|| = 555.16
||xi|| = 504.406
||eta|| = 0.409007
||yp|| = 555.16
||yphi|| = 0.223206
||BtYp|| = 3.05819
||ru|| = 3.05941
||yu|| = 159.163
||GtYphi|| = 1.82864
||KtYu|| = 14.6493
||rj|| = 15.3975
||yj|| = 0.953419
||rphi|| = 0.00198036
||rp|| = 0.0853635
||y|| = 577.526
   Pass :  1   Iteration : 267  || r || = 0.00389976
||yp|| = 524.514
||xi|| = 476.526
||eta|| = 0.496984
||yp|| = 524.514
||yphi|| = 0.310673
||BtYp|| = 2.74221
||ru|| = 2.74387
||yu|| = 154.19
||GtYphi|| = 2.10752
||KtYu|| = 13.2768
||rj|| = 13.9908
||yj|| = 0.803504
||rphi|| = 0.00238779
||rp|| = 0.0806825
||y|| = 546.709
   Pass :  1   Iteration : 268  || r || = 0.00389968
||yp|| = 546.088
||xi|| = 496.122
||eta|| = 0.427313
||yp|| = 546.088
||yphi|| = 0.305719
||BtYp|| = 2.95501
||ru|| = 2.95614
||yu|| = 157.371
||GtYphi|| = 1.81614
||KtYu|| = 15.2252
||rj|| = 16.0445
||yj|| = 1.02196
||rphi|| = 0.00227992
||rp|| = 0.0807006
||y|| = 568.312
   Pass :  1   Iteration : 269  || r || = 0.00389967
||yp|| = 571.353
||xi|| = 519.081
||eta|| = 0.411298
||yp|| = 571.353
||yphi|| = 0.28878
||BtYp|| = 2.7879
||ru|| = 2.79039
||yu|| = 142.133
||GtYphi|| = 1.88741
||KtYu|| = 14.2175
||rj|| = 14.9215
||yj|| = 0.87405
||rphi|| = 0.00209143
||rp|| = 0.0717768
||y|| = 588.767
   Pass :  1   Iteration : 270  || r || = 0.00389822
||yp|| = 497.896
||xi|| = 452.394
||eta|| = 0.458273
||yp|| = 497.896
||yphi|| = 0.270154
||BtYp|| = 2.52151
||ru|| = 2.52281
||yu|| = 133.935
||GtYphi|| = 2.28166
||KtYu|| = 13.6162
||rj|| = 14.4976
||yj|| = 0.772041
||rphi|| = 0.00207286
||rp|| = 0.0669617
||y|| = 515.597
   Pass :  1   Iteration : 271  || r || = 0.00389571
||yp|| = 503.484
||xi|| = 457.481
||eta|| = 0.448314
||yp|| = 503.484
||yphi|| = 0.234803
||BtYp|| = 2.92602
||ru|| = 2.92679
||yu|| = 146.831
||GtYphi|| = 1.8453
||KtYu|| = 14.3452
||rj|| = 15.1678
||yj|| = 0.924818
||rphi|| = 0.00178239
||rp|| = 0.0801171
||y|| = 524.458
   Pass :  1   Iteration : 272  || r || = 0.00388792
||yp|| = 614.316
||xi|| = 558.115
||eta|| = 0.495064
||yp|| = 614.316
||yphi|| = 0.184627
||BtYp|| = 3.23468
||ru|| = 3.23539
||yu|| = 163.664
||GtYphi|| = 1.88659
||KtYu|| = 14.0698
||rj|| = 14.9136
||yj|| = 0.813167
||rphi|| = 0.0015653
||rp|| = 0.0832404
||y|| = 635.744
   Pass :  1   Iteration : 273  || r || = 0.00386038
||yp|| = 503.197
||xi|| = 457.179
||eta|| = 0.51853
||yp|| = 503.197
||yphi|| = 0.304626
||BtYp|| = 2.58947
||ru|| = 2.59067
||yu|| = 139.329
||GtYphi|| = 2.0364
||KtYu|| = 13.5471
||rj|| = 14.37
||yj|| = 0.854875
||rphi|| = 0.00239823
||rp|| = 0.0727385
||y|| = 522.131
   Pass :  1   Iteration : 274  || r || = 0.00380287
||yp|| = 480.01
||xi|| = 436.089
||eta|| = 0.383458
||yp|| = 480.01
||yphi|| = 0.191868
||BtYp|| = 2.58905
||ru|| = 2.59113
||yu|| = 134.173
||GtYphi|| = 1.68019
||KtYu|| = 14.6487
||rj|| = 15.4427
||yj|| = 0.985278
||rphi|| = 0.00154223
||rp|| = 0.070905
||y|| = 498.411
   Pass :  1   Iteration : 275  || r || = 0.0037078
||yp|| = 508.611
||xi|| = 462.074
||eta|| = 0.47224
||yp|| = 508.611
||yphi|| = 0.210458
||BtYp|| = 2.63723
||ru|| = 2.63774
||yu|| = 134.544
||GtYphi|| = 2.08763
||KtYu|| = 12.6388
||rj|| = 13.5306
||yj|| = 0.770686
||rphi|| = 0.00182257
||rp|| = 0.0699513
||y|| = 526.106
   Pass :  1   Iteration : 276  || r || = 0.00352903
||yp|| = 490.815
||xi|| = 445.945
||eta|| = 0.316782
||yp|| = 490.815
||yphi|| = 0.22411
||BtYp|| = 2.47453
||ru|| = 2.47588
||yu|| = 128.466
||GtYphi|| = 1.79356
||KtYu|| = 13.7112
||rj|| = 14.4796
||yj|| = 0.856906
||rphi|| = 0.00195545
||rp|| = 0.0684683
||y|| = 507.35
   Pass :  1   Iteration : 277  || r || = 0.00329009
||yp|| = 505.006
||xi|| = 458.831
||eta|| = 0.394918
||yp|| = 505.006
||yphi|| = 0.148239
||BtYp|| = 2.86826
||ru|| = 2.86925
||yu|| = 144.342
||GtYphi|| = 1.47632
||KtYu|| = 14.3722
||rj|| = 15.1381
||yj|| = 0.936547
||rphi|| = 0.00122902
||rp|| = 0.0789037
||y|| = 525.23
   Pass :  1   Iteration : 278  || r || = 0.00304678
||yp|| = 447.982
||xi|| = 407.01
||eta|| = 0.413291
||yp|| = 447.982
||yphi|| = 0.233283
||BtYp|| = 2.24224
||ru|| = 2.24309
||yu|| = 116.073
||GtYphi|| = 1.93774
||KtYu|| = 12.026
||rj|| = 12.8623
||yj|| = 0.715992
||rphi|| = 0.0018186
||rp|| = 0.0646684
||y|| = 462.776
   Pass :  1   Iteration : 279  || r || = 0.00290334
||yp|| = 452.672
||xi|| = 411.249
||eta|| = 0.323681
||yp|| = 452.672
||yphi|| = 0.224948
||BtYp|| = 2.40934
||ru|| = 2.41074
||yu|| = 132.106
||GtYphi|| = 1.7225
||KtYu|| = 13.6453
||rj|| = 14.4353
||yj|| = 0.910595
||rphi|| = 0.00204069
||rp|| = 0.0716058
||y|| = 471.556
   Pass :  1   Iteration : 280  || r || = 0.00279657
||yp|| = 426.15
||xi|| = 387.176
||eta|| = 0.310979
||yp|| = 426.15
||yphi|| = 0.164988
||BtYp|| = 2.14936
||ru|| = 2.15055
||yu|| = 118.671
||GtYphi|| = 1.69671
||KtYu|| = 12.6442
||rj|| = 13.3836
||yj|| = 0.823074
||rphi|| = 0.00145427
||rp|| = 0.0617699
||y|| = 442.366
   Pass :  1   Iteration : 281  || r || = 0.00275861
||yp|| = 602.139
||xi|| = 547.116
||eta|| = 0.433434
||yp|| = 602.139
||yphi|| = 0.194456
||BtYp|| = 3.50221
||ru|| = 3.50342
||yu|| = 165.149
||GtYphi|| = 1.95489
||KtYu|| = 13.0012
||rj|| = 13.7938
||yj|| = 0.823557
||rphi|| = 0.00155025
||rp|| = 0.0910436
||y|| = 624.377
   Pass :  1   Iteration : 282  || r || = 0.00274761
||yp|| = 545.993
||xi|| = 496.081
||eta|| = 0.315429
||yp|| = 545.993
||yphi|| = 0.195123
||BtYp|| = 2.9931
||ru|| = 2.99332
||yu|| = 154.458
||GtYphi|| = 1.7403
||KtYu|| = 14.0462
||rj|| = 14.8861
||yj|| = 0.887534
||rphi|| = 0.00150356
||rp|| = 0.0829446
||y|| = 567.421
   Pass :  1   Iteration : 283  || r || = 0.00274359
||yp|| = 493.33
||xi|| = 448.196
||eta|| = 0.335877
||yp|| = 493.33
||yphi|| = 0.234472
||BtYp|| = 2.56058
||ru|| = 2.56197
||yu|| = 142.389
||GtYphi|| = 1.98586
||KtYu|| = 13.9069
||rj|| = 14.7532
||yj|| = 0.849076
||rphi|| = 0.00165588
||rp|| = 0.0765841
||y|| = 513.468
   Pass :  1   Iteration : 284  || r || = 0.00274061
||yp|| = 493.341
||xi|| = 448.177
||eta|| = 0.414446
||yp|| = 493.341
||yphi|| = 0.267225
||BtYp|| = 2.76358
||ru|| = 2.76506
||yu|| = 148.249
||GtYphi|| = 1.73748
||KtYu|| = 13.4225
||rj|| = 14.0991
||yj|| = 0.854237
||rphi|| = 0.00208097
||rp|| = 0.0806693
||y|| = 515.134
   Pass :  1   Iteration : 285  || r || = 0.00273863
||yp|| = 525.913
||xi|| = 477.839
||eta|| = 0.325045
||yp|| = 525.913
||yphi|| = 0.261223
||BtYp|| = 2.97975
||ru|| = 2.98077
||yu|| = 146.317
||GtYphi|| = 1.84486
||KtYu|| = 14.1044
||rj|| = 14.9055
||yj|| = 0.916669
||rphi|| = 0.00191161
||rp|| = 0.0837555
||y|| = 545.889
   Pass :  1   Iteration : 286  || r || = 0.00273727
||yp|| = 502.493
||xi|| = 456.485
||eta|| = 0.441226
||yp|| = 502.493
||yphi|| = 0.265744
||BtYp|| = 2.40802
||ru|| = 2.40914
||yu|| = 135.215
||GtYphi|| = 2.20445
||KtYu|| = 13.6899
||rj|| = 14.59
||yj|| = 0.889241
||rphi|| = 0.00218703
||rp|| = 0.0735853
||y|| = 520.368
   Pass :  1   Iteration : 287  || r || = 0.00273485
||yp|| = 449.657
||xi|| = 408.476
||eta|| = 0.452789
||yp|| = 449.657
||yphi|| = 0.3031
||BtYp|| = 2.48031
||ru|| = 2.48136
||yu|| = 134.324
||GtYphi|| = 1.95446
||KtYu|| = 14.0339
||rj|| = 14.8539
||yj|| = 0.896717
||rphi|| = 0.0022493
||rp|| = 0.0751346
||y|| = 469.292
   Pass :  1   Iteration : 288  || r || = 0.00273188
||yp|| = 477.708
||xi|| = 433.993
||eta|| = 0.482965
||yp|| = 477.708
||yphi|| = 0.189055
||BtYp|| = 2.8283
||ru|| = 2.83003
||yu|| = 147.366
||GtYphi|| = 1.76112
||KtYu|| = 13.916
||rj|| = 14.6322
||yj|| = 0.903639
||rphi|| = 0.00166256
||rp|| = 0.0846025
||y|| = 499.923
   Pass :  1   Iteration : 289  || r || = 0.00272973
||yp|| = 472.92
||xi|| = 429.584
||eta|| = 0.390276
||yp|| = 472.92
||yphi|| = 0.181424
||BtYp|| = 2.55377
||ru|| = 2.55516
||yu|| = 152.403
||GtYphi|| = 1.89793
||KtYu|| = 13.4422
||rj|| = 14.2339
||yj|| = 0.846962
||rphi|| = 0.0015551
||rp|| = 0.0833795
||y|| = 496.871
   Pass :  1   Iteration : 290  || r || = 0.00272667
||yp|| = 516.287
||xi|| = 469.023
||eta|| = 0.373973
||yp|| = 516.287
||yphi|| = 0.206469
||BtYp|| = 2.86034
||ru|| = 2.86226
||yu|| = 164.431
||GtYphi|| = 1.78091
||KtYu|| = 14.5874
||rj|| = 15.429
||yj|| = 0.936848
||rphi|| = 0.00158671
||rp|| = 0.0910271
||y|| = 541.84
   Pass :  1   Iteration : 291  || r || = 0.00271711
||yp|| = 465.379
||xi|| = 422.769
||eta|| = 0.407978
||yp|| = 465.379
||yphi|| = 0.202346
||BtYp|| = 2.54687
||ru|| = 2.54722
||yu|| = 133.108
||GtYphi|| = 1.98646
||KtYu|| = 13.3832
||rj|| = 14.2091
||yj|| = 0.861266
||rphi|| = 0.00152287
||rp|| = 0.0751714
||y|| = 484.041
   Pass :  1   Iteration : 292  || r || = 0.00269443
||yp|| = 434.661
||xi|| = 394.879
||eta|| = 0.293661
||yp|| = 434.661
||yphi|| = 0.183868
||BtYp|| = 2.28132
||ru|| = 2.28279
||yu|| = 120.835
||GtYphi|| = 1.8259
||KtYu|| = 13.6283
||rj|| = 14.3938
||yj|| = 0.827572
||rphi|| = 0.00150084
||rp|| = 0.0672684
||y|| = 451.146
   Pass :  1   Iteration : 293  || r || = 0.00264695
||yp|| = 520.369
||xi|| = 472.737
||eta|| = 0.34067
||yp|| = 520.369
||yphi|| = 0.16984
||BtYp|| = 2.98496
||ru|| = 2.98611
||yu|| = 158.282
||GtYphi|| = 1.55501
||KtYu|| = 14.2403
||rj|| = 15.0043
||yj|| = 0.933992
||rphi|| = 0.00128051
||rp|| = 0.0873859
||y|| = 543.91
   Pass :  1   Iteration : 294  || r || = 0.00253365
||yp|| = 508.252
||xi|| = 461.732
||eta|| = 0.395513
||yp|| = 508.252
||yphi|| = 0.196503
||BtYp|| = 2.5851
||ru|| = 2.58694
||yu|| = 146.285
||GtYphi|| = 1.80582
||KtYu|| = 13.2189
||rj|| = 14.013
||yj|| = 0.81741
||rphi|| = 0.00153325
||rp|| = 0.0781906
||y|| = 528.886
   Pass :  1   Iteration : 295  || r || = 0.00235757
||yp|| = 469.33
||xi|| = 426.35
||eta|| = 0.463333
||yp|| = 469.33
||yphi|| = 0.189369
||BtYp|| = 2.52773
||ru|| = 2.52813
||yu|| = 147.011
||GtYphi|| = 1.70645
||KtYu|| = 13.6094
||rj|| = 14.3955
||yj|| = 0.843062
||rphi|| = 0.00167888
||rp|| = 0.0766284
||y|| = 491.816
   Pass :  1   Iteration : 296  || r || = 0.00215502
||yp|| = 502.198
||xi|| = 456.252
||eta|| = 0.30299
||yp|| = 502.198
||yphi|| = 0.163392
||BtYp|| = 2.79751
||ru|| = 2.79839
||yu|| = 144.819
||GtYphi|| = 1.48111
||KtYu|| = 13.3617
||rj|| = 14.1226
||yj|| = 0.858969
||rphi|| = 0.00135281
||rp|| = 0.0820269
||y|| = 522.662
   Pass :  1   Iteration : 297  || r || = 0.00198509
integral = -1.92522e-06
volume = 1
mean = -1.92522e-06
integral = 0.000227634
volume = 1
mean = 0.000227634
p_norm = 46.0574
phi_norm = 0.0665896
Time step 3, time = 0.15, dt = 0.05. Print step 3
Relative L2 Norm for current density: 0.00365193
Relative L2 Norm for electric potential: 0.00259268
Relative L2 Norm for velocity: 0.000579098
Relative L2 Norm for pressure: 0.00138134
Time step 4, time = 0.2, time elapsed = 1130.79
   Pass :  1   Iteration :   0  || r || = 20.6177
||yp|| = 0.375721
||xi|| = 0.341278
||eta|| = 0.000468866
||yp|| = 0.375721
||yphi|| = 0.000216374
||BtYp|| = 0.00172244
||ru|| = 0.999998
||yu|| = 1.32327
||GtYphi|| = 0.00209141
||KtYu|| = 0.207809
||rj|| = 0.207888
||yj|| = 0.00969638
||rphi|| = 1.87592e-06
||rp|| = 5.54362e-05
||y|| = 1.37561
   Pass :  1   Iteration :   1  || r || = 1.88454
||yp|| = 51.7427
||xi|| = 46.5843
||eta|| = 0.543432
||yp|| = 51.7427
||yphi|| = 0.970548
||BtYp|| = 0.194655
||ru|| = 0.194903
||yu|| = 13.567
||GtYphi|| = 3.23751
||KtYu|| = 2.22178
||rj|| = 4.19312
||yj|| = 0.155781
||rphi|| = 0.00622792
||rp|| = 0.00819397
||y|| = 53.5008
   Pass :  1   Iteration :   2  || r || = 1.5034
||yp|| = 162.805
||xi|| = 147.909
||eta|| = 0.311849
||yp|| = 162.805
||yphi|| = 0.305429
||BtYp|| = 0.891994
||ru|| = 0.892646
||yu|| = 50.5482
||GtYphi|| = 1.55841
||KtYu|| = 5.53293
||rj|| = 6.14204
||yj|| = 0.353838
||rphi|| = 0.00183265
||rp|| = 0.0260232
||y|| = 170.472
   Pass :  1   Iteration :   3  || r || = 1.4042
||yp|| = 480.391
||xi|| = 436.475
||eta|| = 0.258068
||yp|| = 480.391
||yphi|| = 0.219129
||BtYp|| = 2.72502
||ru|| = 2.72621
||yu|| = 149.302
||GtYphi|| = 1.08484
||KtYu|| = 14.5206
||rj|| = 15.3237
||yj|| = 0.882174
||rphi|| = 0.00157959
||rp|| = 0.0771493
||y|| = 503.058
   Pass :  1   Iteration :   4  || r || = 1.34615
||yp|| = 436.356
||xi|| = 396.468
||eta|| = 0.217886
||yp|| = 436.356
||yphi|| = 0.402406
||BtYp|| = 2.49077
||ru|| = 2.49174
||yu|| = 131.84
||GtYphi|| = 2.21853
||KtYu|| = 12.6196
||rj|| = 13.4753
||yj|| = 0.691451
||rphi|| = 0.00311724
||rp|| = 0.0686579
||y|| = 455.838
   Pass :  1   Iteration :   5  || r || = 1.22152
||yp|| = 267.285
||xi|| = 242.734
||eta|| = 0.391238
||yp|| = 267.285
||yphi|| = 0.664334
||BtYp|| = 1.33617
||ru|| = 1.33768
||yu|| = 91.8919
||GtYphi|| = 2.412
||KtYu|| = 11.759
||rj|| = 12.7002
||yj|| = 0.765327
||rphi|| = 0.00524135
||rp|| = 0.0446776
||y|| = 282.642
   Pass :  1   Iteration :   6  || r || = 1.00757
||yp|| = 347.05
||xi|| = 315.304
||eta|| = 0.341286
||yp|| = 347.05
||yphi|| = 0.290243
||BtYp|| = 2.1029
||ru|| = 2.10395
||yu|| = 108.75
||GtYphi|| = 1.76859
||KtYu|| = 11.3183
||rj|| = 12.1402
||yj|| = 0.78742
||rphi|| = 0.00218681
||rp|| = 0.0588777
||y|| = 363.691
   Pass :  1   Iteration :   7  || r || = 0.893703
||yp|| = 382.989
||xi|| = 348.001
||eta|| = 0.270523
||yp|| = 382.989
||yphi|| = 0.242099
||BtYp|| = 2.34244
||ru|| = 2.34345
||yu|| = 115.493
||GtYphi|| = 1.03129
||KtYu|| = 11.3925
||rj|| = 12.1238
||yj|| = 0.765104
||rphi|| = 0.00199934
||rp|| = 0.0637737
||y|| = 400.025
   Pass :  1   Iteration :   8  || r || = 0.874708
||yp|| = 368.13
||xi|| = 334.476
||eta|| = 0.377043
||yp|| = 368.13
||yphi|| = 0.343032
||BtYp|| = 2.32938
||ru|| = 2.33024
||yu|| = 120.18
||GtYphi|| = 2.16026
||KtYu|| = 11.1777
||rj|| = 12.0828
||yj|| = 0.670263
||rphi|| = 0.00294669
||rp|| = 0.0674434
||y|| = 387.251
   Pass :  1   Iteration :   9  || r || = 0.873717
||yp|| = 435.305
||xi|| = 395.524
||eta|| = 0.307612
||yp|| = 435.305
||yphi|| = 0.250112
||BtYp|| = 2.71858
||ru|| = 2.71978
||yu|| = 142.207
||GtYphi|| = 1.70356
||KtYu|| = 14.0032
||rj|| = 14.9029
||yj|| = 0.919106
||rphi|| = 0.00212868
||rp|| = 0.0790724
||y|| = 457.945
   Pass :  1   Iteration :  10  || r || = 0.867721
||yp|| = 405.102
||xi|| = 368.078
||eta|| = 0.205258
||yp|| = 405.102
||yphi|| = 0.830928
||BtYp|| = 2.22251
||ru|| = 2.22348
||yu|| = 103.29
||GtYphi|| = 2.96202
||KtYu|| = 10.3315
||rj|| = 11.3027
||yj|| = 0.688659
||rphi|| = 0.00620052
||rp|| = 0.0568798
||y|| = 418.065
   Pass :  1   Iteration :  11  || r || = 0.864313
||yp|| = 400.775
||xi|| = 364.137
||eta|| = 0.308029
||yp|| = 400.775
||yphi|| = 1.13017
||BtYp|| = 2.56545
||ru|| = 2.56661
||yu|| = 122.96
||GtYphi|| = 3.26211
||KtYu|| = 12.1931
||rj|| = 13.229
||yj|| = 0.883231
||rphi|| = 0.0088926
||rp|| = 0.0694834
||y|| = 419.216
   Pass :  1   Iteration :  12  || r || = 0.863094
||yp|| = 440.348
||xi|| = 400.172
||eta|| = 0.247266
||yp|| = 440.348
||yphi|| = 0.719464
||BtYp|| = 2.85046
||ru|| = 2.85132
||yu|| = 133.147
||GtYphi|| = 2.25064
||KtYu|| = 11.8802
||rj|| = 12.7607
||yj|| = 0.76705
||rphi|| = 0.00580656
||rp|| = 0.0790469
||y|| = 460.039
   Pass :  1   Iteration :  13  || r || = 0.833091
||yp|| = 426.452
||xi|| = 387.51
||eta|| = 0.215763
||yp|| = 426.452
||yphi|| = 0.468245
||BtYp|| = 2.78828
||ru|| = 2.78906
||yu|| = 127.291
||GtYphi|| = 1.90462
||KtYu|| = 11.4289
||rj|| = 12.2713
||yj|| = 0.722556
||rphi|| = 0.00364281
||rp|| = 0.0739598
||y|| = 445.045
   Pass :  1   Iteration :  14  || r || = 0.801971
||yp|| = 482.652
||xi|| = 438.559
||eta|| = 0.285445
||yp|| = 482.652
||yphi|| = 0.613331
||BtYp|| = 3.0186
||ru|| = 3.01961
||yu|| = 141.977
||GtYphi|| = 2.13736
||KtYu|| = 12.7077
||rj|| = 13.6304
||yj|| = 0.864552
||rphi|| = 0.00441951
||rp|| = 0.079894
||y|| = 503.102
   Pass :  1   Iteration :  15  || r || = 0.770092
||yp|| = 394.517
||xi|| = 358.421
||eta|| = 0.282435
||yp|| = 394.517
||yphi|| = 0.669602
||BtYp|| = 2.409
||ru|| = 2.41002
||yu|| = 119.668
||GtYphi|| = 2.56568
||KtYu|| = 11.9441
||rj|| = 12.9378
||yj|| = 0.802932
||rphi|| = 0.0047003
||rp|| = 0.0666827
||y|| = 412.268
   Pass :  1   Iteration :  16  || r || = 0.756531
||yp|| = 510.587
||xi|| = 463.983
||eta|| = 0.240547
||yp|| = 510.587
||yphi|| = 0.3213
||BtYp|| = 3.44506
||ru|| = 3.44593
||yu|| = 152.919
||GtYphi|| = 2.08042
||KtYu|| = 12.8702
||rj|| = 13.717
||yj|| = 0.854213
||rphi|| = 0.00275753
||rp|| = 0.0892684
||y|| = 532.996
   Pass :  1   Iteration :  17  || r || = 0.754743
||yp|| = 407.085
||xi|| = 369.871
||eta|| = 0.229592
||yp|| = 407.085
||yphi|| = 0.379966
||BtYp|| = 2.49411
||ru|| = 2.49553
||yu|| = 118.008
||GtYphi|| = 1.7872
||KtYu|| = 12.2765
||rj|| = 13.1917
||yj|| = 0.881507
||rphi|| = 0.00289057
||rp|| = 0.0673615
||y|| = 423.846
   Pass :  1   Iteration :  18  || r || = 0.75142
||yp|| = 389.77
||xi|| = 354.168
||eta|| = 0.263298
||yp|| = 389.77
||yphi|| = 0.363104
||BtYp|| = 2.38239
||ru|| = 2.38325
||yu|| = 113.073
||GtYphi|| = 1.78583
||KtYu|| = 11.5132
||rj|| = 12.2895
||yj|| = 0.761559
||rphi|| = 0.00264112
||rp|| = 0.0638102
||y|| = 405.841
   Pass :  1   Iteration :  19  || r || = 0.74294
||yp|| = 413.421
||xi|| = 375.607
||eta|| = 0.248069
||yp|| = 413.421
||yphi|| = 0.358739
||BtYp|| = 2.63612
||ru|| = 2.63764
||yu|| = 126.914
||GtYphi|| = 1.64833
||KtYu|| = 12.4604
||rj|| = 13.2959
||yj|| = 0.865084
||rphi|| = 0.00285111
||rp|| = 0.0742254
||y|| = 432.464
   Pass :  1   Iteration :  20  || r || = 0.725167
||yp|| = 495.915
||xi|| = 450.637
||eta|| = 0.271392
||yp|| = 495.915
||yphi|| = 0.731515
||BtYp|| = 3.49858
||ru|| = 3.49917
||yu|| = 158.063
||GtYphi|| = 2.30477
||KtYu|| = 13.1694
||rj|| = 14.0745
||yj|| = 0.905717
||rphi|| = 0.00592873
||rp|| = 0.0960699
||y|| = 520.497
   Pass :  1   Iteration :  21  || r || = 0.714626
||yp|| = 328.509
||xi|| = 298.455
||eta|| = 0.226263
||yp|| = 328.509
||yphi|| = 0.236605
||BtYp|| = 2.12749
||ru|| = 2.12878
||yu|| = 106.979
||GtYphi|| = 1.79802
||KtYu|| = 11.1833
||rj|| = 12.0468
||yj|| = 0.718921
||rphi|| = 0.00173999
||rp|| = 0.0632997
||y|| = 345.49
   Pass :  1   Iteration :  22  || r || = 0.699917
||yp|| = 490.421
||xi|| = 445.635
||eta|| = 0.237311
||yp|| = 490.421
||yphi|| = 0.231237
||BtYp|| = 3.34112
||ru|| = 3.34197
||yu|| = 146.252
||GtYphi|| = 1.64383
||KtYu|| = 13.3332
||rj|| = 14.1662
||yj|| = 0.91152
||rphi|| = 0.00164129
||rp|| = 0.0870257
||y|| = 511.765
   Pass :  1   Iteration :  23  || r || = 0.692596
||yp|| = 463.818
||xi|| = 421.45
||eta|| = 0.297707
||yp|| = 463.818
||yphi|| = 0.311814
||BtYp|| = 3.07893
||ru|| = 3.07983
||yu|| = 131.518
||GtYphi|| = 1.88824
||KtYu|| = 11.5671
||rj|| = 12.4261
||yj|| = 0.772702
||rphi|| = 0.00229632
||rp|| = 0.0784377
||y|| = 482.104
   Pass :  1   Iteration :  24  || r || = 0.67002
||yp|| = 476.539
||xi|| = 433.014
||eta|| = 0.28981
||yp|| = 476.539
||yphi|| = 0.300731
||BtYp|| = 3.08965
||ru|| = 3.0903
||yu|| = 131.538
||GtYphi|| = 1.91985
||KtYu|| = 12.7012
||rj|| = 13.6363
||yj|| = 0.837489
||rphi|| = 0.00233894
||rp|| = 0.0769011
||y|| = 494.361
   Pass :  1   Iteration :  25  || r || = 0.613465
||yp|| = 604.638
||xi|| = 549.448
||eta|| = 0.291015
||yp|| = 604.638
||yphi|| = 0.180821
||BtYp|| = 4.14479
||ru|| = 4.14563
||yu|| = 169.982
||GtYphi|| = 1.77282
||KtYu|| = 13.9802
||rj|| = 14.7869
||yj|| = 0.893436
||rphi|| = 0.00145951
||rp|| = 0.102337
||y|| = 628.078
   Pass :  1   Iteration :  26  || r || = 0.517427
||yp|| = 417.656
||xi|| = 379.479
||eta|| = 0.253306
||yp|| = 417.656
||yphi|| = 0.213203
||BtYp|| = 2.4768
||ru|| = 2.47784
||yu|| = 115.902
||GtYphi|| = 1.62181
||KtYu|| = 12.1574
||rj|| = 12.9698
||yj|| = 0.821557
||rphi|| = 0.00156528
||rp|| = 0.068461
||y|| = 433.441
   Pass :  1   Iteration :  27  || r || = 0.452423
||yp|| = 364.305
||xi|| = 331.013
||eta|| = 0.239702
||yp|| = 364.305
||yphi|| = 0.223644
||BtYp|| = 2.29907
||ru|| = 2.29976
||yu|| = 101.982
||GtYphi|| = 1.84902
||KtYu|| = 10.1933
||rj|| = 11.0061
||yj|| = 0.691689
||rphi|| = 0.00173768
||rp|| = 0.0614514
||y|| = 378.311
   Pass :  1   Iteration :  28  || r || = 0.411827
||yp|| = 623.607
||xi|| = 566.699
||eta|| = 0.255223
||yp|| = 623.607
||yphi|| = 0.161446
||BtYp|| = 4.31256
||ru|| = 4.31328
||yu|| = 174.623
||GtYphi|| = 1.30043
||KtYu|| = 13.2913
||rj|| = 14.0959
||yj|| = 0.892909
||rphi|| = 0.00133819
||rp|| = 0.108579
||y|| = 647.595
   Pass :  1   Iteration :  29  || r || = 0.378049
||yp|| = 457.553
||xi|| = 415.771
||eta|| = 0.259074
||yp|| = 457.553
||yphi|| = 0.314016
||BtYp|| = 3.0353
||ru|| = 3.03606
||yu|| = 126.66
||GtYphi|| = 1.80996
||KtYu|| = 11.1212
||rj|| = 11.9463
||yj|| = 0.71562
||rphi|| = 0.00231604
||rp|| = 0.0780849
||y|| = 474.762
   Pass :  1   Iteration :  30  || r || = 0.364619
||yp|| = 414.256
||xi|| = 376.426
||eta|| = 0.278389
||yp|| = 414.256
||yphi|| = 0.26006
||BtYp|| = 2.62065
||ru|| = 2.62163
||yu|| = 116.352
||GtYphi|| = 2.10733
||KtYu|| = 12.1151
||rj|| = 13.0086
||yj|| = 0.78377
||rphi|| = 0.0019381
||rp|| = 0.0695201
||y|| = 430.287
   Pass :  1   Iteration :  31  || r || = 0.354728
||yp|| = 537.978
||xi|| = 488.85
||eta|| = 0.348431
||yp|| = 537.978
||yphi|| = 0.266608
||BtYp|| = 3.60701
||ru|| = 3.60792
||yu|| = 155.337
||GtYphi|| = 1.85497
||KtYu|| = 13.0438
||rj|| = 13.948
||yj|| = 0.83602
||rphi|| = 0.0019698
||rp|| = 0.0948944
||y|| = 559.956
   Pass :  1   Iteration :  32  || r || = 0.34532
||yp|| = 466.674
||xi|| = 424.073
||eta|| = 0.283761
||yp|| = 466.674
||yphi|| = 0.21381
||BtYp|| = 3.39942
||ru|| = 3.39987
||yu|| = 145.577
||GtYphi|| = 1.60346
||KtYu|| = 11.3721
||rj|| = 12.1974
||yj|| = 0.709629
||rphi|| = 0.00148049
||rp|| = 0.0894682
||y|| = 488.854
   Pass :  1   Iteration :  33  || r || = 0.337812
||yp|| = 444.73
||xi|| = 404.122
||eta|| = 0.229992
||yp|| = 444.73
||yphi|| = 0.326507
||BtYp|| = 3.10758
||ru|| = 3.10858
||yu|| = 132.136
||GtYphi|| = 1.62577
||KtYu|| = 11.781
||rj|| = 12.6447
||yj|| = 0.795978
||rphi|| = 0.00240126
||rp|| = 0.080621
||y|| = 463.945
   Pass :  1   Iteration :  34  || r || = 0.332368
||yp|| = 493.479
||xi|| = 448.427
||eta|| = 0.210462
||yp|| = 493.479
||yphi|| = 0.115811
||BtYp|| = 3.34194
||ru|| = 3.3426
||yu|| = 143.767
||GtYphi|| = 1.25842
||KtYu|| = 12.2676
||rj|| = 12.9996
||yj|| = 0.818637
||rphi|| = 0.000840923
||rp|| = 0.0856051
||y|| = 513.995
   Pass :  1   Iteration :  35  || r || = 0.329125
||yp|| = 465.543
||xi|| = 423.049
||eta|| = 0.241442
||yp|| = 465.543
||yphi|| = 0.278556
||BtYp|| = 3.17297
||ru|| = 3.17368
||yu|| = 134.289
||GtYphi|| = 1.86688
||KtYu|| = 11.5121
||rj|| = 12.3947
||yj|| = 0.714177
||rphi|| = 0.00218461
||rp|| = 0.0808465
||y|| = 484.525
   Pass :  1   Iteration :  36  || r || = 0.327385
||yp|| = 484.195
||xi|| = 440.007
||eta|| = 0.254639
||yp|| = 484.195
||yphi|| = 0.348065
||BtYp|| = 3.31184
||ru|| = 3.3126
||yu|| = 140.925
||GtYphi|| = 2.06293
||KtYu|| = 12.1202
||rj|| = 13.0104
||yj|| = 0.800007
||rphi|| = 0.00279067
||rp|| = 0.0851786
||y|| = 504.288
   Pass :  1   Iteration :  37  || r || = 0.326988
||yp|| = 555.964
||xi|| = 505.221
||eta|| = 0.295147
||yp|| = 555.964
||yphi|| = 0.179457
||BtYp|| = 3.91981
||ru|| = 3.92043
||yu|| = 169.872
||GtYphi|| = 1.66023
||KtYu|| = 13.3717
||rj|| = 14.2708
||yj|| = 0.817058
||rphi|| = 0.00162115
||rp|| = 0.10272
||y|| = 581.337
   Pass :  1   Iteration :  38  || r || = 0.326962
||yp|| = 506.688
||xi|| = 460.45
||eta|| = 0.346787
||yp|| = 506.688
||yphi|| = 0.467328
||BtYp|| = 3.62541
||ru|| = 3.62631
||yu|| = 154.677
||GtYphi|| = 2.14735
||KtYu|| = 11.2622
||rj|| = 12.026
||yj|| = 0.719654
||rphi|| = 0.00366427
||rp|| = 0.094529
||y|| = 529.772
   Pass :  1   Iteration :  39  || r || = 0.326798
||yp|| = 568.151
||xi|| = 516.279
||eta|| = 0.277005
||yp|| = 568.151
||yphi|| = 0.352192
||BtYp|| = 3.71813
||ru|| = 3.71893
||yu|| = 167.85
||GtYphi|| = 1.76652
||KtYu|| = 12.4218
||rj|| = 13.2937
||yj|| = 0.815436
||rphi|| = 0.00300562
||rp|| = 0.0970623
||y|| = 592.427
   Pass :  1   Iteration :  40  || r || = 0.326676
||yp|| = 530.655
||xi|| = 482.193
||eta|| = 0.270744
||yp|| = 530.655
||yphi|| = 0.263463
||BtYp|| = 3.44383
||ru|| = 3.44466
||yu|| = 153.009
||GtYphi|| = 1.70293
||KtYu|| = 12.7589
||rj|| = 13.5884
||yj|| = 0.82896
||rphi|| = 0.00253912
||rp|| = 0.088702
||y|| = 552.275
   Pass :  1   Iteration :  41  || r || = 0.325895
||yp|| = 437.721
||xi|| = 397.775
||eta|| = 0.219966
||yp|| = 437.721
||yphi|| = 0.338797
||BtYp|| = 2.9764
||ru|| = 2.97721
||yu|| = 125.652
||GtYphi|| = 1.92585
||KtYu|| = 11.528
||rj|| = 12.3147
||yj|| = 0.77639
||rphi|| = 0.00317016
||rp|| = 0.0744792
||y|| = 455.4
   Pass :  1   Iteration :  42  || r || = 0.323256
||yp|| = 466.83
||xi|| = 424.215
||eta|| = 0.258395
||yp|| = 466.83
||yphi|| = 0.302913
||BtYp|| = 3.05468
||ru|| = 3.05552
||yu|| = 134.793
||GtYphi|| = 1.75425
||KtYu|| = 11.9269
||rj|| = 12.8003
||yj|| = 0.764954
||rphi|| = 0.00279549
||rp|| = 0.0783448
||y|| = 485.901
   Pass :  1   Iteration :  43  || r || = 0.317328
||yp|| = 549.348
||xi|| = 499.219
||eta|| = 0.249488
||yp|| = 549.348
||yphi|| = 0.17688
||BtYp|| = 3.67283
||ru|| = 3.67335
||yu|| = 158.8
||GtYphi|| = 1.63985
||KtYu|| = 12.1726
||rj|| = 13.0012
||yj|| = 0.756287
||rphi|| = 0.00150069
||rp|| = 0.0912238
||y|| = 571.841
   Pass :  1   Iteration :  44  || r || = 0.315096
||yp|| = 605.622
||xi|| = 550.35
||eta|| = 0.279793
||yp|| = 605.622
||yphi|| = 0.204971
||BtYp|| = 4.08629
||ru|| = 4.08696
||yu|| = 170.186
||GtYphi|| = 1.64463
||KtYu|| = 12.0613
||rj|| = 12.7351
||yj|| = 0.723712
||rphi|| = 0.00152563
||rp|| = 0.0982954
||y|| = 629.08
   Pass :  1   Iteration :  45  || r || = 0.314993
||yp|| = 480.497
||xi|| = 436.598
||eta|| = 0.268381
||yp|| = 480.497
||yphi|| = 0.346601
||BtYp|| = 3.00623
||ru|| = 3.007
||yu|| = 138.606
||GtYphi|| = 1.96878
||KtYu|| = 12.6332
||rj|| = 13.5305
||yj|| = 0.84795
||rphi|| = 0.00285104
||rp|| = 0.0763928
||y|| = 500.09
   Pass :  1   Iteration :  46  || r || = 0.314836
||yp|| = 430.553
||xi|| = 391.236
||eta|| = 0.265481
||yp|| = 430.553
||yphi|| = 0.267669
||BtYp|| = 2.68541
||ru|| = 2.68626
||yu|| = 124.587
||GtYphi|| = 2.23687
||KtYu|| = 12.0151
||rj|| = 12.9167
||yj|| = 0.766144
||rphi|| = 0.00238599
||rp|| = 0.0692694
||y|| = 448.217
   Pass :  1   Iteration :  47  || r || = 0.314077
||yp|| = 501.167
||xi|| = 455.404
||eta|| = 0.237676
||yp|| = 501.167
||yphi|| = 0.231936
||BtYp|| = 3.19074
||ru|| = 3.19154
||yu|| = 144.981
||GtYphi|| = 1.74534
||KtYu|| = 13.2957
||rj|| = 14.081
||yj|| = 0.841219
||rphi|| = 0.00214794
||rp|| = 0.081113
||y|| = 521.717
   Pass :  1   Iteration :  48  || r || = 0.310439
||yp|| = 389.666
||xi|| = 354.045
||eta|| = 0.22272
||yp|| = 389.666
||yphi|| = 0.454049
||BtYp|| = 2.32524
||ru|| = 2.3261
||yu|| = 112.824
||GtYphi|| = 2.58058
||KtYu|| = 11.7715
||rj|| = 12.7013
||yj|| = 0.819374
||rphi|| = 0.00405613
||rp|| = 0.0638698
||y|| = 405.672
   Pass :  1   Iteration :  49  || r || = 0.29565
||yp|| = 431.325
||xi|| = 391.894
||eta|| = 0.249901
||yp|| = 431.325
||yphi|| = 0.417408
||BtYp|| = 2.43775
||ru|| = 2.43905
||yu|| = 119.925
||GtYphi|| = 2.18774
||KtYu|| = 12.646
||rj|| = 13.5116
||yj|| = 0.844072
||rphi|| = 0.003883
||rp|| = 0.0670621
||y|| = 447.687
   Pass :  1   Iteration :  50  || r || = 0.264149
||yp|| = 446.619
||xi|| = 405.796
||eta|| = 0.279226
||yp|| = 446.619
||yphi|| = 0.44645
||BtYp|| = 2.78856
||ru|| = 2.78936
||yu|| = 128.114
||GtYphi|| = 2.11295
||KtYu|| = 11.8237
||rj|| = 12.7034
||yj|| = 0.787564
||rphi|| = 0.00413146
||rp|| = 0.0735419
||y|| = 464.631
   Pass :  1   Iteration :  51  || r || = 0.22835
||yp|| = 397.882
||xi|| = 361.52
||eta|| = 0.263302
||yp|| = 397.882
||yphi|| = 0.413393
||BtYp|| = 2.50021
||ru|| = 2.50133
||yu|| = 123.133
||GtYphi|| = 2.05971
||KtYu|| = 12.2011
||rj|| = 13.0479
||yj|| = 0.814835
||rphi|| = 0.00402948
||rp|| = 0.0709549
||y|| = 416.5
   Pass :  1   Iteration :  52  || r || = 0.206135
||yp|| = 340.12
||xi|| = 309.006
||eta|| = 0.237561
||yp|| = 340.12
||yphi|| = 0.3471
||BtYp|| = 2.04594
||ru|| = 2.04711
||yu|| = 109.099
||GtYphi|| = 1.88649
||KtYu|| = 11.681
||rj|| = 12.575
||yj|| = 0.760604
||rphi|| = 0.00305194
||rp|| = 0.0622005
||y|| = 357.19
   Pass :  1   Iteration :  53  || r || = 0.19262
||yp|| = 405.865
||xi|| = 368.764
||eta|| = 0.270659
||yp|| = 405.865
||yphi|| = 0.210623
||BtYp|| = 2.42705
||ru|| = 2.42819
||yu|| = 124.187
||GtYphi|| = 1.72443
||KtYu|| = 12.5653
||rj|| = 13.4203
||yj|| = 0.824288
||rphi|| = 0.00182239
||rp|| = 0.0695188
||y|| = 424.441
   Pass :  1   Iteration :  54  || r || = 0.180769
||yp|| = 415.018
||xi|| = 377.093
||eta|| = 0.25502
||yp|| = 415.018
||yphi|| = 0.291248
||BtYp|| = 2.5836
||ru|| = 2.58472
||yu|| = 123.967
||GtYphi|| = 2.28696
||KtYu|| = 12.5914
||rj|| = 13.4689
||yj|| = 0.847
||rphi|| = 0.00249071
||rp|| = 0.071454
||y|| = 433.138
   Pass :  1   Iteration :  55  || r || = 0.169209
||yp|| = 397.211
||xi|| = 360.894
||eta|| = 0.233616
||yp|| = 397.211
||yphi|| = 0.466375
||BtYp|| = 2.41436
||ru|| = 2.41542
||yu|| = 114.838
||GtYphi|| = 2.44242
||KtYu|| = 11.75
||rj|| = 12.7109
||yj|| = 0.784779
||rphi|| = 0.00422002
||rp|| = 0.0654548
||y|| = 413.479
   Pass :  1   Iteration :  56  || r || = 0.156287
||yp|| = 410.912
||xi|| = 373.349
||eta|| = 0.241714
||yp|| = 410.912
||yphi|| = 0.551459
||BtYp|| = 2.41356
||ru|| = 2.41438
||yu|| = 113.943
||GtYphi|| = 2.47905
||KtYu|| = 11.0616
||rj|| = 11.9075
||yj|| = 0.718996
||rphi|| = 0.00505331
||rp|| = 0.0630923
||y|| = 426.419
   Pass :  1   Iteration :  57  || r || = 0.15198
||yp|| = 405.262
||xi|| = 368.215
||eta|| = 0.228778
||yp|| = 405.262
||yphi|| = 0.450329
||BtYp|| = 2.37787
||ru|| = 2.37932
||yu|| = 118.251
||GtYphi|| = 2.1452
||KtYu|| = 13.058
||rj|| = 13.9458
||yj|| = 0.853895
||rphi|| = 0.00440565
||rp|| = 0.0650947
||y|| = 422.163
   Pass :  1   Iteration :  58  || r || = 0.151065
||yp|| = 387.705
||xi|| = 352.244
||eta|| = 0.267325
||yp|| = 387.705
||yphi|| = 0.551176
||BtYp|| = 2.27526
||ru|| = 2.27629
||yu|| = 111.398
||GtYphi|| = 2.81493
||KtYu|| = 11.8754
||rj|| = 12.8033
||yj|| = 0.768864
||rphi|| = 0.00479416
||rp|| = 0.0633939
||y|| = 403.392
   Pass :  1   Iteration :  59  || r || = 0.150469
||yp|| = 356.57
||xi|| = 323.955
||eta|| = 0.221478
||yp|| = 356.57
||yphi|| = 0.362707
||BtYp|| = 1.9999
||ru|| = 2.00133
||yu|| = 104.238
||GtYphi|| = 2.57063
||KtYu|| = 12.4993
||rj|| = 13.4762
||yj|| = 0.843866
||rphi|| = 0.00338011
||rp|| = 0.0581142
||y|| = 371.495
   Pass :  1   Iteration :  60  || r || = 0.149357
||yp|| = 406.491
||xi|| = 369.333
||eta|| = 0.271995
||yp|| = 406.491
||yphi|| = 0.327059
||BtYp|| = 2.49683
||ru|| = 2.4979
||yu|| = 117.249
||GtYphi|| = 2.52138
||KtYu|| = 11.984
||rj|| = 12.9472
||yj|| = 0.800982
||rphi|| = 0.00289974
||rp|| = 0.0662535
||y|| = 423.064
   Pass :  1   Iteration :  61  || r || = 0.146923
||yp|| = 418.204
||xi|| = 379.982
||eta|| = 0.298776
||yp|| = 418.204
||yphi|| = 0.323327
||BtYp|| = 2.54097
||ru|| = 2.54225
||yu|| = 123.818
||GtYphi|| = 2.27283
||KtYu|| = 12.5485
||rj|| = 13.455
||yj|| = 0.838292
||rphi|| = 0.0029404
||rp|| = 0.0694581
||y|| = 436.15
   Pass :  1   Iteration :  62  || r || = 0.144363
||yp|| = 402.857
||xi|| = 366.053
||eta|| = 0.296727
||yp|| = 402.857
||yphi|| = 0.352978
||BtYp|| = 2.48088
||ru|| = 2.48186
||yu|| = 118.601
||GtYphi|| = 2.39734
||KtYu|| = 11.7544
||rj|| = 12.6947
||yj|| = 0.770288
||rphi|| = 0.0032402
||rp|| = 0.0668387
||y|| = 419.954
   Pass :  1   Iteration :  63  || r || = 0.143637
||yp|| = 382.85
||xi|| = 347.814
||eta|| = 0.311996
||yp|| = 382.85
||yphi|| = 0.251933
||BtYp|| = 2.29975
||ru|| = 2.3008
||yu|| = 123.21
||GtYphi|| = 1.69066
||KtYu|| = 12.5327
||rj|| = 13.3178
||yj|| = 0.776367
||rphi|| = 0.00215536
||rp|| = 0.067676
||y|| = 402.189
   Pass :  1   Iteration :  64  || r || = 0.143604
||yp|| = 443.724
||xi|| = 403.167
||eta|| = 0.262895
||yp|| = 443.724
||yphi|| = 0.351813
||BtYp|| = 2.7033
||ru|| = 2.70424
||yu|| = 126.938
||GtYphi|| = 2.39052
||KtYu|| = 12.1516
||rj|| = 13.0521
||yj|| = 0.784351
||rphi|| = 0.00317019
||rp|| = 0.070288
||y|| = 461.524
   Pass :  1   Iteration :  65  || r || = 0.143603
||yp|| = 485.932
||xi|| = 441.514
||eta|| = 0.240146
||yp|| = 485.932
||yphi|| = 0.295346
||BtYp|| = 2.89843
||ru|| = 2.89951
||yu|| = 136.147
||GtYphi|| = 1.94298
||KtYu|| = 13.4532
||rj|| = 14.3735
||yj|| = 0.881651
||rphi|| = 0.00243869
||rp|| = 0.0747159
||y|| = 504.645
   Pass :  1   Iteration :  66  || r || = 0.1431
||yp|| = 448.974
||xi|| = 407.952
||eta|| = 0.296899
||yp|| = 448.974
||yphi|| = 0.326995
||BtYp|| = 2.79095
||ru|| = 2.79243
||yu|| = 126.625
||GtYphi|| = 2.57844
||KtYu|| = 11.9294
||rj|| = 12.8977
||yj|| = 0.786642
||rphi|| = 0.00299119
||rp|| = 0.0723405
||y|| = 466.49
   Pass :  1   Iteration :  67  || r || = 0.141938
||yp|| = 455.967
||xi|| = 414.316
||eta|| = 0.34446
||yp|| = 455.967
||yphi|| = 0.310103
||BtYp|| = 2.92783
||ru|| = 2.92904
||yu|| = 138.981
||GtYphi|| = 2.38143
||KtYu|| = 12.9033
||rj|| = 13.851
||yj|| = 0.848807
||rphi|| = 0.00272926
||rp|| = 0.0795814
||y|| = 476.679
   Pass :  1   Iteration :  68  || r || = 0.140568
||yp|| = 483.412
||xi|| = 439.236
||eta|| = 0.355423
||yp|| = 483.412
||yphi|| = 0.409833
||BtYp|| = 3.08992
||ru|| = 3.09082
||yu|| = 146.718
||GtYphi|| = 2.44151
||KtYu|| = 12.5244
||rj|| = 13.4677
||yj|| = 0.780547
||rphi|| = 0.00325315
||rp|| = 0.0835175
||y|| = 505.187
   Pass :  1   Iteration :  69  || r || = 0.139011
||yp|| = 483.021
||xi|| = 438.874
||eta|| = 0.294453
||yp|| = 483.021
||yphi|| = 0.370853
||BtYp|| = 3.08267
||ru|| = 3.08341
||yu|| = 145.061
||GtYphi|| = 2.16352
||KtYu|| = 12.9019
||rj|| = 13.7976
||yj|| = 0.831256
||rphi|| = 0.00279581
||rp|| = 0.0826985
||y|| = 504.334
   Pass :  1   Iteration :  70  || r || = 0.137092
||yp|| = 461.021
||xi|| = 418.896
||eta|| = 0.313641
||yp|| = 461.021
||yphi|| = 0.339192
||BtYp|| = 2.96602
||ru|| = 2.96698
||yu|| = 135.595
||GtYphi|| = 1.79515
||KtYu|| = 11.924
||rj|| = 12.761
||yj|| = 0.773682
||rphi|| = 0.00254345
||rp|| = 0.0771207
||y|| = 480.549
   Pass :  1   Iteration :  71  || r || = 0.134967
||yp|| = 499.37
||xi|| = 453.776
||eta|| = 0.305695
||yp|| = 499.37
||yphi|| = 0.282289
||BtYp|| = 3.23132
||ru|| = 3.23194
||yu|| = 143.234
||GtYphi|| = 1.80793
||KtYu|| = 12.4836
||rj|| = 13.3545
||yj|| = 0.821477
||rphi|| = 0.00220508
||rp|| = 0.0825299
||y|| = 519.506
   Pass :  1   Iteration :  72  || r || = 0.13133
||yp|| = 498.949
||xi|| = 453.402
||eta|| = 0.232681
||yp|| = 498.949
||yphi|| = 0.231251
||BtYp|| = 3.21279
||ru|| = 3.21344
||yu|| = 137.962
||GtYphi|| = 1.56439
||KtYu|| = 11.2853
||rj|| = 12.0871
||yj|| = 0.731433
||rphi|| = 0.0020081
||rp|| = 0.0809342
||y|| = 517.672
   Pass :  1   Iteration :  73  || r || = 0.125586
||yp|| = 492.767
||xi|| = 447.79
||eta|| = 0.260259
||yp|| = 492.767
||yphi|| = 0.393502
||BtYp|| = 3.24131
||ru|| = 3.24192
||yu|| = 142.841
||GtYphi|| = 2.19018
||KtYu|| = 12.4869
||rj|| = 13.3906
||yj|| = 0.756639
||rphi|| = 0.00287913
||rp|| = 0.084375
||y|| = 513.054
   Pass :  1   Iteration :  74  || r || = 0.119422
||yp|| = 557.97
||xi|| = 507.074
||eta|| = 0.269785
||yp|| = 557.97
||yphi|| = 0.436151
||BtYp|| = 3.87263
||ru|| = 3.87354
||yu|| = 164.023
||GtYphi|| = 1.73245
||KtYu|| = 13.6374
||rj|| = 14.559
||yj|| = 0.897548
||rphi|| = 0.00330532
||rp|| = 0.10106
||y|| = 581.58
   Pass :  1   Iteration :  75  || r || = 0.102427
||yp|| = 491.066
||xi|| = 446.239
||eta|| = 0.225057
||yp|| = 491.066
||yphi|| = 0.179607
||BtYp|| = 3.37361
||ru|| = 3.37336
||yu|| = 144.73
||GtYphi|| = 1.73764
||KtYu|| = 11.8548
||rj|| = 12.5752
||yj|| = 0.750574
||rphi|| = 0.00141544
||rp|| = 0.0864588
||y|| = 511.951
   Pass :  1   Iteration :  76  || r || = 0.0922513
||yp|| = 605.043
||xi|| = 549.841
||eta|| = 0.256629
||yp|| = 605.043
||yphi|| = 0.1518
||BtYp|| = 4.35149
||ru|| = 4.35229
||yu|| = 181.119
||GtYphi|| = 1.54123
||KtYu|| = 13.2496
||rj|| = 14.1278
||yj|| = 0.829995
||rphi|| = 0.00115519
||rp|| = 0.111959
||y|| = 631.571
   Pass :  1   Iteration :  77  || r || = 0.0835329
||yp|| = 524.374
||xi|| = 476.53
||eta|| = 0.215963
||yp|| = 524.374
||yphi|| = 0.145773
||BtYp|| = 3.72044
||ru|| = 3.72112
||yu|| = 155.599
||GtYphi|| = 1.4649
||KtYu|| = 11.8728
||rj|| = 12.6536
||yj|| = 0.781007
||rphi|| = 0.00105088
||rp|| = 0.0971108
||y|| = 546.973
   Pass :  1   Iteration :  78  || r || = 0.0776677
||yp|| = 471.273
||xi|| = 428.238
||eta|| = 0.288938
||yp|| = 471.273
||yphi|| = 0.180544
||BtYp|| = 3.16908
||ru|| = 3.16942
||yu|| = 140.089
||GtYphi|| = 1.84089
||KtYu|| = 11.494
||rj|| = 12.2137
||yj|| = 0.7023
||rphi|| = 0.00137665
||rp|| = 0.0834295
||y|| = 491.654
   Pass :  1   Iteration :  79  || r || = 0.0759117
||yp|| = 562.55
||xi|| = 511.225
||eta|| = 0.238712
||yp|| = 562.55
||yphi|| = 0.215145
||BtYp|| = 3.88438
||ru|| = 3.88525
||yu|| = 165.98
||GtYphi|| = 1.54553
||KtYu|| = 13.7427
||rj|| = 14.6672
||yj|| = 0.87195
||rphi|| = 0.00176217
||rp|| = 0.100768
||y|| = 586.526
   Pass :  1   Iteration :  80  || r || = 0.0747396
||yp|| = 558.438
||xi|| = 507.482
||eta|| = 0.276879
||yp|| = 558.438
||yphi|| = 0.191227
||BtYp|| = 3.92181
||ru|| = 3.92261
||yu|| = 163.708
||GtYphi|| = 1.93791
||KtYu|| = 12.1206
||rj|| = 12.9195
||yj|| = 0.788311
||rphi|| = 0.00152197
||rp|| = 0.100235
||y|| = 581.94
   Pass :  1   Iteration :  81  || r || = 0.0739984
||yp|| = 451.646
||xi|| = 410.374
||eta|| = 0.252845
||yp|| = 451.646
||yphi|| = 0.159426
||BtYp|| = 2.89531
||ru|| = 2.89639
||yu|| = 130.581
||GtYphi|| = 1.41607
||KtYu|| = 12.5032
||rj|| = 13.322
||yj|| = 0.7826
||rphi|| = 0.00134305
||rp|| = 0.0767468
||y|| = 470.145
   Pass :  1   Iteration :  82  || r || = 0.0731564
||yp|| = 509.45
||xi|| = 462.935
||eta|| = 0.229921
||yp|| = 509.45
||yphi|| = 0.258128
||BtYp|| = 3.55103
||ru|| = 3.55189
||yu|| = 151.403
||GtYphi|| = 1.55687
||KtYu|| = 12.556
||rj|| = 13.4056
||yj|| = 0.809993
||rphi|| = 0.00199213
||rp|| = 0.0918776
||y|| = 531.472
   Pass :  1   Iteration :  83  || r || = 0.0724044
||yp|| = 566.407
||xi|| = 514.726
||eta|| = 0.276073
||yp|| = 566.407
||yphi|| = 0.182643
||BtYp|| = 3.91208
||ru|| = 3.91269
||yu|| = 164.457
||GtYphi|| = 1.58789
||KtYu|| = 12.2448
||rj|| = 13.0413
||yj|| = 0.707329
||rphi|| = 0.00131731
||rp|| = 0.099026
||y|| = 589.8
   Pass :  1   Iteration :  84  || r || = 0.0721298
||yp|| = 518.994
||xi|| = 471.595
||eta|| = 0.322349
||yp|| = 518.994
||yphi|| = 0.17313
||BtYp|| = 3.40705
||ru|| = 3.40754
||yu|| = 152.092
||GtYphi|| = 1.84669
||KtYu|| = 12.8666
||rj|| = 13.7128
||yj|| = 0.822909
||rphi|| = 0.00131553
||rp|| = 0.0896511
||y|| = 540.821
   Pass :  1   Iteration :  85  || r || = 0.0719383
||yp|| = 515.847
||xi|| = 468.724
||eta|| = 0.306171
||yp|| = 515.847
||yphi|| = 0.165173
||BtYp|| = 3.26139
||ru|| = 3.26227
||yu|| = 146.539
||GtYphi|| = 1.94374
||KtYu|| = 13.1482
||rj|| = 14.0154
||yj|| = 0.852346
||rphi|| = 0.00131464
||rp|| = 0.085569
||y|| = 536.258
   Pass :  1   Iteration :  86  || r || = 0.0717844
||yp|| = 437.568
||xi|| = 397.594
||eta|| = 0.242587
||yp|| = 437.568
||yphi|| = 0.192485
||BtYp|| = 2.77866
||ru|| = 2.77955
||yu|| = 126.012
||GtYphi|| = 1.71488
||KtYu|| = 12.3749
||rj|| = 13.2238
||yj|| = 0.74899
||rphi|| = 0.00146418
||rp|| = 0.0726185
||y|| = 455.352
   Pass :  1   Iteration :  87  || r || = 0.0717034
||yp|| = 523.325
||xi|| = 475.552
||eta|| = 0.22839
||yp|| = 523.325
||yphi|| = 0.190857
||BtYp|| = 3.50931
||ru|| = 3.51009
||yu|| = 154.489
||GtYphi|| = 1.61303
||KtYu|| = 12.1179
||rj|| = 12.849
||yj|| = 0.768717
||rphi|| = 0.00139887
||rp|| = 0.0907305
||y|| = 545.653
   Pass :  1   Iteration :  88  || r || = 0.0716913
||yp|| = 509.51
||xi|| = 462.947
||eta|| = 0.252388
||yp|| = 509.51
||yphi|| = 0.171185
||BtYp|| = 3.22027
||ru|| = 3.22128
||yu|| = 150.258
||GtYphi|| = 1.5049
||KtYu|| = 13.6823
||rj|| = 14.5601
||yj|| = 0.859958
||rphi|| = 0.00132091
||rp|| = 0.0837398
||y|| = 531.205
   Pass :  1   Iteration :  89  || r || = 0.0716857
||yp|| = 399.787
||xi|| = 363.246
||eta|| = 0.237652
||yp|| = 399.787
||yphi|| = 0.171687
||BtYp|| = 2.37642
||ru|| = 2.37735
||yu|| = 116.891
||GtYphi|| = 1.85754
||KtYu|| = 10.9074
||rj|| = 11.684
||yj|| = 0.689391
||rphi|| = 0.00144557
||rp|| = 0.0646851
||y|| = 416.526
   Pass :  1   Iteration :  90  || r || = 0.0716816
||yp|| = 470.31
||xi|| = 427.342
||eta|| = 0.272243
||yp|| = 470.31
||yphi|| = 0.177808
||BtYp|| = 2.8568
||ru|| = 2.8575
||yu|| = 135.047
||GtYphi|| = 1.48182
||KtYu|| = 13.5744
||rj|| = 14.4199
||yj|| = 0.874776
||rphi|| = 0.00131405
||rp|| = 0.075326
||y|| = 489.316
   Pass :  1   Iteration :  91  || r || = 0.0715502
||yp|| = 398.11
||xi|| = 361.716
||eta|| = 0.230995
||yp|| = 398.11
||yphi|| = 0.264059
||BtYp|| = 2.36805
||ru|| = 2.36922
||yu|| = 114.084
||GtYphi|| = 1.89808
||KtYu|| = 12.2236
||rj|| = 13.0931
||yj|| = 0.785884
||rphi|| = 0.00201079
||rp|| = 0.0642068
||y|| = 414.135
   Pass :  1   Iteration :  92  || r || = 0.0712315
||yp|| = 483.269
||xi|| = 439.124
||eta|| = 0.226645
||yp|| = 483.269
||yphi|| = 0.210169
||BtYp|| = 2.86347
||ru|| = 2.86446
||yu|| = 136.976
||GtYphi|| = 1.72918
||KtYu|| = 12.3957
||rj|| = 13.1927
||yj|| = 0.73453
||rphi|| = 0.00180851
||rp|| = 0.0739282
||y|| = 502.306
   Pass :  1   Iteration :  93  || r || = 0.0704797
||yp|| = 493.937
||xi|| = 448.821
||eta|| = 0.259823
||yp|| = 493.937
||yphi|| = 0.178459
||BtYp|| = 3.01029
||ru|| = 3.01111
||yu|| = 142.757
||GtYphi|| = 1.85329
||KtYu|| = 13.3668
||rj|| = 14.2213
||yj|| = 0.851816
||rphi|| = 0.00148584
||rp|| = 0.0816155
||y|| = 514.154
   Pass :  1   Iteration :  94  || r || = 0.0693304
||yp|| = 514.408
||xi|| = 467.43
||eta|| = 0.2411
||yp|| = 514.408
||yphi|| = 0.208108
||BtYp|| = 3.14696
||ru|| = 3.14799
||yu|| = 145.689
||GtYphi|| = 1.68608
||KtYu|| = 12.9214
||rj|| = 13.7229
||yj|| = 0.771823
||rphi|| = 0.00177381
||rp|| = 0.0822373
||y|| = 534.641
   Pass :  1   Iteration :  95  || r || = 0.0680857
||yp|| = 522.403
||xi|| = 474.686
||eta|| = 0.301891
||yp|| = 522.403
||yphi|| = 0.439315
||BtYp|| = 3.34258
||ru|| = 3.34272
||yu|| = 152.177
||GtYphi|| = 2.02271
||KtYu|| = 12.8709
||rj|| = 13.6503
||yj|| = 0.787775
||rphi|| = 0.00332142
||rp|| = 0.0865589
||y|| = 544.117
   Pass :  1   Iteration :  96  || r || = 0.0666454
||yp|| = 465.543
||xi|| = 423.012
||eta|| = 0.222938
||yp|| = 465.543
||yphi|| = 0.171457
||BtYp|| = 2.71257
||ru|| = 2.71361
||yu|| = 132.554
||GtYphi|| = 1.64729
||KtYu|| = 12.8562
||rj|| = 13.6957
||yj|| = 0.826577
||rphi|| = 0.00133775
||rp|| = 0.0738127
||y|| = 484.047
   Pass :  1   Iteration :  97  || r || = 0.0634777
||yp|| = 488.415
||xi|| = 443.772
||eta|| = 0.281421
||yp|| = 488.415
||yphi|| = 0.179688
||BtYp|| = 2.86369
||ru|| = 2.86448
||yu|| = 135.976
||GtYphi|| = 1.67264
||KtYu|| = 12.9195
||rj|| = 13.7272
||yj|| = 0.817596
||rphi|| = 0.00142129
||rp|| = 0.075673
||y|| = 506.991
   Pass :  1   Iteration :  98  || r || = 0.0594492
||yp|| = 419.806
||xi|| = 381.443
||eta|| = 0.283007
||yp|| = 419.806
||yphi|| = 0.321575
||BtYp|| = 2.63645
||ru|| = 2.63756
||yu|| = 122.559
||GtYphi|| = 1.89915
||KtYu|| = 11.7788
||rj|| = 12.6207
||yj|| = 0.732634
||rphi|| = 0.00251676
||rp|| = 0.072138
||y|| = 437.331
   Pass :  1   Iteration :  99  || r || = 0.0561327
||yp|| = 510.334
||xi|| = 463.74
||eta|| = 0.292438
||yp|| = 510.334
||yphi|| = 0.182162
||BtYp|| = 3.1596
||ru|| = 3.16065
||yu|| = 146.946
||GtYphi|| = 1.54272
||KtYu|| = 13.7586
||rj|| = 14.6329
||yj|| = 0.859038
||rphi|| = 0.00146303
||rp|| = 0.0833433
||y|| = 531.069
   Pass :  1   Iteration : 100  || r || = 0.0503229
||yp|| = 443.552
||xi|| = 403.031
||eta|| = 0.253422
||yp|| = 443.552
||yphi|| = 0.206571
||BtYp|| = 2.71928
||ru|| = 2.72003
||yu|| = 125.47
||GtYphi|| = 1.86584
||KtYu|| = 11.0748
||rj|| = 11.8915
||yj|| = 0.664628
||rphi|| = 0.0015829
||rp|| = 0.0720133
||y|| = 460.957
   Pass :  1   Iteration : 101  || r || = 0.0459647
||yp|| = 504.196
||xi|| = 458.168
||eta|| = 0.227962
||yp|| = 504.196
||yphi|| = 0.235623
||BtYp|| = 3.33141
||ru|| = 3.33276
||yu|| = 149.94
||GtYphi|| = 1.61973
||KtYu|| = 12.9876
||rj|| = 13.8087
||yj|| = 0.84878
||rphi|| = 0.00191694
||rp|| = 0.08752
||y|| = 526.019
   Pass :  1   Iteration : 102  || r || = 0.0438653
||yp|| = 508.048
||xi|| = 461.662
||eta|| = 0.251512
||yp|| = 508.048
||yphi|| = 0.136404
||BtYp|| = 3.32659
||ru|| = 3.32748
||yu|| = 149.522
||GtYphi|| = 1.5881
||KtYu|| = 13.1331
||rj|| = 13.961
||yj|| = 0.843839
||rphi|| = 0.00102554
||rp|| = 0.0860826
||y|| = 529.595
   Pass :  1   Iteration : 103  || r || = 0.0428226
||yp|| = 462.457
||xi|| = 420.211
||eta|| = 0.241595
||yp|| = 462.457
||yphi|| = 0.182911
||BtYp|| = 2.64584
||ru|| = 2.64653
||yu|| = 122.886
||GtYphi|| = 1.91427
||KtYu|| = 11.4415
||rj|| = 12.2453
||yj|| = 0.704507
||rphi|| = 0.00152966
||rp|| = 0.0704318
||y|| = 478.507
   Pass :  1   Iteration : 104  || r || = 0.0425043
||yp|| = 539.64
||xi|| = 490.387
||eta|| = 0.256172
||yp|| = 539.64
||yphi|| = 0.196711
||BtYp|| = 3.62741
||ru|| = 3.62918
||yu|| = 163.464
||GtYphi|| = 1.63264
||KtYu|| = 14.2082
||rj|| = 15.0474
||yj|| = 0.911031
||rphi|| = 0.0017678
||rp|| = 0.094517
||y|| = 563.856
   Pass :  1   Iteration : 105  || r || = 0.0423419
||yp|| = 430.477
||xi|| = 391.14
||eta|| = 0.275314
||yp|| = 430.477
||yphi|| = 0.260621
||BtYp|| = 2.48683
||ru|| = 2.48761
||yu|| = 122.143
||GtYphi|| = 2.08351
||KtYu|| = 12.1487
||rj|| = 12.9881
||yj|| = 0.741086
||rphi|| = 0.00207924
||rp|| = 0.0677827
||y|| = 447.47
   Pass :  1   Iteration : 106  || r || = 0.0422739
||yp|| = 482.413
||xi|| = 438.302
||eta|| = 0.333921
||yp|| = 482.413
||yphi|| = 0.182226
||BtYp|| = 2.73165
||ru|| = 2.73314
||yu|| = 135.623
||GtYphi|| = 1.91521
||KtYu|| = 13.2837
||rj|| = 14.0501
||yj|| = 0.880237
||rphi|| = 0.00149014
||rp|| = 0.0735699
||y|| = 501.115
   Pass :  1   Iteration : 107  || r || = 0.0422392
||yp|| = 457.461
||xi|| = 415.625
||eta|| = 0.274117
||yp|| = 457.461
||yphi|| = 0.140188
||BtYp|| = 2.67383
||ru|| = 2.67504
||yu|| = 132.651
||GtYphi|| = 1.63067
||KtYu|| = 13.7419
||rj|| = 14.5416
||yj|| = 0.917616
||rphi|| = 0.00117515
||rp|| = 0.0724782
||y|| = 476.306
   Pass :  1   Iteration : 108  || r || = 0.042162
||yp|| = 473.411
||xi|| = 430.151
||eta|| = 0.248173
||yp|| = 473.411
||yphi|| = 0.220415
||BtYp|| = 2.93286
||ru|| = 2.93399
||yu|| = 131.388
||GtYphi|| = 1.94931
||KtYu|| = 12.2122
||rj|| = 13.1027
||yj|| = 0.730033
||rphi|| = 0.00179502
||rp|| = 0.075526
||y|| = 491.306
   Pass :  1   Iteration : 109  || r || = 0.0421096
||yp|| = 358.767
||xi|| = 325.933
||eta|| = 0.241117
||yp|| = 358.767
||yphi|| = 0.196757
||BtYp|| = 1.8919
||ru|| = 1.89332
||yu|| = 100.188
||GtYphi|| = 1.99397
||KtYu|| = 12.0944
||rj|| = 13.0206
||yj|| = 0.775068
||rphi|| = 0.00139893
||rp|| = 0.0556624
||y|| = 372.495
   Pass :  1   Iteration : 110  || r || = 0.0420811
||yp|| = 406.758
||xi|| = 369.543
||eta|| = 0.225399
||yp|| = 406.758
||yphi|| = 0.293178
||BtYp|| = 2.21928
||ru|| = 2.2206
||yu|| = 113.199
||GtYphi|| = 1.95913
||KtYu|| = 12.7869
||rj|| = 13.6666
||yj|| = 0.87564
||rphi|| = 0.00235692
||rp|| = 0.0639214
||y|| = 422.217
   Pass :  1   Iteration : 111  || r || = 0.0420576
||yp|| = 415.771
||xi|| = 377.715
||eta|| = 0.302302
||yp|| = 415.771
||yphi|| = 0.280132
||BtYp|| = 2.2797
||ru|| = 2.28126
||yu|| = 120.275
||GtYphi|| = 1.99745
||KtYu|| = 12.4911
||rj|| = 13.3444
||yj|| = 0.810871
||rphi|| = 0.00221182
||rp|| = 0.0667117
||y|| = 432.819
   Pass :  1   Iteration : 112  || r || = 0.0420456
||yp|| = 384.198
||xi|| = 349.034
||eta|| = 0.271168
||yp|| = 384.198
||yphi|| = 0.296396
||BtYp|| = 2.2413
||ru|| = 2.24262
||yu|| = 116.511
||GtYphi|| = 1.87154
||KtYu|| = 12.7453
||rj|| = 13.5761
||yj|| = 0.857774
||rphi|| = 0.00228551
||rp|| = 0.0683979
||y|| = 401.477
   Pass :  1   Iteration : 113  || r || = 0.0420249
||yp|| = 383.374
||xi|| = 348.281
||eta|| = 0.300004
||yp|| = 383.374
||yphi|| = 0.219608
||BtYp|| = 2.27849
||ru|| = 2.28002
||yu|| = 119.663
||GtYphi|| = 1.82515
||KtYu|| = 13.5946
||rj|| = 14.4632
||yj|| = 0.913191
||rphi|| = 0.00189146
||rp|| = 0.0684344
||y|| = 401.617
   Pass :  1   Iteration : 114  || r || = 0.0419957
||yp|| = 450.282
||xi|| = 409.099
||eta|| = 0.268156
||yp|| = 450.282
||yphi|| = 0.187486
||BtYp|| = 2.5534
||ru|| = 2.55295
||yu|| = 127.502
||GtYphi|| = 1.82761
||KtYu|| = 12.1601
||rj|| = 12.966
||yj|| = 0.723967
||rphi|| = 0.00147827
||rp|| = 0.0674585
||y|| = 467.986
   Pass :  1   Iteration : 115  || r || = 0.0419524
||yp|| = 460.789
||xi|| = 418.644
||eta|| = 0.281772
||yp|| = 460.789
||yphi|| = 0.309444
||BtYp|| = 2.82674
||ru|| = 2.8278
||yu|| = 135.383
||GtYphi|| = 1.81669
||KtYu|| = 12.6121
||rj|| = 13.4814
||yj|| = 0.827617
||rphi|| = 0.00246338
||rp|| = 0.078031
||y|| = 480.267
   Pass :  1   Iteration : 116  || r || = 0.0418634
||yp|| = 482.243
||xi|| = 438.151
||eta|| = 0.257359
||yp|| = 482.243
||yphi|| = 0.221532
||BtYp|| = 2.78598
||ru|| = 2.78696
||yu|| = 144.594
||GtYphi|| = 1.75258
||KtYu|| = 13.8652
||rj|| = 14.7027
||yj|| = 0.881803
||rphi|| = 0.00178361
||rp|| = 0.078308
||y|| = 503.454
   Pass :  1   Iteration : 117  || r || = 0.0413991
||yp|| = 464.016
||xi|| = 421.571
||eta|| = 0.286442
||yp|| = 464.016
||yphi|| = 0.340253
||BtYp|| = 2.52138
||ru|| = 2.52222
||yu|| = 123.485
||GtYphi|| = 2.2051
||KtYu|| = 11.8415
||rj|| = 12.7533
||yj|| = 0.728299
||rphi|| = 0.00268772
||rp|| = 0.0679795
||y|| = 480.166
   Pass :  1   Iteration : 118  || r || = 0.0402566
||yp|| = 441.445
||xi|| = 401.062
||eta|| = 0.25957
||yp|| = 441.445
||yphi|| = 0.288259
||BtYp|| = 2.56711
||ru|| = 2.5684
||yu|| = 126.222
||GtYphi|| = 2.04446
||KtYu|| = 13.6389
||rj|| = 14.5843
||yj|| = 0.911651
||rphi|| = 0.00229815
||rp|| = 0.0736734
||y|| = 459.137
   Pass :  1   Iteration : 119  || r || = 0.0377113
||yp|| = 385.839
||xi|| = 350.547
||eta|| = 0.32478
||yp|| = 385.839
||yphi|| = 0.243073
||BtYp|| = 2.15227
||ru|| = 2.15293
||yu|| = 108.556
||GtYphi|| = 1.75543
||KtYu|| = 11.863
||rj|| = 12.699
||yj|| = 0.770715
||rphi|| = 0.00208625
||rp|| = 0.0627106
||y|| = 400.82
   Pass :  1   Iteration : 120  || r || = 0.0348788
||yp|| = 366.658
||xi|| = 333.109
||eta|| = 0.274897
||yp|| = 366.658
||yphi|| = 0.357813
||BtYp|| = 2.12519
||ru|| = 2.12676
||yu|| = 111.515
||GtYphi|| = 1.99273
||KtYu|| = 11.9061
||rj|| = 12.7798
||yj|| = 0.755187
||rphi|| = 0.00285302
||rp|| = 0.0633575
||y|| = 383.241
   Pass :  1   Iteration : 121  || r || = 0.0333335
||yp|| = 450.197
||xi|| = 409.013
||eta|| = 0.265782
||yp|| = 450.197
||yphi|| = 0.304978
||BtYp|| = 2.55111
||ru|| = 2.55246
||yu|| = 130.353
||GtYphi|| = 1.69167
||KtYu|| = 12.975
||rj|| = 13.8507
||yj|| = 0.868422
||rphi|| = 0.00232447
||rp|| = 0.0736883
||y|| = 468.69
   Pass :  1   Iteration : 122  || r || = 0.0323741
||yp|| = 434.627
||xi|| = 394.848
||eta|| = 0.305512
||yp|| = 434.627
||yphi|| = 0.263134
||BtYp|| = 2.59522
||ru|| = 2.59665
||yu|| = 130.978
||GtYphi|| = 1.96282
||KtYu|| = 12.4826
||rj|| = 13.3527
||yj|| = 0.816015
||rphi|| = 0.00214634
||rp|| = 0.0738498
||y|| = 453.935
   Pass :  1   Iteration : 123  || r || = 0.0317964
||yp|| = 422.124
||xi|| = 383.513
||eta|| = 0.248455
||yp|| = 422.124
||yphi|| = 0.363395
||BtYp|| = 2.38197
||ru|| = 2.38303
||yu|| = 122.528
||GtYphi|| = 2.00791
||KtYu|| = 12.1168
||rj|| = 13.0119
||yj|| = 0.793443
||rphi|| = 0.00301305
||rp|| = 0.0681018
||y|| = 439.548
   Pass :  1   Iteration : 124  || r || = 0.0315485
||yp|| = 424.509
||xi|| = 385.658
||eta|| = 0.279976
||yp|| = 424.509
||yphi|| = 0.294928
||BtYp|| = 2.46202
||ru|| = 2.4633
||yu|| = 125.3
||GtYphi|| = 1.83598
||KtYu|| = 12.9554
||rj|| = 13.8256
||yj|| = 0.857155
||rphi|| = 0.00235509
||rp|| = 0.0685842
||y|| = 442.616
   Pass :  1   Iteration : 125  || r || = 0.031457
||yp|| = 469.111
||xi|| = 426.234
||eta|| = 0.296196
||yp|| = 469.111
||yphi|| = 0.455357
||BtYp|| = 2.72015
||ru|| = 2.72125
||yu|| = 131.483
||GtYphi|| = 2.004
||KtYu|| = 12.8245
||rj|| = 13.6591
||yj|| = 0.780979
||rphi|| = 0.00332137
||rp|| = 0.072375
||y|| = 487.189
   Pass :  1   Iteration : 126  || r || = 0.0314269
||yp|| = 441.832
||xi|| = 401.432
||eta|| = 0.219572
||yp|| = 441.832
||yphi|| = 0.290512
||BtYp|| = 2.4632
||ru|| = 2.46408
||yu|| = 121.969
||GtYphi|| = 2.00224
||KtYu|| = 13.1894
||rj|| = 14.0503
||yj|| = 0.838596
||rphi|| = 0.00224102
||rp|| = 0.0639872
||y|| = 458.359
   Pass :  1   Iteration : 127  || r || = 0.0314098
||yp|| = 467.143
||xi|| = 424.439
||eta|| = 0.232444
||yp|| = 467.143
||yphi|| = 0.323321
||BtYp|| = 2.62582
||ru|| = 2.6264
||yu|| = 125.757
||GtYphi|| = 2.10651
||KtYu|| = 12.4093
||rj|| = 13.3223
||yj|| = 0.789564
||rphi|| = 0.00253893
||rp|| = 0.0676966
||y|| = 483.775
   Pass :  1   Iteration : 128  || r || = 0.031405
||yp|| = 503.998
||xi|| = 457.956
||eta|| = 0.227622
||yp|| = 503.998
||yphi|| = 0.305794
||BtYp|| = 3.0243
||ru|| = 3.02457
||yu|| = 140.24
||GtYphi|| = 2.16021
||KtYu|| = 13.6889
||rj|| = 14.6716
||yj|| = 0.84025
||rphi|| = 0.00218637
||rp|| = 0.0764132
||y|| = 523.147
   Pass :  1   Iteration : 129  || r || = 0.0314037
||yp|| = 476.601
||xi|| = 433.055
||eta|| = 0.24486
||yp|| = 476.601
||yphi|| = 0.310442
||BtYp|| = 2.82797
||ru|| = 2.82921
||yu|| = 127.605
||GtYphi|| = 2.07622
||KtYu|| = 13.1316
||rj|| = 13.9956
||yj|| = 0.847642
||rphi|| = 0.00239495
||rp|| = 0.0724326
||y|| = 493.388
   Pass :  1   Iteration : 130  || r || = 0.0314033
||yp|| = 477.781
||xi|| = 434.126
||eta|| = 0.266738
||yp|| = 477.781
||yphi|| = 0.408283
||BtYp|| = 3.01917
||ru|| = 3.02032
||yu|| = 131.856
||GtYphi|| = 2.32889
||KtYu|| = 12.3043
||rj|| = 13.2648
||yj|| = 0.77683
||rphi|| = 0.00326445
||rp|| = 0.0774426
||y|| = 495.643
   Pass :  1   Iteration : 131  || r || = 0.031402
||yp|| = 526.288
||xi|| = 478.222
||eta|| = 0.308486
||yp|| = 526.288
||yphi|| = 0.288236
||BtYp|| = 3.32181
||ru|| = 3.32274
||yu|| = 151.41
||GtYphi|| = 2.1485
||KtYu|| = 12.9212
||rj|| = 13.7953
||yj|| = 0.823834
||rphi|| = 0.00235989
||rp|| = 0.0875244
||y|| = 547.636
   Pass :  1   Iteration : 132  || r || = 0.0313924
||yp|| = 525.717
||xi|| = 477.689
||eta|| = 0.26988
||yp|| = 525.717
||yphi|| = 0.288896
||BtYp|| = 3.2327
||ru|| = 3.23376
||yu|| = 144.963
||GtYphi|| = 1.89407
||KtYu|| = 14.0369
||rj|| = 14.9281
||yj|| = 0.887405
||rphi|| = 0.00217808
||rp|| = 0.0842623
||y|| = 545.338
   Pass :  1   Iteration : 133  || r || = 0.0313683
||yp|| = 470.272
||xi|| = 427.291
||eta|| = 0.253018
||yp|| = 470.272
||yphi|| = 0.316471
||BtYp|| = 2.91324
||ru|| = 2.91408
||yu|| = 131.755
||GtYphi|| = 2.12842
||KtYu|| = 12.2444
||rj|| = 13.1742
||yj|| = 0.781308
||rphi|| = 0.00242694
||rp|| = 0.0774424
||y|| = 488.381
   Pass :  1   Iteration : 134  || r || = 0.0312651
||yp|| = 532.101
||xi|| = 483.498
||eta|| = 0.291863
||yp|| = 532.101
||yphi|| = 0.261015
||BtYp|| = 3.47974
||ru|| = 3.48094
||yu|| = 151.425
||GtYphi|| = 2.02469
||KtYu|| = 13.1759
||rj|| = 13.9986
||yj|| = 0.826831
||rphi|| = 0.002087
||rp|| = 0.0895114
||y|| = 553.228
   Pass :  1   Iteration : 135  || r || = 0.0311516
||yp|| = 488.84
||xi|| = 444.185
||eta|| = 0.221634
||yp|| = 488.84
||yphi|| = 0.296426
||BtYp|| = 3.31167
||ru|| = 3.31251
||yu|| = 146.371
||GtYphi|| = 2.10714
||KtYu|| = 13.3297
||rj|| = 14.2703
||yj|| = 0.885623
||rphi|| = 0.00234163
||rp|| = 0.0881378
||y|| = 510.284
   Pass :  1   Iteration : 136  || r || = 0.0308483
||yp|| = 544.158
||xi|| = 494.469
||eta|| = 0.292913
||yp|| = 544.158
||yphi|| = 0.341132
||BtYp|| = 3.5096
||ru|| = 3.51062
||yu|| = 150.254
||GtYphi|| = 2.24856
||KtYu|| = 12.8105
||rj|| = 13.708
||yj|| = 0.793255
||rphi|| = 0.00255692
||rp|| = 0.0907072
||y|| = 564.522
   Pass :  1   Iteration : 137  || r || = 0.0301326
||yp|| = 552.952
||xi|| = 502.433
||eta|| = 0.28476
||yp|| = 552.952
||yphi|| = 0.231835
||BtYp|| = 3.52288
||ru|| = 3.52297
||yu|| = 150.79
||GtYphi|| = 1.72757
||KtYu|| = 13.2457
||rj|| = 14.0762
||yj|| = 0.873627
||rphi|| = 0.00172187
||rp|| = 0.0897901
||y|| = 573.144
   Pass :  1   Iteration : 138  || r || = 0.0289538
||yp|| = 494.554
||xi|| = 449.373
||eta|| = 0.313799
||yp|| = 494.554
||yphi|| = 0.223193
||BtYp|| = 3.06602
||ru|| = 3.06826
||yu|| = 138.092
||GtYphi|| = 1.71522
||KtYu|| = 12.6047
||rj|| = 13.429
||yj|| = 0.788805
||rphi|| = 0.00186976
||rp|| = 0.0819129
||y|| = 513.472
   Pass :  1   Iteration : 139  || r || = 0.0277943
||yp|| = 502.011
||xi|| = 456.168
||eta|| = 0.297159
||yp|| = 502.011
||yphi|| = 0.191699
||BtYp|| = 3.22713
||ru|| = 3.22799
||yu|| = 139.911
||GtYphi|| = 1.78206
||KtYu|| = 12.7076
||rj|| = 13.5746
||yj|| = 0.799489
||rphi|| = 0.00161529
||rp|| = 0.0847575
||y|| = 521.144
   Pass :  1   Iteration : 140  || r || = 0.0268405
||yp|| = 511.812
||xi|| = 465.05
||eta|| = 0.264674
||yp|| = 511.812
||yphi|| = 0.238153
||BtYp|| = 3.31215
||ru|| = 3.3128
||yu|| = 141.341
||GtYphi|| = 1.8181
||KtYu|| = 12.7004
||rj|| = 13.5717
||yj|| = 0.838758
||rphi|| = 0.00180562
||rp|| = 0.0855413
||y|| = 530.97
   Pass :  1   Iteration : 141  || r || = 0.0259312
||yp|| = 490.658
||xi|| = 445.836
||eta|| = 0.268102
||yp|| = 490.658
||yphi|| = 0.330963
||BtYp|| = 3.06128
||ru|| = 3.06309
||yu|| = 132.235
||GtYphi|| = 2.00161
||KtYu|| = 12.2163
||rj|| = 13.0821
||yj|| = 0.79729
||rphi|| = 0.00261536
||rp|| = 0.0773703
||y|| = 508.166
   Pass :  1   Iteration : 142  || r || = 0.0254156
||yp|| = 471.768
||xi|| = 428.655
||eta|| = 0.324609
||yp|| = 471.768
||yphi|| = 0.17189
||BtYp|| = 2.86978
||ru|| = 2.86979
||yu|| = 132.859
||GtYphi|| = 1.73111
||KtYu|| = 12.6865
||rj|| = 13.5274
||yj|| = 0.841965
||rphi|| = 0.0015146
||rp|| = 0.0760794
||y|| = 490.12
   Pass :  1   Iteration : 143  || r || = 0.0251504
||yp|| = 473.081
||xi|| = 429.855
||eta|| = 0.257817
||yp|| = 473.081
||yphi|| = 0.207737
||BtYp|| = 2.84764
||ru|| = 2.85099
||yu|| = 132.103
||GtYphi|| = 1.87747
||KtYu|| = 12.5132
||rj|| = 13.3533
||yj|| = 0.79926
||rphi|| = 0.00173343
||rp|| = 0.0765636
||y|| = 491.18
   Pass :  1   Iteration : 144  || r || = 0.0250165
||yp|| = 451.362
||xi|| = 410.085
||eta|| = 0.286911
||yp|| = 451.362
||yphi|| = 0.329127
||BtYp|| = 2.73892
||ru|| = 2.73984
||yu|| = 133.131
||GtYphi|| = 1.98103
||KtYu|| = 13.4114
||rj|| = 14.3066
||yj|| = 0.849189
||rphi|| = 0.00281966
||rp|| = 0.0731765
||y|| = 470.587
   Pass :  1   Iteration : 145  || r || = 0.0249623
||yp|| = 440.495
||xi|| = 400.216
||eta|| = 0.28415
||yp|| = 440.495
||yphi|| = 0.398745
||BtYp|| = 2.65951
||ru|| = 2.6608
||yu|| = 125.074
||GtYphi|| = 2.12203
||KtYu|| = 12.9319
||rj|| = 13.8016
||yj|| = 0.828315
||rphi|| = 0.00310306
||rp|| = 0.0703641
||y|| = 457.908
   Pass :  1   Iteration : 146  || r || = 0.0249423
||yp|| = 447.689
||xi|| = 406.778
||eta|| = 0.294173
||yp|| = 447.689
||yphi|| = 0.289551
||BtYp|| = 2.65744
||ru|| = 2.65835
||yu|| = 128.201
||GtYphi|| = 1.82352
||KtYu|| = 13.2026
||rj|| = 14.014
||yj|| = 0.848889
||rphi|| = 0.00222339
||rp|| = 0.073202
||y|| = 465.684
   Pass :  1   Iteration : 147  || r || = 0.0249379
||yp|| = 510.173
||xi|| = 463.553
||eta|| = 0.286845
||yp|| = 510.173
||yphi|| = 0.19604
||BtYp|| = 3.03196
||ru|| = 3.03368
||yu|| = 145.761
||GtYphi|| = 1.82438
||KtYu|| = 13.5129
||rj|| = 14.4053
||yj|| = 0.890091
||rphi|| = 0.00157684
||rp|| = 0.081931
||y|| = 530.588
   Pass :  1   Iteration : 148  || r || = 0.024936
||yp|| = 480.914
||xi|| = 436.924
||eta|| = 0.37974
||yp|| = 480.914
||yphi|| = 0.187361
||BtYp|| = 2.78
||ru|| = 2.78149
||yu|| = 141.192
||GtYphi|| = 1.91747
||KtYu|| = 13.1787
||rj|| = 14.0373
||yj|| = 0.816188
||rphi|| = 0.00163103
||rp|| = 0.0780542
||y|| = 501.213
   Pass :  1   Iteration : 149  || r || = 0.0249337
||yp|| = 461.103
||xi|| = 418.969
||eta|| = 0.312848
||yp|| = 461.103
||yphi|| = 0.181519
||BtYp|| = 2.68457
||ru|| = 2.68554
||yu|| = 128.811
||GtYphi|| = 1.69505
||KtYu|| = 12.3469
||rj|| = 13.1552
||yj|| = 0.797651
||rphi|| = 0.0014307
||rp|| = 0.0749469
||y|| = 478.758
   Pass :  1   Iteration : 150  || r || = 0.0249321
||yp|| = 507.648
||xi|| = 461.252
||eta|| = 0.324789
||yp|| = 507.648
||yphi|| = 0.226669
||BtYp|| = 3.14545
||ru|| = 3.14702
||yu|| = 147.988
||GtYphi|| = 1.92433
||KtYu|| = 13.9396
||rj|| = 14.8608
||yj|| = 0.892331
||rphi|| = 0.00184464
||rp|| = 0.0861635
||y|| = 528.78
   Pass :  1   Iteration : 151  || r || = 0.0249262
||yp|| = 499.621
||xi|| = 453.943
||eta|| = 0.263589
||yp|| = 499.621
||yphi|| = 0.267312
||BtYp|| = 2.70021
||ru|| = 2.70115
||yu|| = 136.879
||GtYphi|| = 1.91059
||KtYu|| = 12.3866
||rj|| = 13.2281
||yj|| = 0.76607
||rphi|| = 0.00195501
||rp|| = 0.0752535
||y|| = 518.033
   Pass :  1   Iteration : 152  || r || = 0.0249157
||yp|| = 508.274
||xi|| = 461.811
||eta|| = 0.325649
||yp|| = 508.274
||yphi|| = 0.335925
||BtYp|| = 2.85843
||ru|| = 2.85902
||yu|| = 141.628
||GtYphi|| = 1.8308
||KtYu|| = 13.1057
||rj|| = 13.8981
||yj|| = 0.833265
||rphi|| = 0.00238988
||rp|| = 0.0765908
||y|| = 527.638
   Pass :  1   Iteration : 153  || r || = 0.0248967
||yp|| = 498.786
||xi|| = 453.217
||eta|| = 0.293996
||yp|| = 498.786
||yphi|| = 0.286477
||BtYp|| = 2.80889
||ru|| = 2.81022
||yu|| = 139.506
||GtYphi|| = 1.83663
||KtYu|| = 13.3272
||rj|| = 14.1639
||yj|| = 0.854608
||rphi|| = 0.00208061
||rp|| = 0.0777797
||y|| = 517.929
   Pass :  1   Iteration : 154  || r || = 0.0248535
||yp|| = 504.116
||xi|| = 458.045
||eta|| = 0.249818
||yp|| = 504.116
||yphi|| = 0.402714
||BtYp|| = 2.80002
||ru|| = 2.80073
||yu|| = 131.547
||GtYphi|| = 2.10132
||KtYu|| = 12.8956
||rj|| = 13.768
||yj|| = 0.810423
||rphi|| = 0.00311762
||rp|| = 0.0732931
||y|| = 520.997
   Pass :  1   Iteration : 155  || r || = 0.0247727
||yp|| = 435.57
||xi|| = 395.744
||eta|| = 0.267745
||yp|| = 435.57
||yphi|| = 0.243767
||BtYp|| = 2.35505
||ru|| = 2.35631
||yu|| = 118.433
||GtYphi|| = 1.72542
||KtYu|| = 12.7676
||rj|| = 13.6033
||yj|| = 0.842993
||rphi|| = 0.00192825
||rp|| = 0.0633237
||y|| = 451.385
   Pass :  1   Iteration : 156  || r || = 0.0246024
||yp|| = 528.734
||xi|| = 480.421
||eta|| = 0.308961
||yp|| = 528.734
||yphi|| = 0.213906
||BtYp|| = 2.68529
||ru|| = 2.68606
||yu|| = 133.244
||GtYphi|| = 1.93931
||KtYu|| = 12.2556
||rj|| = 13.1415
||yj|| = 0.733633
||rphi|| = 0.00186543
||rp|| = 0.0699206
||y|| = 545.266
   Pass :  1   Iteration : 157  || r || = 0.0242337
||yp|| = 461.25
||xi|| = 419.083
||eta|| = 0.243018
||yp|| = 461.25
||yphi|| = 0.189481
||BtYp|| = 2.59777
||ru|| = 2.59939
||yu|| = 134.152
||GtYphi|| = 1.66105
||KtYu|| = 13.4158
||rj|| = 14.2625
||yj|| = 0.817771
||rphi|| = 0.00154773
||rp|| = 0.0710206
||y|| = 480.363
   Pass :  1   Iteration : 158  || r || = 0.0236224
||yp|| = 497.779
||xi|| = 452.301
||eta|| = 0.287301
||yp|| = 497.779
||yphi|| = 0.191819
||BtYp|| = 2.65549
||ru|| = 2.6562
||yu|| = 140.062
||GtYphi|| = 1.67894
||KtYu|| = 13.4196
||rj|| = 14.2155
||yj|| = 0.81284
||rphi|| = 0.00163625
||rp|| = 0.0720177
||y|| = 517.11
   Pass :  1   Iteration : 159  || r || = 0.0229698
||yp|| = 384.664
||xi|| = 349.468
||eta|| = 0.284661
||yp|| = 384.664
||yphi|| = 0.23946
||BtYp|| = 2.157
||ru|| = 2.15832
||yu|| = 116.782
||GtYphi|| = 1.8382
||KtYu|| = 12.1208
||rj|| = 12.9969
||yj|| = 0.736047
||rphi|| = 0.00188352
||rp|| = 0.0617685
||y|| = 402.001
   Pass :  1   Iteration : 160  || r || = 0.022283
||yp|| = 456.805
||xi|| = 415.034
||eta|| = 0.279389
||yp|| = 456.805
||yphi|| = 0.178852
||BtYp|| = 2.52226
||ru|| = 2.52301
||yu|| = 132.944
||GtYphi|| = 1.74841
||KtYu|| = 12.7006
||rj|| = 13.56
||yj|| = 0.80173
||rphi|| = 0.00146832
||rp|| = 0.0716097
||y|| = 475.757
   Pass :  1   Iteration : 161  || r || = 0.0217773
||yp|| = 477.367
||xi|| = 433.757
||eta|| = 0.297462
||yp|| = 477.367
||yphi|| = 0.270423
||BtYp|| = 2.82243
||ru|| = 2.82334
||yu|| = 138.821
||GtYphi|| = 1.8298
||KtYu|| = 12.8853
||rj|| = 13.7408
||yj|| = 0.8243
||rphi|| = 0.00206735
||rp|| = 0.076357
||y|| = 497.143
   Pass :  1   Iteration : 162  || r || = 0.0214587
||yp|| = 482.332
||xi|| = 438.26
||eta|| = 0.276194
||yp|| = 482.332
||yphi|| = 0.249575
||BtYp|| = 2.88505
||ru|| = 2.88614
||yu|| = 137.935
||GtYphi|| = 1.82131
||KtYu|| = 13.0212
||rj|| = 13.9315
||yj|| = 0.752059
||rphi|| = 0.00183517
||rp|| = 0.0775162
||y|| = 501.668
   Pass :  1   Iteration : 163  || r || = 0.0212444
||yp|| = 476.824
||xi|| = 433.246
||eta|| = 0.268246
||yp|| = 476.824
||yphi|| = 0.149197
||BtYp|| = 2.74211
||ru|| = 2.74414
||yu|| = 134.948
||GtYphi|| = 1.66117
||KtYu|| = 12.8932
||rj|| = 13.6867
||yj|| = 0.788024
||rphi|| = 0.0012986
||rp|| = 0.0755088
||y|| = 495.553
   Pass :  1   Iteration : 164  || r || = 0.0211318
||yp|| = 476.023
||xi|| = 432.473
||eta|| = 0.348013
||yp|| = 476.023
||yphi|| = 0.316712
||BtYp|| = 2.78958
||ru|| = 2.79129
||yu|| = 136.212
||GtYphi|| = 1.82788
||KtYu|| = 12.8965
||rj|| = 13.7838
||yj|| = 0.834462
||rphi|| = 0.00251402
||rp|| = 0.0759662
||y|| = 495.129
   Pass :  1   Iteration : 165  || r || = 0.0210821
||yp|| = 485.512
||xi|| = 441.135
||eta|| = 0.301286
||yp|| = 485.512
||yphi|| = 0.235342
||BtYp|| = 2.70034
||ru|| = 2.70119
||yu|| = 135.679
||GtYphi|| = 2.07828
||KtYu|| = 12.968
||rj|| = 13.8647
||yj|| = 0.794547
||rphi|| = 0.00195462
||rp|| = 0.0741189
||y|| = 504.115
   Pass :  1   Iteration : 166  || r || = 0.0210619
||yp|| = 490.263
||xi|| = 445.453
||eta|| = 0.288225
||yp|| = 490.263
||yphi|| = 0.160307
||BtYp|| = 2.94637
||ru|| = 2.94705
||yu|| = 142.533
||GtYphi|| = 1.6065
||KtYu|| = 12.9511
||rj|| = 13.7579
||yj|| = 0.817746
||rphi|| = 0.00119994
||rp|| = 0.0809164
||y|| = 510.563
   Pass :  1   Iteration : 167  || r || = 0.0210538
||yp|| = 572.461
||xi|| = 520.139
||eta|| = 0.371835
||yp|| = 572.461
||yphi|| = 0.289289
||BtYp|| = 3.36724
||ru|| = 3.3681
||yu|| = 154.546
||GtYphi|| = 1.91735
||KtYu|| = 13.1861
||rj|| = 14.0777
||yj|| = 0.800747
||rphi|| = 0.00254435
||rp|| = 0.0882338
||y|| = 592.956
   Pass :  1   Iteration : 168  || r || = 0.0210523
||yp|| = 554.785
||xi|| = 504.133
||eta|| = 0.446717
||yp|| = 554.785
||yphi|| = 0.336287
||BtYp|| = 3.41377
||ru|| = 3.41456
||yu|| = 159.112
||GtYphi|| = 2.05672
||KtYu|| = 13.5573
||rj|| = 14.3665
||yj|| = 0.847503
||rphi|| = 0.00246885
||rp|| = 0.0909645
||y|| = 577.152
   Pass :  1   Iteration : 169  || r || = 0.02105
||yp|| = 542.791
||xi|| = 493.174
||eta|| = 0.308602
||yp|| = 542.791
||yphi|| = 0.26996
||BtYp|| = 3.48756
||ru|| = 3.48908
||yu|| = 159.512
||GtYphi|| = 1.72626
||KtYu|| = 14.009
||rj|| = 14.8556
||yj|| = 0.893921
||rphi|| = 0.00207153
||rp|| = 0.0921906
||y|| = 565.745
   Pass :  1   Iteration : 170  || r || = 0.0210373
||yp|| = 475.193
||xi|| = 431.773
||eta|| = 0.323079
||yp|| = 475.193
||yphi|| = 0.318207
||BtYp|| = 2.88195
||ru|| = 2.88214
||yu|| = 129.339
||GtYphi|| = 2.09101
||KtYu|| = 11.1832
||rj|| = 11.9656
||yj|| = 0.689748
||rphi|| = 0.00286516
||rp|| = 0.0758525
||y|| = 492.481
   Pass :  1   Iteration : 171  || r || = 0.0210285
||yp|| = 466.998
||xi|| = 424.289
||eta|| = 0.365564
||yp|| = 466.998
||yphi|| = 0.185861
||BtYp|| = 2.86178
||ru|| = 2.86321
||yu|| = 143.578
||GtYphi|| = 1.53713
||KtYu|| = 13.9908
||rj|| = 14.8313
||yj|| = 0.91427
||rphi|| = 0.00140875
||rp|| = 0.0820304
||y|| = 488.572
   Pass :  1   Iteration : 172  || r || = 0.0210191
||yp|| = 475.514
||xi|| = 432.049
||eta|| = 0.265299
||yp|| = 475.514
||yphi|| = 0.271073
||BtYp|| = 2.74609
||ru|| = 2.74766
||yu|| = 130.374
||GtYphi|| = 2.03777
||KtYu|| = 12.4891
||rj|| = 13.3359
||yj|| = 0.807469
||rphi|| = 0.00234784
||rp|| = 0.0758752
||y|| = 493.063
   Pass :  1   Iteration : 173  || r || = 0.0210069
||yp|| = 497.146
||xi|| = 451.721
||eta|| = 0.341325
||yp|| = 497.146
||yphi|| = 0.25077
||BtYp|| = 3.13387
||ru|| = 3.13415
||yu|| = 144.022
||GtYphi|| = 1.97665
||KtYu|| = 12.2781
||rj|| = 13.1174
||yj|| = 0.786112
||rphi|| = 0.00194907
||rp|| = 0.0838837
||y|| = 517.588
   Pass :  1   Iteration : 174  || r || = 0.0209814
||yp|| = 440.828
||xi|| = 400.541
||eta|| = 0.299835
||yp|| = 440.828
||yphi|| = 0.255022
||BtYp|| = 2.69809
||ru|| = 2.70057
||yu|| = 131.438
||GtYphi|| = 1.77701
||KtYu|| = 13.6495
||rj|| = 14.5096
||yj|| = 0.881365
||rphi|| = 0.0020236
||rp|| = 0.0763087
||y|| = 460.007
   Pass :  1   Iteration : 175  || r || = 0.0209244
||yp|| = 470.595
||xi|| = 427.567
||eta|| = 0.279798
||yp|| = 470.595
||yphi|| = 0.342615
||BtYp|| = 2.83953
||ru|| = 2.84077
||yu|| = 130.343
||GtYphi|| = 2.19588
||KtYu|| = 12.1102
||rj|| = 13.018
||yj|| = 0.752327
||rphi|| = 0.00337309
||rp|| = 0.074963
||y|| = 488.313
   Pass :  1   Iteration : 176  || r || = 0.0207845
||yp|| = 522.587
||xi|| = 474.847
||eta|| = 0.299922
||yp|| = 522.587
||yphi|| = 0.176657
||BtYp|| = 3.27188
||ru|| = 3.27243
||yu|| = 148.978
||GtYphi|| = 1.67995
||KtYu|| = 13.434
||rj|| = 14.2339
||yj|| = 0.863895
||rphi|| = 0.00149649
||rp|| = 0.0867197
||y|| = 543.408
   Pass :  1   Iteration : 177  || r || = 0.0205005
||yp|| = 544.106
||xi|| = 494.387
||eta|| = 0.317421
||yp|| = 544.106
||yphi|| = 0.180121
||BtYp|| = 3.57513
||ru|| = 3.57553
||yu|| = 169.042
||GtYphi|| = 1.62183
||KtYu|| = 13.9626
||rj|| = 14.7012
||yj|| = 0.903016
||rphi|| = 0.0016379
||rp|| = 0.0991437
||y|| = 569.76
   Pass :  1   Iteration : 178  || r || = 0.020024
||yp|| = 488.339
||xi|| = 443.706
||eta|| = 0.298251
||yp|| = 488.339
||yphi|| = 0.183317
||BtYp|| = 3.15097
||ru|| = 3.15043
||yu|| = 138.676
||GtYphi|| = 1.77068
||KtYu|| = 11.9422
||rj|| = 12.7293
||yj|| = 0.745106
||rphi|| = 0.00144424
||rp|| = 0.0827268
||y|| = 507.648
   Pass :  1   Iteration : 179  || r || = 0.0193619
||yp|| = 524.919
||xi|| = 476.968
||eta|| = 0.295687
||yp|| = 524.919
||yphi|| = 0.144716
||BtYp|| = 3.3627
||ru|| = 3.36392
||yu|| = 152.313
||GtYphi|| = 1.51416
||KtYu|| = 13.4183
||rj|| = 14.2363
||yj|| = 0.850348
||rphi|| = 0.00126458
||rp|| = 0.0896438
||y|| = 546.571
   Pass :  1   Iteration : 180  || r || = 0.0185539
||yp|| = 523.936
||xi|| = 476.076
||eta|| = 0.284875
||yp|| = 523.936
||yphi|| = 0.41371
||BtYp|| = 3.35469
||ru|| = 3.35512
||yu|| = 151.438
||GtYphi|| = 1.91159
||KtYu|| = 12.1611
||rj|| = 13.0059
||yj|| = 0.756098
||rphi|| = 0.00338957
||rp|| = 0.0878629
||y|| = 545.384
   Pass :  1   Iteration : 181  || r || = 0.0179748
||yp|| = 564.264
||xi|| = 512.741
||eta|| = 0.289072
||yp|| = 564.264
||yphi|| = 0.257001
||BtYp|| = 3.50139
||ru|| = 3.50177
||yu|| = 154.629
||GtYphi|| = 1.61837
||KtYu|| = 12.436
||rj|| = 13.1764
||yj|| = 0.779256
||rphi|| = 0.00209059
||rp|| = 0.0893421
||y|| = 585.068
   Pass :  1   Iteration : 182  || r || = 0.0177484
||yp|| = 555.102
||xi|| = 504.405
||eta|| = 0.283684
||yp|| = 555.102
||yphi|| = 0.233027
||BtYp|| = 3.61934
||ru|| = 3.62063
||yu|| = 163.476
||GtYphi|| = 1.6514
||KtYu|| = 13.8958
||rj|| = 14.7632
||yj|| = 0.907376
||rphi|| = 0.00198231
||rp|| = 0.0956608
||y|| = 578.674
   Pass :  1   Iteration : 183  || r || = 0.0176397
||yp|| = 542.808
||xi|| = 493.192
||eta|| = 0.438341
||yp|| = 542.808
||yphi|| = 0.208538
||BtYp|| = 3.2649
||ru|| = 3.26463
||yu|| = 152.092
||GtYphi|| = 2.06863
||KtYu|| = 12.5552
||rj|| = 13.3781
||yj|| = 0.755816
||rphi|| = 0.00173403
||rp|| = 0.0848417
||y|| = 563.713
   Pass :  1   Iteration : 184  || r || = 0.0175984
||yp|| = 619.519
||xi|| = 562.93
||eta|| = 0.49536
||yp|| = 619.519
||yphi|| = 0.326369
||BtYp|| = 3.89024
||ru|| = 3.89036
||yu|| = 179.409
||GtYphi|| = 2.1411
||KtYu|| = 14.0327
||rj|| = 14.843
||yj|| = 0.851825
||rphi|| = 0.00276649
||rp|| = 0.0985372
||y|| = 644.975
   Pass :  1   Iteration : 185  || r || = 0.0175757
||yp|| = 537.9
||xi|| = 488.753
||eta|| = 0.324499
||yp|| = 537.9
||yphi|| = 0.354335
||BtYp|| = 3.38133
||ru|| = 3.38156
||yu|| = 150.222
||GtYphi|| = 2.24124
||KtYu|| = 13.3959
||rj|| = 14.2807
||yj|| = 0.851009
||rphi|| = 0.00361889
||rp|| = 0.0856867
||y|| = 558.484
   Pass :  1   Iteration : 186  || r || = 0.0175659
||yp|| = 568.811
||xi|| = 516.82
||eta|| = 0.408365
||yp|| = 568.811
||yphi|| = 0.249938
||BtYp|| = 3.56073
||ru|| = 3.56117
||yu|| = 167.78
||GtYphi|| = 2.1514
||KtYu|| = 13.4193
||rj|| = 14.1793
||yj|| = 0.793381
||rphi|| = 0.00226415
||rp|| = 0.0924493
||y|| = 593.041
   Pass :  1   Iteration : 187  || r || = 0.0175604
||yp|| = 506.913
||xi|| = 460.581
||eta|| = 0.302457
||yp|| = 506.913
||yphi|| = 0.160808
||BtYp|| = 2.92884
||ru|| = 2.92994
||yu|| = 146.171
||GtYphi|| = 1.69357
||KtYu|| = 13.5086
||rj|| = 14.3036
||yj|| = 0.8798
||rphi|| = 0.0013289
||rp|| = 0.078249
||y|| = 527.567
   Pass :  1   Iteration : 188  || r || = 0.0175538
||yp|| = 420.475
||xi|| = 382.001
||eta|| = 0.320546
||yp|| = 420.475
||yphi|| = 0.175212
||BtYp|| = 2.34007
||ru|| = 2.341
||yu|| = 120.675
||GtYphi|| = 1.64263
||KtYu|| = 13.2884
||rj|| = 14.1168
||yj|| = 0.893868
||rphi|| = 0.00139427
||rp|| = 0.0650296
||y|| = 437.45
   Pass :  1   Iteration : 189  || r || = 0.0175445
||yp|| = 441.854
||xi|| = 401.453
||eta|| = 0.295172
||yp|| = 441.854
||yphi|| = 0.29353
||BtYp|| = 2.48665
||ru|| = 2.48776
||yu|| = 119.219
||GtYphi|| = 2.03982
||KtYu|| = 12.0179
||rj|| = 12.8311
||yj|| = 0.736997
||rphi|| = 0.002387
||rp|| = 0.0655014
||y|| = 457.656
   Pass :  1   Iteration : 190  || r || = 0.0175421
||yp|| = 403.468
||xi|| = 366.563
||eta|| = 0.303015
||yp|| = 403.468
||yphi|| = 0.288944
||BtYp|| = 2.22343
||ru|| = 2.22427
||yu|| = 115.983
||GtYphi|| = 2.04431
||KtYu|| = 13.7202
||rj|| = 14.628
||yj|| = 0.874096
||rphi|| = 0.00241494
||rp|| = 0.0649047
||y|| = 419.809
   Pass :  1   Iteration : 191  || r || = 0.01754
||yp|| = 546.13
||xi|| = 496.144
||eta|| = 0.371628
||yp|| = 546.13
||yphi|| = 0.226424
||BtYp|| = 3.01309
||ru|| = 3.01449
||yu|| = 157.947
||GtYphi|| = 1.99354
||KtYu|| = 13.5077
||rj|| = 14.3455
||yj|| = 0.86084
||rphi|| = 0.0019918
||rp|| = 0.0846669
||y|| = 568.512
   Pass :  1   Iteration : 192  || r || = 0.0175363
||yp|| = 487.478
||xi|| = 442.921
||eta|| = 0.385477
||yp|| = 487.478
||yphi|| = 0.35205
||BtYp|| = 2.86619
||ru|| = 2.86698
||yu|| = 144.229
||GtYphi|| = 2.1959
||KtYu|| = 13.237
||rj|| = 14.1257
||yj|| = 0.79384
||rphi|| = 0.00304497
||rp|| = 0.082094
||y|| = 508.367
   Pass :  1   Iteration : 193  || r || = 0.0175208
||yp|| = 470.179
||xi|| = 427.187
||eta|| = 0.288389
||yp|| = 470.179
||yphi|| = 0.357774
||BtYp|| = 2.88337
||ru|| = 2.88381
||yu|| = 135.737
||GtYphi|| = 1.97292
||KtYu|| = 13.2214
||rj|| = 14.0341
||yj|| = 0.864278
||rphi|| = 0.00299445
||rp|| = 0.0803841
||y|| = 489.381
   Pass :  1   Iteration : 194  || r || = 0.017495
||yp|| = 527.406
||xi|| = 479.193
||eta|| = 0.322525
||yp|| = 527.406
||yphi|| = 0.241607
||BtYp|| = 3.25096
||ru|| = 3.25188
||yu|| = 153.386
||GtYphi|| = 2.00456
||KtYu|| = 13.8764
||rj|| = 14.6847
||yj|| = 0.855497
||rphi|| = 0.00226849
||rp|| = 0.0895668
||y|| = 549.259
   Pass :  1   Iteration : 195  || r || = 0.0174539
||yp|| = 510.855
||xi|| = 464.107
||eta|| = 0.426518
||yp|| = 510.855
||yphi|| = 0.199815
||BtYp|| = 3.08284
||ru|| = 3.08267
||yu|| = 149.084
||GtYphi|| = 2.00376
||KtYu|| = 12.8033
||rj|| = 13.5939
||yj|| = 0.793573
||rphi|| = 0.00154251
||rp|| = 0.0858078
||y|| = 532.164
   Pass :  1   Iteration : 196  || r || = 0.0173894
||yp|| = 508.473
||xi|| = 461.907
||eta|| = 0.452707
||yp|| = 508.473
||yphi|| = 0.324869
||BtYp|| = 2.84985
||ru|| = 2.85092
||yu|| = 160.34
||GtYphi|| = 2.01705
||KtYu|| = 14.4944
||rj|| = 15.2687
||yj|| = 0.961968
||rphi|| = 0.00249762
||rp|| = 0.0925335
||y|| = 533.156
   Pass :  1   Iteration : 197  || r || = 0.0172064
||yp|| = 534.635
||xi|| = 485.723
||eta|| = 0.313403
||yp|| = 534.635
||yphi|| = 0.231756
||BtYp|| = 3.23553
||ru|| = 3.23645
||yu|| = 166.578
||GtYphi|| = 2.0718
||KtYu|| = 13.9472
||rj|| = 14.808
||yj|| = 0.894017
||rphi|| = 0.00189182
||rp|| = 0.101849
||y|| = 559.985
   Pass :  1   Iteration : 198  || r || = 0.0167118
||yp|| = 449.571
||xi|| = 408.456
||eta|| = 0.310043
||yp|| = 449.571
||yphi|| = 0.202808
||BtYp|| = 2.62784
||ru|| = 2.62879
||yu|| = 129.091
||GtYphi|| = 1.93372
||KtYu|| = 12.1261
||rj|| = 12.8894
||yj|| = 0.810307
||rphi|| = 0.00184125
||rp|| = 0.0800258
||y|| = 467.739
   Pass :  1   Iteration : 199  || r || = 0.0160496
||yp|| = 427.947
||xi|| = 388.732
||eta|| = 0.296525
||yp|| = 427.947
||yphi|| = 0.188292
||BtYp|| = 2.6608
||ru|| = 2.66214
||yu|| = 149.155
||GtYphi|| = 1.62548
||KtYu|| = 13.2079
||rj|| = 14.0202
||yj|| = 0.916134
||rphi|| = 0.00166879
||rp|| = 0.0912019
||y|| = 453.196
   Pass :  1   Iteration : 200  || r || = 0.0150715
||yp|| = 490.797
||xi|| = 445.822
||eta|| = 0.36745
||yp|| = 490.797
||yphi|| = 0.163505
||BtYp|| = 2.85987
||ru|| = 2.86209
||yu|| = 163.436
||GtYphi|| = 1.59931
||KtYu|| = 12.8835
||rj|| = 13.6349
||yj|| = 0.808242
||rphi|| = 0.00131818
||rp|| = 0.0903473
||y|| = 517.295
   Pass :  1   Iteration : 201  || r || = 0.0143833
||yp|| = 426.571
||xi|| = 387.427
||eta|| = 0.398733
||yp|| = 426.571
||yphi|| = 0.189812
||BtYp|| = 2.40904
||ru|| = 2.40919
||yu|| = 145.349
||GtYphi|| = 1.93709
||KtYu|| = 12.0515
||rj|| = 12.8881
||yj|| = 0.770375
||rphi|| = 0.00150331
||rp|| = 0.0826061
||y|| = 450.655
   Pass :  1   Iteration : 202  || r || = 0.0140465
||yp|| = 495.937
||xi|| = 450.513
||eta|| = 0.344714
||yp|| = 495.937
||yphi|| = 0.185344
||BtYp|| = 3.15867
||ru|| = 3.15965
||yu|| = 172.234
||GtYphi|| = 1.70713
||KtYu|| = 13.9005
||rj|| = 14.7714
||yj|| = 0.893412
||rphi|| = 0.00159227
||rp|| = 0.106673
||y|| = 524.994
   Pass :  1   Iteration : 203  || r || = 0.013809
||yp|| = 437.38
||xi|| = 397.34
||eta|| = 0.33432
||yp|| = 437.38
||yphi|| = 0.248864
||BtYp|| = 2.67946
||ru|| = 2.6808
||yu|| = 151.589
||GtYphi|| = 2.11529
||KtYu|| = 11.7927
||rj|| = 12.5334
||yj|| = 0.72951
||rphi|| = 0.00210287
||rp|| = 0.0889132
||y|| = 462.905
   Pass :  1   Iteration : 204  || r || = 0.0137122
||yp|| = 392.365
||xi|| = 356.435
||eta|| = 0.301469
||yp|| = 392.365
||yphi|| = 0.171596
||BtYp|| = 2.46749
||ru|| = 2.46897
||yu|| = 133.265
||GtYphi|| = 1.61327
||KtYu|| = 13.4776
||rj|| = 14.3019
||yj|| = 0.930375
||rphi|| = 0.00160685
||rp|| = 0.082364
||y|| = 414.381
   Pass :  1   Iteration : 205  || r || = 0.0136418
||yp|| = 361.784
||xi|| = 328.579
||eta|| = 0.454542
||yp|| = 361.784
||yphi|| = 0.239969
||BtYp|| = 2.16213
||ru|| = 2.16411
||yu|| = 126.356
||GtYphi|| = 1.83502
||KtYu|| = 12.5097
||rj|| = 13.3201
||yj|| = 0.847994
||rphi|| = 0.00221554
||rp|| = 0.0748109
||y|| = 383.215
   Pass :  1   Iteration : 206  || r || = 0.0136101
||yp|| = 416.111
||xi|| = 377.953
||eta|| = 0.435233
||yp|| = 416.111
||yphi|| = 0.16454
||BtYp|| = 2.37292
||ru|| = 2.37371
||yu|| = 139.409
||GtYphi|| = 1.79304
||KtYu|| = 12.2268
||rj|| = 12.935
||yj|| = 0.798519
||rphi|| = 0.00155681
||rp|| = 0.0820851
||y|| = 438.844
   Pass :  1   Iteration : 207  || r || = 0.013599
||yp|| = 443.173
||xi|| = 402.571
||eta|| = 0.309006
||yp|| = 443.173
||yphi|| = 0.195167
||BtYp|| = 2.85107
||ru|| = 2.85242
||yu|| = 158.865
||GtYphi|| = 1.78184
||KtYu|| = 14.4243
||rj|| = 15.2919
||yj|| = 0.967669
||rphi|| = 0.00149496
||rp|| = 0.0997009
||y|| = 470.788
   Pass :  1   Iteration : 208  || r || = 0.0135898
||yp|| = 469.638
||xi|| = 426.667
||eta|| = 0.323651
||yp|| = 469.638
||yphi|| = 0.266836
||BtYp|| = 2.92178
||ru|| = 2.92237
||yu|| = 136.688
||GtYphi|| = 2.1781
||KtYu|| = 12.3451
||rj|| = 13.1983
||yj|| = 0.790772
||rphi|| = 0.00181918
||rp|| = 0.0878527
||y|| = 489.126
   Pass :  1   Iteration : 209  || r || = 0.0135841
||yp|| = 463.775
||xi|| = 421.331
||eta|| = 0.387874
||yp|| = 463.775
||yphi|| = 0.209443
||BtYp|| = 2.76645
||ru|| = 2.76736
||yu|| = 140.378
||GtYphi|| = 2.07471
||KtYu|| = 13.5263
||rj|| = 14.3411
||yj|| = 0.868151
||rphi|| = 0.001823
||rp|| = 0.083487
||y|| = 484.556
   Pass :  1   Iteration : 210  || r || = 0.0135778
||yp|| = 500.925
||xi|| = 455.06
||eta|| = 0.394858
||yp|| = 500.925
||yphi|| = 0.24077
||BtYp|| = 3.12863
||ru|| = 3.12816
||yu|| = 158.874
||GtYphi|| = 1.98995
||KtYu|| = 14.2835
||rj|| = 15.1209
||yj|| = 0.946629
||rphi|| = 0.0019076
||rp|| = 0.094216
||y|| = 525.517
   Pass :  1   Iteration : 211  || r || = 0.0135736
||yp|| = 419.338
||xi|| = 380.902
||eta|| = 0.462852
||yp|| = 419.338
||yphi|| = 0.227989
||BtYp|| = 2.5232
||ru|| = 2.52484
||yu|| = 129.449
||GtYphi|| = 2.1136
||KtYu|| = 12.1842
||rj|| = 13.0018
||yj|| = 0.762029
||rphi|| = 0.00198169
||rp|| = 0.0771522
||y|| = 438.865
   Pass :  1   Iteration : 212  || r || = 0.0135721
||yp|| = 461.254
||xi|| = 419.049
||eta|| = 0.297543
||yp|| = 461.254
||yphi|| = 0.238417
||BtYp|| = 2.72215
||ru|| = 2.72162
||yu|| = 133.234
||GtYphi|| = 1.77457
||KtYu|| = 13.5317
||rj|| = 14.3638
||yj|| = 0.866848
||rphi|| = 0.00201652
||rp|| = 0.0827695
||y|| = 480.112
   Pass :  1   Iteration : 213  || r || = 0.0135632
||yp|| = 473.84
||xi|| = 430.514
||eta|| = 0.38846
||yp|| = 473.84
||yphi|| = 0.242133
||BtYp|| = 2.95958
||ru|| = 2.96118
||yu|| = 148.646
||GtYphi|| = 1.93539
||KtYu|| = 13.846
||rj|| = 14.6326
||yj|| = 0.930865
||rphi|| = 0.00191755
||rp|| = 0.0862832
||y|| = 496.61
   Pass :  1   Iteration : 214  || r || = 0.01352
||yp|| = 494.432
||xi|| = 449.239
||eta|| = 0.311194
||yp|| = 494.432
||yphi|| = 0.173035
||BtYp|| = 2.81654
||ru|| = 2.81757
||yu|| = 127.513
||GtYphi|| = 1.87564
||KtYu|| = 12.3619
||rj|| = 13.1508
||yj|| = 0.75913
||rphi|| = 0.00137132
||rp|| = 0.0748188
||y|| = 510.611
   Pass :  1   Iteration : 215  || r || = 0.0134361
||yp|| = 478.632
||xi|| = 434.82
||eta|| = 0.35217
||yp|| = 478.632
||yphi|| = 0.214007
||BtYp|| = 2.78174
||ru|| = 2.78378
||yu|| = 145.164
||GtYphi|| = 1.76474
||KtYu|| = 14.6542
||rj|| = 15.4916
||yj|| = 0.948483
||rphi|| = 0.00179069
||rp|| = 0.0817573
||y|| = 500.162
   Pass :  1   Iteration : 216  || r || = 0.0132301
||yp|| = 501.781
||xi|| = 455.908
||eta|| = 0.34522
||yp|| = 501.781
||yphi|| = 0.22427
||BtYp|| = 2.61468
||ru|| = 2.61633
||yu|| = 134.011
||GtYphi|| = 1.89166
||KtYu|| = 13.0534
||rj|| = 13.9164
||yj|| = 0.817273
||rphi|| = 0.00184743
||rp|| = 0.0748824
||y|| = 519.369
   Pass :  1   Iteration : 217  || r || = 0.0126818
||yp|| = 418.877
||xi|| = 380.566
||eta|| = 0.293423
||yp|| = 418.877
||yphi|| = 0.187889
||BtYp|| = 2.30554
||ru|| = 2.30642
||yu|| = 119.495
||GtYphi|| = 1.75069
||KtYu|| = 12.8971
||rj|| = 13.6701
||yj|| = 0.82539
||rphi|| = 0.00158591
||rp|| = 0.0652166
||y|| = 435.589
   Pass :  1   Iteration : 218  || r || = 0.01205
||yp|| = 460.107
||xi|| = 418.042
||eta|| = 0.28775
||yp|| = 460.107
||yphi|| = 0.198233
||BtYp|| = 2.3134
||ru|| = 2.31487
||yu|| = 123.745
||GtYphi|| = 1.5065
||KtYu|| = 12.8887
||rj|| = 13.6771
||yj|| = 0.83802
||rphi|| = 0.00157199
||rp|| = 0.0664438
||y|| = 476.458
   Pass :  1   Iteration : 219  || r || = 0.0113671
||yp|| = 473.865
||xi|| = 430.55
||eta|| = 0.278232
||yp|| = 473.865
||yphi|| = 0.193772
||BtYp|| = 2.59069
||ru|| = 2.59194
||yu|| = 125.315
||GtYphi|| = 1.7301
||KtYu|| = 13.2943
||rj|| = 14.1387
||yj|| = 0.787708
||rphi|| = 0.00158896
||rp|| = 0.0680764
||y|| = 490.156
   Pass :  1   Iteration : 220  || r || = 0.0104863
||yp|| = 476.389
||xi|| = 432.828
||eta|| = 0.341241
||yp|| = 476.389
||yphi|| = 0.183344
||BtYp|| = 2.61274
||ru|| = 2.61354
||yu|| = 136.494
||GtYphi|| = 1.80979
||KtYu|| = 12.6367
||rj|| = 13.3898
||yj|| = 0.737886
||rphi|| = 0.00133151
||rp|| = 0.0722573
||y|| = 495.558
   Pass :  1   Iteration : 221  || r || = 0.00997074
||yp|| = 468.436
||xi|| = 425.62
||eta|| = 0.270808
||yp|| = 468.436
||yphi|| = 0.28076
||BtYp|| = 2.55445
||ru|| = 2.55559
||yu|| = 131.428
||GtYphi|| = 1.98603
||KtYu|| = 13.3087
||rj|| = 14.1911
||yj|| = 0.840109
||rphi|| = 0.00233554
||rp|| = 0.0707718
||y|| = 486.524
   Pass :  1   Iteration : 222  || r || = 0.00965449
||yp|| = 466.81
||xi|| = 424.102
||eta|| = 0.32061
||yp|| = 466.81
||yphi|| = 0.210202
||BtYp|| = 2.67568
||ru|| = 2.67679
||yu|| = 140.383
||GtYphi|| = 1.64652
||KtYu|| = 13.2068
||rj|| = 14.0212
||yj|| = 0.810089
||rphi|| = 0.00166859
||rp|| = 0.0761177
||y|| = 487.462
   Pass :  1   Iteration : 223  || r || = 0.0094177
||yp|| = 443.094
||xi|| = 402.541
||eta|| = 0.327668
||yp|| = 443.094
||yphi|| = 0.307888
||BtYp|| = 2.33892
||ru|| = 2.34112
||yu|| = 127.241
||GtYphi|| = 1.87315
||KtYu|| = 12.1862
||rj|| = 12.9021
||yj|| = 0.808903
||rphi|| = 0.00250985
||rp|| = 0.0691093
||y|| = 461.002
   Pass :  1   Iteration : 224  || r || = 0.00935214
||yp|| = 480.741
||xi|| = 436.765
||eta|| = 0.328551
||yp|| = 480.741
||yphi|| = 0.161251
||BtYp|| = 2.7777
||ru|| = 2.77934
||yu|| = 146.549
||GtYphi|| = 1.64387
||KtYu|| = 14.6783
||rj|| = 15.4927
||yj|| = 1.00228
||rphi|| = 0.00137816
||rp|| = 0.0812798
||y|| = 502.583
   Pass :  1   Iteration : 225  || r || = 0.00932517
||yp|| = 445.439
||xi|| = 404.677
||eta|| = 0.362879
||yp|| = 445.439
||yphi|| = 0.249441
||BtYp|| = 2.49132
||ru|| = 2.49039
||yu|| = 130.401
||GtYphi|| = 2.07096
||KtYu|| = 13.1615
||rj|| = 13.957
||yj|| = 0.812876
||rphi|| = 0.0020979
||rp|| = 0.0720438
||y|| = 464.135
   Pass :  1   Iteration : 226  || r || = 0.00931652
||yp|| = 418.438
||xi|| = 380.125
||eta|| = 0.305276
||yp|| = 418.438
||yphi|| = 0.413573
||BtYp|| = 2.48934
||ru|| = 2.49129
||yu|| = 125.303
||GtYphi|| = 2.25563
||KtYu|| = 12.7571
||rj|| = 13.6874
||yj|| = 0.827103
||rphi|| = 0.00324228
||rp|| = 0.0711662
||y|| = 436.798
   Pass :  1   Iteration : 227  || r || = 0.00931017
||yp|| = 518.692
||xi|| = 471.226
||eta|| = 0.33936
||yp|| = 518.692
||yphi|| = 0.20046
||BtYp|| = 2.99774
||ru|| = 2.99713
||yu|| = 157.634
||GtYphi|| = 1.80111
||KtYu|| = 14.4928
||rj|| = 15.299
||yj|| = 0.971142
||rphi|| = 0.00157912
||rp|| = 0.0866017
||y|| = 542.117
   Pass :  1   Iteration : 228  || r || = 0.0093079
||yp|| = 445.019
||xi|| = 404.31
||eta|| = 0.3698
||yp|| = 445.019
||yphi|| = 0.21361
||BtYp|| = 2.63404
||ru|| = 2.63687
||yu|| = 137.416
||GtYphi|| = 1.91104
||KtYu|| = 13.6596
||rj|| = 14.4312
||yj|| = 0.833883
||rphi|| = 0.00163839
||rp|| = 0.077264
||y|| = 465.753
   Pass :  1   Iteration : 229  || r || = 0.0093064
||yp|| = 424.444
||xi|| = 385.598
||eta|| = 0.30663
||yp|| = 424.444
||yphi|| = 0.339999
||BtYp|| = 2.4327
||ru|| = 2.43445
||yu|| = 130.765
||GtYphi|| = 1.97901
||KtYu|| = 13.7203
||rj|| = 14.5957
||yj|| = 0.918002
||rphi|| = 0.0026091
||rp|| = 0.0770421
||y|| = 444.132
   Pass :  1   Iteration : 230  || r || = 0.00930527
||yp|| = 420.929
||xi|| = 382.4
||eta|| = 0.430927
||yp|| = 420.929
||yphi|| = 0.207977
||BtYp|| = 2.31639
||ru|| = 2.31582
||yu|| = 129.636
||GtYphi|| = 1.8152
||KtYu|| = 13.9004
||rj|| = 14.6481
||yj|| = 0.921898
||rphi|| = 0.00174484
||rp|| = 0.0728262
||y|| = 440.44
   Pass :  1   Iteration : 231  || r || = 0.00930154
||yp|| = 411.536
||xi|| = 373.84
||eta|| = 0.447291
||yp|| = 411.536
||yphi|| = 0.297922
||BtYp|| = 2.28119
||ru|| = 2.28442
||yu|| = 124.548
||GtYphi|| = 2.054
||KtYu|| = 13.0638
||rj|| = 13.9203
||yj|| = 0.829546
||rphi|| = 0.00213087
||rp|| = 0.0677355
||y|| = 429.971
   Pass :  1   Iteration : 232  || r || = 0.00929299
||yp|| = 420.614
||xi|| = 382.124
||eta|| = 0.378423
||yp|| = 420.614
||yphi|| = 0.352334
||BtYp|| = 2.26097
||ru|| = 2.26214
||yu|| = 126.832
||GtYphi|| = 1.94835
||KtYu|| = 13.9472
||rj|| = 14.7904
||yj|| = 0.996566
||rphi|| = 0.00278066
||rp|| = 0.0714004
||y|| = 439.322
   Pass :  1   Iteration : 233  || r || = 0.00927557
||yp|| = 410.009
||xi|| = 372.453
||eta|| = 0.397419
||yp|| = 410.009
||yphi|| = 0.240439
||BtYp|| = 2.21637
||ru|| = 2.21734
||yu|| = 130.449
||GtYphi|| = 1.84054
||KtYu|| = 13.1007
||rj|| = 13.7879
||yj|| = 0.842615
||rphi|| = 0.00202161
||rp|| = 0.0696528
||y|| = 430.262
   Pass :  1   Iteration : 234  || r || = 0.00923892
||yp|| = 436.524
||xi|| = 396.582
||eta|| = 0.291004
||yp|| = 436.524
||yphi|| = 0.181584
||BtYp|| = 2.43414
||ru|| = 2.43498
||yu|| = 128.076
||GtYphi|| = 1.73123
||KtYu|| = 13.9762
||rj|| = 14.8715
||yj|| = 0.915826
||rphi|| = 0.00144795
||rp|| = 0.0731279
||y|| = 454.926
   Pass :  1   Iteration : 235  || r || = 0.00914337
||yp|| = 448.074
||xi|| = 407.08
||eta|| = 0.341441
||yp|| = 448.074
||yphi|| = 0.318259
||BtYp|| = 2.43245
||ru|| = 2.43551
||yu|| = 125.755
||GtYphi|| = 1.83656
||KtYu|| = 13.0166
||rj|| = 13.8053
||yj|| = 0.875506
||rphi|| = 0.00248365
||rp|| = 0.0691961
||y|| = 465.387
   Pass :  1   Iteration : 236  || r || = 0.00895797
||yp|| = 428.683
||xi|| = 389.425
||eta|| = 0.350209
||yp|| = 428.683
||yphi|| = 0.258962
||BtYp|| = 2.16858
||ru|| = 2.17052
||yu|| = 117.276
||GtYphi|| = 2.10849
||KtYu|| = 12.3553
||rj|| = 13.2445
||yj|| = 0.749118
||rphi|| = 0.00201288
||rp|| = 0.0626525
||y|| = 444.436
   Pass :  1   Iteration : 237  || r || = 0.00862342
||yp|| = 437.389
||xi|| = 397.352
||eta|| = 0.359658
||yp|| = 437.389
||yphi|| = 0.332626
||BtYp|| = 2.43187
||ru|| = 2.43324
||yu|| = 128.757
||GtYphi|| = 2.03828
||KtYu|| = 13.538
||rj|| = 14.3947
||yj|| = 0.911271
||rphi|| = 0.00270147
||rp|| = 0.0727423
||y|| = 455.948
   Pass :  1   Iteration : 238  || r || = 0.00807466
||yp|| = 484.492
||xi|| = 440.168
||eta|| = 0.322681
||yp|| = 484.492
||yphi|| = 0.231735
||BtYp|| = 2.91027
||ru|| = 2.91137
||yu|| = 146.325
||GtYphi|| = 1.91997
||KtYu|| = 13.0966
||rj|| = 13.9154
||yj|| = 0.846269
||rphi|| = 0.00198148
||rp|| = 0.0838513
||y|| = 506.107
   Pass :  1   Iteration : 239  || r || = 0.00742998
||yp|| = 468.526
||xi|| = 425.671
||eta|| = 0.299434
||yp|| = 468.526
||yphi|| = 0.279482
||BtYp|| = 2.5406
||ru|| = 2.54151
||yu|| = 138.293
||GtYphi|| = 1.94849
||KtYu|| = 12.5515
||rj|| = 13.3837
||yj|| = 0.697532
||rphi|| = 0.00249926
||rp|| = 0.0738008
||y|| = 488.51
   Pass :  1   Iteration : 240  || r || = 0.00699777
||yp|| = 416.998
||xi|| = 378.789
||eta|| = 0.288778
||yp|| = 416.998
||yphi|| = 0.193691
||BtYp|| = 2.22274
||ru|| = 2.22439
||yu|| = 129.48
||GtYphi|| = 1.6966
||KtYu|| = 13.212
||rj|| = 14.0261
||yj|| = 0.850908
||rphi|| = 0.00156484
||rp|| = 0.070664
||y|| = 436.639
   Pass :  1   Iteration : 241  || r || = 0.00672003
||yp|| = 442.379
||xi|| = 401.901
||eta|| = 0.323652
||yp|| = 442.379
||yphi|| = 0.183432
||BtYp|| = 2.43593
||ru|| = 2.43735
||yu|| = 129.525
||GtYphi|| = 1.7393
||KtYu|| = 13.2128
||rj|| = 14.0418
||yj|| = 0.861826
||rphi|| = 0.00142036
||rp|| = 0.07404
||y|| = 460.953
   Pass :  1   Iteration : 242  || r || = 0.00662365
||yp|| = 457.593
||xi|| = 415.713
||eta|| = 0.306586
||yp|| = 457.593
||yphi|| = 0.218727
||BtYp|| = 2.3562
||ru|| = 2.35702
||yu|| = 125.785
||GtYphi|| = 2.09373
||KtYu|| = 12.5457
||rj|| = 13.4293
||yj|| = 0.753308
||rphi|| = 0.00169702
||rp|| = 0.0703402
||y|| = 474.567
   Pass :  1   Iteration : 243  || r || = 0.00657221
||yp|| = 474.029
||xi|| = 430.66
||eta|| = 0.324165
||yp|| = 474.029
||yphi|| = 0.304689
||BtYp|| = 2.85175
||ru|| = 2.85327
||yu|| = 144.718
||GtYphi|| = 1.67917
||KtYu|| = 14.7639
||rj|| = 15.5225
||yj|| = 0.98646
||rphi|| = 0.00241656
||rp|| = 0.0831686
||y|| = 495.629
   Pass :  1   Iteration : 244  || r || = 0.00654263
||yp|| = 407.339
||xi|| = 370.066
||eta|| = 0.352039
||yp|| = 407.339
||yphi|| = 0.229152
||BtYp|| = 2.20042
||ru|| = 2.20209
||yu|| = 119.451
||GtYphi|| = 1.90403
||KtYu|| = 12.9074
||rj|| = 13.6372
||yj|| = 0.848186
||rphi|| = 0.00182954
||rp|| = 0.0654989
||y|| = 424.493
   Pass :  1   Iteration : 245  || r || = 0.00653824
||yp|| = 494.744
||xi|| = 449.497
||eta|| = 0.359354
||yp|| = 494.744
||yphi|| = 0.304686
||BtYp|| = 2.67933
||ru|| = 2.68059
||yu|| = 134.217
||GtYphi|| = 2.04585
||KtYu|| = 13.3718
||rj|| = 14.2585
||yj|| = 0.853213
||rphi|| = 0.0023215
||rp|| = 0.0745333
||y|| = 512.627
   Pass :  1   Iteration : 246  || r || = 0.0065347
||yp|| = 477.391
||xi|| = 433.695
||eta|| = 0.40854
||yp|| = 477.391
||yphi|| = 0.265253
||BtYp|| = 2.81921
||ru|| = 2.82008
||yu|| = 150.499
||GtYphi|| = 1.88119
||KtYu|| = 14.0273
||rj|| = 14.8236
||yj|| = 0.942316
||rphi|| = 0.00228823
||rp|| = 0.083024
||y|| = 500.553
   Pass :  1   Iteration : 247  || r || = 0.00653221
||yp|| = 460.963
||xi|| = 418.794
||eta|| = 0.350159
||yp|| = 460.963
||yphi|| = 0.291323
||BtYp|| = 2.49045
||ru|| = 2.49202
||yu|| = 129.323
||GtYphi|| = 1.85487
||KtYu|| = 13.0294
||rj|| = 13.8214
||yj|| = 0.837868
||rphi|| = 0.00249149
||rp|| = 0.0705321
||y|| = 478.761
   Pass :  1   Iteration : 248  || r || = 0.00653144
||yp|| = 479.693
||xi|| = 435.826
||eta|| = 0.313182
||yp|| = 479.693
||yphi|| = 0.354578
||BtYp|| = 2.65358
||ru|| = 2.65489
||yu|| = 138.312
||GtYphi|| = 2.07933
||KtYu|| = 13.0839
||rj|| = 13.8725
||yj|| = 0.875494
||rphi|| = 0.00285565
||rp|| = 0.0759494
||y|| = 499.236
   Pass :  1   Iteration : 249  || r || = 0.00652965
||yp|| = 448.648
||xi|| = 407.621
||eta|| = 0.303791
||yp|| = 448.648
||yphi|| = 0.215918
||BtYp|| = 2.51437
||ru|| = 2.5156
||yu|| = 126.376
||GtYphi|| = 1.86745
||KtYu|| = 13.5332
||rj|| = 14.386
||yj|| = 0.925471
||rphi|| = 0.0018428
||rp|| = 0.0718618
||y|| = 466.108
   Pass :  1   Iteration : 250  || r || = 0.0065283
||yp|| = 514.752
||xi|| = 467.687
||eta|| = 0.289786
||yp|| = 514.752
||yphi|| = 0.282456
||BtYp|| = 3.05468
||ru|| = 3.05585
||yu|| = 142.879
||GtYphi|| = 1.97315
||KtYu|| = 12.8825
||rj|| = 13.7025
||yj|| = 0.803793
||rphi|| = 0.00210849
||rp|| = 0.0822948
||y|| = 534.214
   Pass :  1   Iteration : 251  || r || = 0.00652643
||yp|| = 460.169
||xi|| = 418.1
||eta|| = 0.256158
||yp|| = 460.169
||yphi|| = 0.41098
||BtYp|| = 2.73
||ru|| = 2.73157
||yu|| = 127.371
||GtYphi|| = 2.23056
||KtYu|| = 13.6784
||rj|| = 14.5185
||yj|| = 0.911229
||rphi|| = 0.00327978
||rp|| = 0.0715317
||y|| = 477.472
   Pass :  1   Iteration : 252  || r || = 0.0065193
||yp|| = 509.594
||xi|| = 463
||eta|| = 0.404094
||yp|| = 509.594
||yphi|| = 0.247753
||BtYp|| = 2.75925
||ru|| = 2.76098
||yu|| = 144.795
||GtYphi|| = 1.92241
||KtYu|| = 13.8966
||rj|| = 14.7086
||yj|| = 0.906322
||rphi|| = 0.0018454
||rp|| = 0.0752904
||y|| = 529.767
   Pass :  1   Iteration : 253  || r || = 0.00650951
||yp|| = 514.392
||xi|| = 467.364
||eta|| = 0.387549
||yp|| = 514.392
||yphi|| = 0.246553
||BtYp|| = 2.95671
||ru|| = 2.95753
||yu|| = 141.249
||GtYphi|| = 2.04441
||KtYu|| = 13.2307
||rj|| = 14.0649
||yj|| = 0.838231
||rphi|| = 0.0020214
||rp|| = 0.078402
||y|| = 533.434
   Pass :  1   Iteration : 254  || r || = 0.00649573
||yp|| = 501.26
||xi|| = 455.433
||eta|| = 0.28225
||yp|| = 501.26
||yphi|| = 0.385772
||BtYp|| = 2.97568
||ru|| = 2.97695
||yu|| = 153.042
||GtYphi|| = 2.05991
||KtYu|| = 14.6174
||rj|| = 15.4814
||yj|| = 1.01499
||rphi|| = 0.0030146
||rp|| = 0.0836981
||y|| = 524.103
   Pass :  1   Iteration : 255  || r || = 0.00645472
||yp|| = 436.175
||xi|| = 396.283
||eta|| = 0.408155
||yp|| = 436.175
||yphi|| = 0.324216
||BtYp|| = 2.32265
||ru|| = 2.3223
||yu|| = 125.011
||GtYphi|| = 2.33614
||KtYu|| = 13.0855
||rj|| = 13.9223
||yj|| = 0.807486
||rphi|| = 0.00256672
||rp|| = 0.0663727
||y|| = 453.737
   Pass :  1   Iteration : 256  || r || = 0.00638935
||yp|| = 485.991
||xi|| = 441.564
||eta|| = 0.313531
||yp|| = 485.991
||yphi|| = 0.353855
||BtYp|| = 2.83132
||ru|| = 2.83345
||yu|| = 141.115
||GtYphi|| = 2.11132
||KtYu|| = 13.5757
||rj|| = 14.4095
||yj|| = 0.874257
||rphi|| = 0.00309571
||rp|| = 0.0786631
||y|| = 506.065
   Pass :  1   Iteration : 257  || r || = 0.00628045
||yp|| = 491.992
||xi|| = 447.011
||eta|| = 0.395724
||yp|| = 491.992
||yphi|| = 0.272497
||BtYp|| = 2.93065
||ru|| = 2.93049
||yu|| = 145.918
||GtYphi|| = 1.83048
||KtYu|| = 14.1273
||rj|| = 14.8972
||yj|| = 0.970869
||rphi|| = 0.0023665
||rp|| = 0.0813992
||y|| = 513.176
   Pass :  1   Iteration : 258  || r || = 0.00611537
||yp|| = 525.637
||xi|| = 477.546
||eta|| = 0.371608
||yp|| = 525.637
||yphi|| = 0.208534
||BtYp|| = 2.81173
||ru|| = 2.81212
||yu|| = 146.423
||GtYphi|| = 1.98399
||KtYu|| = 12.5284
||rj|| = 13.3436
||yj|| = 0.803584
||rphi|| = 0.00171482
||rp|| = 0.0799925
||y|| = 545.651
   Pass :  1   Iteration : 259  || r || = 0.00592707
||yp|| = 542.037
||xi|| = 492.434
||eta|| = 0.30499
||yp|| = 542.037
||yphi|| = 0.241121
||BtYp|| = 3.15451
||ru|| = 3.15676
||yu|| = 164.513
||GtYphi|| = 1.7509
||KtYu|| = 14.1154
||rj|| = 14.9174
||yj|| = 0.92463
||rphi|| = 0.00223843
||rp|| = 0.0908917
||y|| = 566.453
   Pass :  1   Iteration : 260  || r || = 0.00570316
||yp|| = 505.956
||xi|| = 459.698
||eta|| = 0.330816
||yp|| = 505.956
||yphi|| = 0.23571
||BtYp|| = 2.73908
||ru|| = 2.73898
||yu|| = 130.16
||GtYphi|| = 1.53802
||KtYu|| = 12.3083
||rj|| = 13.03
||yj|| = 0.827856
||rphi|| = 0.00185602
||rp|| = 0.0731282
||y|| = 522.431
   Pass :  1   Iteration : 261  || r || = 0.00561543
||yp|| = 500.863
||xi|| = 455.081
||eta|| = 0.405594
||yp|| = 500.863
||yphi|| = 0.200428
||BtYp|| = 2.80904
||ru|| = 2.81004
||yu|| = 143.324
||GtYphi|| = 1.88383
||KtYu|| = 14.3657
||rj|| = 15.1746
||yj|| = 0.931074
||rphi|| = 0.00161474
||rp|| = 0.0788265
||y|| = 520.967
   Pass :  1   Iteration : 262  || r || = 0.00556776
||yp|| = 508.712
||xi|| = 462.207
||eta|| = 0.336177
||yp|| = 508.712
||yphi|| = 0.29404
||BtYp|| = 2.76575
||ru|| = 2.76614
||yu|| = 144.296
||GtYphi|| = 1.99233
||KtYu|| = 14.1314
||rj|| = 14.9742
||yj|| = 0.90843
||rphi|| = 0.00216344
||rp|| = 0.0812785
||y|| = 528.781
   Pass :  1   Iteration : 263  || r || = 0.0055445
||yp|| = 464.54
||xi|| = 422.039
||eta|| = 0.344625
||yp|| = 464.54
||yphi|| = 0.340623
||BtYp|| = 2.62692
||ru|| = 2.62705
||yu|| = 144.046
||GtYphi|| = 1.97884
||KtYu|| = 13.8246
||rj|| = 14.6469
||yj|| = 0.949296
||rphi|| = 0.00264941
||rp|| = 0.0795124
||y|| = 486.361
   Pass :  1   Iteration : 264  || r || = 0.005535
||yp|| = 464.83
||xi|| = 422.26
||eta|| = 0.4076
||yp|| = 464.83
||yphi|| = 0.201659
||BtYp|| = 2.49059
||ru|| = 2.49144
||yu|| = 135.735
||GtYphi|| = 1.73162
||KtYu|| = 13.2031
||rj|| = 13.9368
||yj|| = 0.847933
||rphi|| = 0.00165174
||rp|| = 0.07424
||y|| = 484.243
   Pass :  1   Iteration : 265  || r || = 0.00552946
||yp|| = 426.865
||xi|| = 387.821
||eta|| = 0.326828
||yp|| = 426.865
||yphi|| = 0.309914
||BtYp|| = 2.41983
||ru|| = 2.42202
||yu|| = 125.784
||GtYphi|| = 2.23728
||KtYu|| = 13.3193
||rj|| = 14.1953
||yj|| = 0.891821
||rphi|| = 0.00257565
||rp|| = 0.0721615
||y|| = 445.012
   Pass :  1   Iteration : 266  || r || = 0.00552868
||yp|| = 495.428
||xi|| = 450.106
||eta|| = 0.313714
||yp|| = 495.428
||yphi|| = 0.38648
||BtYp|| = 2.69097
||ru|| = 2.69316
||yu|| = 137.823
||GtYphi|| = 1.96646
||KtYu|| = 14.3975
||rj|| = 15.3113
||yj|| = 0.952255
||rphi|| = 0.00305461
||rp|| = 0.0747204
||y|| = 514.242
   Pass :  1   Iteration : 267  || r || = 0.00552724
||yp|| = 494.323
||xi|| = 449.113
||eta|| = 0.33307
||yp|| = 494.323
||yphi|| = 0.312177
||BtYp|| = 2.77295
||ru|| = 2.7732
||yu|| = 140.558
||GtYphi|| = 2.17775
||KtYu|| = 12.5878
||rj|| = 13.344
||yj|| = 0.740326
||rphi|| = 0.00234921
||rp|| = 0.0762887
||y|| = 513.919
   Pass :  1   Iteration : 268  || r || = 0.00552693
||yp|| = 481.175
||xi|| = 437.107
||eta|| = 0.362553
||yp|| = 481.175
||yphi|| = 0.18577
||BtYp|| = 2.66469
||ru|| = 2.66701
||yu|| = 150.317
||GtYphi|| = 1.8227
||KtYu|| = 14.3378
||rj|| = 15.1734
||yj|| = 0.942242
||rphi|| = 0.00139599
||rp|| = 0.0795377
||y|| = 504.108
   Pass :  1   Iteration : 269  || r || = 0.00552663
||yp|| = 499.405
||xi|| = 453.678
||eta|| = 0.384786
||yp|| = 499.405
||yphi|| = 0.279653
||BtYp|| = 2.77091
||ru|| = 2.77275
||yu|| = 139.565
||GtYphi|| = 1.98675
||KtYu|| = 12.4965
||rj|| = 13.2791
||yj|| = 0.862573
||rphi|| = 0.00213128
||rp|| = 0.076659
||y|| = 518.541
   Pass :  1   Iteration : 270  || r || = 0.00552626
||yp|| = 476.54
||xi|| = 432.925
||eta|| = 0.384594
||yp|| = 476.54
||yphi|| = 0.301849
||BtYp|| = 2.54408
||ru|| = 2.54541
||yu|| = 135.605
||GtYphi|| = 2.09354
||KtYu|| = 13.2856
||rj|| = 14.2285
||yj|| = 0.83822
||rphi|| = 0.0022938
||rp|| = 0.0738342
||y|| = 495.46
   Pass :  1   Iteration : 271  || r || = 0.00552414
||yp|| = 471.198
||xi|| = 428.095
||eta|| = 0.36469
||yp|| = 471.198
||yphi|| = 0.219286
||BtYp|| = 2.8301
||ru|| = 2.82868
||yu|| = 148.525
||GtYphi|| = 1.84095
||KtYu|| = 14.1504
||rj|| = 14.969
||yj|| = 0.911282
||rphi|| = 0.00163964
||rp|| = 0.0827026
||y|| = 494.053
   Pass :  1   Iteration : 272  || r || = 0.00551673
||yp|| = 432.228
||xi|| = 392.705
||eta|| = 0.459301
||yp|| = 432.228
||yphi|| = 0.134556
||BtYp|| = 2.245
||ru|| = 2.24785
||yu|| = 124.026
||GtYphi|| = 1.76338
||KtYu|| = 13.2709
||rj|| = 14.1166
||yj|| = 0.829224
||rphi|| = 0.00106786
||rp|| = 0.0699205
||y|| = 449.671
   Pass :  1   Iteration : 273  || r || = 0.00549524
||yp|| = 444.517
||xi|| = 403.803
||eta|| = 0.486729
||yp|| = 444.517
||yphi|| = 0.172334
||BtYp|| = 2.35675
||ru|| = 2.35811
||yu|| = 126.189
||GtYphi|| = 1.79966
||KtYu|| = 12.5705
||rj|| = 13.3787
||yj|| = 0.817594
||rphi|| = 0.0015208
||rp|| = 0.069869
||y|| = 462.082
   Pass :  1   Iteration : 274  || r || = 0.00545915
||yp|| = 515.04
||xi|| = 467.912
||eta|| = 0.294228
||yp|| = 515.04
||yphi|| = 0.235591
||BtYp|| = 2.89485
||ru|| = 2.89657
||yu|| = 154.757
||GtYphi|| = 1.87538
||KtYu|| = 14.6285
||rj|| = 15.4775
||yj|| = 0.977344
||rphi|| = 0.00189008
||rp|| = 0.0832274
||y|| = 537.789
   Pass :  1   Iteration : 275  || r || = 0.00537966
||yp|| = 551.831
||xi|| = 501.35
||eta|| = 0.476012
||yp|| = 551.831
||yphi|| = 0.197677
||BtYp|| = 2.91236
||ru|| = 2.91397
||yu|| = 150.897
||GtYphi|| = 1.94733
||KtYu|| = 12.7555
||rj|| = 13.5561
||yj|| = 0.816784
||rphi|| = 0.00169856
||rp|| = 0.0800758
||y|| = 572.09
   Pass :  1   Iteration : 276  || r || = 0.00522205
||yp|| = 463.398
||xi|| = 420.995
||eta|| = 0.394934
||yp|| = 463.398
||yphi|| = 0.175623
||BtYp|| = 2.49633
||ru|| = 2.49718
||yu|| = 134.975
||GtYphi|| = 1.68596
||KtYu|| = 13.9408
||rj|| = 14.7399
||yj|| = 0.925649
||rphi|| = 0.0016225
||rp|| = 0.0735579
||y|| = 482.656
   Pass :  1   Iteration : 277  || r || = 0.00499115
||yp|| = 409.711
||xi|| = 372.214
||eta|| = 0.255499
||yp|| = 409.711
||yphi|| = 0.349997
||BtYp|| = 2.21126
||ru|| = 2.21321
||yu|| = 118.058
||GtYphi|| = 1.86862
||KtYu|| = 12.8109
||rj|| = 13.695
||yj|| = 0.864251
||rphi|| = 0.00289828
||rp|| = 0.0669029
||y|| = 426.382
   Pass :  1   Iteration : 278  || r || = 0.00472886
||yp|| = 469.307
||xi|| = 426.382
||eta|| = 0.353711
||yp|| = 469.307
||yphi|| = 0.187538
||BtYp|| = 2.5727
||ru|| = 2.57383
||yu|| = 134.371
||GtYphi|| = 1.88971
||KtYu|| = 12.5394
||rj|| = 13.3398
||yj|| = 0.761605
||rphi|| = 0.00164326
||rp|| = 0.0713705
||y|| = 488.165
   Pass :  1   Iteration : 279  || r || = 0.00456622
||yp|| = 508.904
||xi|| = 462.385
||eta|| = 0.344518
||yp|| = 508.904
||yphi|| = 0.223257
||BtYp|| = 2.76173
||ru|| = 2.76298
||yu|| = 139.313
||GtYphi|| = 1.60964
||KtYu|| = 14.1311
||rj|| = 14.8903
||yj|| = 0.950431
||rphi|| = 0.00216842
||rp|| = 0.0741521
||y|| = 527.629
   Pass :  1   Iteration : 280  || r || = 0.00447135
||yp|| = 444.867
||xi|| = 404.205
||eta|| = 0.247882
||yp|| = 444.867
||yphi|| = 0.292554
||BtYp|| = 2.43003
||ru|| = 2.4318
||yu|| = 118.626
||GtYphi|| = 1.94588
||KtYu|| = 12.4807
||rj|| = 13.3028
||yj|| = 0.79206
||rphi|| = 0.00216687
||rp|| = 0.0653279
||y|| = 460.412
   Pass :  1   Iteration : 281  || r || = 0.00444708
||yp|| = 507.463
||xi|| = 461.004
||eta|| = 0.50751
||yp|| = 507.463
||yphi|| = 0.24059
||BtYp|| = 2.7193
||ru|| = 2.72035
||yu|| = 144.518
||GtYphi|| = 1.95272
||KtYu|| = 14.1599
||rj|| = 15.0223
||yj|| = 0.886789
||rphi|| = 0.00185003
||rp|| = 0.0767408
||y|| = 527.641
   Pass :  1   Iteration : 282  || r || = 0.00443704
||yp|| = 539.22
||xi|| = 489.902
||eta|| = 0.50679
||yp|| = 539.22
||yphi|| = 0.268293
||BtYp|| = 2.93535
||ru|| = 2.93713
||yu|| = 158.329
||GtYphi|| = 1.80163
||KtYu|| = 14.6635
||rj|| = 15.4149
||yj|| = 0.956484
||rphi|| = 0.00207355
||rp|| = 0.0822267
||y|| = 561.985
   Pass :  1   Iteration : 283  || r || = 0.00443174
||yp|| = 530.263
||xi|| = 481.682
||eta|| = 0.57624
||yp|| = 530.263
||yphi|| = 0.182744
||BtYp|| = 2.98427
||ru|| = 2.98637
||yu|| = 154.51
||GtYphi|| = 1.8285
||KtYu|| = 13.5348
||rj|| = 14.3441
||yj|| = 0.841969
||rphi|| = 0.00149104
||rp|| = 0.0791343
||y|| = 552.316
   Pass :  1   Iteration : 284  || r || = 0.00442898
||yp|| = 480.743
||xi|| = 436.796
||eta|| = 0.316993
||yp|| = 480.743
||yphi|| = 0.185425
||BtYp|| = 2.55625
||ru|| = 2.55605
||yu|| = 134.641
||GtYphi|| = 1.70775
||KtYu|| = 13.6797
||rj|| = 14.4413
||yj|| = 0.889963
||rphi|| = 0.00164717
||rp|| = 0.0707641
||y|| = 499.242
   Pass :  1   Iteration : 285  || r || = 0.00442736
||yp|| = 524.128
||xi|| = 476.116
||eta|| = 0.537519
||yp|| = 524.128
||yphi|| = 0.322329
||BtYp|| = 2.85167
||ru|| = 2.85278
||yu|| = 155.019
||GtYphi|| = 1.97338
||KtYu|| = 13.668
||rj|| = 14.4724
||yj|| = 0.930828
||rphi|| = 0.00250122
||rp|| = 0.0810231
||y|| = 546.573
   Pass :  1   Iteration : 286  || r || = 0.00442653
||yp|| = 540.669
||xi|| = 491.207
||eta|| = 0.45732
||yp|| = 540.669
||yphi|| = 0.23241
||BtYp|| = 2.44661
||ru|| = 2.44812
||yu|| = 132.087
||GtYphi|| = 2.05844
||KtYu|| = 13.2533
||rj|| = 14.0818
||yj|| = 0.837638
||rphi|| = 0.0017793
||rp|| = 0.0682065
||y|| = 556.57
   Pass :  1   Iteration : 287  || r || = 0.00442475
||yp|| = 520.219
||xi|| = 472.667
||eta|| = 0.392013
||yp|| = 520.219
||yphi|| = 0.150251
||BtYp|| = 3.13538
||ru|| = 3.13582
||yu|| = 152.298
||GtYphi|| = 1.5874
||KtYu|| = 14.3375
||rj|| = 15.1286
||yj|| = 0.963643
||rphi|| = 0.00131951
||rp|| = 0.0862923
||y|| = 542.055
   Pass :  1   Iteration : 288  || r || = 0.0044235
||yp|| = 458.308
||xi|| = 416.373
||eta|| = 0.36222
||yp|| = 458.308
||yphi|| = 0.205319
||BtYp|| = 2.35411
||ru|| = 2.35527
||yu|| = 121.858
||GtYphi|| = 1.83295
||KtYu|| = 13.2129
||rj|| = 13.9663
||yj|| = 0.850793
||rphi|| = 0.00171687
||rp|| = 0.0675831
||y|| = 474.232
   Pass :  1   Iteration : 289  || r || = 0.00442168
||yp|| = 507.202
||xi|| = 460.793
||eta|| = 0.359938
||yp|| = 507.202
||yphi|| = 0.220194
||BtYp|| = 2.70563
||ru|| = 2.70868
||yu|| = 141.52
||GtYphi|| = 2.04936
||KtYu|| = 12.728
||rj|| = 13.502
||yj|| = 0.800866
||rphi|| = 0.0019055
||rp|| = 0.0775263
||y|| = 526.576
   Pass :  1   Iteration : 290  || r || = 0.00441887
||yp|| = 522.435
||xi|| = 474.64
||eta|| = 0.359226
||yp|| = 522.435
||yphi|| = 0.141117
||BtYp|| = 2.83575
||ru|| = 2.83602
||yu|| = 144.076
||GtYphi|| = 1.52381
||KtYu|| = 14.8988
||rj|| = 15.7377
||yj|| = 1.04478
||rphi|| = 0.00123494
||rp|| = 0.0800641
||y|| = 541.939
   Pass :  1   Iteration : 291  || r || = 0.00440419
||yp|| = 436.577
||xi|| = 396.611
||eta|| = 0.434305
||yp|| = 436.577
||yphi|| = 0.182257
||BtYp|| = 2.11905
||ru|| = 2.12141
||yu|| = 123.232
||GtYphi|| = 1.93011
||KtYu|| = 12.298
||rj|| = 13.0284
||yj|| = 0.806687
||rphi|| = 0.00149119
||rp|| = 0.0655062
||y|| = 453.637
   Pass :  1   Iteration : 292  || r || = 0.00437775
||yp|| = 475.463
||xi|| = 431.923
||eta|| = 0.459542
||yp|| = 475.463
||yphi|| = 0.168084
||BtYp|| = 2.64177
||ru|| = 2.64099
||yu|| = 142.512
||GtYphi|| = 1.71451
||KtYu|| = 13.8947
||rj|| = 14.6683
||yj|| = 0.875331
||rphi|| = 0.00154324
||rp|| = 0.0739654
||y|| = 496.362
   Pass :  1   Iteration : 293  || r || = 0.00433671
||yp|| = 499.997
||xi|| = 454.254
||eta|| = 0.321688
||yp|| = 499.997
||yphi|| = 0.173441
||BtYp|| = 2.67366
||ru|| = 2.67528
||yu|| = 146.003
||GtYphi|| = 1.80135
||KtYu|| = 14.1999
||rj|| = 15.0212
||yj|| = 0.922144
||rphi|| = 0.0015873
||rp|| = 0.0772686
||y|| = 520.879
   Pass :  1   Iteration : 294  || r || = 0.00423737
||yp|| = 565.883
||xi|| = 514.043
||eta|| = 0.527726
||yp|| = 565.883
||yphi|| = 0.225248
||BtYp|| = 3.07684
||ru|| = 3.07788
||yu|| = 162.395
||GtYphi|| = 2.03801
||KtYu|| = 12.5878
||rj|| = 13.3925
||yj|| = 0.767779
||rphi|| = 0.00184736
||rp|| = 0.0792973
||y|| = 588.724
   Pass :  1   Iteration : 295  || r || = 0.00409857
||yp|| = 462.678
||xi|| = 420.359
||eta|| = 0.394822
||yp|| = 462.678
||yphi|| = 0.155596
||BtYp|| = 2.4868
||ru|| = 2.48753
||yu|| = 139.869
||GtYphi|| = 1.59107
||KtYu|| = 13.4535
||rj|| = 14.2641
||yj|| = 0.905549
||rphi|| = 0.0012629
||rp|| = 0.0731705
||y|| = 483.359
   Pass :  1   Iteration : 296  || r || = 0.00391188
||yp|| = 411.841
||xi|| = 374.138
||eta|| = 0.377609
||yp|| = 411.841
||yphi|| = 0.24496
||BtYp|| = 2.09936
||ru|| = 2.1005
||yu|| = 115.203
||GtYphi|| = 2.01804
||KtYu|| = 13.0757
||rj|| = 13.8862
||yj|| = 0.873225
||rphi|| = 0.00213837
||rp|| = 0.0612895
||y|| = 427.651
   Pass :  1   Iteration : 297  || r || = 0.00371767
||yp|| = 451.93
||xi|| = 410.583
||eta|| = 0.40027
||yp|| = 451.93
||yphi|| = 0.307006
||BtYp|| = 2.12551
||ru|| = 2.12649
||yu|| = 122.629
||GtYphi|| = 2.02859
||KtYu|| = 12.5895
||rj|| = 13.472
||yj|| = 0.741104
||rphi|| = 0.00272941
||rp|| = 0.0616661
||y|| = 468.273
   Pass :  1   Iteration : 298  || r || = 0.00357752
||yp|| = 423.599
||xi|| = 384.741
||eta|| = 0.468834
||yp|| = 423.599
||yphi|| = 0.220308
||BtYp|| = 2.16893
||ru|| = 2.17102
||yu|| = 131.296
||GtYphi|| = 1.87277
||KtYu|| = 13.5397
||rj|| = 14.3022
||yj|| = 0.902488
||rphi|| = 0.00195166
||rp|| = 0.0683366
||y|| = 443.481
   Pass :  1   Iteration : 299  || r || = 0.0035178
||yp|| = 476.043
||xi|| = 432.504
||eta|| = 0.391287
||yp|| = 476.043
||yphi|| = 0.213333
||BtYp|| = 2.49066
||ru|| = 2.4916
||yu|| = 140.967
||GtYphi|| = 1.86083
||KtYu|| = 14.3249
||rj|| = 15.1128
||yj|| = 0.916143
||rphi|| = 0.00182978
||rp|| = 0.0740925
||y|| = 496.477
   Pass :  1   Iteration : 300  || r || = 0.00349013
||yp|| = 490.442
||xi|| = 445.535
||eta|| = 0.362548
||yp|| = 490.442
||yphi|| = 0.264662
||BtYp|| = 2.42421
||ru|| = 2.42752
||yu|| = 142.628
||GtYphi|| = 2.12532
||KtYu|| = 13.9914
||rj|| = 14.883
||yj|| = 0.817903
||rphi|| = 0.00222506
||rp|| = 0.0727072
||y|| = 510.761
   Pass :  1   Iteration : 301  || r || = 0.00347865
||yp|| = 404.6
||xi|| = 367.588
||eta|| = 0.352293
||yp|| = 404.6
||yphi|| = 0.155445
||BtYp|| = 2.20471
||ru|| = 2.20515
||yu|| = 116.962
||GtYphi|| = 1.74989
||KtYu|| = 13.2399
||rj|| = 14.0403
||yj|| = 0.886731
||rphi|| = 0.00130101
||rp|| = 0.0645039
||y|| = 421.167
   Pass :  1   Iteration : 302  || r || = 0.0034739
||yp|| = 411.902
||xi|| = 374.12
||eta|| = 0.372801
||yp|| = 411.902
||yphi|| = 0.230946
||BtYp|| = 2.19255
||ru|| = 2.19579
||yu|| = 137.623
||GtYphi|| = 1.78733
||KtYu|| = 14.3582
||rj|| = 15.2003
||yj|| = 0.972987
||rphi|| = 0.00183107
||rp|| = 0.0729346
||y|| = 434.286
   Pass :  1   Iteration : 303  || r || = 0.00347283
||yp|| = 464.558
||xi|| = 421.997
||eta|| = 0.4146
||yp|| = 464.558
||yphi|| = 0.221715
||BtYp|| = 2.20748
||ru|| = 2.20792
||yu|| = 116.154
||GtYphi|| = 2.07986
||KtYu|| = 11.5645
||rj|| = 12.331
||yj|| = 0.719632
||rphi|| = 0.0020262
||rp|| = 0.0603471
||y|| = 478.86
   Pass :  1   Iteration : 304  || r || = 0.00347273
||yp|| = 533.989
||xi|| = 485.112
||eta|| = 0.416128
||yp|| = 533.989
||yphi|| = 0.146085
||BtYp|| = 2.72704
||ru|| = 2.72874
||yu|| = 149.378
||GtYphi|| = 1.6006
||KtYu|| = 14.9535
||rj|| = 15.7569
||yj|| = 1.00033
||rphi|| = 0.00119226
||rp|| = 0.0780885
||y|| = 554.49
   Pass :  1   Iteration : 305  || r || = 0.00347244
||yp|| = 437.845
||xi|| = 397.767
||eta|| = 0.365277
||yp|| = 437.845
||yphi|| = 0.203337
||BtYp|| = 2.20141
||ru|| = 2.20238
||yu|| = 121.138
||GtYphi|| = 1.88817
||KtYu|| = 12.5559
||rj|| = 13.3633
||yj|| = 0.807214
||rphi|| = 0.0016208
||rp|| = 0.0638677
||y|| = 454.294
   Pass :  1   Iteration : 306  || r || = 0.00347199
||yp|| = 512.628
||xi|| = 465.758
||eta|| = 0.406893
||yp|| = 512.628
||yphi|| = 0.217502
||BtYp|| = 2.77416
||ru|| = 2.77265
||yu|| = 142.464
||GtYphi|| = 2.14066
||KtYu|| = 12.8314
||rj|| = 13.6679
||yj|| = 0.795702
||rphi|| = 0.00189084
||rp|| = 0.0774829
||y|| = 532.057
   Pass :  1   Iteration : 307  || r || = 0.00347127
||yp|| = 490.524
||xi|| = 445.625
||eta|| = 0.327786
||yp|| = 490.524
||yphi|| = 0.164005
||BtYp|| = 2.66216
||ru|| = 2.66655
||yu|| = 146.6
||GtYphi|| = 1.79417
||KtYu|| = 14.7609
||rj|| = 15.5621
||yj|| = 0.978233
||rphi|| = 0.00139626
||rp|| = 0.0792672
||y|| = 511.963
   Pass :  1   Iteration : 308  || r || = 0.00347028
||yp|| = 514.126
||xi|| = 467.057
||eta|| = 0.429374
||yp|| = 514.126
||yphi|| = 0.182616
||BtYp|| = 2.85665
||ru|| = 2.85907
||yu|| = 146.908
||GtYphi|| = 2.08934
||KtYu|| = 13.3495
||rj|| = 14.196
||yj|| = 0.846501
||rphi|| = 0.00135251
||rp|| = 0.0789778
||y|| = 534.704
   Pass :  1   Iteration : 309  || r || = 0.00346592
||yp|| = 508.498
||xi|| = 461.961
||eta|| = 0.425343
||yp|| = 508.498
||yphi|| = 0.222417
||BtYp|| = 2.76634
||ru|| = 2.76906
||yu|| = 143.918
||GtYphi|| = 2.01061
||KtYu|| = 13.908
||rj|| = 14.7391
||yj|| = 0.909794
||rphi|| = 0.00176354
||rp|| = 0.0755623
||y|| = 528.472
   Pass :  1   Iteration : 310  || r || = 0.00345692
||yp|| = 547.143
||xi|| = 497.154
||eta|| = 0.339319
||yp|| = 547.143
||yphi|| = 0.161138
||BtYp|| = 3.13188
||ru|| = 3.1333
||yu|| = 146.704
||GtYphi|| = 1.74444
||KtYu|| = 13.8902
||rj|| = 14.6541
||yj|| = 0.884632
||rphi|| = 0.00122719
||rp|| = 0.0810787
||y|| = 566.47
   Pass :  1   Iteration : 311  || r || = 0.00343742
||yp|| = 521.954
||xi|| = 474.219
||eta|| = 0.375723
||yp|| = 521.954
||yphi|| = 0.188929
||BtYp|| = 2.5978
||ru|| = 2.59916
||yu|| = 131.238
||GtYphi|| = 1.80247
||KtYu|| = 13.6304
||rj|| = 14.4504
||yj|| = 0.867213
||rphi|| = 0.00148124
||rp|| = 0.0688415
||y|| = 538.201
   Pass :  1   Iteration : 312  || r || = 0.00338701
||yp|| = 485.48
||xi|| = 441.085
||eta|| = 0.431857
||yp|| = 485.48
||yphi|| = 0.193557
||BtYp|| = 2.69547
||ru|| = 2.6961
||yu|| = 151.03
||GtYphi|| = 1.77359
||KtYu|| = 13.8273
||rj|| = 14.558
||yj|| = 0.92076
||rphi|| = 0.00149067
||rp|| = 0.0801126
||y|| = 508.43
   Pass :  1   Iteration : 313  || r || = 0.00331267
||yp|| = 524.631
||xi|| = 476.623
||eta|| = 0.332582
||yp|| = 524.631
||yphi|| = 0.136261
||BtYp|| = 2.79505
||ru|| = 2.79701
||yu|| = 145.992
||GtYphi|| = 1.6945
||KtYu|| = 12.6644
||rj|| = 13.4435
||yj|| = 0.805775
||rphi|| = 0.00101322
||rp|| = 0.0747924
||y|| = 544.565
   Pass :  1   Iteration : 314  || r || = 0.00319703
||yp|| = 461.509
||xi|| = 419.225
||eta|| = 0.61295
||yp|| = 461.509
||yphi|| = 0.270923
||BtYp|| = 2.38241
||ru|| = 2.38372
||yu|| = 138.397
||GtYphi|| = 1.93623
||KtYu|| = 14.471
||rj|| = 15.3046
||yj|| = 0.951846
||rphi|| = 0.00202402
||rp|| = 0.0710257
||y|| = 481.814
   Pass :  1   Iteration : 315  || r || = 0.00306801
||yp|| = 426.047
||xi|| = 387.053
||eta|| = 0.341698
||yp|| = 426.047
||yphi|| = 0.193232
||BtYp|| = 2.1723
||ru|| = 2.17388
||yu|| = 122.067
||GtYphi|| = 1.65402
||KtYu|| = 13.5086
||rj|| = 14.3108
||yj|| = 0.906701
||rphi|| = 0.00165239
||rp|| = 0.062956
||y|| = 443.189
   Pass :  1   Iteration : 316  || r || = 0.00296125
||yp|| = 423.212
||xi|| = 384.464
||eta|| = 0.557552
||yp|| = 423.212
||yphi|| = 0.207542
||BtYp|| = 1.92343
||ru|| = 1.92388
||yu|| = 118.949
||GtYphi|| = 2.08261
||KtYu|| = 11.9814
||rj|| = 12.7817
||yj|| = 0.734697
||rphi|| = 0.00193626
||rp|| = 0.0583921
||y|| = 439.611
   Pass :  1   Iteration : 317  || r || = 0.00289693
||yp|| = 473.327
||xi|| = 430.005
||eta|| = 0.421039
||yp|| = 473.327
||yphi|| = 0.27467
||BtYp|| = 2.41627
||ru|| = 2.41799
||yu|| = 138.083
||GtYphi|| = 1.83753
||KtYu|| = 14.2307
||rj|| = 15.0234
||yj|| = 0.930807
||rphi|| = 0.00225763
||rp|| = 0.0729841
||y|| = 493.058
   Pass :  1   Iteration : 318  || r || = 0.00286596
||yp|| = 508.629
||xi|| = 462.023
||eta|| = 0.632933
||yp|| = 508.629
||yphi|| = 0.177578
||BtYp|| = 2.64936
||ru|| = 2.65058
||yu|| = 157.999
||GtYphi|| = 1.83794
||KtYu|| = 14.4859
||rj|| = 15.2642
||yj|| = 0.957763
||rphi|| = 0.0013748
||rp|| = 0.0814783
||y|| = 532.605
   Pass :  1   Iteration : 319  || r || = 0.002848
||yp|| = 451.459
||xi|| = 410.091
||eta|| = 0.489177
||yp|| = 451.459
||yphi|| = 0.188964
||BtYp|| = 2.21427
||ru|| = 2.21562
||yu|| = 130
||GtYphi|| = 2.06186
||KtYu|| = 12.3463
||rj|| = 13.2034
||yj|| = 0.773716
||rphi|| = 0.00156117
||rp|| = 0.0675049
||y|| = 469.804
   Pass :  1   Iteration : 320  || r || = 0.00283897
||yp|| = 498.439
||xi|| = 452.802
||eta|| = 0.424457
||yp|| = 498.439
||yphi|| = 0.252491
||BtYp|| = 2.84084
||ru|| = 2.84162
||yu|| = 160.928
||GtYphi|| = 1.81399
||KtYu|| = 15.438
||rj|| = 16.2865
||yj|| = 1.00734
||rphi|| = 0.00197404
||rp|| = 0.0853361
||y|| = 523.775
   Pass :  1   Iteration : 321  || r || = 0.00283479
||yp|| = 448.332
||xi|| = 407.183
||eta|| = 0.749478
||yp|| = 448.332
||yphi|| = 0.191622
||BtYp|| = 2.1004
||ru|| = 2.10086
||yu|| = 142.885
||GtYphi|| = 1.94193
||KtYu|| = 13.6801
||rj|| = 14.4491
||yj|| = 0.88307
||rphi|| = 0.00147344
||rp|| = 0.0694808
||y|| = 470.552
   Pass :  1   Iteration : 322  || r || = 0.00283195
||yp|| = 477.387
||xi|| = 433.665
||eta|| = 0.492192
||yp|| = 477.387
||yphi|| = 0.218141
||BtYp|| = 2.59963
||ru|| = 2.60142
||yu|| = 146.575
||GtYphi|| = 1.95512
||KtYu|| = 14.1842
||rj|| = 14.9987
||yj|| = 0.920267
||rphi|| = 0.00177816
||rp|| = 0.080583
||y|| = 499.383
   Pass :  1   Iteration : 323  || r || = 0.00283057
||yp|| = 434.133
||xi|| = 394.343
||eta|| = 0.431745
||yp|| = 434.133
||yphi|| = 0.182904
||BtYp|| = 2.13097
||ru|| = 2.1317
||yu|| = 132.449
||GtYphi|| = 1.78403
||KtYu|| = 14.1358
||rj|| = 14.97
||yj|| = 0.971879
||rphi|| = 0.00174709
||rp|| = 0.0686378
||y|| = 453.889
   Pass :  1   Iteration : 324  || r || = 0.00282912
||yp|| = 463.173
||xi|| = 420.753
||eta|| = 0.505571
||yp|| = 463.173
||yphi|| = 0.196648
||BtYp|| = 2.04287
||ru|| = 2.04509
||yu|| = 123.209
||GtYphi|| = 2.1166
||KtYu|| = 12.9159
||rj|| = 13.7364
||yj|| = 0.77041
||rphi|| = 0.00161463
||rp|| = 0.0616748
||y|| = 479.281
   Pass :  1   Iteration : 325  || r || = 0.00282889
||yp|| = 483.592
||xi|| = 439.334
||eta|| = 0.474467
||yp|| = 483.592
||yphi|| = 0.199114
||BtYp|| = 2.6929
||ru|| = 2.69295
||yu|| = 142.424
||GtYphi|| = 1.82982
||KtYu|| = 14.4234
||rj|| = 15.2113
||yj|| = 0.953324
||rphi|| = 0.00178154
||rp|| = 0.0773898
||y|| = 504.13
   Pass :  1   Iteration : 326  || r || = 0.00282868
||yp|| = 484.77
||xi|| = 440.392
||eta|| = 0.488257
||yp|| = 484.77
||yphi|| = 0.189512
||BtYp|| = 2.41687
||ru|| = 2.417
||yu|| = 136.741
||GtYphi|| = 1.68172
||KtYu|| = 14.0676
||rj|| = 14.8978
||yj|| = 0.901563
||rphi|| = 0.00151494
||rp|| = 0.0753887
||y|| = 503.687
   Pass :  1   Iteration : 327  || r || = 0.00282773
||yp|| = 528.54
||xi|| = 480.225
||eta|| = 0.605345
||yp|| = 528.54
||yphi|| = 0.190417
||BtYp|| = 2.74438
||ru|| = 2.74617
||yu|| = 154.519
||GtYphi|| = 1.95448
||KtYu|| = 13.5053
||rj|| = 14.2447
||yj|| = 0.816341
||rphi|| = 0.00147978
||rp|| = 0.0797499
||y|| = 550.664
   Pass :  1   Iteration : 328  || r || = 0.00282613
||yp|| = 471.841
||xi|| = 428.623
||eta|| = 0.359683
||yp|| = 471.841
||yphi|| = 0.169489
||BtYp|| = 2.29285
||ru|| = 2.29486
||yu|| = 139.407
||GtYphi|| = 1.75414
||KtYu|| = 14.552
||rj|| = 15.3974
||yj|| = 0.962012
||rphi|| = 0.00127304
||rp|| = 0.0736427
||y|| = 492.005
   Pass :  1   Iteration : 329  || r || = 0.00281548
||yp|| = 496.092
||xi|| = 450.638
||eta|| = 0.567287
||yp|| = 496.092
||yphi|| = 0.168889
||BtYp|| = 2.32973
||ru|| = 2.331
||yu|| = 147.455
||GtYphi|| = 1.68552
||KtYu|| = 14.8788
||rj|| = 15.6972
||yj|| = 0.951908
||rphi|| = 0.00128084
||rp|| = 0.0764403
||y|| = 517.543
   Pass :  1   Iteration : 330  || r || = 0.0027761
||yp|| = 470.043
||xi|| = 426.989
||eta|| = 0.508893
||yp|| = 470.043
||yphi|| = 0.199217
||BtYp|| = 2.19525
||ru|| = 2.19498
||yu|| = 128.604
||GtYphi|| = 2.01314
||KtYu|| = 13.0998
||rj|| = 13.8335
||yj|| = 0.825835
||rphi|| = 0.00161731
||rp|| = 0.066846
||y|| = 487.319
   Pass :  1   Iteration : 331  || r || = 0.00273303
||yp|| = 581.63
||xi|| = 528.463
||eta|| = 0.345821
||yp|| = 581.63
||yphi|| = 0.159548
||BtYp|| = 3.39995
||ru|| = 3.40282
||yu|| = 170.39
||GtYphi|| = 1.54218
||KtYu|| = 15.425
||rj|| = 16.1763
||yj|| = 0.992392
||rphi|| = 0.0013166
||rp|| = 0.0909905
||y|| = 606.075
   Pass :  1   Iteration : 332  || r || = 0.00265697
||yp|| = 505.525
||xi|| = 459.27
||eta|| = 0.40591
||yp|| = 505.525
||yphi|| = 0.18113
||BtYp|| = 2.35824
||ru|| = 2.3591
||yu|| = 127.43
||GtYphi|| = 1.81457
||KtYu|| = 13.253
||rj|| = 14.1022
||yj|| = 0.812399
||rphi|| = 0.00146062
||rp|| = 0.0703937
||y|| = 521.339
   Pass :  1   Iteration : 333  || r || = 0.00248874
||yp|| = 484.498
||xi|| = 440.132
||eta|| = 0.510589
||yp|| = 484.498
||yphi|| = 0.157567
||BtYp|| = 2.26596
||ru|| = 2.26695
||yu|| = 132.044
||GtYphi|| = 1.72532
||KtYu|| = 12.6719
||rj|| = 13.4038
||yj|| = 0.721472
||rphi|| = 0.00123519
||rp|| = 0.0670964
||y|| = 502.17
   Pass :  1   Iteration : 334  || r || = 0.00236123
||yp|| = 477.889
||xi|| = 434.142
||eta|| = 0.475824
||yp|| = 477.889
||yphi|| = 0.229129
||BtYp|| = 2.32813
||ru|| = 2.33001
||yu|| = 138.261
||GtYphi|| = 1.68554
||KtYu|| = 14.8207
||rj|| = 15.6294
||yj|| = 0.940044
||rphi|| = 0.00171534
||rp|| = 0.0737287
||y|| = 497.488
   Pass :  1   Iteration : 335  || r || = 0.00223762
||yp|| = 529.107
||xi|| = 480.709
||eta|| = 0.326989
||yp|| = 529.107
||yphi|| = 0.193425
||BtYp|| = 2.73924
||ru|| = 2.73919
||yu|| = 146.454
||GtYphi|| = 1.66925
||KtYu|| = 13.4216
||rj|| = 14.236
||yj|| = 0.830011
||rphi|| = 0.00154006
||rp|| = 0.0765942
||y|| = 549.003
   Pass :  1   Iteration : 336  || r || = 0.00215155
||yp|| = 471.435
||xi|| = 428.274
||eta|| = 0.496977
||yp|| = 471.435
||yphi|| = 0.178335
||BtYp|| = 2.14643
||ru|| = 2.14743
||yu|| = 125.266
||GtYphi|| = 1.90908
||KtYu|| = 13.1913
||rj|| = 14.0231
||yj|| = 0.721524
||rphi|| = 0.00149327
||rp|| = 0.0645965
||y|| = 487.794
   Pass :  1   Iteration : 337  || r || = 0.00211786
||yp|| = 445.743
||xi|| = 404.925
||eta|| = 0.531039
||yp|| = 445.743
||yphi|| = 0.170651
||BtYp|| = 2.15043
||ru|| = 2.15188
||yu|| = 123.679
||GtYphi|| = 1.64309
||KtYu|| = 13.713
||rj|| = 14.5105
||yj|| = 0.868307
||rphi|| = 0.00130952
||rp|| = 0.06767
||y|| = 462.584
   Pass :  1   Iteration : 338  || r || = 0.00210454
||yp|| = 521.428
||xi|| = 473.73
||eta|| = 0.340637
||yp|| = 521.428
||yphi|| = 0.17003
||BtYp|| = 2.65935
||ru|| = 2.66078
||yu|| = 147.693
||GtYphi|| = 1.80977
||KtYu|| = 14.7059
||rj|| = 15.5376
||yj|| = 0.91009
||rphi|| = 0.00136439
||rp|| = 0.0783859
||y|| = 541.942
   Pass :  1   Iteration : 339  || r || = 0.00209755
||yp|| = 549.457
||xi|| = 499.159
||eta|| = 0.403034
||yp|| = 549.457
||yphi|| = 0.232361
||BtYp|| = 2.91533
||ru|| = 2.91594
||yu|| = 159.845
||GtYphi|| = 2.042
||KtYu|| = 12.3448
||rj|| = 13.1205
||yj|| = 0.716844
||rphi|| = 0.00186002
||rp|| = 0.0860185
||y|| = 572.236
   Pass :  1   Iteration : 340  || r || = 0.00209621
||yp|| = 498.021
||xi|| = 452.323
||eta|| = 0.599857
||yp|| = 498.021
||yphi|| = 0.212009
||BtYp|| = 2.72952
||ru|| = 2.73119
||yu|| = 167.017
||GtYphi|| = 1.75313
||KtYu|| = 15.7042
||rj|| = 16.4825
||yj|| = 1.00768
||rphi|| = 0.00166898
||rp|| = 0.0916043
||y|| = 525.281
   Pass :  1   Iteration : 341  || r || = 0.00209544
||yp|| = 480.236
||xi|| = 436.288
||eta|| = 0.441426
||yp|| = 480.236
||yphi|| = 0.176158
||BtYp|| = 2.56841
||ru|| = 2.56951
||yu|| = 149.509
||GtYphi|| = 1.93153
||KtYu|| = 13.8489
||rj|| = 14.6078
||yj|| = 0.859936
||rphi|| = 0.00144838
||rp|| = 0.0820848
||y|| = 502.971
   Pass :  1   Iteration : 342  || r || = 0.00209365
||yp|| = 509.008
||xi|| = 462.465
||eta|| = 0.455726
||yp|| = 509.008
||yphi|| = 0.163757
||BtYp|| = 2.55494
||ru|| = 2.55664
||yu|| = 143.204
||GtYphi|| = 1.84914
||KtYu|| = 12.7684
||rj|| = 13.4585
||yj|| = 0.76891
||rphi|| = 0.00131581
||rp|| = 0.078368
||y|| = 528.769
   Pass :  1   Iteration : 343  || r || = 0.00209351
||yp|| = 539.903
||xi|| = 490.539
||eta|| = 0.58017
||yp|| = 539.903
||yphi|| = 0.163608
||BtYp|| = 3.22193
||ru|| = 3.22306
||yu|| = 164.628
||GtYphi|| = 1.4946
||KtYu|| = 15.9764
||rj|| = 16.7793
||yj|| = 1.01951
||rphi|| = 0.00142611
||rp|| = 0.0976397
||y|| = 564.446
   Pass :  1   Iteration : 344  || r || = 0.00209309
||yp|| = 595.677
||xi|| = 541.235
||eta|| = 0.536765
||yp|| = 595.677
||yphi|| = 0.173543
||BtYp|| = 3.39767
||ru|| = 3.39691
||yu|| = 170.505
||GtYphi|| = 1.807
||KtYu|| = 13.0716
||rj|| = 13.7309
||yj|| = 0.801797
||rphi|| = 0.00134865
||rp|| = 0.0956886
||y|| = 619.6
   Pass :  1   Iteration : 345  || r || = 0.00209055
||yp|| = 556.762
||xi|| = 505.792
||eta|| = 0.535721
||yp|| = 556.762
||yphi|| = 0.163265
||BtYp|| = 3.08675
||ru|| = 3.0879
||yu|| = 167.431
||GtYphi|| = 1.80057
||KtYu|| = 14.4931
||rj|| = 15.3169
||yj|| = 0.867902
||rphi|| = 0.00125567
||rp|| = 0.0925794
||y|| = 581.393
   Pass :  1   Iteration : 346  || r || = 0.00208934
||yp|| = 473.49
||xi|| = 430.136
||eta|| = 0.348919
||yp|| = 473.49
||yphi|| = 0.253733
||BtYp|| = 2.58094
||ru|| = 2.58316
||yu|| = 145.305
||GtYphi|| = 2.06431
||KtYu|| = 14.245
||rj|| = 15.0948
||yj|| = 0.888383
||rphi|| = 0.00198676
||rp|| = 0.0843012
||y|| = 495.285
   Pass :  1   Iteration : 347  || r || = 0.00208813
||yp|| = 475.343
||xi|| = 431.778
||eta|| = 0.445331
||yp|| = 475.343
||yphi|| = 0.202004
||BtYp|| = 2.45582
||ru|| = 2.45603
||yu|| = 151.637
||GtYphi|| = 2.18807
||KtYu|| = 13.1864
||rj|| = 14.0605
||yj|| = 0.767644
||rphi|| = 0.00163646
||rp|| = 0.0819868
||y|| = 498.944
   Pass :  1   Iteration : 348  || r || = 0.0020787
||yp|| = 568.091
||xi|| = 516.078
||eta|| = 0.428941
||yp|| = 568.091
||yphi|| = 0.195118
||BtYp|| = 2.88942
||ru|| = 2.89045
||yu|| = 163.182
||GtYphi|| = 1.78925
||KtYu|| = 14.5837
||rj|| = 15.3698
||yj|| = 0.877381
||rphi|| = 0.00140661
||rp|| = 0.0894151
||y|| = 591.064
   Pass :  1   Iteration : 349  || r || = 0.00206428
||yp|| = 457.589
||xi|| = 415.66
||eta|| = 0.382195
||yp|| = 457.589
||yphi|| = 0.302515
||BtYp|| = 2.38979
||ru|| = 2.39073
||yu|| = 140.257
||GtYphi|| = 1.84164
||KtYu|| = 14.1408
||rj|| = 14.964
||yj|| = 0.920696
||rphi|| = 0.00230668
||rp|| = 0.0797592
||y|| = 478.603
   Pass :  1   Iteration : 350  || r || = 0.00204831
integral = -3.85053e-05
volume = 1
mean = -3.85053e-05
integral = 0.00459584
volume = 1
mean = 0.00459584
p_norm = 46.062
phi_norm = 0.066636
Time step 4, time = 0.2, dt = 0.05. Print step 4
Relative L2 Norm for current density: 0.00436783
Relative L2 Norm for electric potential: 0.00252749
Relative L2 Norm for velocity: 0.000402642
Relative L2 Norm for pressure: 0.00149168
Time step 5, time = 0.25, time elapsed = 1411.78
   Pass :  1   Iteration :   0  || r || = 20.6178
||yp|| = 0.330235
||xi|| = 0.300014
||eta|| = 0.00030053
||yp|| = 0.330235
||yphi|| = 0.000228939
||BtYp|| = 0.00150903
||ru|| = 0.999998
||yu|| = 1.31901
||GtYphi|| = 0.00194833
||KtYu|| = 0.206944
||rj|| = 0.206848
||yj|| = 0.00963602
||rphi|| = 1.75889e-06
||rp|| = 4.15356e-05
||y|| = 1.35976
   Pass :  1   Iteration :   1  || r || = 1.87497
||yp|| = 47.9015
||xi|| = 43.0364
||eta|| = 0.547769
||yp|| = 47.9015
||yphi|| = 0.97136
||BtYp|| = 0.164387
||ru|| = 0.164558
||yu|| = 11.4581
||GtYphi|| = 3.23548
||KtYu|| = 1.89172
||rj|| = 3.99713
||yj|| = 0.136263
||rphi|| = 0.00625404
||rp|| = 0.00727875
||y|| = 49.2626
   Pass :  1   Iteration :   2  || r || = 1.48625
||yp|| = 137.913
||xi|| = 125.282
||eta|| = 0.309773
||yp|| = 137.913
||yphi|| = 0.322863
||BtYp|| = 0.803208
||ru|| = 0.803705
||yu|| = 40.6017
||GtYphi|| = 1.51489
||KtYu|| = 4.48789
||rj|| = 5.02614
||yj|| = 0.284767
||rphi|| = 0.00195803
||rp|| = 0.0225973
||y|| = 143.766
   Pass :  1   Iteration :   3  || r || = 1.40139
||yp|| = 496.269
||xi|| = 450.927
||eta|| = 0.226701
||yp|| = 496.269
||yphi|| = 0.191131
||BtYp|| = 3.04844
||ru|| = 3.04959
||yu|| = 148.253
||GtYphi|| = 1.1779
||KtYu|| = 14.1237
||rj|| = 14.9426
||yj|| = 0.851055
||rphi|| = 0.00139667
||rp|| = 0.0828964
||y|| = 517.941
   Pass :  1   Iteration :   4  || r || = 1.34162
||yp|| = 477.789
||xi|| = 434.148
||eta|| = 0.218645
||yp|| = 477.789
||yphi|| = 0.449418
||BtYp|| = 3.04626
||ru|| = 3.047
||yu|| = 143.06
||GtYphi|| = 2.23215
||KtYu|| = 12.3764
||rj|| = 13.2107
||yj|| = 0.644094
||rphi|| = 0.00351277
||rp|| = 0.0814303
||y|| = 498.748
   Pass :  1   Iteration :   5  || r || = 1.21916
||yp|| = 366.259
||xi|| = 332.772
||eta|| = 0.31775
||yp|| = 366.259
||yphi|| = 0.626803
||BtYp|| = 2.24978
||ru|| = 2.25072
||yu|| = 108.321
||GtYphi|| = 2.42875
||KtYu|| = 12.5921
||rj|| = 13.6083
||yj|| = 0.730237
||rphi|| = 0.00491377
||rp|| = 0.060661
||y|| = 381.943
   Pass :  1   Iteration :   6  || r || = 0.979056
||yp|| = 262.282
||xi|| = 238.31
||eta|| = 0.284577
||yp|| = 262.282
||yphi|| = 0.295608
||BtYp|| = 1.6199
||ru|| = 1.6211
||yu|| = 78.2552
||GtYphi|| = 1.99109
||KtYu|| = 9.60962
||rj|| = 10.4416
||yj|| = 0.676955
||rphi|| = 0.00229052
||rp|| = 0.0445067
||y|| = 273.708
   Pass :  1   Iteration :   7  || r || = 0.891913
||yp|| = 342.999
||xi|| = 311.622
||eta|| = 0.274707
||yp|| = 342.999
||yphi|| = 0.18664
||BtYp|| = 2.00663
||ru|| = 2.00802
||yu|| = 99.1272
||GtYphi|| = 1.15972
||KtYu|| = 11.7307
||rj|| = 12.4544
||yj|| = 0.811077
||rphi|| = 0.0015395
||rp|| = 0.0549462
||y|| = 357.037
   Pass :  1   Iteration :   8  || r || = 0.874656
||yp|| = 398.594
||xi|| = 362.162
||eta|| = 0.357043
||yp|| = 398.594
||yphi|| = 0.362007
||BtYp|| = 2.57959
||ru|| = 2.58048
||yu|| = 117.968
||GtYphi|| = 2.04919
||KtYu|| = 11.9025
||rj|| = 12.7885
||yj|| = 0.726466
||rphi|| = 0.00306903
||rp|| = 0.0675603
||y|| = 415.685
   Pass :  1   Iteration :   9  || r || = 0.874629
||yp|| = 469.062
||xi|| = 426.215
||eta|| = 0.265105
||yp|| = 469.062
||yphi|| = 0.255863
||BtYp|| = 2.93592
||ru|| = 2.93692
||yu|| = 130.382
||GtYphi|| = 1.8163
||KtYu|| = 12.921
||rj|| = 13.7912
||yj|| = 0.845982
||rphi|| = 0.00191769
||rp|| = 0.0753138
||y|| = 486.846
   Pass :  1   Iteration :  10  || r || = 0.868218
||yp|| = 396.355
||xi|| = 360.119
||eta|| = 0.271279
||yp|| = 396.355
||yphi|| = 0.936044
||BtYp|| = 2.51162
||ru|| = 2.51269
||yu|| = 118.565
||GtYphi|| = 3.0252
||KtYu|| = 11.5981
||rj|| = 12.5993
||yj|| = 0.765938
||rphi|| = 0.0070102
||rp|| = 0.0683653
||y|| = 413.711
   Pass :  1   Iteration :  11  || r || = 0.86592
||yp|| = 432.77
||xi|| = 393.233
||eta|| = 0.274879
||yp|| = 432.77
||yphi|| = 0.98794
||BtYp|| = 2.7596
||ru|| = 2.7605
||yu|| = 128.592
||GtYphi|| = 3.01625
||KtYu|| = 12.3131
||rj|| = 13.3304
||yj|| = 0.757157
||rphi|| = 0.00776536
||rp|| = 0.0742462
||y|| = 451.472
   Pass :  1   Iteration :  12  || r || = 0.861406
||yp|| = 418.7
||xi|| = 380.458
||eta|| = 0.257181
||yp|| = 418.7
||yphi|| = 0.628086
||BtYp|| = 2.62144
||ru|| = 2.62256
||yu|| = 122.956
||GtYphi|| = 2.01029
||KtYu|| = 12.1181
||rj|| = 12.963
||yj|| = 0.854326
||rphi|| = 0.00521842
||rp|| = 0.0714735
||y|| = 436.382
   Pass :  1   Iteration :  13  || r || = 0.832095
||yp|| = 375.219
||xi|| = 340.952
||eta|| = 0.218811
||yp|| = 375.219
||yphi|| = 0.586742
||BtYp|| = 2.40592
||ru|| = 2.407
||yu|| = 108.621
||GtYphi|| = 2.27729
||KtYu|| = 11.4382
||rj|| = 12.3629
||yj|| = 0.732255
||rphi|| = 0.00456226
||rp|| = 0.0625398
||y|| = 390.626
   Pass :  1   Iteration :  14  || r || = 0.79849
||yp|| = 436.592
||xi|| = 396.705
||eta|| = 0.277915
||yp|| = 436.592
||yphi|| = 0.745661
||BtYp|| = 2.85546
||ru|| = 2.85634
||yu|| = 123.647
||GtYphi|| = 2.42752
||KtYu|| = 12.1107
||rj|| = 13.0817
||yj|| = 0.780299
||rphi|| = 0.00538788
||rp|| = 0.0715423
||y|| = 453.765
   Pass :  1   Iteration :  15  || r || = 0.767739
||yp|| = 425.16
||xi|| = 386.337
||eta|| = 0.260465
||yp|| = 425.16
||yphi|| = 0.301469
||BtYp|| = 2.80957
||ru|| = 2.81052
||yu|| = 125.343
||GtYphi|| = 2.14114
||KtYu|| = 11.6844
||rj|| = 12.5168
||yj|| = 0.772775
||rphi|| = 0.0019601
||rp|| = 0.0728819
||y|| = 443.252
   Pass :  1   Iteration :  16  || r || = 0.756411
||yp|| = 440.796
||xi|| = 400.536
||eta|| = 0.227508
||yp|| = 440.796
||yphi|| = 0.231611
||BtYp|| = 2.81999
||ru|| = 2.82095
||yu|| = 130.412
||GtYphi|| = 1.74964
||KtYu|| = 12.7049
||rj|| = 13.6284
||yj|| = 0.803231
||rphi|| = 0.0019584
||rp|| = 0.0748342
||y|| = 459.684
   Pass :  1   Iteration :  17  || r || = 0.755095
||yp|| = 404.861
||xi|| = 367.881
||eta|| = 0.251885
||yp|| = 404.861
||yphi|| = 0.29186
||BtYp|| = 2.58304
||ru|| = 2.58395
||yu|| = 118.412
||GtYphi|| = 1.83241
||KtYu|| = 11.1545
||rj|| = 11.9513
||yj|| = 0.717594
||rphi|| = 0.00213998
||rp|| = 0.0694627
||y|| = 421.823
   Pass :  1   Iteration :  18  || r || = 0.751839
||yp|| = 445.163
||xi|| = 404.523
||eta|| = 0.279215
||yp|| = 445.163
||yphi|| = 0.227431
||BtYp|| = 3.04612
||ru|| = 3.04723
||yu|| = 137.974
||GtYphi|| = 1.26577
||KtYu|| = 13.2855
||rj|| = 14.1558
||yj|| = 0.901715
||rphi|| = 0.00154893
||rp|| = 0.0816327
||y|| = 466.055
   Pass :  1   Iteration :  19  || r || = 0.739277
||yp|| = 398.669
||xi|| = 362.252
||eta|| = 0.218392
||yp|| = 398.669
||yphi|| = 0.542742
||BtYp|| = 2.58158
||ru|| = 2.58272
||yu|| = 117.641
||GtYphi|| = 1.92626
||KtYu|| = 11.2106
||rj|| = 12.0535
||yj|| = 0.748988
||rphi|| = 0.00432603
||rp|| = 0.06935
||y|| = 415.664
   Pass :  1   Iteration :  20  || r || = 0.726091
||yp|| = 481.162
||xi|| = 437.237
||eta|| = 0.223696
||yp|| = 481.162
||yphi|| = 0.711443
||BtYp|| = 3.33334
||ru|| = 3.33424
||yu|| = 147.886
||GtYphi|| = 2.37304
||KtYu|| = 12.7746
||rj|| = 13.7115
||yj|| = 0.912037
||rphi|| = 0.00579127
||rp|| = 0.0889812
||y|| = 503.377
   Pass :  1   Iteration :  21  || r || = 0.712912
||yp|| = 503.267
||xi|| = 457.35
||eta|| = 0.208805
||yp|| = 503.267
||yphi|| = 0.207911
||BtYp|| = 3.46205
||ru|| = 3.4627
||yu|| = 149.587
||GtYphi|| = 1.66237
||KtYu|| = 11.579
||rj|| = 12.4065
||yj|| = 0.696849
||rphi|| = 0.0015402
||rp|| = 0.0899476
||y|| = 525.028
   Pass :  1   Iteration :  22  || r || = 0.703395
||yp|| = 487.758
||xi|| = 443.259
||eta|| = 0.252857
||yp|| = 487.758
||yphi|| = 0.459292
||BtYp|| = 3.27711
||ru|| = 3.27792
||yu|| = 143.657
||GtYphi|| = 2.04094
||KtYu|| = 12.2361
||rj|| = 13.1255
||yj|| = 0.809478
||rphi|| = 0.00347488
||rp|| = 0.0855401
||y|| = 508.474
   Pass :  1   Iteration :  23  || r || = 0.693914
||yp|| = 546.482
||xi|| = 496.606
||eta|| = 0.264455
||yp|| = 546.482
||yphi|| = 0.181072
||BtYp|| = 3.58224
||ru|| = 3.58299
||yu|| = 155.757
||GtYphi|| = 1.56698
||KtYu|| = 13.0038
||rj|| = 13.8706
||yj|| = 0.866287
||rphi|| = 0.00145239
||rp|| = 0.092145
||y|| = 568.246
   Pass :  1   Iteration :  24  || r || = 0.670074
||yp|| = 499.05
||xi|| = 453.516
||eta|| = 0.295173
||yp|| = 499.05
||yphi|| = 0.21055
||BtYp|| = 3.23506
||ru|| = 3.23597
||yu|| = 141.054
||GtYphi|| = 1.90227
||KtYu|| = 12.3486
||rj|| = 13.2611
||yj|| = 0.800401
||rphi|| = 0.00153931
||rp|| = 0.0828774
||y|| = 518.602
   Pass :  1   Iteration :  25  || r || = 0.605686
||yp|| = 508.404
||xi|| = 462.006
||eta|| = 0.290765
||yp|| = 508.404
||yphi|| = 0.248405
||BtYp|| = 3.38469
||ru|| = 3.38518
||yu|| = 147.219
||GtYphi|| = 1.7083
||KtYu|| = 11.9227
||rj|| = 12.75
||yj|| = 0.806113
||rphi|| = 0.00192404
||rp|| = 0.0869219
||y|| = 529.291
   Pass :  1   Iteration :  26  || r || = 0.525573
||yp|| = 565.89
||xi|| = 514.241
||eta|| = 0.228293
||yp|| = 565.89
||yphi|| = 0.160634
||BtYp|| = 3.4429
||ru|| = 3.44385
||yu|| = 153.381
||GtYphi|| = 1.42509
||KtYu|| = 12.6344
||rj|| = 13.4182
||yj|| = 0.828367
||rphi|| = 0.00115898
||rp|| = 0.0883312
||y|| = 586.309
   Pass :  1   Iteration :  27  || r || = 0.456184
||yp|| = 399.156
||xi|| = 362.712
||eta|| = 0.253836
||yp|| = 399.156
||yphi|| = 0.196697
||BtYp|| = 2.55635
||ru|| = 2.55693
||yu|| = 120.322
||GtYphi|| = 1.78158
||KtYu|| = 10.4797
||rj|| = 11.2987
||yj|| = 0.649709
||rphi|| = 0.00151678
||rp|| = 0.0689832
||y|| = 416.897
   Pass :  1   Iteration :  28  || r || = 0.418258
||yp|| = 513.139
||xi|| = 466.294
||eta|| = 0.220758
||yp|| = 513.139
||yphi|| = 0.158466
||BtYp|| = 3.19402
||ru|| = 3.19484
||yu|| = 143.802
||GtYphi|| = 1.2384
||KtYu|| = 12.9951
||rj|| = 13.8371
||yj|| = 0.85504
||rphi|| = 0.00117507
||rp|| = 0.0830243
||y|| = 532.909
   Pass :  1   Iteration :  29  || r || = 0.380517
||yp|| = 447.316
||xi|| = 406.455
||eta|| = 0.250509
||yp|| = 447.316
||yphi|| = 0.204238
||BtYp|| = 2.88417
||ru|| = 2.88507
||yu|| = 130.212
||GtYphi|| = 1.74248
||KtYu|| = 10.5473
||rj|| = 11.3338
||yj|| = 0.689611
||rphi|| = 0.00154661
||rp|| = 0.0741394
||y|| = 465.883
   Pass :  1   Iteration :  30  || r || = 0.366662
||yp|| = 477.191
||xi|| = 433.602
||eta|| = 0.241149
||yp|| = 477.191
||yphi|| = 0.229199
||BtYp|| = 2.87924
||ru|| = 2.87997
||yu|| = 135.07
||GtYphi|| = 2.00777
||KtYu|| = 12.4293
||rj|| = 13.3293
||yj|| = 0.791393
||rphi|| = 0.00171389
||rp|| = 0.0740271
||y|| = 495.939
   Pass :  1   Iteration :  31  || r || = 0.357429
||yp|| = 423.293
||xi|| = 384.636
||eta|| = 0.357327
||yp|| = 423.293
||yphi|| = 0.218691
||BtYp|| = 2.55777
||ru|| = 2.55887
||yu|| = 125.178
||GtYphi|| = 1.98827
||KtYu|| = 11.6941
||rj|| = 12.5464
||yj|| = 0.788001
||rphi|| = 0.00159631
||rp|| = 0.068423
||y|| = 441.415
   Pass :  1   Iteration :  32  || r || = 0.348502
||yp|| = 453.317
||xi|| = 411.908
||eta|| = 0.291671
||yp|| = 453.317
||yphi|| = 0.329025
||BtYp|| = 2.90164
||ru|| = 2.90259
||yu|| = 135.729
||GtYphi|| = 1.67479
||KtYu|| = 12.2844
||rj|| = 13.1571
||yj|| = 0.829198
||rphi|| = 0.00226927
||rp|| = 0.0758232
||y|| = 473.202
   Pass :  1   Iteration :  33  || r || = 0.339899
||yp|| = 409.354
||xi|| = 371.936
||eta|| = 0.242568
||yp|| = 409.354
||yphi|| = 0.216785
||BtYp|| = 2.42664
||ru|| = 2.42761
||yu|| = 124.872
||GtYphi|| = 1.57242
||KtYu|| = 12.1192
||rj|| = 12.9031
||yj|| = 0.754649
||rphi|| = 0.00156811
||rp|| = 0.0665432
||y|| = 427.977
   Pass :  1   Iteration :  34  || r || = 0.335707
||yp|| = 395.162
||xi|| = 359.06
||eta|| = 0.215226
||yp|| = 395.162
||yphi|| = 0.219072
||BtYp|| = 2.53524
||ru|| = 2.53617
||yu|| = 121.955
||GtYphi|| = 1.45493
||KtYu|| = 12.4712
||rj|| = 13.3361
||yj|| = 0.863715
||rphi|| = 0.00168278
||rp|| = 0.0681812
||y|| = 413.554
   Pass :  1   Iteration :  35  || r || = 0.331278
||yp|| = 414.172
||xi|| = 376.349
||eta|| = 0.229441
||yp|| = 414.172
||yphi|| = 0.266295
||BtYp|| = 2.72463
||ru|| = 2.7257
||yu|| = 123.379
||GtYphi|| = 1.94556
||KtYu|| = 11.8946
||rj|| = 12.7824
||yj|| = 0.753383
||rphi|| = 0.00211844
||rp|| = 0.0702959
||y|| = 432.159
   Pass :  1   Iteration :  36  || r || = 0.32969
||yp|| = 410.007
||xi|| = 372.541
||eta|| = 0.226888
||yp|| = 410.007
||yphi|| = 0.591081
||BtYp|| = 2.64301
||ru|| = 2.64378
||yu|| = 122.115
||GtYphi|| = 2.28936
||KtYu|| = 11.7927
||rj|| = 12.7315
||yj|| = 0.779545
||rphi|| = 0.00467548
||rp|| = 0.0692871
||y|| = 427.807
   Pass :  1   Iteration :  37  || r || = 0.329252
||yp|| = 495.464
||xi|| = 450.211
||eta|| = 0.342507
||yp|| = 495.464
||yphi|| = 0.260286
||BtYp|| = 3.17145
||ru|| = 3.17237
||yu|| = 143.47
||GtYphi|| = 1.64004
||KtYu|| = 13.02
||rj|| = 13.8727
||yj|| = 0.888486
||rphi|| = 0.00211467
||rp|| = 0.081943
||y|| = 515.818
   Pass :  1   Iteration :  38  || r || = 0.329178
||yp|| = 419.984
||xi|| = 381.612
||eta|| = 0.331966
||yp|| = 419.984
||yphi|| = 0.618055
||BtYp|| = 2.77332
||ru|| = 2.77427
||yu|| = 126.813
||GtYphi|| = 2.27498
||KtYu|| = 11.6715
||rj|| = 12.4696
||yj|| = 0.790787
||rphi|| = 0.00475089
||rp|| = 0.0741167
||y|| = 438.713
   Pass :  1   Iteration :  39  || r || = 0.328902
||yp|| = 431.012
||xi|| = 391.645
||eta|| = 0.251634
||yp|| = 431.012
||yphi|| = 0.292994
||BtYp|| = 2.79094
||ru|| = 2.79179
||yu|| = 127.638
||GtYphi|| = 1.9142
||KtYu|| = 12.1503
||rj|| = 13.0626
||yj|| = 0.818358
||rphi|| = 0.00267521
||rp|| = 0.0753758
||y|| = 449.514
   Pass :  1   Iteration :  40  || r || = 0.328897
||yp|| = 537.495
||xi|| = 488.407
||eta|| = 0.241339
||yp|| = 537.495
||yphi|| = 0.367541
||BtYp|| = 3.44312
||ru|| = 3.44415
||yu|| = 148.842
||GtYphi|| = 2.01212
||KtYu|| = 12.9667
||rj|| = 13.8519
||yj|| = 0.89068
||rphi|| = 0.00326892
||rp|| = 0.0878037
||y|| = 557.724
   Pass :  1   Iteration :  41  || r || = 0.328501
||yp|| = 486.346
||xi|| = 441.949
||eta|| = 0.250291
||yp|| = 486.346
||yphi|| = 0.387599
||BtYp|| = 3.4843
||ru|| = 3.48492
||yu|| = 149.219
||GtYphi|| = 2.15695
||KtYu|| = 12.3906
||rj|| = 13.2356
||yj|| = 0.826222
||rphi|| = 0.00374399
||rp|| = 0.0917324
||y|| = 508.724
   Pass :  1   Iteration :  42  || r || = 0.326378
||yp|| = 467.444
||xi|| = 424.781
||eta|| = 0.29461
||yp|| = 467.444
||yphi|| = 0.407341
||BtYp|| = 3.18602
||ru|| = 3.18683
||yu|| = 134.263
||GtYphi|| = 2.0866
||KtYu|| = 11.9344
||rj|| = 12.7629
||yj|| = 0.750856
||rphi|| = 0.00385398
||rp|| = 0.0818808
||y|| = 486.345
   Pass :  1   Iteration :  43  || r || = 0.320122
||yp|| = 460.08
||xi|| = 418.067
||eta|| = 0.262992
||yp|| = 460.08
||yphi|| = 0.23561
||BtYp|| = 3.19219
||ru|| = 3.19308
||yu|| = 136.489
||GtYphi|| = 1.52196
||KtYu|| = 11.8946
||rj|| = 12.6801
||yj|| = 0.813055
||rphi|| = 0.00205789
||rp|| = 0.0829751
||y|| = 479.899
   Pass :  1   Iteration :  44  || r || = 0.317325
||yp|| = 465.416
||xi|| = 422.864
||eta|| = 0.314423
||yp|| = 465.416
||yphi|| = 0.340771
||BtYp|| = 2.99265
||ru|| = 2.99334
||yu|| = 131.757
||GtYphi|| = 1.88433
||KtYu|| = 10.9396
||rj|| = 11.7159
||yj|| = 0.72151
||rphi|| = 0.00250301
||rp|| = 0.0778369
||y|| = 483.707
   Pass :  1   Iteration :  45  || r || = 0.316836
||yp|| = 459.839
||xi|| = 417.846
||eta|| = 0.31825
||yp|| = 459.839
||yphi|| = 0.341443
||BtYp|| = 3.07787
||ru|| = 3.07876
||yu|| = 137.974
||GtYphi|| = 2.01334
||KtYu|| = 12.4988
||rj|| = 13.4237
||yj|| = 0.81291
||rphi|| = 0.00273801
||rp|| = 0.0831045
||y|| = 480.093
   Pass :  1   Iteration :  46  || r || = 0.316759
||yp|| = 482.652
||xi|| = 438.579
||eta|| = 0.241723
||yp|| = 482.652
||yphi|| = 0.279038
||BtYp|| = 3.25731
||ru|| = 3.25823
||yu|| = 139.67
||GtYphi|| = 2.07967
||KtYu|| = 12.6267
||rj|| = 13.5354
||yj|| = 0.842464
||rphi|| = 0.00263145
||rp|| = 0.0852596
||y|| = 502.455
   Pass :  1   Iteration :  47  || r || = 0.316259
||yp|| = 406.203
||xi|| = 369.095
||eta|| = 0.231392
||yp|| = 406.203
||yphi|| = 0.396342
||BtYp|| = 2.65523
||ru|| = 2.65622
||yu|| = 118.666
||GtYphi|| = 2.21654
||KtYu|| = 11.7774
||rj|| = 12.6901
||yj|| = 0.770791
||rphi|| = 0.00369728
||rp|| = 0.0697911
||y|| = 423.183
   Pass :  1   Iteration :  48  || r || = 0.312298
||yp|| = 454.35
||xi|| = 412.849
||eta|| = 0.227419
||yp|| = 454.35
||yphi|| = 0.548314
||BtYp|| = 2.97035
||ru|| = 2.97133
||yu|| = 133.009
||GtYphi|| = 2.63226
||KtYu|| = 13.0947
||rj|| = 13.9721
||yj|| = 0.85642
||rphi|| = 0.00505968
||rp|| = 0.0780685
||y|| = 473.42
   Pass :  1   Iteration :  49  || r || = 0.294854
||yp|| = 400.001
||xi|| = 363.436
||eta|| = 0.226071
||yp|| = 400.001
||yphi|| = 0.520659
||BtYp|| = 2.37497
||ru|| = 2.37608
||yu|| = 110.925
||GtYphi|| = 2.47779
||KtYu|| = 11.7368
||rj|| = 12.6533
||yj|| = 0.768737
||rphi|| = 0.00511996
||rp|| = 0.0637147
||y|| = 415.098
   Pass :  1   Iteration :  50  || r || = 0.261463
||yp|| = 424.984
||xi|| = 386.153
||eta|| = 0.260171
||yp|| = 424.984
||yphi|| = 0.443638
||BtYp|| = 2.74231
||ru|| = 2.74328
||yu|| = 123.602
||GtYphi|| = 2.11404
||KtYu|| = 12.2863
||rj|| = 13.1699
||yj|| = 0.811612
||rphi|| = 0.00420185
||rp|| = 0.072559
||y|| = 442.594
   Pass :  1   Iteration :  51  || r || = 0.225096
||yp|| = 348.668
||xi|| = 316.79
||eta|| = 0.278807
||yp|| = 348.668
||yphi|| = 0.354975
||BtYp|| = 2.14709
||ru|| = 2.14833
||yu|| = 105.082
||GtYphi|| = 1.85229
||KtYu|| = 11.3696
||rj|| = 12.1749
||yj|| = 0.766903
||rphi|| = 0.00351775
||rp|| = 0.0602796
||y|| = 364.16
   Pass :  1   Iteration :  52  || r || = 0.204659
||yp|| = 378.441
||xi|| = 343.845
||eta|| = 0.232171
||yp|| = 378.441
||yphi|| = 0.177554
||BtYp|| = 2.33642
||ru|| = 2.3376
||yu|| = 114.001
||GtYphi|| = 1.55357
||KtYu|| = 12.1776
||rj|| = 13.0389
||yj|| = 0.78064
||rphi|| = 0.00138678
||rp|| = 0.0643077
||y|| = 395.24
   Pass :  1   Iteration :  53  || r || = 0.190784
||yp|| = 411.957
||xi|| = 374.307
||eta|| = 0.236388
||yp|| = 411.957
||yphi|| = 0.236618
||BtYp|| = 2.53126
||ru|| = 2.53229
||yu|| = 119.077
||GtYphi|| = 1.84808
||KtYu|| = 12.3137
||rj|| = 13.1483
||yj|| = 0.787463
||rphi|| = 0.00191823
||rp|| = 0.0674774
||y|| = 428.822
   Pass :  1   Iteration :  54  || r || = 0.179585
||yp|| = 400.026
||xi|| = 363.452
||eta|| = 0.247807
||yp|| = 400.026
||yphi|| = 0.301536
||BtYp|| = 2.34213
||ru|| = 2.34335
||yu|| = 112.021
||GtYphi|| = 2.1702
||KtYu|| = 12.3423
||rj|| = 13.2466
||yj|| = 0.83281
||rphi|| = 0.00267648
||rp|| = 0.0620066
||y|| = 415.416
   Pass :  1   Iteration :  55  || r || = 0.167467
||yp|| = 397.064
||xi|| = 360.775
||eta|| = 0.221048
||yp|| = 397.064
||yphi|| = 0.339706
||BtYp|| = 2.30818
||ru|| = 2.30932
||yu|| = 107.345
||GtYphi|| = 2.05113
||KtYu|| = 12.067
||rj|| = 12.9824
||yj|| = 0.773268
||rphi|| = 0.00299777
||rp|| = 0.060082
||y|| = 411.319
   Pass :  1   Iteration :  56  || r || = 0.156095
||yp|| = 389.058
||xi|| = 353.47
||eta|| = 0.266671
||yp|| = 389.058
||yphi|| = 0.667679
||BtYp|| = 2.27503
||ru|| = 2.27604
||yu|| = 107.943
||GtYphi|| = 2.54163
||KtYu|| = 11.3195
||rj|| = 12.1958
||yj|| = 0.747995
||rphi|| = 0.00539579
||rp|| = 0.0611412
||y|| = 403.756
   Pass :  1   Iteration :  57  || r || = 0.152723
||yp|| = 434.575
||xi|| = 394.855
||eta|| = 0.249557
||yp|| = 434.575
||yphi|| = 0.263282
||BtYp|| = 2.6228
||ru|| = 2.62423
||yu|| = 127.377
||GtYphi|| = 1.56472
||KtYu|| = 13.8626
||rj|| = 14.763
||yj|| = 0.903362
||rphi|| = 0.00242789
||rp|| = 0.073222
||y|| = 452.859
   Pass :  1   Iteration :  58  || r || = 0.151143
||yp|| = 349.826
||xi|| = 317.841
||eta|| = 0.238169
||yp|| = 349.826
||yphi|| = 0.450472
||BtYp|| = 2.1384
||ru|| = 2.1394
||yu|| = 102.113
||GtYphi|| = 2.17684
||KtYu|| = 11.3466
||rj|| = 12.1753
||yj|| = 0.72187
||rphi|| = 0.00354855
||rp|| = 0.0595239
||y|| = 364.426
   Pass :  1   Iteration :  59  || r || = 0.150323
||yp|| = 388.435
||xi|| = 352.916
||eta|| = 0.250367
||yp|| = 388.435
||yphi|| = 0.26566
||BtYp|| = 2.27302
||ru|| = 2.27414
||yu|| = 109.577
||GtYphi|| = 2.22894
||KtYu|| = 11.7861
||rj|| = 12.6194
||yj|| = 0.775022
||rphi|| = 0.00257861
||rp|| = 0.0624648
||y|| = 403.596
   Pass :  1   Iteration :  60  || r || = 0.149734
||yp|| = 428.127
||xi|| = 388.997
||eta|| = 0.296222
||yp|| = 428.127
||yphi|| = 0.202719
||BtYp|| = 2.72898
||ru|| = 2.73027
||yu|| = 128.859
||GtYphi|| = 1.92882
||KtYu|| = 13.6401
||rj|| = 14.6247
||yj|| = 0.916238
||rphi|| = 0.00176863
||rp|| = 0.0764765
||y|| = 447.099
   Pass :  1   Iteration :  61  || r || = 0.14751
||yp|| = 382.952
||xi|| = 347.925
||eta|| = 0.339424
||yp|| = 382.952
||yphi|| = 0.390636
||BtYp|| = 2.38944
||ru|| = 2.39076
||yu|| = 114.035
||GtYphi|| = 2.10501
||KtYu|| = 12.1078
||rj|| = 13.0211
||yj|| = 0.81835
||rphi|| = 0.00290661
||rp|| = 0.0676428
||y|| = 399.571
   Pass :  1   Iteration :  62  || r || = 0.144696
||yp|| = 381.674
||xi|| = 346.77
||eta|| = 0.415972
||yp|| = 381.674
||yphi|| = 0.287523
||BtYp|| = 2.36598
||ru|| = 2.36692
||yu|| = 111.257
||GtYphi|| = 1.93662
||KtYu|| = 11.3851
||rj|| = 12.2491
||yj|| = 0.730579
||rphi|| = 0.00256943
||rp|| = 0.0649969
||y|| = 397.56
   Pass :  1   Iteration :  63  || r || = 0.144177
||yp|| = 429.705
||xi|| = 390.45
||eta|| = 0.235022
||yp|| = 429.705
||yphi|| = 0.182907
||BtYp|| = 2.6812
||ru|| = 2.68239
||yu|| = 121.245
||GtYphi|| = 1.33973
||KtYu|| = 12.3546
||rj|| = 13.1424
||yj|| = 0.820687
||rphi|| = 0.00169733
||rp|| = 0.0719068
||y|| = 446.483
   Pass :  1   Iteration :  64  || r || = 0.144151
||yp|| = 411.87
||xi|| = 374.244
||eta|| = 0.265894
||yp|| = 411.87
||yphi|| = 0.23262
||BtYp|| = 2.70462
||ru|| = 2.70567
||yu|| = 122.632
||GtYphi|| = 1.78733
||KtYu|| = 11.9714
||rj|| = 12.7309
||yj|| = 0.801489
||rphi|| = 0.00200324
||rp|| = 0.074278
||y|| = 429.739
   Pass :  1   Iteration :  65  || r || = 0.144092
||yp|| = 456.098
||xi|| = 414.438
||eta|| = 0.247784
||yp|| = 456.098
||yphi|| = 0.36026
||BtYp|| = 2.94393
||ru|| = 2.94484
||yu|| = 130.294
||GtYphi|| = 2.23411
||KtYu|| = 12.3976
||rj|| = 13.3717
||yj|| = 0.809765
||rphi|| = 0.00309045
||rp|| = 0.0789977
||y|| = 474.345
   Pass :  1   Iteration :  66  || r || = 0.14409
||yp|| = 492.902
||xi|| = 447.879
||eta|| = 0.253957
||yp|| = 492.902
||yphi|| = 0.453514
||BtYp|| = 3.20648
||ru|| = 3.20755
||yu|| = 141.055
||GtYphi|| = 2.52692
||KtYu|| = 12.9098
||rj|| = 13.8819
||yj|| = 0.85234
||rphi|| = 0.00375242
||rp|| = 0.0842252
||y|| = 512.688
   Pass :  1   Iteration :  67  || r || = 0.143751
||yp|| = 481.813
||xi|| = 437.807
||eta|| = 0.301808
||yp|| = 481.813
||yphi|| = 0.362277
||BtYp|| = 3.18092
||ru|| = 3.18161
||yu|| = 136.752
||GtYphi|| = 2.64651
||KtYu|| = 11.962
||rj|| = 12.9077
||yj|| = 0.788386
||rphi|| = 0.00310487
||rp|| = 0.0822098
||y|| = 500.845
   Pass :  1   Iteration :  68  || r || = 0.142926
||yp|| = 544.574
||xi|| = 494.852
||eta|| = 0.32834
||yp|| = 544.574
||yphi|| = 0.399924
||BtYp|| = 3.70904
||ru|| = 3.70999
||yu|| = 161.51
||GtYphi|| = 2.86456
||KtYu|| = 12.6165
||rj|| = 13.6261
||yj|| = 0.812445
||rphi|| = 0.00362181
||rp|| = 0.0957132
||y|| = 568.02
   Pass :  1   Iteration :  69  || r || = 0.141433
||yp|| = 583.277
||xi|| = 530.055
||eta|| = 0.259053
||yp|| = 583.277
||yphi|| = 0.34496
||BtYp|| = 4.00952
||ru|| = 4.01003
||yu|| = 166.544
||GtYphi|| = 2.4939
||KtYu|| = 12.8273
||rj|| = 13.7491
||yj|| = 0.804999
||rphi|| = 0.00302243
||rp|| = 0.100713
||y|| = 606.589
   Pass :  1   Iteration :  70  || r || = 0.139242
||yp|| = 512.546
||xi|| = 465.749
||eta|| = 0.371549
||yp|| = 512.546
||yphi|| = 0.27972
||BtYp|| = 3.57158
||ru|| = 3.57225
||yu|| = 148.609
||GtYphi|| = 1.94583
||KtYu|| = 11.8173
||rj|| = 12.6805
||yj|| = 0.746836
||rphi|| = 0.00215831
||rp|| = 0.0896631
||y|| = 533.656
   Pass :  1   Iteration :  71  || r || = 0.135749
||yp|| = 484.356
||xi|| = 440.142
||eta|| = 0.27027
||yp|| = 484.356
||yphi|| = 0.460933
||BtYp|| = 3.32688
||ru|| = 3.32762
||yu|| = 140.087
||GtYphi|| = 2.15362
||KtYu|| = 11.4189
||rj|| = 12.3168
||yj|| = 0.752086
||rphi|| = 0.00375275
||rp|| = 0.0842267
||y|| = 504.208
   Pass :  1   Iteration :  72  || r || = 0.132053
||yp|| = 548.741
||xi|| = 498.653
||eta|| = 0.244226
||yp|| = 548.741
||yphi|| = 0.167139
||BtYp|| = 3.83384
||ru|| = 3.83469
||yu|| = 162.46
||GtYphi|| = 1.56316
||KtYu|| = 12.4684
||rj|| = 13.3276
||yj|| = 0.791914
||rphi|| = 0.00129624
||rp|| = 0.096203
||y|| = 572.286
   Pass :  1   Iteration :  73  || r || = 0.126925
||yp|| = 582.997
||xi|| = 529.8
||eta|| = 0.23586
||yp|| = 582.997
||yphi|| = 0.315567
||BtYp|| = 4.08001
||ru|| = 4.08013
||yu|| = 166.604
||GtYphi|| = 2.05904
||KtYu|| = 12.0727
||rj|| = 12.9329
||yj|| = 0.744076
||rphi|| = 0.00241148
||rp|| = 0.101381
||y|| = 606.336
   Pass :  1   Iteration :  74  || r || = 0.118852
||yp|| = 628.713
||xi|| = 571.322
||eta|| = 0.266145
||yp|| = 628.713
||yphi|| = 0.302197
||BtYp|| = 4.3421
||ru|| = 4.34374
||yu|| = 183.898
||GtYphi|| = 1.75388
||KtYu|| = 13.7357
||rj|| = 14.6062
||yj|| = 0.903635
||rphi|| = 0.00235368
||rp|| = 0.109266
||y|| = 655.057
   Pass :  1   Iteration :  75  || r || = 0.104049
||yp|| = 487.237
||xi|| = 442.735
||eta|| = 0.264726
||yp|| = 487.237
||yphi|| = 0.254515
||BtYp|| = 3.19419
||ru|| = 3.19375
||yu|| = 142.6
||GtYphi|| = 1.87946
||KtYu|| = 11.3019
||rj|| = 12.1152
||yj|| = 0.704338
||rphi|| = 0.00206538
||rp|| = 0.0820381
||y|| = 507.676
   Pass :  1   Iteration :  76  || r || = 0.0905758
||yp|| = 551.89
||xi|| = 501.513
||eta|| = 0.243976
||yp|| = 551.89
||yphi|| = 0.367186
||BtYp|| = 3.7866
||ru|| = 3.78801
||yu|| = 161.46
||GtYphi|| = 1.8085
||KtYu|| = 12.7737
||rj|| = 13.6389
||yj|| = 0.803644
||rphi|| = 0.00294591
||rp|| = 0.0959534
||y|| = 575.024
   Pass :  1   Iteration :  77  || r || = 0.0832381
||yp|| = 589.859
||xi|| = 536.012
||eta|| = 0.258256
||yp|| = 589.859
||yphi|| = 0.17257
||BtYp|| = 3.93488
||ru|| = 3.93583
||yu|| = 169.254
||GtYphi|| = 1.52834
||KtYu|| = 12.9321
||rj|| = 13.7261
||yj|| = 0.852371
||rphi|| = 0.00144887
||rp|| = 0.0999416
||y|| = 613.662
   Pass :  1   Iteration :  78  || r || = 0.0789743
||yp|| = 452.182
||xi|| = 410.876
||eta|| = 0.238903
||yp|| = 452.182
||yphi|| = 0.181639
||BtYp|| = 2.87861
||ru|| = 2.87873
||yu|| = 128.221
||GtYphi|| = 1.77439
||KtYu|| = 11.7038
||rj|| = 12.5247
||yj|| = 0.704181
||rphi|| = 0.00143706
||rp|| = 0.0741399
||y|| = 470.01
   Pass :  1   Iteration :  79  || r || = 0.0777499
||yp|| = 489.617
||xi|| = 444.927
||eta|| = 0.227962
||yp|| = 489.617
||yphi|| = 0.328115
||BtYp|| = 3.2899
||ru|| = 3.29155
||yu|| = 142.064
||GtYphi|| = 1.79136
||KtYu|| = 12.9254
||rj|| = 13.8536
||yj|| = 0.82511
||rphi|| = 0.00264417
||rp|| = 0.0852964
||y|| = 509.812
   Pass :  1   Iteration :  80  || r || = 0.0770622
||yp|| = 507.237
||xi|| = 460.93
||eta|| = 0.272065
||yp|| = 507.237
||yphi|| = 0.24348
||BtYp|| = 3.32358
||ru|| = 3.32363
||yu|| = 147.425
||GtYphi|| = 2.0544
||KtYu|| = 12.8951
||rj|| = 13.663
||yj|| = 0.866597
||rphi|| = 0.00212396
||rp|| = 0.08627
||y|| = 528.228
   Pass :  1   Iteration :  81  || r || = 0.0763886
||yp|| = 495.341
||xi|| = 450.095
||eta|| = 0.251883
||yp|| = 495.341
||yphi|| = 0.187273
||BtYp|| = 2.95925
||ru|| = 2.9604
||yu|| = 136.468
||GtYphi|| = 1.75668
||KtYu|| = 12.4722
||rj|| = 13.3498
||yj|| = 0.760603
||rphi|| = 0.00139296
||rp|| = 0.0762477
||y|| = 513.796
   Pass :  1   Iteration :  82  || r || = 0.0758965
||yp|| = 478.658
||xi|| = 434.958
||eta|| = 0.239976
||yp|| = 478.658
||yphi|| = 0.33375
||BtYp|| = 3.13819
||ru|| = 3.13909
||yu|| = 139.871
||GtYphi|| = 1.75747
||KtYu|| = 12.1914
||rj|| = 13.045
||yj|| = 0.790895
||rphi|| = 0.00269362
||rp|| = 0.0823571
||y|| = 498.677
   Pass :  1   Iteration :  83  || r || = 0.075558
||yp|| = 477.948
||xi|| = 434.305
||eta|| = 0.265374
||yp|| = 477.948
||yphi|| = 0.233234
||BtYp|| = 3.01022
||ru|| = 3.01097
||yu|| = 135.881
||GtYphi|| = 1.80748
||KtYu|| = 12.9102
||rj|| = 13.7286
||yj|| = 0.80497
||rphi|| = 0.00165179
||rp|| = 0.0800316
||y|| = 496.889
   Pass :  1   Iteration :  84  || r || = 0.0752756
||yp|| = 459.39
||xi|| = 417.427
||eta|| = 0.296153
||yp|| = 459.39
||yphi|| = 0.179315
||BtYp|| = 2.87595
||ru|| = 2.87692
||yu|| = 127.874
||GtYphi|| = 1.86194
||KtYu|| = 12.6923
||rj|| = 13.5547
||yj|| = 0.773713
||rphi|| = 0.00128591
||rp|| = 0.0756163
||y|| = 476.856
   Pass :  1   Iteration :  85  || r || = 0.0750022
||yp|| = 426.931
||xi|| = 387.936
||eta|| = 0.271203
||yp|| = 426.931
||yphi|| = 0.273868
||BtYp|| = 2.63871
||ru|| = 2.63977
||yu|| = 120.49
||GtYphi|| = 1.89066
||KtYu|| = 12.4475
||rj|| = 13.2744
||yj|| = 0.830588
||rphi|| = 0.00228209
||rp|| = 0.0710043
||y|| = 443.608
   Pass :  1   Iteration :  86  || r || = 0.0749095
||yp|| = 526.731
||xi|| = 478.641
||eta|| = 0.265741
||yp|| = 526.731
||yphi|| = 0.144215
||BtYp|| = 3.46937
||ru|| = 3.47032
||yu|| = 154.354
||GtYphi|| = 1.54659
||KtYu|| = 13.4074
||rj|| = 14.2248
||yj|| = 0.835357
||rphi|| = 0.00108243
||rp|| = 0.0919292
||y|| = 548.882
   Pass :  1   Iteration :  87  || r || = 0.074867
||yp|| = 486.586
||xi|| = 442.164
||eta|| = 0.1982
||yp|| = 486.586
||yphi|| = 0.215963
||BtYp|| = 3.01909
||ru|| = 3.02011
||yu|| = 133.068
||GtYphi|| = 1.82171
||KtYu|| = 11.1825
||rj|| = 11.9613
||yj|| = 0.706976
||rphi|| = 0.00171294
||rp|| = 0.0772758
||y|| = 504.454
   Pass :  1   Iteration :  88  || r || = 0.0748668
||yp|| = 423.988
||xi|| = 385.244
||eta|| = 0.217214
||yp|| = 423.988
||yphi|| = 0.227109
||BtYp|| = 2.67343
||ru|| = 2.67478
||yu|| = 124.619
||GtYphi|| = 1.72205
||KtYu|| = 13.2102
||rj|| = 14.1151
||yj|| = 0.880396
||rphi|| = 0.00171678
||rp|| = 0.0735402
||y|| = 441.923
   Pass :  1   Iteration :  89  || r || = 0.0748352
||yp|| = 408.493
||xi|| = 371.166
||eta|| = 0.22629
||yp|| = 408.493
||yphi|| = 0.177253
||BtYp|| = 2.55841
||ru|| = 2.55912
||yu|| = 115.386
||GtYphi|| = 1.64404
||KtYu|| = 11.3513
||rj|| = 12.1603
||yj|| = 0.700053
||rphi|| = 0.00141741
||rp|| = 0.0683827
||y|| = 424.477
   Pass :  1   Iteration :  90  || r || = 0.0748347
||yp|| = 461.087
||xi|| = 418.96
||eta|| = 0.262409
||yp|| = 461.087
||yphi|| = 0.241502
||BtYp|| = 2.94811
||ru|| = 2.94918
||yu|| = 136.496
||GtYphi|| = 1.80168
||KtYu|| = 12.8459
||rj|| = 13.7095
||yj|| = 0.78756
||rphi|| = 0.00193166
||rp|| = 0.0791185
||y|| = 480.868
   Pass :  1   Iteration :  91  || r || = 0.0747806
||yp|| = 431.64
||xi|| = 392.194
||eta|| = 0.257238
||yp|| = 431.64
||yphi|| = 0.160501
||BtYp|| = 2.65169
||ru|| = 2.6527
||yu|| = 126.785
||GtYphi|| = 1.6264
||KtYu|| = 13.1894
||rj|| = 14.045
||yj|| = 0.834956
||rphi|| = 0.00118075
||rp|| = 0.0724859
||y|| = 449.876
   Pass :  1   Iteration :  92  || r || = 0.0744303
||yp|| = 417.973
||xi|| = 379.778
||eta|| = 0.220242
||yp|| = 417.973
||yphi|| = 0.286501
||BtYp|| = 2.45935
||ru|| = 2.46009
||yu|| = 112.883
||GtYphi|| = 2.01304
||KtYu|| = 10.7852
||rj|| = 11.5882
||yj|| = 0.698912
||rphi|| = 0.0022644
||rp|| = 0.0653426
||y|| = 432.948
   Pass :  1   Iteration :  93  || r || = 0.0738587
||yp|| = 486.44
||xi|| = 442.008
||eta|| = 0.232212
||yp|| = 486.44
||yphi|| = 0.245794
||BtYp|| = 3.04342
||ru|| = 3.04483
||yu|| = 140.548
||GtYphi|| = 1.52202
||KtYu|| = 13.4703
||rj|| = 14.3083
||yj|| = 0.925938
||rphi|| = 0.00198065
||rp|| = 0.0809412
||y|| = 506.338
   Pass :  1   Iteration :  94  || r || = 0.0728549
||yp|| = 439.917
||xi|| = 399.732
||eta|| = 0.266926
||yp|| = 439.917
||yphi|| = 0.381093
||BtYp|| = 2.60055
||ru|| = 2.60153
||yu|| = 120.781
||GtYphi|| = 1.92278
||KtYu|| = 12.1351
||rj|| = 12.985
||yj|| = 0.77967
||rphi|| = 0.00302581
||rp|| = 0.0688571
||y|| = 456.197
   Pass :  1   Iteration :  95  || r || = 0.0708872
||yp|| = 478.316
||xi|| = 434.615
||eta|| = 0.243015
||yp|| = 478.316
||yphi|| = 0.25804
||BtYp|| = 2.87727
||ru|| = 2.87856
||yu|| = 133.253
||GtYphi|| = 1.82114
||KtYu|| = 12.3167
||rj|| = 13.1476
||yj|| = 0.772986
||rphi|| = 0.00213176
||rp|| = 0.0734767
||y|| = 496.531
   Pass :  1   Iteration :  96  || r || = 0.0684274
||yp|| = 517.365
||xi|| = 470.104
||eta|| = 0.279772
||yp|| = 517.365
||yphi|| = 0.270943
||BtYp|| = 3.36323
||ru|| = 3.36424
||yu|| = 151.717
||GtYphi|| = 1.67674
||KtYu|| = 13.0528
||rj|| = 13.8872
||yj|| = 0.843388
||rphi|| = 0.00206367
||rp|| = 0.0862654
||y|| = 539.153
   Pass :  1   Iteration :  97  || r || = 0.0644317
||yp|| = 513.477
||xi|| = 466.602
||eta|| = 0.263222
||yp|| = 513.477
||yphi|| = 0.193747
||BtYp|| = 3.32536
||ru|| = 3.3261
||yu|| = 150.012
||GtYphi|| = 1.6674
||KtYu|| = 12.9582
||rj|| = 13.8071
||yj|| = 0.77116
||rphi|| = 0.00145499
||rp|| = 0.0858076
||y|| = 534.942
   Pass :  1   Iteration :  98  || r || = 0.0605235
||yp|| = 430.625
||xi|| = 391.302
||eta|| = 0.290649
||yp|| = 430.625
||yphi|| = 0.157574
||BtYp|| = 2.65885
||ru|| = 2.65982
||yu|| = 122.061
||GtYphi|| = 1.66727
||KtYu|| = 11.5919
||rj|| = 12.398
||yj|| = 0.749752
||rphi|| = 0.00114933
||rp|| = 0.0687049
||y|| = 447.59
   Pass :  1   Iteration :  99  || r || = 0.0572366
||yp|| = 604.467
||xi|| = 549.265
||eta|| = 0.289903
||yp|| = 604.467
||yphi|| = 0.406557
||BtYp|| = 3.77987
||ru|| = 3.78076
||yu|| = 173.165
||GtYphi|| = 1.92674
||KtYu|| = 14.2971
||rj|| = 15.1364
||yj|| = 0.97296
||rphi|| = 0.00320306
||rp|| = 0.0959674
||y|| = 628.783
   Pass :  1   Iteration : 100  || r || = 0.0528006
||yp|| = 517.751
||xi|| = 470.474
||eta|| = 0.250898
||yp|| = 517.751
||yphi|| = 0.241529
||BtYp|| = 3.31218
||ru|| = 3.31302
||yu|| = 146.761
||GtYphi|| = 1.69622
||KtYu|| = 12.1936
||rj|| = 13.0123
||yj|| = 0.723815
||rphi|| = 0.00195744
||rp|| = 0.0819427
||y|| = 538.15
   Pass :  1   Iteration : 101  || r || = 0.0492106
||yp|| = 400.357
||xi|| = 363.781
||eta|| = 0.211489
||yp|| = 400.357
||yphi|| = 0.14464
||BtYp|| = 2.51388
||ru|| = 2.51527
||yu|| = 116.335
||GtYphi|| = 1.4358
||KtYu|| = 11.975
||rj|| = 12.7619
||yj|| = 0.797623
||rphi|| = 0.00131261
||rp|| = 0.0666413
||y|| = 416.917
   Pass :  1   Iteration : 102  || r || = 0.0478762
||yp|| = 536.567
||xi|| = 487.564
||eta|| = 0.253448
||yp|| = 536.567
||yphi|| = 0.268985
||BtYp|| = 3.36768
||ru|| = 3.36863
||yu|| = 155.419
||GtYphi|| = 1.59099
||KtYu|| = 13.8589
||rj|| = 14.6721
||yj|| = 0.906764
||rphi|| = 0.00223887
||rp|| = 0.0881933
||y|| = 558.623
   Pass :  1   Iteration : 103  || r || = 0.0472913
||yp|| = 461.226
||xi|| = 419.077
||eta|| = 0.246022
||yp|| = 461.226
||yphi|| = 0.204314
||BtYp|| = 2.54424
||ru|| = 2.54528
||yu|| = 117.681
||GtYphi|| = 1.94909
||KtYu|| = 11.6975
||rj|| = 12.5449
||yj|| = 0.711456
||rphi|| = 0.00168892
||rp|| = 0.0665164
||y|| = 476.003
   Pass :  1   Iteration : 104  || r || = 0.0470224
||yp|| = 441.043
||xi|| = 400.734
||eta|| = 0.249608
||yp|| = 441.043
||yphi|| = 0.233763
||BtYp|| = 2.46002
||ru|| = 2.46139
||yu|| = 121.113
||GtYphi|| = 1.69813
||KtYu|| = 13.4409
||rj|| = 14.2858
||yj|| = 0.931389
||rphi|| = 0.00199054
||rp|| = 0.0669175
||y|| = 457.371
   Pass :  1   Iteration : 105  || r || = 0.0468462
||yp|| = 530.026
||xi|| = 481.636
||eta|| = 0.221953
||yp|| = 530.026
||yphi|| = 0.263485
||BtYp|| = 3.28025
||ru|| = 3.28084
||yu|| = 143.473
||GtYphi|| = 1.94529
||KtYu|| = 12.6818
||rj|| = 13.5334
||yj|| = 0.820429
||rphi|| = 0.00207839
||rp|| = 0.0833467
||y|| = 549.102
   Pass :  1   Iteration : 106  || r || = 0.0468189
||yp|| = 461.254
||xi|| = 419.101
||eta|| = 0.246538
||yp|| = 461.254
||yphi|| = 0.223004
||BtYp|| = 2.41216
||ru|| = 2.41317
||yu|| = 117.629
||GtYphi|| = 1.84174
||KtYu|| = 12.8375
||rj|| = 13.6609
||yj|| = 0.817011
||rphi|| = 0.00188632
||rp|| = 0.0649588
||y|| = 476.018
   Pass :  1   Iteration : 107  || r || = 0.0467827
||yp|| = 506.219
||xi|| = 459.983
||eta|| = 0.282261
||yp|| = 506.219
||yphi|| = 0.222613
||BtYp|| = 3.15635
||ru|| = 3.15718
||yu|| = 142.436
||GtYphi|| = 1.59784
||KtYu|| = 13.1199
||rj|| = 13.9349
||yj|| = 0.915996
||rphi|| = 0.00183937
||rp|| = 0.0842814
||y|| = 525.877
   Pass :  1   Iteration : 108  || r || = 0.0467508
||yp|| = 530.967
||xi|| = 482.469
||eta|| = 0.260396
||yp|| = 530.967
||yphi|| = 0.195873
||BtYp|| = 3.16653
||ru|| = 3.16718
||yu|| = 144.494
||GtYphi|| = 1.7958
||KtYu|| = 12.0841
||rj|| = 12.879
||yj|| = 0.769749
||rphi|| = 0.0014998
||rp|| = 0.0826692
||y|| = 550.277
   Pass :  1   Iteration : 109  || r || = 0.0467083
||yp|| = 460.22
||xi|| = 418.158
||eta|| = 0.26997
||yp|| = 460.22
||yphi|| = 0.295768
||BtYp|| = 2.56116
||ru|| = 2.56244
||yu|| = 125.889
||GtYphi|| = 2.11686
||KtYu|| = 13.0326
||rj|| = 13.9303
||yj|| = 0.85746
||rphi|| = 0.00225813
||rp|| = 0.0700143
||y|| = 477.128
   Pass :  1   Iteration : 110  || r || = 0.0466834
||yp|| = 463.358
||xi|| = 421.001
||eta|| = 0.244133
||yp|| = 463.358
||yphi|| = 0.429597
||BtYp|| = 2.59156
||ru|| = 2.59265
||yu|| = 123.378
||GtYphi|| = 2.32244
||KtYu|| = 13.1387
||rj|| = 14.1069
||yj|| = 0.889639
||rphi|| = 0.00338175
||rp|| = 0.0697275
||y|| = 479.504
   Pass :  1   Iteration : 111  || r || = 0.0466678
||yp|| = 404.145
||xi|| = 367.198
||eta|| = 0.246115
||yp|| = 404.145
||yphi|| = 0.245952
||BtYp|| = 2.36085
||ru|| = 2.36206
||yu|| = 114.443
||GtYphi|| = 1.98702
||KtYu|| = 11.8302
||rj|| = 12.7225
||yj|| = 0.773952
||rphi|| = 0.00209885
||rp|| = 0.0635165
||y|| = 420.037
   Pass :  1   Iteration : 112  || r || = 0.0466522
||yp|| = 443.711
||xi|| = 403.179
||eta|| = 0.254433
||yp|| = 443.711
||yphi|| = 0.242672
||BtYp|| = 2.65304
||ru|| = 2.65383
||yu|| = 122.095
||GtYphi|| = 1.86901
||KtYu|| = 12.4754
||rj|| = 13.3493
||yj|| = 0.801974
||rphi|| = 0.00207364
||rp|| = 0.0694425
||y|| = 460.203
   Pass :  1   Iteration : 113  || r || = 0.0466455
||yp|| = 461.131
||xi|| = 419.002
||eta|| = 0.215269
||yp|| = 461.131
||yphi|| = 0.177392
||BtYp|| = 2.70297
||ru|| = 2.70385
||yu|| = 126.148
||GtYphi|| = 1.63677
||KtYu|| = 12.9248
||rj|| = 13.7875
||yj|| = 0.860892
||rphi|| = 0.00150257
||rp|| = 0.0697523
||y|| = 478.075
   Pass :  1   Iteration : 114  || r || = 0.0466341
||yp|| = 414.107
||xi|| = 376.225
||eta|| = 0.271699
||yp|| = 414.107
||yphi|| = 0.427385
||BtYp|| = 2.20084
||ru|| = 2.20245
||yu|| = 119.8
||GtYphi|| = 2.41472
||KtYu|| = 13.5901
||rj|| = 14.5296
||yj|| = 0.836617
||rphi|| = 0.00319375
||rp|| = 0.0628468
||y|| = 431.089
   Pass :  1   Iteration : 115  || r || = 0.0466084
||yp|| = 442.513
||xi|| = 402.071
||eta|| = 0.239017
||yp|| = 442.513
||yphi|| = 0.52758
||BtYp|| = 2.3776
||ru|| = 2.37868
||yu|| = 117.964
||GtYphi|| = 2.48436
||KtYu|| = 12.9108
||rj|| = 13.8826
||yj|| = 0.826023
||rphi|| = 0.00408853
||rp|| = 0.0627488
||y|| = 457.967
   Pass :  1   Iteration : 116  || r || = 0.0465078
||yp|| = 409.061
||xi|| = 371.639
||eta|| = 0.330224
||yp|| = 409.061
||yphi|| = 0.231104
||BtYp|| = 2.18676
||ru|| = 2.18838
||yu|| = 116.133
||GtYphi|| = 1.77378
||KtYu|| = 12.7149
||rj|| = 13.5687
||yj|| = 0.874719
||rphi|| = 0.0018294
||rp|| = 0.0614047
||y|| = 425.228
   Pass :  1   Iteration : 117  || r || = 0.0459854
||yp|| = 404.821
||xi|| = 367.784
||eta|| = 0.247029
||yp|| = 404.821
||yphi|| = 0.401639
||BtYp|| = 1.95589
||ru|| = 1.95718
||yu|| = 104.058
||GtYphi|| = 2.41253
||KtYu|| = 12.7951
||rj|| = 13.7634
||yj|| = 0.81202
||rphi|| = 0.00318991
||rp|| = 0.0538196
||y|| = 417.982
   Pass :  1   Iteration : 118  || r || = 0.0447238
||yp|| = 389.712
||xi|| = 354.039
||eta|| = 0.279676
||yp|| = 389.712
||yphi|| = 0.279366
||BtYp|| = 2.07242
||ru|| = 2.07384
||yu|| = 109.104
||GtYphi|| = 2.04082
||KtYu|| = 13.0267
||rj|| = 13.8918
||yj|| = 0.874844
||rphi|| = 0.00224069
||rp|| = 0.05672
||y|| = 404.698
   Pass :  1   Iteration : 119  || r || = 0.0429877
||yp|| = 429.754
||xi|| = 390.476
||eta|| = 0.283523
||yp|| = 429.754
||yphi|| = 0.520149
||BtYp|| = 2.22095
||ru|| = 2.22234
||yu|| = 110.758
||GtYphi|| = 1.97885
||KtYu|| = 12.8469
||rj|| = 13.6848
||yj|| = 0.845355
||rphi|| = 0.00395261
||rp|| = 0.0604582
||y|| = 443.798
   Pass :  1   Iteration : 120  || r || = 0.0407505
||yp|| = 394.757
||xi|| = 358.632
||eta|| = 0.226672
||yp|| = 394.757
||yphi|| = 0.314815
||BtYp|| = 2.04475
||ru|| = 2.04607
||yu|| = 101.808
||GtYphi|| = 1.92886
||KtYu|| = 11.4417
||rj|| = 12.3192
||yj|| = 0.725784
||rphi|| = 0.00235947
||rp|| = 0.0543512
||y|| = 407.675
   Pass :  1   Iteration : 121  || r || = 0.0391434
||yp|| = 463.112
||xi|| = 420.717
||eta|| = 0.342488
||yp|| = 463.112
||yphi|| = 0.137807
||BtYp|| = 2.43917
||ru|| = 2.44057
||yu|| = 135.144
||GtYphi|| = 1.4309
||KtYu|| = 13.9878
||rj|| = 14.8195
||yj|| = 0.947338
||rphi|| = 0.00118946
||rp|| = 0.0687743
||y|| = 482.429
   Pass :  1   Iteration : 122  || r || = 0.0374808
||yp|| = 363.541
||xi|| = 330.283
||eta|| = 0.322243
||yp|| = 363.541
||yphi|| = 0.383508
||BtYp|| = 2.15829
||ru|| = 2.1592
||yu|| = 109.657
||GtYphi|| = 2.18232
||KtYu|| = 12.0318
||rj|| = 12.9272
||yj|| = 0.825459
||rphi|| = 0.00323221
||rp|| = 0.0619965
||y|| = 379.721
   Pass :  1   Iteration : 123  || r || = 0.0365464
||yp|| = 406.832
||xi|| = 369.652
||eta|| = 0.290199
||yp|| = 406.832
||yphi|| = 0.266545
||BtYp|| = 2.47383
||ru|| = 2.47513
||yu|| = 117.611
||GtYphi|| = 2.03915
||KtYu|| = 12.9311
||rj|| = 13.7989
||yj|| = 0.864895
||rphi|| = 0.00243865
||rp|| = 0.0685882
||y|| = 423.492
   Pass :  1   Iteration : 124  || r || = 0.0362709
||yp|| = 470.736
||xi|| = 427.701
||eta|| = 0.223098
||yp|| = 470.736
||yphi|| = 0.213486
||BtYp|| = 2.68713
||ru|| = 2.68839
||yu|| = 128.45
||GtYphi|| = 1.77203
||KtYu|| = 13.2446
||rj|| = 14.151
||yj|| = 0.893736
||rphi|| = 0.00166009
||rp|| = 0.0713933
||y|| = 487.947
   Pass :  1   Iteration : 125  || r || = 0.036186
||yp|| = 442.241
||xi|| = 401.824
||eta|| = 0.250192
||yp|| = 442.241
||yphi|| = 0.427699
||BtYp|| = 2.58033
||ru|| = 2.58146
||yu|| = 124.995
||GtYphi|| = 2.32209
||KtYu|| = 12.401
||rj|| = 13.2354
||yj|| = 0.764767
||rphi|| = 0.00324985
||rp|| = 0.0689843
||y|| = 459.566
   Pass :  1   Iteration : 126  || r || = 0.0361601
||yp|| = 491.951
||xi|| = 447.002
||eta|| = 0.252104
||yp|| = 491.951
||yphi|| = 0.388387
||BtYp|| = 3.1145
||ru|| = 3.11584
||yu|| = 145.648
||GtYphi|| = 2.01047
||KtYu|| = 13.793
||rj|| = 14.662
||yj|| = 0.930272
||rphi|| = 0.00302841
||rp|| = 0.0832737
||y|| = 513.06
   Pass :  1   Iteration : 127  || r || = 0.0361459
||yp|| = 458.064
||xi|| = 416.215
||eta|| = 0.223771
||yp|| = 458.064
||yphi|| = 0.452494
||BtYp|| = 2.78959
||ru|| = 2.79012
||yu|| = 128.68
||GtYphi|| = 2.46814
||KtYu|| = 12.4973
||rj|| = 13.4325
||yj|| = 0.808784
||rphi|| = 0.00362518
||rp|| = 0.0735891
||y|| = 475.796
   Pass :  1   Iteration : 128  || r || = 0.0361454
||yp|| = 485.252
||xi|| = 440.912
||eta|| = 0.261725
||yp|| = 485.252
||yphi|| = 0.443333
||BtYp|| = 2.77527
||ru|| = 2.77653
||yu|| = 131.459
||GtYphi|| = 2.43203
||KtYu|| = 12.9002
||rj|| = 13.903
||yj|| = 0.793053
||rphi|| = 0.00373638
||rp|| = 0.0705324
||y|| = 502.744
   Pass :  1   Iteration : 129  || r || = 0.0361453
||yp|| = 573.417
||xi|| = 521.016
||eta|| = 0.346183
||yp|| = 573.417
||yphi|| = 0.279293
||BtYp|| = 3.48595
||ru|| = 3.48656
||yu|| = 157.921
||GtYphi|| = 1.8072
||KtYu|| = 14.666
||rj|| = 15.5188
||yj|| = 1.00429
||rphi|| = 0.00217909
||rp|| = 0.0895406
||y|| = 594.767
   Pass :  1   Iteration : 130  || r || = 0.0361453
||yp|| = 431.776
||xi|| = 392.356
||eta|| = 0.400705
||yp|| = 431.776
||yphi|| = 0.271488
||BtYp|| = 2.59928
||ru|| = 2.60086
||yu|| = 121.225
||GtYphi|| = 1.99321
||KtYu|| = 13.0098
||rj|| = 13.8369
||yj|| = 0.852478
||rphi|| = 0.00211577
||rp|| = 0.0695809
||y|| = 448.472
   Pass :  1   Iteration : 131  || r || = 0.0361452
||yp|| = 525.808
||xi|| = 477.814
||eta|| = 0.27
||yp|| = 525.808
||yphi|| = 0.217366
||BtYp|| = 3.28098
||ru|| = 3.28117
||yu|| = 148.028
||GtYphi|| = 1.97494
||KtYu|| = 11.8802
||rj|| = 12.7011
||yj|| = 0.739517
||rphi|| = 0.00185234
||rp|| = 0.0852847
||y|| = 546.248
   Pass :  1   Iteration : 132  || r || = 0.0361377
||yp|| = 605.992
||xi|| = 550.638
||eta|| = 0.308267
||yp|| = 605.992
||yphi|| = 0.233842
||BtYp|| = 3.88976
||ru|| = 3.89117
||yu|| = 175.403
||GtYphi|| = 1.67379
||KtYu|| = 15.0528
||rj|| = 15.8791
||yj|| = 0.993352
||rphi|| = 0.00174238
||rp|| = 0.104416
||y|| = 630.867
   Pass :  1   Iteration : 133  || r || = 0.0360816
||yp|| = 517.865
||xi|| = 470.551
||eta|| = 0.278268
||yp|| = 517.865
||yphi|| = 0.405611
||BtYp|| = 3.036
||ru|| = 3.03649
||yu|| = 138.058
||GtYphi|| = 2.27552
||KtYu|| = 12.7386
||rj|| = 13.6123
||yj|| = 0.784224
||rphi|| = 0.00326696
||rp|| = 0.0801603
||y|| = 535.952
   Pass :  1   Iteration : 134  || r || = 0.0359744
||yp|| = 507.983
||xi|| = 461.568
||eta|| = 0.265328
||yp|| = 507.983
||yphi|| = 0.380994
||BtYp|| = 3.3821
||ru|| = 3.38324
||yu|| = 148.526
||GtYphi|| = 2.29697
||KtYu|| = 12.5525
||rj|| = 13.3925
||yj|| = 0.800674
||rphi|| = 0.00326741
||rp|| = 0.0898753
||y|| = 529.252
   Pass :  1   Iteration : 135  || r || = 0.0358103
||yp|| = 570.938
||xi|| = 518.796
||eta|| = 0.258203
||yp|| = 570.938
||yphi|| = 0.169488
||BtYp|| = 3.68391
||ru|| = 3.68489
||yu|| = 163.785
||GtYphi|| = 1.67689
||KtYu|| = 14.3645
||rj|| = 15.2055
||yj|| = 0.92722
||rphi|| = 0.00133795
||rp|| = 0.0964932
||y|| = 593.967
   Pass :  1   Iteration : 136  || r || = 0.0354242
||yp|| = 487.038
||xi|| = 442.541
||eta|| = 0.233521
||yp|| = 487.038
||yphi|| = 0.306441
||BtYp|| = 2.85749
||ru|| = 2.85839
||yu|| = 125.043
||GtYphi|| = 2.00989
||KtYu|| = 12.3044
||rj|| = 13.233
||yj|| = 0.780415
||rphi|| = 0.00219283
||rp|| = 0.0726063
||y|| = 502.834
   Pass :  1   Iteration : 137  || r || = 0.0344839
||yp|| = 471.366
||xi|| = 428.302
||eta|| = 0.218356
||yp|| = 471.366
||yphi|| = 0.208348
||BtYp|| = 2.9297
||ru|| = 2.93081
||yu|| = 127.396
||GtYphi|| = 1.53623
||KtYu|| = 12.4448
||rj|| = 13.2818
||yj|| = 0.815055
||rphi|| = 0.00152583
||rp|| = 0.0753945
||y|| = 488.279
   Pass :  1   Iteration : 138  || r || = 0.0327797
||yp|| = 432.894
||xi|| = 393.361
||eta|| = 0.271347
||yp|| = 432.894
||yphi|| = 0.228205
||BtYp|| = 2.63431
||ru|| = 2.63511
||yu|| = 120.136
||GtYphi|| = 1.74351
||KtYu|| = 12.1507
||rj|| = 12.9506
||yj|| = 0.78331
||rphi|| = 0.00191555
||rp|| = 0.0701236
||y|| = 449.255
   Pass :  1   Iteration : 139  || r || = 0.0313967
||yp|| = 480.345
||xi|| = 436.445
||eta|| = 0.270078
||yp|| = 480.345
||yphi|| = 0.257938
||BtYp|| = 2.80783
||ru|| = 2.80896
||yu|| = 127.307
||GtYphi|| = 1.69893
||KtYu|| = 12.8239
||rj|| = 13.688
||yj|| = 0.802062
||rphi|| = 0.00195228
||rp|| = 0.0719868
||y|| = 496.93
   Pass :  1   Iteration : 140  || r || = 0.0303567
||yp|| = 419.317
||xi|| = 380.993
||eta|| = 0.24828
||yp|| = 419.317
||yphi|| = 0.184256
||BtYp|| = 2.39535
||ru|| = 2.39623
||yu|| = 111.897
||GtYphi|| = 1.7231
||KtYu|| = 12.2205
||rj|| = 13.0455
||yj|| = 0.788129
||rphi|| = 0.00148332
||rp|| = 0.0641824
||y|| = 433.991
   Pass :  1   Iteration : 141  || r || = 0.0296402
||yp|| = 397.103
||xi|| = 360.762
||eta|| = 0.268958
||yp|| = 397.103
||yphi|| = 0.294554
||BtYp|| = 2.23115
||ru|| = 2.23241
||yu|| = 112.841
||GtYphi|| = 1.97876
||KtYu|| = 12.7146
||rj|| = 13.5953
||yj|| = 0.839071
||rphi|| = 0.00229636
||rp|| = 0.0615432
||y|| = 412.825
   Pass :  1   Iteration : 142  || r || = 0.0292237
||yp|| = 458.422
||xi|| = 416.507
||eta|| = 0.278645
||yp|| = 458.422
||yphi|| = 0.174129
||BtYp|| = 2.55695
||ru|| = 2.55804
||yu|| = 119.716
||GtYphi|| = 1.76009
||KtYu|| = 12.0866
||rj|| = 12.913
||yj|| = 0.787714
||rphi|| = 0.0014999
||rp|| = 0.0670719
||y|| = 473.796
   Pass :  1   Iteration : 143  || r || = 0.0290458
||yp|| = 423.651
||xi|| = 384.913
||eta|| = 0.285828
||yp|| = 423.651
||yphi|| = 0.265194
||BtYp|| = 2.39724
||ru|| = 2.39825
||yu|| = 115.685
||GtYphi|| = 1.99024
||KtYu|| = 12.4984
||rj|| = 13.3798
||yj|| = 0.810589
||rphi|| = 0.002186
||rp|| = 0.0650905
||y|| = 439.162
   Pass :  1   Iteration : 144  || r || = 0.0289839
||yp|| = 455.153
||xi|| = 413.537
||eta|| = 0.283476
||yp|| = 455.153
||yphi|| = 0.371644
||BtYp|| = 2.55883
||ru|| = 2.5601
||yu|| = 126.217
||GtYphi|| = 1.87317
||KtYu|| = 13.5119
||rj|| = 14.4054
||yj|| = 0.846376
||rphi|| = 0.00285561
||rp|| = 0.0699016
||y|| = 472.33
   Pass :  1   Iteration : 145  || r || = 0.0289529
||yp|| = 377.156
||xi|| = 342.647
||eta|| = 0.272228
||yp|| = 377.156
||yphi|| = 0.433112
||BtYp|| = 2.02979
||ru|| = 2.03096
||yu|| = 106.474
||GtYphi|| = 2.02972
||KtYu|| = 11.6236
||rj|| = 12.408
||yj|| = 0.774216
||rphi|| = 0.00330513
||rp|| = 0.0582209
||y|| = 391.899
   Pass :  1   Iteration : 146  || r || = 0.0289381
||yp|| = 414.357
||xi|| = 376.442
||eta|| = 0.282301
||yp|| = 414.357
||yphi|| = 0.407083
||BtYp|| = 2.35628
||ru|| = 2.3579
||yu|| = 117.484
||GtYphi|| = 1.98286
||KtYu|| = 13.5092
||rj|| = 14.3796
||yj|| = 0.913894
||rphi|| = 0.00319606
||rp|| = 0.0662961
||y|| = 430.691
   Pass :  1   Iteration : 147  || r || = 0.0289293
||yp|| = 444.11
||xi|| = 403.494
||eta|| = 0.349682
||yp|| = 444.11
||yphi|| = 0.286203
||BtYp|| = 2.40308
||ru|| = 2.40423
||yu|| = 119.474
||GtYphi|| = 1.92425
||KtYu|| = 12.7477
||rj|| = 13.6253
||yj|| = 0.821729
||rphi|| = 0.0021476
||rp|| = 0.0667212
||y|| = 459.9
   Pass :  1   Iteration : 148  || r || = 0.028924
||yp|| = 413.656
||xi|| = 375.854
||eta|| = 0.327819
||yp|| = 413.656
||yphi|| = 0.235088
||BtYp|| = 2.53798
||ru|| = 2.53911
||yu|| = 119.844
||GtYphi|| = 1.76308
||KtYu|| = 12.8158
||rj|| = 13.6731
||yj|| = 0.86832
||rphi|| = 0.00216556
||rp|| = 0.0689598
||y|| = 430.668
   Pass :  1   Iteration : 149  || r || = 0.0289196
||yp|| = 473.161
||xi|| = 429.918
||eta|| = 0.278847
||yp|| = 473.161
||yphi|| = 0.199227
||BtYp|| = 2.62449
||ru|| = 2.62512
||yu|| = 126.208
||GtYphi|| = 1.82384
||KtYu|| = 12.4639
||rj|| = 13.2802
||yj|| = 0.789023
||rphi|| = 0.00165423
||rp|| = 0.068489
||y|| = 489.705
   Pass :  1   Iteration : 150  || r || = 0.028908
||yp|| = 482.998
||xi|| = 438.841
||eta|| = 0.293919
||yp|| = 482.998
||yphi|| = 0.241748
||BtYp|| = 2.65197
||ru|| = 2.65319
||yu|| = 129.045
||GtYphi|| = 1.79232
||KtYu|| = 13.0324
||rj|| = 13.895
||yj|| = 0.836715
||rphi|| = 0.0021142
||rp|| = 0.0709031
||y|| = 499.94
   Pass :  1   Iteration : 151  || r || = 0.028896
||yp|| = 446.887
||xi|| = 406.033
||eta|| = 0.338175
||yp|| = 446.887
||yphi|| = 0.282595
||BtYp|| = 2.48738
||ru|| = 2.48846
||yu|| = 127.651
||GtYphi|| = 1.99813
||KtYu|| = 13.6857
||rj|| = 14.5342
||yj|| = 0.881945
||rphi|| = 0.00234828
||rp|| = 0.0690663
||y|| = 464.762
   Pass :  1   Iteration : 152  || r || = 0.0288707
||yp|| = 458.168
||xi|| = 416.294
||eta|| = 0.282937
||yp|| = 458.168
||yphi|| = 0.258692
||BtYp|| = 2.56948
||ru|| = 2.57062
||yu|| = 124.475
||GtYphi|| = 1.79871
||KtYu|| = 12.5834
||rj|| = 13.371
||yj|| = 0.833548
||rphi|| = 0.00187403
||rp|| = 0.0688016
||y|| = 474.776
   Pass :  1   Iteration : 153  || r || = 0.0288164
||yp|| = 436.694
||xi|| = 396.787
||eta|| = 0.29457
||yp|| = 436.694
||yphi|| = 0.286532
||BtYp|| = 2.55367
||ru|| = 2.55473
||yu|| = 119.348
||GtYphi|| = 1.85357
||KtYu|| = 13.3041
||rj|| = 14.1391
||yj|| = 0.903292
||rphi|| = 0.00234409
||rp|| = 0.0664876
||y|| = 452.71
   Pass :  1   Iteration : 154  || r || = 0.0286708
||yp|| = 476.041
||xi|| = 432.533
||eta|| = 0.275553
||yp|| = 476.041
||yphi|| = 0.287079
||BtYp|| = 2.63533
||ru|| = 2.63619
||yu|| = 121.07
||GtYphi|| = 1.85314
||KtYu|| = 11.8262
||rj|| = 12.6387
||yj|| = 0.767903
||rphi|| = 0.0021738
||rp|| = 0.067027
||y|| = 491.196
   Pass :  1   Iteration : 155  || r || = 0.0283478
||yp|| = 522.685
||xi|| = 474.902
||eta|| = 0.320691
||yp|| = 522.685
||yphi|| = 0.298449
||BtYp|| = 3.11322
||ru|| = 3.11439
||yu|| = 147.935
||GtYphi|| = 1.57632
||KtYu|| = 14.1516
||rj|| = 15.0008
||yj|| = 0.930103
||rphi|| = 0.0023224
||rp|| = 0.0793382
||y|| = 543.217
   Pass :  1   Iteration : 156  || r || = 0.0275408
||yp|| = 401.612
||xi|| = 364.877
||eta|| = 0.324686
||yp|| = 401.612
||yphi|| = 0.251346
||BtYp|| = 2.2153
||ru|| = 2.21613
||yu|| = 107.199
||GtYphi|| = 1.75353
||KtYu|| = 11.3463
||rj|| = 12.1314
||yj|| = 0.723871
||rphi|| = 0.0021081
||rp|| = 0.0589968
||y|| = 415.673
   Pass :  1   Iteration : 157  || r || = 0.0267207
||yp|| = 458.127
||xi|| = 416.241
||eta|| = 0.275716
||yp|| = 458.127
||yphi|| = 0.15972
||BtYp|| = 2.79098
||ru|| = 2.79224
||yu|| = 136.88
||GtYphi|| = 1.38901
||KtYu|| = 13.3649
||rj|| = 14.1817
||yj|| = 0.889145
||rphi|| = 0.00144295
||rp|| = 0.0769828
||y|| = 478.14
   Pass :  1   Iteration : 158  || r || = 0.0258425
||yp|| = 476.253
||xi|| = 432.744
||eta|| = 0.296902
||yp|| = 476.253
||yphi|| = 0.226012
||BtYp|| = 2.81143
||ru|| = 2.81244
||yu|| = 134.76
||GtYphi|| = 1.59658
||KtYu|| = 12.4319
||rj|| = 13.2035
||yj|| = 0.808486
||rphi|| = 0.00189673
||rp|| = 0.0756021
||y|| = 494.952
   Pass :  1   Iteration : 159  || r || = 0.0251759
||yp|| = 440.132
||xi|| = 399.892
||eta|| = 0.324132
||yp|| = 440.132
||yphi|| = 0.210654
||BtYp|| = 2.66193
||ru|| = 2.66294
||yu|| = 124.507
||GtYphi|| = 1.84947
||KtYu|| = 12.4014
||rj|| = 13.2311
||yj|| = 0.838845
||rphi|| = 0.00158037
||rp|| = 0.0729075
||y|| = 457.404
   Pass :  1   Iteration : 160  || r || = 0.0246089
||yp|| = 477.73
||xi|| = 434.077
||eta|| = 0.328365
||yp|| = 477.73
||yphi|| = 0.173949
||BtYp|| = 3.00198
||ru|| = 3.00288
||yu|| = 134.745
||GtYphi|| = 1.64473
||KtYu|| = 12.3906
||rj|| = 13.1951
||yj|| = 0.814554
||rphi|| = 0.00143622
||rp|| = 0.080196
||y|| = 496.369
   Pass :  1   Iteration : 161  || r || = 0.0242772
||yp|| = 506.05
||xi|| = 459.846
||eta|| = 0.307309
||yp|| = 506.05
||yphi|| = 0.18848
||BtYp|| = 3
||ru|| = 3.00079
||yu|| = 139.986
||GtYphi|| = 1.62194
||KtYu|| = 13.175
||rj|| = 13.9691
||yj|| = 0.833721
||rphi|| = 0.00150153
||rp|| = 0.0783148
||y|| = 525.056
   Pass :  1   Iteration : 162  || r || = 0.0240871
||yp|| = 578.251
||xi|| = 525.394
||eta|| = 0.370838
||yp|| = 578.251
||yphi|| = 0.160905
||BtYp|| = 3.19918
||ru|| = 3.20026
||yu|| = 149.965
||GtYphi|| = 1.74225
||KtYu|| = 13.2876
||rj|| = 14.0165
||yj|| = 0.826947
||rphi|| = 0.0013478
||rp|| = 0.0814555
||y|| = 597.382
   Pass :  1   Iteration : 163  || r || = 0.023975
||yp|| = 524.436
||xi|| = 476.522
||eta|| = 0.248369
||yp|| = 524.436
||yphi|| = 0.257775
||BtYp|| = 3.0707
||ru|| = 3.07136
||yu|| = 139.94
||GtYphi|| = 1.80737
||KtYu|| = 12.7885
||rj|| = 13.6716
||yj|| = 0.808996
||rphi|| = 0.00177482
||rp|| = 0.0790388
||y|| = 542.787
   Pass :  1   Iteration : 164  || r || = 0.0238891
||yp|| = 525.349
||xi|| = 477.4
||eta|| = 0.353097
||yp|| = 525.349
||yphi|| = 0.222504
||BtYp|| = 3.28826
||ru|| = 3.28921
||yu|| = 149.37
||GtYphi|| = 1.78335
||KtYu|| = 13.6616
||rj|| = 14.4592
||yj|| = 0.904196
||rphi|| = 0.00170983
||rp|| = 0.0863881
||y|| = 546.172
   Pass :  1   Iteration : 165  || r || = 0.0238177
||yp|| = 489.525
||xi|| = 444.746
||eta|| = 0.288384
||yp|| = 489.525
||yphi|| = 0.252265
||BtYp|| = 2.92052
||ru|| = 2.92159
||yu|| = 138.681
||GtYphi|| = 2.07459
||KtYu|| = 12.5867
||rj|| = 13.5161
||yj|| = 0.814202
||rphi|| = 0.00179128
||rp|| = 0.0749277
||y|| = 508.79
   Pass :  1   Iteration : 166  || r || = 0.0237816
||yp|| = 514.04
||xi|| = 467.041
||eta|| = 0.261646
||yp|| = 514.04
||yphi|| = 0.220996
||BtYp|| = 2.81379
||ru|| = 2.81493
||yu|| = 138.717
||GtYphi|| = 1.72656
||KtYu|| = 13.3711
||rj|| = 14.1635
||yj|| = 0.862635
||rphi|| = 0.00177585
||rp|| = 0.0731484
||y|| = 532.428
   Pass :  1   Iteration : 167  || r || = 0.0237666
||yp|| = 491.049
||xi|| = 446.206
||eta|| = 0.356356
||yp|| = 491.049
||yphi|| = 0.184188
||BtYp|| = 3.02262
||ru|| = 3.02339
||yu|| = 141.777
||GtYphi|| = 1.81387
||KtYu|| = 13.2374
||rj|| = 14.0354
||yj|| = 0.855733
||rphi|| = 0.00147536
||rp|| = 0.0787653
||y|| = 511.107
   Pass :  1   Iteration : 168  || r || = 0.0237644
||yp|| = 502.008
||xi|| = 456.07
||eta|| = 0.353758
||yp|| = 502.008
||yphi|| = 0.213439
||BtYp|| = 2.80999
||ru|| = 2.81118
||yu|| = 134.283
||GtYphi|| = 2.16886
||KtYu|| = 12.3471
||rj|| = 13.2471
||yj|| = 0.769636
||rphi|| = 0.00161576
||rp|| = 0.0723902
||y|| = 519.658
   Pass :  1   Iteration : 169  || r || = 0.0237634
||yp|| = 552.731
||xi|| = 502.264
||eta|| = 0.325142
||yp|| = 552.731
||yphi|| = 0.35806
||BtYp|| = 3.4417
||ru|| = 3.44222
||yu|| = 160.695
||GtYphi|| = 1.86825
||KtYu|| = 14.8375
||rj|| = 15.6378
||yj|| = 0.943121
||rphi|| = 0.00274636
||rp|| = 0.0880703
||y|| = 575.617
   Pass :  1   Iteration : 170  || r || = 0.0237578
||yp|| = 486.816
||xi|| = 442.319
||eta|| = 0.282691
||yp|| = 486.816
||yphi|| = 0.307931
||BtYp|| = 2.82533
||ru|| = 2.82716
||yu|| = 128.671
||GtYphi|| = 2.08276
||KtYu|| = 12.4751
||rj|| = 13.2525
||yj|| = 0.780909
||rphi|| = 0.0022789
||rp|| = 0.0703684
||y|| = 503.535
   Pass :  1   Iteration : 171  || r || = 0.0237329
||yp|| = 530.943
||xi|| = 482.418
||eta|| = 0.310427
||yp|| = 530.943
||yphi|| = 0.220859
||BtYp|| = 3.18792
||ru|| = 3.18835
||yu|| = 142.649
||GtYphi|| = 1.79466
||KtYu|| = 12.9503
||rj|| = 13.7312
||yj|| = 0.807917
||rphi|| = 0.00182813
||rp|| = 0.079324
||y|| = 549.772
   Pass :  1   Iteration : 172  || r || = 0.0237029
||yp|| = 609.888
||xi|| = 554.185
||eta|| = 0.288066
||yp|| = 609.888
||yphi|| = 0.180079
||BtYp|| = 3.94151
||ru|| = 3.94279
||yu|| = 179.491
||GtYphi|| = 1.54149
||KtYu|| = 15.0866
||rj|| = 15.8658
||yj|| = 0.989425
||rphi|| = 0.0014421
||rp|| = 0.102781
||y|| = 635.752
   Pass :  1   Iteration : 173  || r || = 0.0236186
||yp|| = 503.099
||xi|| = 457.151
||eta|| = 0.372228
||yp|| = 503.099
||yphi|| = 0.259764
||BtYp|| = 2.8224
||ru|| = 2.82325
||yu|| = 129.844
||GtYphi|| = 1.98544
||KtYu|| = 11.6046
||rj|| = 12.3555
||yj|| = 0.694216
||rphi|| = 0.00209598
||rp|| = 0.0719986
||y|| = 519.585
   Pass :  1   Iteration : 174  || r || = 0.0234883
||yp|| = 594.458
||xi|| = 540.138
||eta|| = 0.346041
||yp|| = 594.458
||yphi|| = 0.170802
||BtYp|| = 3.70617
||ru|| = 3.70619
||yu|| = 170.714
||GtYphi|| = 1.74612
||KtYu|| = 14.3008
||rj|| = 15.1242
||yj|| = 0.896354
||rphi|| = 0.00132458
||rp|| = 0.0945111
||y|| = 618.485
   Pass :  1   Iteration : 175  || r || = 0.023218
||yp|| = 572.709
||xi|| = 520.428
||eta|| = 0.321077
||yp|| = 572.709
||yphi|| = 0.21387
||BtYp|| = 3.61327
||ru|| = 3.61497
||yu|| = 158.985
||GtYphi|| = 1.7079
||KtYu|| = 13.6197
||rj|| = 14.3843
||yj|| = 0.868703
||rphi|| = 0.00172023
||rp|| = 0.0922919
||y|| = 594.368
   Pass :  1   Iteration : 176  || r || = 0.0227805
||yp|| = 590.411
||xi|| = 536.478
||eta|| = 0.364456
||yp|| = 590.411
||yphi|| = 0.210018
||BtYp|| = 3.90608
||ru|| = 3.90569
||yu|| = 166.62
||GtYphi|| = 1.81786
||KtYu|| = 12.8907
||rj|| = 13.6647
||yj|| = 0.815967
||rphi|| = 0.00175193
||rp|| = 0.0967536
||y|| = 613.472
   Pass :  1   Iteration : 177  || r || = 0.0220211
||yp|| = 563.73
||xi|| = 512.224
||eta|| = 0.346509
||yp|| = 563.73
||yphi|| = 0.202242
||BtYp|| = 3.66561
||ru|| = 3.66668
||yu|| = 164.055
||GtYphi|| = 1.78133
||KtYu|| = 13.4493
||rj|| = 14.2698
||yj|| = 0.893639
||rphi|| = 0.00161777
||rp|| = 0.0948351
||y|| = 587.117
   Pass :  1   Iteration : 178  || r || = 0.0210023
||yp|| = 604.063
||xi|| = 548.929
||eta|| = 0.377763
||yp|| = 604.063
||yphi|| = 0.15489
||BtYp|| = 3.95791
||ru|| = 3.95853
||yu|| = 172.117
||GtYphi|| = 1.57107
||KtYu|| = 13.8201
||rj|| = 14.5735
||yj|| = 0.879779
||rphi|| = 0.00131894
||rp|| = 0.0996655
||y|| = 628.106
   Pass :  1   Iteration : 179  || r || = 0.0202606
||yp|| = 597.055
||xi|| = 542.534
||eta|| = 0.302409
||yp|| = 597.055
||yphi|| = 0.356953
||BtYp|| = 3.81429
||ru|| = 3.81397
||yu|| = 165.225
||GtYphi|| = 1.9405
||KtYu|| = 12.7618
||rj|| = 13.5422
||yj|| = 0.771217
||rphi|| = 0.00280478
||rp|| = 0.0945538
||y|| = 619.496
   Pass :  1   Iteration : 180  || r || = 0.019939
||yp|| = 610.638
||xi|| = 554.891
||eta|| = 0.330438
||yp|| = 610.638
||yphi|| = 0.264639
||BtYp|| = 3.95193
||ru|| = 3.95364
||yu|| = 175.718
||GtYphi|| = 1.71234
||KtYu|| = 15.3426
||rj|| = 16.1597
||yj|| = 0.989269
||rphi|| = 0.00221611
||rp|| = 0.101162
||y|| = 635.418
   Pass :  1   Iteration : 181  || r || = 0.0196815
||yp|| = 544.964
||xi|| = 495.175
||eta|| = 0.313894
||yp|| = 544.964
||yphi|| = 0.2745
||BtYp|| = 3.45594
||ru|| = 3.45616
||yu|| = 150.209
||GtYphi|| = 1.92405
||KtYu|| = 11.7864
||rj|| = 12.5605
||yj|| = 0.73142
||rphi|| = 0.00218411
||rp|| = 0.0872145
||y|| = 565.286
   Pass :  1   Iteration : 182  || r || = 0.0195596
||yp|| = 604.282
||xi|| = 549.091
||eta|| = 0.291307
||yp|| = 604.282
||yphi|| = 0.221437
||BtYp|| = 3.95475
||ru|| = 3.95578
||yu|| = 175.518
||GtYphi|| = 1.61125
||KtYu|| = 13.6903
||rj|| = 14.5111
||yj|| = 0.873804
||rphi|| = 0.00188764
||rp|| = 0.101075
||y|| = 629.257
   Pass :  1   Iteration : 183  || r || = 0.0195055
||yp|| = 501.421
||xi|| = 455.622
||eta|| = 0.44129
||yp|| = 501.421
||yphi|| = 0.258736
||BtYp|| = 3.06843
||ru|| = 3.06955
||yu|| = 149.001
||GtYphi|| = 1.9469
||KtYu|| = 13.5235
||rj|| = 14.299
||yj|| = 0.892131
||rphi|| = 0.00203512
||rp|| = 0.0839924
||y|| = 523.092
   Pass :  1   Iteration : 184  || r || = 0.0194784
||yp|| = 464.341
||xi|| = 421.882
||eta|| = 0.306233
||yp|| = 464.341
||yphi|| = 0.230164
||BtYp|| = 2.5617
||ru|| = 2.56234
||yu|| = 122.554
||GtYphi|| = 2.01232
||KtYu|| = 12.4255
||rj|| = 13.2396
||yj|| = 0.740137
||rphi|| = 0.00181026
||rp|| = 0.0696096
||y|| = 480.242
   Pass :  1   Iteration : 185  || r || = 0.0194691
||yp|| = 595.401
||xi|| = 540.958
||eta|| = 0.373054
||yp|| = 595.401
||yphi|| = 0.164542
||BtYp|| = 3.57706
||ru|| = 3.57794
||yu|| = 170.134
||GtYphi|| = 1.58741
||KtYu|| = 14.477
||rj|| = 15.2153
||yj|| = 0.924317
||rphi|| = 0.00141151
||rp|| = 0.0931278
||y|| = 619.232
   Pass :  1   Iteration : 186  || r || = 0.0194638
||yp|| = 557.921
||xi|| = 506.923
||eta|| = 0.35993
||yp|| = 557.921
||yphi|| = 0.220249
||BtYp|| = 3.37371
||ru|| = 3.37446
||yu|| = 157.802
||GtYphi|| = 1.92975
||KtYu|| = 13.36
||rj|| = 14.1453
||yj|| = 0.814821
||rphi|| = 0.00178233
||rp|| = 0.0850625
||y|| = 579.809
   Pass :  1   Iteration : 187  || r || = 0.0194631
||yp|| = 500.814
||xi|| = 454.972
||eta|| = 0.359643
||yp|| = 500.814
||yphi|| = 0.207852
||BtYp|| = 2.79583
||ru|| = 2.79687
||yu|| = 143.081
||GtYphi|| = 1.88001
||KtYu|| = 12.9807
||rj|| = 13.8194
||yj|| = 0.772404
||rphi|| = 0.00149152
||rp|| = 0.0752009
||y|| = 520.852
   Pass :  1   Iteration : 188  || r || = 0.0194608
||yp|| = 456.05
||xi|| = 414.379
||eta|| = 0.307833
||yp|| = 456.05
||yphi|| = 0.243179
||BtYp|| = 2.83713
||ru|| = 2.83875
||yu|| = 140.007
||GtYphi|| = 1.87515
||KtYu|| = 13.64
||rj|| = 14.4574
||yj|| = 0.899953
||rphi|| = 0.00188048
||rp|| = 0.0814288
||y|| = 477.058
   Pass :  1   Iteration : 189  || r || = 0.0194565
||yp|| = 508.56
||xi|| = 462.108
||eta|| = 0.330018
||yp|| = 508.56
||yphi|| = 0.250222
||BtYp|| = 2.984
||ru|| = 2.98453
||yu|| = 147.255
||GtYphi|| = 2.0782
||KtYu|| = 13.9483
||rj|| = 14.7908
||yj|| = 0.835501
||rphi|| = 0.00186669
||rp|| = 0.0804364
||y|| = 529.45
   Pass :  1   Iteration : 190  || r || = 0.0194515
||yp|| = 460.684
||xi|| = 418.533
||eta|| = 0.31269
||yp|| = 460.684
||yphi|| = 0.302302
||BtYp|| = 2.49117
||ru|| = 2.4923
||yu|| = 135.71
||GtYphi|| = 1.99721
||KtYu|| = 13.1525
||rj|| = 14.0089
||yj|| = 0.759364
||rphi|| = 0.00249766
||rp|| = 0.070822
||y|| = 480.258
   Pass :  1   Iteration : 191  || r || = 0.0194487
||yp|| = 424.326
||xi|| = 385.445
||eta|| = 0.338381
||yp|| = 424.326
||yphi|| = 0.211367
||BtYp|| = 2.2399
||ru|| = 2.24141
||yu|| = 130.783
||GtYphi|| = 1.73814
||KtYu|| = 13.5281
||rj|| = 14.3882
||yj|| = 0.896224
||rphi|| = 0.00165898
||rp|| = 0.0698198
||y|| = 444.024
   Pass :  1   Iteration : 192  || r || = 0.019435
||yp|| = 550.793
||xi|| = 500.31
||eta|| = 0.403716
||yp|| = 550.793
||yphi|| = 0.249225
||BtYp|| = 3.11616
||ru|| = 3.11688
||yu|| = 162.004
||GtYphi|| = 1.84952
||KtYu|| = 12.9567
||rj|| = 13.8219
||yj|| = 0.779152
||rphi|| = 0.00190508
||rp|| = 0.0833034
||y|| = 574.125
   Pass :  1   Iteration : 193  || r || = 0.019408
||yp|| = 589.627
||xi|| = 535.778
||eta|| = 0.352675
||yp|| = 589.627
||yphi|| = 0.477633
||BtYp|| = 3.80216
||ru|| = 3.80414
||yu|| = 176.183
||GtYphi|| = 2.16248
||KtYu|| = 14.0474
||rj|| = 14.8172
||yj|| = 0.860037
||rphi|| = 0.0037379
||rp|| = 0.100662
||y|| = 615.387
   Pass :  1   Iteration : 194  || r || = 0.0193632
||yp|| = 472.213
||xi|| = 429
||eta|| = 0.3743
||yp|| = 472.213
||yphi|| = 0.29019
||BtYp|| = 2.7254
||ru|| = 2.72717
||yu|| = 145.445
||GtYphi|| = 1.81998
||KtYu|| = 13.5784
||rj|| = 14.3866
||yj|| = 0.858556
||rphi|| = 0.00223026
||rp|| = 0.0817129
||y|| = 494.106
   Pass :  1   Iteration : 195  || r || = 0.0192509
||yp|| = 490.94
||xi|| = 445.971
||eta|| = 0.430468
||yp|| = 490.94
||yphi|| = 0.181158
||BtYp|| = 2.76426
||ru|| = 2.76645
||yu|| = 149.45
||GtYphi|| = 1.84316
||KtYu|| = 13.8153
||rj|| = 14.6447
||yj|| = 0.836492
||rphi|| = 0.00153564
||rp|| = 0.0817227
||y|| = 513.184
   Pass :  1   Iteration : 196  || r || = 0.0189746
||yp|| = 427.058
||xi|| = 387.921
||eta|| = 0.508136
||yp|| = 427.058
||yphi|| = 0.181075
||BtYp|| = 2.29094
||ru|| = 2.29171
||yu|| = 126.543
||GtYphi|| = 1.89231
||KtYu|| = 13.3549
||rj|| = 14.1277
||yj|| = 0.852763
||rphi|| = 0.00157733
||rp|| = 0.0724915
||y|| = 445.413
   Pass :  1   Iteration : 197  || r || = 0.0185339
||yp|| = 494.292
||xi|| = 449.065
||eta|| = 0.347661
||yp|| = 494.292
||yphi|| = 0.165441
||BtYp|| = 3.00252
||ru|| = 3.00447
||yu|| = 148.832
||GtYphi|| = 1.7122
||KtYu|| = 13.844
||rj|| = 14.6834
||yj|| = 0.832384
||rphi|| = 0.00135521
||rp|| = 0.0865981
||y|| = 516.214
   Pass :  1   Iteration : 198  || r || = 0.017808
||yp|| = 407.259
||xi|| = 369.994
||eta|| = 0.273819
||yp|| = 407.259
||yphi|| = 0.220517
||BtYp|| = 2.29711
||ru|| = 2.29807
||yu|| = 118.005
||GtYphi|| = 1.84472
||KtYu|| = 11.7929
||rj|| = 12.6154
||yj|| = 0.710134
||rphi|| = 0.00168484
||rp|| = 0.0689385
||y|| = 424.012
   Pass :  1   Iteration : 199  || r || = 0.0170543
||yp|| = 412.127
||xi|| = 374.421
||eta|| = 0.346561
||yp|| = 412.127
||yphi|| = 0.253916
||BtYp|| = 2.52782
||ru|| = 2.52886
||yu|| = 125.635
||GtYphi|| = 1.75978
||KtYu|| = 12.4123
||rj|| = 13.1987
||yj|| = 0.828249
||rphi|| = 0.00205744
||rp|| = 0.0773564
||y|| = 430.852
   Pass :  1   Iteration : 200  || r || = 0.0165209
||yp|| = 462.458
||xi|| = 420.135
||eta|| = 0.391619
||yp|| = 462.458
||yphi|| = 0.188821
||BtYp|| = 2.87064
||ru|| = 2.87254
||yu|| = 145.787
||GtYphi|| = 1.76699
||KtYu|| = 13.2435
||rj|| = 14.0418
||yj|| = 0.881559
||rphi|| = 0.00157607
||rp|| = 0.0892399
||y|| = 484.894
   Pass :  1   Iteration : 201  || r || = 0.0160725
||yp|| = 398.197
||xi|| = 361.697
||eta|| = 0.338818
||yp|| = 398.197
||yphi|| = 0.202951
||BtYp|| = 2.25664
||ru|| = 2.2577
||yu|| = 125.992
||GtYphi|| = 1.94292
||KtYu|| = 12.053
||rj|| = 12.831
||yj|| = 0.775031
||rphi|| = 0.00168027
||rp|| = 0.077285
||y|| = 417.655
   Pass :  1   Iteration : 202  || r || = 0.0158261
||yp|| = 457.104
||xi|| = 415.276
||eta|| = 0.3131
||yp|| = 457.104
||yphi|| = 0.32091
||BtYp|| = 3.04633
||ru|| = 3.04778
||yu|| = 153.123
||GtYphi|| = 1.80751
||KtYu|| = 14.0477
||rj|| = 14.8979
||yj|| = 0.932374
||rphi|| = 0.00263023
||rp|| = 0.0980634
||y|| = 482.07
   Pass :  1   Iteration : 203  || r || = 0.0156389
||yp|| = 494.299
||xi|| = 449.117
||eta|| = 0.290219
||yp|| = 494.299
||yphi|| = 0.242987
||BtYp|| = 3.33807
||ru|| = 3.33887
||yu|| = 152.96
||GtYphi|| = 1.78172
||KtYu|| = 12.1503
||rj|| = 12.915
||yj|| = 0.770798
||rphi|| = 0.00193029
||rp|| = 0.0970503
||y|| = 517.425
   Pass :  1   Iteration : 204  || r || = 0.0155769
||yp|| = 459.167
||xi|| = 417.123
||eta|| = 0.340194
||yp|| = 459.167
||yphi|| = 0.206344
||BtYp|| = 2.94592
||ru|| = 2.94707
||yu|| = 144.838
||GtYphi|| = 1.89081
||KtYu|| = 12.5089
||rj|| = 13.3201
||yj|| = 0.803564
||rphi|| = 0.00167459
||rp|| = 0.0955591
||y|| = 481.47
   Pass :  1   Iteration : 205  || r || = 0.0155623
||yp|| = 473.875
||xi|| = 430.423
||eta|| = 0.317547
||yp|| = 473.875
||yphi|| = 0.252747
||BtYp|| = 3.11819
||ru|| = 3.11927
||yu|| = 169.914
||GtYphi|| = 1.81241
||KtYu|| = 13.7316
||rj|| = 14.6144
||yj|| = 0.914168
||rphi|| = 0.00195791
||rp|| = 0.10897
||y|| = 503.418
   Pass :  1   Iteration : 206  || r || = 0.0155574
||yp|| = 486.523
||xi|| = 441.925
||eta|| = 0.392727
||yp|| = 486.523
||yphi|| = 0.232945
||BtYp|| = 2.73496
||ru|| = 2.73599
||yu|| = 148.761
||GtYphi|| = 2.14668
||KtYu|| = 12.0002
||rj|| = 12.7701
||yj|| = 0.725532
||rphi|| = 0.0019405
||rp|| = 0.0913237
||y|| = 508.758
   Pass :  1   Iteration : 207  || r || = 0.0155545
||yp|| = 494.525
||xi|| = 449.23
||eta|| = 0.316364
||yp|| = 494.525
||yphi|| = 0.266004
||BtYp|| = 3.27475
||ru|| = 3.27719
||yu|| = 170.46
||GtYphi|| = 2.1
||KtYu|| = 13.2327
||rj|| = 14.1152
||yj|| = 0.847221
||rphi|| = 0.00216572
||rp|| = 0.109035
||y|| = 523.08
   Pass :  1   Iteration : 208  || r || = 0.015551
||yp|| = 570.938
||xi|| = 518.723
||eta|| = 0.324111
||yp|| = 570.938
||yphi|| = 0.271131
||BtYp|| = 3.7948
||ru|| = 3.79711
||yu|| = 182.917
||GtYphi|| = 2.07927
||KtYu|| = 14.0705
||rj|| = 14.9037
||yj|| = 0.893923
||rphi|| = 0.00210043
||rp|| = 0.113788
||y|| = 599.524
   Pass :  1   Iteration : 209  || r || = 0.0155387
||yp|| = 528.411
||xi|| = 480.115
||eta|| = 0.393087
||yp|| = 528.411
||yphi|| = 0.288904
||BtYp|| = 3.45665
||ru|| = 3.45796
||yu|| = 151.232
||GtYphi|| = 2.21382
||KtYu|| = 12.7877
||rj|| = 13.6509
||yj|| = 0.757484
||rphi|| = 0.00200921
||rp|| = 0.0979639
||y|| = 549.627
   Pass :  1   Iteration : 210  || r || = 0.0155322
||yp|| = 510.55
||xi|| = 463.791
||eta|| = 0.443549
||yp|| = 510.55
||yphi|| = 0.236863
||BtYp|| = 3.13408
||ru|| = 3.13508
||yu|| = 170.631
||GtYphi|| = 1.96239
||KtYu|| = 14.7934
||rj|| = 15.5984
||yj|| = 0.955898
||rphi|| = 0.00201671
||rp|| = 0.0995913
||y|| = 538.309
   Pass :  1   Iteration : 211  || r || = 0.01553
||yp|| = 495.269
||xi|| = 449.93
||eta|| = 0.401264
||yp|| = 495.269
||yphi|| = 0.217933
||BtYp|| = 2.58419
||ru|| = 2.585
||yu|| = 146.033
||GtYphi|| = 1.8719
||KtYu|| = 12.8638
||rj|| = 13.6304
||yj|| = 0.794085
||rphi|| = 0.00167637
||rp|| = 0.0785068
||y|| = 516.35
   Pass :  1   Iteration : 212  || r || = 0.0155272
||yp|| = 493.642
||xi|| = 448.475
||eta|| = 0.344525
||yp|| = 493.642
||yphi|| = 0.291187
||BtYp|| = 2.75216
||ru|| = 2.75448
||yu|| = 147.603
||GtYphi|| = 2.05964
||KtYu|| = 14.0929
||rj|| = 14.9808
||yj|| = 0.857607
||rphi|| = 0.00256521
||rp|| = 0.0773754
||y|| = 515.238
   Pass :  1   Iteration : 213  || r || = 0.0155206
||yp|| = 477.03
||xi|| = 433.394
||eta|| = 0.33019
||yp|| = 477.03
||yphi|| = 0.231967
||BtYp|| = 2.6993
||ru|| = 2.70119
||yu|| = 138.852
||GtYphi|| = 1.93372
||KtYu|| = 14.5998
||rj|| = 15.4593
||yj|| = 0.949884
||rphi|| = 0.00178562
||rp|| = 0.0747989
||y|| = 496.828
   Pass :  1   Iteration : 214  || r || = 0.0154619
||yp|| = 570.459
||xi|| = 518.375
||eta|| = 0.325455
||yp|| = 570.459
||yphi|| = 0.278982
||BtYp|| = 3.36397
||ru|| = 3.36335
||yu|| = 153.585
||GtYphi|| = 2.26491
||KtYu|| = 12.7077
||rj|| = 13.5739
||yj|| = 0.722737
||rphi|| = 0.00208598
||rp|| = 0.0846938
||y|| = 590.773
   Pass :  1   Iteration : 215  || r || = 0.0153446
||yp|| = 517.175
||xi|| = 469.915
||eta|| = 0.2857
||yp|| = 517.175
||yphi|| = 0.299106
||BtYp|| = 2.90883
||ru|| = 2.9095
||yu|| = 145.448
||GtYphi|| = 2.04703
||KtYu|| = 13.4593
||rj|| = 14.2872
||yj|| = 0.812743
||rphi|| = 0.00277428
||rp|| = 0.0773034
||y|| = 537.239
   Pass :  1   Iteration : 216  || r || = 0.0151147
||yp|| = 464.36
||xi|| = 421.872
||eta|| = 0.331322
||yp|| = 464.36
||yphi|| = 0.270482
||BtYp|| = 2.46949
||ru|| = 2.47073
||yu|| = 134.233
||GtYphi|| = 1.78391
||KtYu|| = 14.33
||rj|| = 15.1941
||yj|| = 0.914368
||rphi|| = 0.00224485
||rp|| = 0.0761514
||y|| = 483.373
   Pass :  1   Iteration : 217  || r || = 0.0144026
||yp|| = 497.789
||xi|| = 452.338
||eta|| = 0.414115
||yp|| = 497.789
||yphi|| = 0.334362
||BtYp|| = 2.68327
||ru|| = 2.68334
||yu|| = 136.339
||GtYphi|| = 1.98137
||KtYu|| = 12.894
||rj|| = 13.7285
||yj|| = 0.722883
||rphi|| = 0.00293589
||rp|| = 0.0759921
||y|| = 516.123
   Pass :  1   Iteration : 218  || r || = 0.0135485
||yp|| = 461.871
||xi|| = 419.638
||eta|| = 0.292922
||yp|| = 461.871
||yphi|| = 0.163645
||BtYp|| = 2.47601
||ru|| = 2.47745
||yu|| = 127.096
||GtYphi|| = 1.5502
||KtYu|| = 12.3477
||rj|| = 13.0978
||yj|| = 0.741282
||rphi|| = 0.00139601
||rp|| = 0.0735984
||y|| = 479.04
   Pass :  1   Iteration : 219  || r || = 0.01304
||yp|| = 498.511
||xi|| = 452.907
||eta|| = 0.303817
||yp|| = 498.511
||yphi|| = 0.22606
||BtYp|| = 2.95521
||ru|| = 2.95642
||yu|| = 153.508
||GtYphi|| = 1.56381
||KtYu|| = 14.0983
||rj|| = 14.9588
||yj|| = 0.880523
||rphi|| = 0.00218354
||rp|| = 0.0910507
||y|| = 521.612
   Pass :  1   Iteration : 220  || r || = 0.0124477
||yp|| = 424.757
||xi|| = 385.926
||eta|| = 0.412139
||yp|| = 424.757
||yphi|| = 0.416468
||BtYp|| = 2.51631
||ru|| = 2.51689
||yu|| = 127.577
||GtYphi|| = 2.28945
||KtYu|| = 12.1959
||rj|| = 13.0745
||yj|| = 0.73337
||rphi|| = 0.0040466
||rp|| = 0.0760144
||y|| = 443.503
   Pass :  1   Iteration : 221  || r || = 0.0120417
||yp|| = 412.872
||xi|| = 375.099
||eta|| = 0.306973
||yp|| = 412.872
||yphi|| = 0.210633
||BtYp|| = 2.39846
||ru|| = 2.39951
||yu|| = 122.216
||GtYphi|| = 1.8931
||KtYu|| = 12.542
||rj|| = 13.4227
||yj|| = 0.711928
||rphi|| = 0.00164536
||rp|| = 0.0721715
||y|| = 430.581
   Pass :  1   Iteration : 222  || r || = 0.0118681
||yp|| = 504.783
||xi|| = 458.581
||eta|| = 0.331061
||yp|| = 504.783
||yphi|| = 0.153861
||BtYp|| = 3.03451
||ru|| = 3.0352
||yu|| = 164.09
||GtYphi|| = 1.61789
||KtYu|| = 14.3205
||rj|| = 15.1402
||yj|| = 0.891105
||rphi|| = 0.00146878
||rp|| = 0.0959327
||y|| = 530.785
   Pass :  1   Iteration : 223  || r || = 0.0117362
||yp|| = 437.623
||xi|| = 397.556
||eta|| = 0.512347
||yp|| = 437.623
||yphi|| = 0.3397
||BtYp|| = 2.50114
||ru|| = 2.50259
||yu|| = 139.554
||GtYphi|| = 2.14279
||KtYu|| = 12.5739
||rj|| = 13.398
||yj|| = 0.764355
||rphi|| = 0.00270705
||rp|| = 0.0828509
||y|| = 459.337
   Pass :  1   Iteration : 224  || r || = 0.0116921
||yp|| = 520.956
||xi|| = 473.279
||eta|| = 0.382095
||yp|| = 520.956
||yphi|| = 0.293466
||BtYp|| = 3.03529
||ru|| = 3.03681
||yu|| = 151.667
||GtYphi|| = 2.01104
||KtYu|| = 13.3714
||rj|| = 14.2126
||yj|| = 0.849875
||rphi|| = 0.00251244
||rp|| = 0.0837317
||y|| = 542.586
   Pass :  1   Iteration : 225  || r || = 0.0116773
||yp|| = 472.329
||xi|| = 429.109
||eta|| = 0.364559
||yp|| = 472.329
||yphi|| = 0.257276
||BtYp|| = 2.86307
||ru|| = 2.86416
||yu|| = 145.467
||GtYphi|| = 2.16185
||KtYu|| = 13.567
||rj|| = 14.4635
||yj|| = 0.847085
||rphi|| = 0.00232289
||rp|| = 0.0849805
||y|| = 494.223
   Pass :  1   Iteration : 226  || r || = 0.0116684
||yp|| = 456.237
||xi|| = 414.492
||eta|| = 0.289905
||yp|| = 456.237
||yphi|| = 0.198422
||BtYp|| = 2.64769
||ru|| = 2.64855
||yu|| = 137.647
||GtYphi|| = 2.04963
||KtYu|| = 13.2532
||rj|| = 14.074
||yj|| = 0.786675
||rphi|| = 0.00150105
||rp|| = 0.0774136
||y|| = 476.549
   Pass :  1   Iteration : 227  || r || = 0.0116658
||yp|| = 443.431
||xi|| = 402.774
||eta|| = 0.403955
||yp|| = 443.431
||yphi|| = 0.253606
||BtYp|| = 2.52115
||ru|| = 2.5221
||yu|| = 145.388
||GtYphi|| = 1.90403
||KtYu|| = 13.4165
||rj|| = 14.2336
||yj|| = 0.847682
||rphi|| = 0.00214637
||rp|| = 0.0790628
||y|| = 466.658
   Pass :  1   Iteration : 228  || r || = 0.0116624
||yp|| = 509.208
||xi|| = 462.596
||eta|| = 0.401783
||yp|| = 509.208
||yphi|| = 0.293428
||BtYp|| = 3.01724
||ru|| = 3.01944
||yu|| = 159.282
||GtYphi|| = 2.02373
||KtYu|| = 13.5417
||rj|| = 14.2752
||yj|| = 0.803381
||rphi|| = 0.00235651
||rp|| = 0.0840324
||y|| = 533.54
   Pass :  1   Iteration : 229  || r || = 0.0116577
||yp|| = 438.869
||xi|| = 398.687
||eta|| = 0.373199
||yp|| = 438.869
||yphi|| = 0.201939
||BtYp|| = 2.30921
||ru|| = 2.31037
||yu|| = 128.691
||GtYphi|| = 1.93864
||KtYu|| = 13.8246
||rj|| = 14.7271
||yj|| = 0.856494
||rphi|| = 0.00155861
||rp|| = 0.0700438
||y|| = 457.349
   Pass :  1   Iteration : 230  || r || = 0.0116533
||yp|| = 426.687
||xi|| = 387.624
||eta|| = 0.384075
||yp|| = 426.687
||yphi|| = 0.18202
||BtYp|| = 2.36392
||ru|| = 2.36403
||yu|| = 132.21
||GtYphi|| = 1.79307
||KtYu|| = 13.9132
||rj|| = 14.7053
||yj|| = 0.900792
||rphi|| = 0.00157691
||rp|| = 0.0729464
||y|| = 446.701
   Pass :  1   Iteration : 231  || r || = 0.0116465
||yp|| = 408.287
||xi|| = 370.913
||eta|| = 0.475905
||yp|| = 408.287
||yphi|| = 0.309849
||BtYp|| = 2.16007
||ru|| = 2.16255
||yu|| = 121.375
||GtYphi|| = 2.13873
||KtYu|| = 12.691
||rj|| = 13.5174
||yj|| = 0.759838
||rphi|| = 0.00236267
||rp|| = 0.063439
||y|| = 425.947
   Pass :  1   Iteration : 232  || r || = 0.0116354
||yp|| = 459.464
||xi|| = 417.427
||eta|| = 0.299567
||yp|| = 459.464
||yphi|| = 0.226818
||BtYp|| = 2.55016
||ru|| = 2.55087
||yu|| = 137.931
||GtYphi|| = 1.77851
||KtYu|| = 14.9776
||rj|| = 15.816
||yj|| = 0.942278
||rphi|| = 0.00209082
||rp|| = 0.0743108
||y|| = 479.722
   Pass :  1   Iteration : 233  || r || = 0.0116066
||yp|| = 484.653
||xi|| = 440.307
||eta|| = 0.406581
||yp|| = 484.653
||yphi|| = 0.205232
||BtYp|| = 2.55876
||ru|| = 2.55974
||yu|| = 131.225
||GtYphi|| = 2.03219
||KtYu|| = 13.3373
||rj|| = 14.1199
||yj|| = 0.841948
||rphi|| = 0.00192963
||rp|| = 0.0716558
||y|| = 502.105
   Pass :  1   Iteration : 234  || r || = 0.011551
||yp|| = 483.623
||xi|| = 439.388
||eta|| = 0.352859
||yp|| = 483.623
||yphi|| = 0.24823
||BtYp|| = 2.69142
||ru|| = 2.69228
||yu|| = 136.54
||GtYphi|| = 2.25211
||KtYu|| = 13.7062
||rj|| = 14.59
||yj|| = 0.845651
||rphi|| = 0.00181175
||rp|| = 0.0752549
||y|| = 502.529
   Pass :  1   Iteration : 235  || r || = 0.0114156
||yp|| = 481.105
||xi|| = 437.105
||eta|| = 0.291502
||yp|| = 481.105
||yphi|| = 0.240604
||BtYp|| = 2.66747
||ru|| = 2.66889
||yu|| = 134.538
||GtYphi|| = 1.92801
||KtYu|| = 14.1567
||rj|| = 15.0176
||yj|| = 0.898685
||rphi|| = 0.00188472
||rp|| = 0.0745873
||y|| = 499.563
   Pass :  1   Iteration : 236  || r || = 0.0109709
||yp|| = 500.081
||xi|| = 454.348
||eta|| = 0.368022
||yp|| = 500.081
||yphi|| = 0.242786
||BtYp|| = 2.72146
||ru|| = 2.72207
||yu|| = 135.476
||GtYphi|| = 1.94582
||KtYu|| = 12.5798
||rj|| = 13.3888
||yj|| = 0.757198
||rphi|| = 0.00198341
||rp|| = 0.075421
||y|| = 518.108
   Pass :  1   Iteration : 237  || r || = 0.0104094
||yp|| = 411.564
||xi|| = 373.914
||eta|| = 0.276064
||yp|| = 411.564
||yphi|| = 0.326822
||BtYp|| = 2.38828
||ru|| = 2.38921
||yu|| = 117.694
||GtYphi|| = 2.07225
||KtYu|| = 12.9112
||rj|| = 13.7841
||yj|| = 0.795311
||rphi|| = 0.00276594
||rp|| = 0.0656044
||y|| = 428.062
   Pass :  1   Iteration : 238  || r || = 0.00989926
||yp|| = 509.013
||xi|| = 462.508
||eta|| = 0.276307
||yp|| = 509.013
||yphi|| = 0.263974
||BtYp|| = 2.94418
||ru|| = 2.94559
||yu|| = 133.321
||GtYphi|| = 1.69898
||KtYu|| = 13.4656
||rj|| = 14.3135
||yj|| = 0.860782
||rphi|| = 0.00231786
||rp|| = 0.0780089
||y|| = 526.184
   Pass :  1   Iteration : 239  || r || = 0.00932891
||yp|| = 454.477
||xi|| = 412.907
||eta|| = 0.316946
||yp|| = 454.477
||yphi|| = 0.330808
||BtYp|| = 2.49925
||ru|| = 2.50041
||yu|| = 126.068
||GtYphi|| = 2.06788
||KtYu|| = 11.952
||rj|| = 12.7407
||yj|| = 0.722933
||rphi|| = 0.00302836
||rp|| = 0.0704473
||y|| = 471.639
   Pass :  1   Iteration : 240  || r || = 0.00902542
||yp|| = 573.669
||xi|| = 521.207
||eta|| = 0.331772
||yp|| = 573.669
||yphi|| = 0.293979
||BtYp|| = 3.29414
||ru|| = 3.29548
||yu|| = 168.218
||GtYphi|| = 1.95389
||KtYu|| = 14.425
||rj|| = 15.3084
||yj|| = 0.910203
||rphi|| = 0.00287444
||rp|| = 0.0905136
||y|| = 597.825
   Pass :  1   Iteration : 241  || r || = 0.00882061
||yp|| = 492.327
||xi|| = 447.309
||eta|| = 0.394311
||yp|| = 492.327
||yphi|| = 0.207084
||BtYp|| = 2.87329
||ru|| = 2.87346
||yu|| = 139.586
||GtYphi|| = 1.77605
||KtYu|| = 13.3077
||rj|| = 14.1232
||yj|| = 0.831881
||rphi|| = 0.00184915
||rp|| = 0.0784538
||y|| = 511.733
   Pass :  1   Iteration : 242  || r || = 0.00871606
||yp|| = 488.737
||xi|| = 444.043
||eta|| = 0.353507
||yp|| = 488.737
||yphi|| = 0.223246
||BtYp|| = 2.63304
||ru|| = 2.63433
||yu|| = 127.951
||GtYphi|| = 2.17649
||KtYu|| = 12.4301
||rj|| = 13.3755
||yj|| = 0.717641
||rphi|| = 0.00176448
||rp|| = 0.0723917
||y|| = 505.209
   Pass :  1   Iteration : 243  || r || = 0.00867746
||yp|| = 503.958
||xi|| = 457.871
||eta|| = 0.393754
||yp|| = 503.958
||yphi|| = 0.298856
||BtYp|| = 2.90571
||ru|| = 2.90725
||yu|| = 148.964
||GtYphi|| = 2.06674
||KtYu|| = 14.5355
||rj|| = 15.4073
||yj|| = 0.928297
||rphi|| = 0.00246297
||rp|| = 0.0841979
||y|| = 525.514
   Pass :  1   Iteration : 244  || r || = 0.00865297
||yp|| = 489.469
||xi|| = 444.728
||eta|| = 0.443959
||yp|| = 489.469
||yphi|| = 0.263609
||BtYp|| = 2.85372
||ru|| = 2.85491
||yu|| = 136.987
||GtYphi|| = 2.00557
||KtYu|| = 13.3434
||rj|| = 14.1685
||yj|| = 0.825836
||rphi|| = 0.00216781
||rp|| = 0.0784698
||y|| = 508.278
   Pass :  1   Iteration : 245  || r || = 0.0086389
||yp|| = 474.2
||xi|| = 430.818
||eta|| = 0.420841
||yp|| = 474.2
||yphi|| = 0.23653
||BtYp|| = 2.38261
||ru|| = 2.38393
||yu|| = 130.752
||GtYphi|| = 1.80855
||KtYu|| = 12.5613
||rj|| = 13.3771
||yj|| = 0.741395
||rphi|| = 0.00177314
||rp|| = 0.0687381
||y|| = 491.897
   Pass :  1   Iteration : 246  || r || = 0.00863718
||yp|| = 493.419
||xi|| = 448.267
||eta|| = 0.384527
||yp|| = 493.419
||yphi|| = 0.162347
||BtYp|| = 2.76545
||ru|| = 2.7677
||yu|| = 136.222
||GtYphi|| = 1.7613
||KtYu|| = 13.5444
||rj|| = 14.4052
||yj|| = 0.866161
||rphi|| = 0.00128929
||rp|| = 0.0758947
||y|| = 511.878
   Pass :  1   Iteration : 247  || r || = 0.00863713
||yp|| = 505.592
||xi|| = 459.378
||eta|| = 0.405905
||yp|| = 505.592
||yphi|| = 0.183598
||BtYp|| = 2.84804
||ru|| = 2.85033
||yu|| = 138.649
||GtYphi|| = 1.78766
||KtYu|| = 14.013
||rj|| = 14.8607
||yj|| = 0.847778
||rphi|| = 0.00131856
||rp|| = 0.0778543
||y|| = 524.259
   Pass :  1   Iteration : 248  || r || = 0.00863712
||yp|| = 448.94
||xi|| = 407.863
||eta|| = 0.334579
||yp|| = 448.94
||yphi|| = 0.294234
||BtYp|| = 2.5709
||ru|| = 2.57024
||yu|| = 127.675
||GtYphi|| = 2.24004
||KtYu|| = 12.6988
||rj|| = 13.5535
||yj|| = 0.767296
||rphi|| = 0.00244285
||rp|| = 0.0721537
||y|| = 466.743
   Pass :  1   Iteration : 249  || r || = 0.00863671
||yp|| = 477.443
||xi|| = 433.785
||eta|| = 0.39796
||yp|| = 477.443
||yphi|| = 0.198179
||BtYp|| = 2.97824
||ru|| = 2.97874
||yu|| = 151.385
||GtYphi|| = 1.73271
||KtYu|| = 14.513
||rj|| = 15.2901
||yj|| = 0.96044
||rphi|| = 0.00170621
||rp|| = 0.0893767
||y|| = 500.87
   Pass :  1   Iteration : 250  || r || = 0.0086362
||yp|| = 528.876
||xi|| = 480.489
||eta|| = 0.463459
||yp|| = 528.876
||yphi|| = 0.25953
||BtYp|| = 3.00992
||ru|| = 3.01059
||yu|| = 157.192
||GtYphi|| = 1.96941
||KtYu|| = 15.029
||rj|| = 15.7557
||yj|| = 0.912021
||rphi|| = 0.0020991
||rp|| = 0.0865657
||y|| = 551.743
   Pass :  1   Iteration : 251  || r || = 0.00863338
||yp|| = 404.887
||xi|| = 367.824
||eta|| = 0.340831
||yp|| = 404.887
||yphi|| = 0.260277
||BtYp|| = 2.20616
||ru|| = 2.20736
||yu|| = 118.376
||GtYphi|| = 2.1944
||KtYu|| = 12.7783
||rj|| = 13.6705
||yj|| = 0.803733
||rphi|| = 0.00212983
||rp|| = 0.0680208
||y|| = 421.838
   Pass :  1   Iteration : 252  || r || = 0.00862189
||yp|| = 444.427
||xi|| = 403.725
||eta|| = 0.427457
||yp|| = 444.427
||yphi|| = 0.215865
||BtYp|| = 2.6042
||ru|| = 2.60606
||yu|| = 141.437
||GtYphi|| = 2.00956
||KtYu|| = 14.0621
||rj|| = 14.9569
||yj|| = 0.922124
||rphi|| = 0.00181915
||rp|| = 0.0846056
||y|| = 466.392
   Pass :  1   Iteration : 253  || r || = 0.00859676
||yp|| = 511.396
||xi|| = 464.661
||eta|| = 0.334508
||yp|| = 511.396
||yphi|| = 0.226077
||BtYp|| = 2.96742
||ru|| = 2.96926
||yu|| = 140.141
||GtYphi|| = 1.9069
||KtYu|| = 12.5461
||rj|| = 13.3299
||yj|| = 0.772533
||rphi|| = 0.00157172
||rp|| = 0.0822217
||y|| = 530.251
   Pass :  1   Iteration : 254  || r || = 0.00854078
||yp|| = 477.744
||xi|| = 433.996
||eta|| = 0.428938
||yp|| = 477.744
||yphi|| = 0.337997
||BtYp|| = 2.67603
||ru|| = 2.67917
||yu|| = 142.382
||GtYphi|| = 2.09178
||KtYu|| = 14.1447
||rj|| = 14.9999
||yj|| = 0.908562
||rphi|| = 0.00285916
||rp|| = 0.0814558
||y|| = 498.51
   Pass :  1   Iteration : 255  || r || = 0.00844247
||yp|| = 472.491
||xi|| = 429.27
||eta|| = 0.331509
||yp|| = 472.491
||yphi|| = 0.27721
||BtYp|| = 2.50585
||ru|| = 2.50641
||yu|| = 131.899
||GtYphi|| = 1.98876
||KtYu|| = 12.6933
||rj|| = 13.5394
||yj|| = 0.802462
||rphi|| = 0.00222205
||rp|| = 0.0745766
||y|| = 490.556
   Pass :  1   Iteration : 256  || r || = 0.00827415
||yp|| = 494.628
||xi|| = 449.406
||eta|| = 0.320871
||yp|| = 494.628
||yphi|| = 0.268368
||BtYp|| = 2.96434
||ru|| = 2.96521
||yu|| = 139.931
||GtYphi|| = 2.04733
||KtYu|| = 13.5637
||rj|| = 14.4027
||yj|| = 0.842011
||rphi|| = 0.00214466
||rp|| = 0.0817788
||y|| = 514.041
   Pass :  1   Iteration : 257  || r || = 0.00804296
||yp|| = 400.479
||xi|| = 363.763
||eta|| = 0.345037
||yp|| = 400.479
||yphi|| = 0.419223
||BtYp|| = 2.21401
||ru|| = 2.21588
||yu|| = 130.599
||GtYphi|| = 2.24381
||KtYu|| = 13.5991
||rj|| = 14.4943
||yj|| = 0.904553
||rphi|| = 0.00391169
||rp|| = 0.0761364
||y|| = 421.237
   Pass :  1   Iteration : 258  || r || = 0.00770641
||yp|| = 459.098
||xi|| = 417.09
||eta|| = 0.306411
||yp|| = 459.098
||yphi|| = 0.309754
||BtYp|| = 2.40675
||ru|| = 2.40672
||yu|| = 127.518
||GtYphi|| = 2.30706
||KtYu|| = 12.1875
||rj|| = 13.0298
||yj|| = 0.744518
||rphi|| = 0.00290369
||rp|| = 0.0717805
||y|| = 476.48
   Pass :  1   Iteration : 259  || r || = 0.00741332
||yp|| = 504.711
||xi|| = 458.473
||eta|| = 0.418698
||yp|| = 504.711
||yphi|| = 0.261865
||BtYp|| = 2.94613
||ru|| = 2.94764
||yu|| = 154.263
||GtYphi|| = 1.95057
||KtYu|| = 13.2513
||rj|| = 14.0746
||yj|| = 0.840973
||rphi|| = 0.00229021
||rp|| = 0.086293
||y|| = 527.76
   Pass :  1   Iteration : 260  || r || = 0.007153
||yp|| = 498.345
||xi|| = 452.731
||eta|| = 0.361292
||yp|| = 498.345
||yphi|| = 0.138923
||BtYp|| = 2.67287
||ru|| = 2.67446
||yu|| = 147.581
||GtYphi|| = 1.56141
||KtYu|| = 13.9181
||rj|| = 14.6268
||yj|| = 0.910923
||rphi|| = 0.00115614
||rp|| = 0.081722
||y|| = 519.739
   Pass :  1   Iteration : 261  || r || = 0.00703424
||yp|| = 500.088
||xi|| = 454.304
||eta|| = 0.335702
||yp|| = 500.088
||yphi|| = 0.329644
||BtYp|| = 2.66904
||ru|| = 2.67028
||yu|| = 149.394
||GtYphi|| = 2.01855
||KtYu|| = 14.064
||rj|| = 14.8768
||yj|| = 0.833056
||rphi|| = 0.00260896
||rp|| = 0.0796331
||y|| = 521.926
   Pass :  1   Iteration : 262  || r || = 0.00699564
||yp|| = 599.409
||xi|| = 544.567
||eta|| = 0.407407
||yp|| = 599.409
||yphi|| = 0.277049
||BtYp|| = 3.32644
||ru|| = 3.32847
||yu|| = 182.112
||GtYphi|| = 2.03504
||KtYu|| = 14.508
||rj|| = 15.2805
||yj|| = 0.93445
||rphi|| = 0.00260214
||rp|| = 0.0956057
||y|| = 626.464
   Pass :  1   Iteration : 263  || r || = 0.0069837
||yp|| = 493.21
||xi|| = 448.097
||eta|| = 0.36098
||yp|| = 493.21
||yphi|| = 0.205322
||BtYp|| = 2.81901
||ru|| = 2.82001
||yu|| = 150.283
||GtYphi|| = 1.96016
||KtYu|| = 14.5369
||rj|| = 15.3624
||yj|| = 0.928042
||rphi|| = 0.00181759
||rp|| = 0.0840329
||y|| = 515.599
   Pass :  1   Iteration : 264  || r || = 0.00697786
||yp|| = 465.408
||xi|| = 422.782
||eta|| = 0.413686
||yp|| = 465.408
||yphi|| = 0.22586
||BtYp|| = 2.56591
||ru|| = 2.56686
||yu|| = 143.96
||GtYphi|| = 1.99703
||KtYu|| = 12.9986
||rj|| = 13.8588
||yj|| = 0.812443
||rphi|| = 0.0016849
||rp|| = 0.079536
||y|| = 487.165
   Pass :  1   Iteration : 265  || r || = 0.00697488
||yp|| = 558.376
||xi|| = 507.339
||eta|| = 0.326887
||yp|| = 558.376
||yphi|| = 0.248448
||BtYp|| = 3.01536
||ru|| = 3.01669
||yu|| = 158.997
||GtYphi|| = 2.05631
||KtYu|| = 14.2715
||rj|| = 15.0562
||yj|| = 0.910208
||rphi|| = 0.00230411
||rp|| = 0.086208
||y|| = 580.572
   Pass :  1   Iteration : 266  || r || = 0.00697382
||yp|| = 571.227
||xi|| = 518.987
||eta|| = 0.412389
||yp|| = 571.227
||yphi|| = 0.235183
||BtYp|| = 3.10239
||ru|| = 3.10372
||yu|| = 167.596
||GtYphi|| = 1.78971
||KtYu|| = 14.9597
||rj|| = 15.6962
||yj|| = 0.968603
||rphi|| = 0.00193971
||rp|| = 0.0866619
||y|| = 595.306
   Pass :  1   Iteration : 267  || r || = 0.00697381
||yp|| = 535.789
||xi|| = 486.769
||eta|| = 0.329319
||yp|| = 535.789
||yphi|| = 0.380919
||BtYp|| = 2.86778
||ru|| = 2.86932
||yu|| = 151.579
||GtYphi|| = 2.24466
||KtYu|| = 13.7292
||rj|| = 14.5817
||yj|| = 0.818964
||rphi|| = 0.00290926
||rp|| = 0.0788402
||y|| = 556.819
   Pass :  1   Iteration : 268  || r || = 0.00697381
||yp|| = 508.475
||xi|| = 461.961
||eta|| = 0.354985
||yp|| = 508.475
||yphi|| = 0.281463
||BtYp|| = 2.89574
||ru|| = 2.89817
||yu|| = 144.971
||GtYphi|| = 1.85255
||KtYu|| = 14.6801
||rj|| = 15.4122
||yj|| = 0.958997
||rphi|| = 0.00208151
||rp|| = 0.0787263
||y|| = 528.739
   Pass :  1   Iteration : 269  || r || = 0.00697364
||yp|| = 485.627
||xi|| = 441.168
||eta|| = 0.354151
||yp|| = 485.627
||yphi|| = 0.350627
||BtYp|| = 2.68984
||ru|| = 2.69124
||yu|| = 141.39
||GtYphi|| = 2.03162
||KtYu|| = 14.1232
||rj|| = 14.9577
||yj|| = 0.898459
||rphi|| = 0.00274532
||rp|| = 0.0790801
||y|| = 505.792
   Pass :  1   Iteration : 270  || r || = 0.00696743
||yp|| = 468.923
||xi|| = 426.008
||eta|| = 0.455472
||yp|| = 468.923
||yphi|| = 0.248893
||BtYp|| = 2.40182
||ru|| = 2.40279
||yu|| = 132.623
||GtYphi|| = 2.15714
||KtYu|| = 12.6711
||rj|| = 13.5717
||yj|| = 0.755133
||rphi|| = 0.00220551
||rp|| = 0.0706716
||y|| = 487.317
   Pass :  1   Iteration : 271  || r || = 0.00695878
||yp|| = 485.194
||xi|| = 440.787
||eta|| = 0.384534
||yp|| = 485.194
||yphi|| = 0.226478
||BtYp|| = 2.75101
||ru|| = 2.75139
||yu|| = 139.47
||GtYphi|| = 1.93184
||KtYu|| = 14.1057
||rj|| = 14.9633
||yj|| = 0.919809
||rphi|| = 0.00194819
||rp|| = 0.0749149
||y|| = 504.843
   Pass :  1   Iteration : 272  || r || = 0.00692855
||yp|| = 518.251
||xi|| = 470.823
||eta|| = 0.428034
||yp|| = 518.251
||yphi|| = 0.218873
||BtYp|| = 2.79911
||ru|| = 2.80035
||yu|| = 140.129
||GtYphi|| = 1.79686
||KtYu|| = 13.6256
||rj|| = 14.4136
||yj|| = 0.826763
||rphi|| = 0.00175224
||rp|| = 0.0732963
||y|| = 536.862
   Pass :  1   Iteration : 273  || r || = 0.0068265
||yp|| = 523.719
||xi|| = 475.77
||eta|| = 0.3878
||yp|| = 523.719
||yphi|| = 0.266839
||BtYp|| = 2.77013
||ru|| = 2.77169
||yu|| = 149.491
||GtYphi|| = 1.96099
||KtYu|| = 14
||rj|| = 14.8502
||yj|| = 0.860344
||rphi|| = 0.00202701
||rp|| = 0.0769493
||y|| = 544.637
   Pass :  1   Iteration : 274  || r || = 0.00665019
||yp|| = 439.551
||xi|| = 399.304
||eta|| = 0.433159
||yp|| = 439.551
||yphi|| = 0.273718
||BtYp|| = 2.36505
||ru|| = 2.36664
||yu|| = 127.291
||GtYphi|| = 1.90358
||KtYu|| = 14.244
||rj|| = 15.0132
||yj|| = 0.933662
||rphi|| = 0.00217588
||rp|| = 0.0673699
||y|| = 457.613
   Pass :  1   Iteration : 275  || r || = 0.00637265
||yp|| = 487.187
||xi|| = 442.622
||eta|| = 0.350828
||yp|| = 487.187
||yphi|| = 0.277043
||BtYp|| = 2.43174
||ru|| = 2.43269
||yu|| = 123.553
||GtYphi|| = 2.11861
||KtYu|| = 12.4405
||rj|| = 13.3465
||yj|| = 0.751405
||rphi|| = 0.00204336
||rp|| = 0.0639827
||y|| = 502.611
   Pass :  1   Iteration : 276  || r || = 0.00591561
||yp|| = 492.377
||xi|| = 447.33
||eta|| = 0.34486
||yp|| = 492.377
||yphi|| = 0.185569
||BtYp|| = 2.347
||ru|| = 2.34839
||yu|| = 127.363
||GtYphi|| = 1.60284
||KtYu|| = 12.9259
||rj|| = 13.7253
||yj|| = 0.797165
||rphi|| = 0.0015172
||rp|| = 0.0667133
||y|| = 508.584
   Pass :  1   Iteration : 277  || r || = 0.0054726
||yp|| = 461.901
||xi|| = 419.618
||eta|| = 0.321089
||yp|| = 461.901
||yphi|| = 0.255421
||BtYp|| = 2.51371
||ru|| = 2.51474
||yu|| = 138.984
||GtYphi|| = 1.78744
||KtYu|| = 13.8204
||rj|| = 14.6006
||yj|| = 0.932699
||rphi|| = 0.00231964
||rp|| = 0.0732787
||y|| = 482.359
   Pass :  1   Iteration : 278  || r || = 0.00515844
||yp|| = 521.893
||xi|| = 474.139
||eta|| = 0.346145
||yp|| = 521.893
||yphi|| = 0.21773
||BtYp|| = 2.58698
||ru|| = 2.58786
||yu|| = 143.752
||GtYphi|| = 2.01081
||KtYu|| = 12.6099
||rj|| = 13.4682
||yj|| = 0.781441
||rphi|| = 0.00202071
||rp|| = 0.0778715
||y|| = 541.329
   Pass :  1   Iteration : 279  || r || = 0.00495411
||yp|| = 573.686
||xi|| = 521.26
||eta|| = 0.492943
||yp|| = 573.686
||yphi|| = 0.196871
||BtYp|| = 3.28404
||ru|| = 3.28439
||yu|| = 176.219
||GtYphi|| = 1.79357
||KtYu|| = 14.1537
||rj|| = 14.8526
||yj|| = 0.879951
||rphi|| = 0.00164017
||rp|| = 0.0952391
||y|| = 600.141
   Pass :  1   Iteration : 280  || r || = 0.00487034
||yp|| = 616.981
||xi|| = 560.558
||eta|| = 0.416065
||yp|| = 616.981
||yphi|| = 0.188699
||BtYp|| = 3.50295
||ru|| = 3.50271
||yu|| = 182.495
||GtYphi|| = 1.75238
||KtYu|| = 15.0013
||rj|| = 15.78
||yj|| = 0.965279
||rphi|| = 0.00156002
||rp|| = 0.0975643
||y|| = 643.405
   Pass :  1   Iteration : 281  || r || = 0.00483837
||yp|| = 518.165
||xi|| = 470.767
||eta|| = 0.41375
||yp|| = 518.165
||yphi|| = 0.15186
||BtYp|| = 2.61188
||ru|| = 2.61319
||yu|| = 140.222
||GtYphi|| = 1.74792
||KtYu|| = 13.132
||rj|| = 13.9085
||yj|| = 0.746382
||rphi|| = 0.00127766
||rp|| = 0.0749387
||y|| = 536.803
   Pass :  1   Iteration : 282  || r || = 0.0048255
||yp|| = 576.724
||xi|| = 523.951
||eta|| = 0.436003
||yp|| = 576.724
||yphi|| = 0.208066
||BtYp|| = 3.04327
||ru|| = 3.04397
||yu|| = 170.744
||GtYphi|| = 1.95565
||KtYu|| = 13.7076
||rj|| = 14.5592
||yj|| = 0.890376
||rphi|| = 0.00172105
||rp|| = 0.0904018
||y|| = 601.469
   Pass :  1   Iteration : 283  || r || = 0.00481749
||yp|| = 634.175
||xi|| = 576.168
||eta|| = 0.382339
||yp|| = 634.175
||yphi|| = 0.230308
||BtYp|| = 3.55344
||ru|| = 3.55385
||yu|| = 190.323
||GtYphi|| = 1.72169
||KtYu|| = 15.4722
||rj|| = 16.2579
||yj|| = 0.975512
||rphi|| = 0.00180713
||rp|| = 0.101312
||y|| = 662.119
   Pass :  1   Iteration : 284  || r || = 0.00481596
||yp|| = 444
||xi|| = 403.303
||eta|| = 0.423237
||yp|| = 444
||yphi|| = 0.384088
||BtYp|| = 2.42808
||ru|| = 2.42874
||yu|| = 136.861
||GtYphi|| = 2.15569
||KtYu|| = 12.3282
||rj|| = 13.1282
||yj|| = 0.794684
||rphi|| = 0.00281318
||rp|| = 0.0782618
||y|| = 464.616
   Pass :  1   Iteration : 285  || r || = 0.00481439
||yp|| = 494.415
||xi|| = 449.147
||eta|| = 0.401798
||yp|| = 494.415
||yphi|| = 0.198387
||BtYp|| = 2.56248
||ru|| = 2.564
||yu|| = 142.439
||GtYphi|| = 1.70535
||KtYu|| = 13.6649
||rj|| = 14.5102
||yj|| = 0.906599
||rphi|| = 0.00153815
||rp|| = 0.0801429
||y|| = 514.525
   Pass :  1   Iteration : 286  || r || = 0.00481038
||yp|| = 477.996
||xi|| = 434.175
||eta|| = 0.510301
||yp|| = 477.996
||yphi|| = 0.195412
||BtYp|| = 2.52241
||ru|| = 2.52468
||yu|| = 147.13
||GtYphi|| = 1.91918
||KtYu|| = 14.4453
||rj|| = 15.2668
||yj|| = 0.927351
||rphi|| = 0.00160155
||rp|| = 0.080798
||y|| = 500.128
   Pass :  1   Iteration : 287  || r || = 0.00480779
||yp|| = 495.215
||xi|| = 449.885
||eta|| = 0.488348
||yp|| = 495.215
||yphi|| = 0.197044
||BtYp|| = 2.45469
||ru|| = 2.45527
||yu|| = 140.07
||GtYphi|| = 1.85871
||KtYu|| = 13.2641
||rj|| = 14.0522
||yj|| = 0.790141
||rphi|| = 0.00148024
||rp|| = 0.0726727
||y|| = 514.644
   Pass :  1   Iteration : 288  || r || = 0.00480513
||yp|| = 458.961
||xi|| = 416.901
||eta|| = 0.431836
||yp|| = 458.961
||yphi|| = 0.146081
||BtYp|| = 2.45959
||ru|| = 2.46136
||yu|| = 144.225
||GtYphi|| = 1.55601
||KtYu|| = 14.1452
||rj|| = 14.9157
||yj|| = 0.925964
||rphi|| = 0.00132785
||rp|| = 0.079683
||y|| = 481.09
   Pass :  1   Iteration : 289  || r || = 0.00480173
||yp|| = 461.816
||xi|| = 419.533
||eta|| = 0.454376
||yp|| = 461.816
||yphi|| = 0.201004
||BtYp|| = 2.45639
||ru|| = 2.45688
||yu|| = 137.454
||GtYphi|| = 1.92115
||KtYu|| = 13.525
||rj|| = 14.3855
||yj|| = 0.858132
||rphi|| = 0.0016037
||rp|| = 0.0795478
||y|| = 481.838
   Pass :  1   Iteration : 290  || r || = 0.00478719
||yp|| = 487.495
||xi|| = 442.848
||eta|| = 0.578467
||yp|| = 487.495
||yphi|| = 0.209057
||BtYp|| = 2.49002
||ru|| = 2.49167
||yu|| = 142.089
||GtYphi|| = 1.92076
||KtYu|| = 13.5752
||rj|| = 14.4108
||yj|| = 0.838627
||rphi|| = 0.00164076
||rp|| = 0.0780406
||y|| = 507.781
   Pass :  1   Iteration : 291  || r || = 0.00476311
||yp|| = 466.677
||xi|| = 423.934
||eta|| = 0.523132
||yp|| = 466.677
||yphi|| = 0.22094
||BtYp|| = 2.50524
||ru|| = 2.50626
||yu|| = 156.413
||GtYphi|| = 2.10328
||KtYu|| = 14.9893
||rj|| = 15.755
||yj|| = 1.0096
||rphi|| = 0.00195519
||rp|| = 0.0859124
||y|| = 492.192
   Pass :  1   Iteration : 292  || r || = 0.00470385
||yp|| = 489.298
||xi|| = 444.502
||eta|| = 0.440397
||yp|| = 489.298
||yphi|| = 0.266099
||BtYp|| = 2.55872
||ru|| = 2.56079
||yu|| = 137.111
||GtYphi|| = 2.14955
||KtYu|| = 13.2355
||rj|| = 14.0751
||yj|| = 0.82907
||rphi|| = 0.00211475
||rp|| = 0.0743249
||y|| = 508.147
   Pass :  1   Iteration : 293  || r || = 0.00457815
||yp|| = 481.101
||xi|| = 437.083
||eta|| = 0.399509
||yp|| = 481.101
||yphi|| = 0.262978
||BtYp|| = 2.51971
||ru|| = 2.52066
||yu|| = 134.594
||GtYphi|| = 1.8572
||KtYu|| = 13.4292
||rj|| = 14.284
||yj|| = 0.826901
||rphi|| = 0.00190609
||rp|| = 0.0737474
||y|| = 499.574
   Pass :  1   Iteration : 294  || r || = 0.00437462
||yp|| = 441.726
||xi|| = 401.294
||eta|| = 0.373403
||yp|| = 441.726
||yphi|| = 0.168157
||BtYp|| = 2.24648
||ru|| = 2.24747
||yu|| = 131.158
||GtYphi|| = 1.76386
||KtYu|| = 13.0997
||rj|| = 13.9268
||yj|| = 0.870885
||rphi|| = 0.00151742
||rp|| = 0.0710587
||y|| = 460.787
   Pass :  1   Iteration : 295  || r || = 0.00407092
||yp|| = 446.298
||xi|| = 405.367
||eta|| = 0.482726
||yp|| = 446.298
||yphi|| = 0.207578
||BtYp|| = 2.29571
||ru|| = 2.29774
||yu|| = 135.292
||GtYphi|| = 1.80805
||KtYu|| = 13.1119
||rj|| = 13.9771
||yj|| = 0.790452
||rphi|| = 0.00148772
||rp|| = 0.0694957
||y|| = 466.355
   Pass :  1   Iteration : 296  || r || = 0.00373542
||yp|| = 479.826
||xi|| = 435.965
||eta|| = 0.314609
||yp|| = 479.826
||yphi|| = 0.237752
||BtYp|| = 2.63157
||ru|| = 2.6308
||yu|| = 130.092
||GtYphi|| = 1.84987
||KtYu|| = 12.2818
||rj|| = 13.0556
||yj|| = 0.782918
||rphi|| = 0.00196991
||rp|| = 0.0741166
||y|| = 497.149
   Pass :  1   Iteration : 297  || r || = 0.00356113
||yp|| = 490.452
||xi|| = 445.573
||eta|| = 0.459368
||yp|| = 490.452
||yphi|| = 0.162442
||BtYp|| = 2.67295
||ru|| = 2.67442
||yu|| = 156.352
||GtYphi|| = 1.46977
||KtYu|| = 16.1339
||rj|| = 16.9097
||yj|| = 1.04612
||rphi|| = 0.00140273
||rp|| = 0.0837069
||y|| = 514.772
   Pass :  1   Iteration : 298  || r || = 0.0033685
||yp|| = 470.693
||xi|| = 427.525
||eta|| = 0.515534
||yp|| = 470.693
||yphi|| = 0.18497
||BtYp|| = 2.12526
||ru|| = 2.12678
||yu|| = 127.325
||GtYphi|| = 1.74381
||KtYu|| = 11.3747
||rj|| = 12.0968
||yj|| = 0.717718
||rphi|| = 0.00150302
||rp|| = 0.0652365
||y|| = 487.611
   Pass :  1   Iteration : 299  || r || = 0.00330128
||yp|| = 497.307
||xi|| = 451.771
||eta|| = 0.429286
||yp|| = 497.307
||yphi|| = 0.155951
||BtYp|| = 2.38437
||ru|| = 2.38594
||yu|| = 132.824
||GtYphi|| = 1.56371
||KtYu|| = 14.4218
||rj|| = 15.2003
||yj|| = 0.973091
||rphi|| = 0.00135278
||rp|| = 0.0708756
||y|| = 514.74
   Pass :  1   Iteration : 300  || r || = 0.0032679
||yp|| = 491.553
||xi|| = 446.613
||eta|| = 0.525289
||yp|| = 491.553
||yphi|| = 0.235245
||BtYp|| = 2.53257
||ru|| = 2.53389
||yu|| = 136.83
||GtYphi|| = 1.74295
||KtYu|| = 14.9616
||rj|| = 15.7205
||yj|| = 0.977782
||rphi|| = 0.00203045
||rp|| = 0.074379
||y|| = 510.243
   Pass :  1   Iteration : 301  || r || = 0.00325036
||yp|| = 472.066
||xi|| = 428.893
||eta|| = 0.353435
||yp|| = 472.066
||yphi|| = 0.20451
||BtYp|| = 2.2586
||ru|| = 2.25813
||yu|| = 116.992
||GtYphi|| = 2.08609
||KtYu|| = 11.8875
||rj|| = 12.6577
||yj|| = 0.770688
||rphi|| = 0.00154255
||rp|| = 0.0634468
||y|| = 486.347
   Pass :  1   Iteration : 302  || r || = 0.00324449
||yp|| = 482.764
||xi|| = 438.581
||eta|| = 0.338661
||yp|| = 482.764
||yphi|| = 0.273565
||BtYp|| = 2.55934
||ru|| = 2.5605
||yu|| = 145.675
||GtYphi|| = 1.86659
||KtYu|| = 15.165
||rj|| = 16.0306
||yj|| = 1.03627
||rphi|| = 0.00226578
||rp|| = 0.0753202
||y|| = 504.265
   Pass :  1   Iteration : 303  || r || = 0.00324133
||yp|| = 461.277
||xi|| = 419.053
||eta|| = 0.435534
||yp|| = 461.277
||yphi|| = 0.207992
||BtYp|| = 2.31055
||ru|| = 2.31175
||yu|| = 124.905
||GtYphi|| = 2.2232
||KtYu|| = 12.5278
||rj|| = 13.3498
||yj|| = 0.784206
||rphi|| = 0.0016162
||rp|| = 0.0644526
||y|| = 477.889
   Pass :  1   Iteration : 304  || r || = 0.00324065
||yp|| = 594.346
||xi|| = 539.96
||eta|| = 0.38327
||yp|| = 594.346
||yphi|| = 0.160577
||BtYp|| = 3.35053
||ru|| = 3.35163
||yu|| = 169.483
||GtYphi|| = 1.67582
||KtYu|| = 14.9703
||rj|| = 15.7631
||yj|| = 0.960833
||rphi|| = 0.00136789
||rp|| = 0.0904781
||y|| = 618.039
   Pass :  1   Iteration : 305  || r || = 0.00323995
||yp|| = 514.061
||xi|| = 467.045
||eta|| = 0.377572
||yp|| = 514.061
||yphi|| = 0.196892
||BtYp|| = 2.73701
||ru|| = 2.73722
||yu|| = 135.24
||GtYphi|| = 1.71606
||KtYu|| = 13.7108
||rj|| = 14.4799
||yj|| = 0.901184
||rphi|| = 0.00165035
||rp|| = 0.0740353
||y|| = 531.553
   Pass :  1   Iteration : 306  || r || = 0.00323844
||yp|| = 529.538
||xi|| = 481.075
||eta|| = 0.613403
||yp|| = 529.538
||yphi|| = 0.186692
||BtYp|| = 2.72114
||ru|| = 2.72386
||yu|| = 143.809
||GtYphi|| = 2.00569
||KtYu|| = 12.696
||rj|| = 13.3419
||yj|| = 0.802188
||rphi|| = 0.00158025
||rp|| = 0.0756925
||y|| = 548.718
   Pass :  1   Iteration : 307  || r || = 0.00323697
||yp|| = 514.43
||xi|| = 467.327
||eta|| = 0.540879
||yp|| = 514.43
||yphi|| = 0.138545
||BtYp|| = 2.8815
||ru|| = 2.88224
||yu|| = 160.949
||GtYphi|| = 1.46164
||KtYu|| = 15.8091
||rj|| = 16.6333
||yj|| = 1.06438
||rphi|| = 0.00112882
||rp|| = 0.0875029
||y|| = 539.021
   Pass :  1   Iteration : 308  || r || = 0.00323396
||yp|| = 517.84
||xi|| = 470.455
||eta|| = 0.513048
||yp|| = 517.84
||yphi|| = 0.224702
||BtYp|| = 2.62352
||ru|| = 2.62464
||yu|| = 134.047
||GtYphi|| = 2.03381
||KtYu|| = 12.7632
||rj|| = 13.5074
||yj|| = 0.839429
||rphi|| = 0.00188571
||rp|| = 0.0715062
||y|| = 534.909
   Pass :  1   Iteration : 309  || r || = 0.00322752
||yp|| = 467.012
||xi|| = 424.307
||eta|| = 0.485787
||yp|| = 467.012
||yphi|| = 0.273485
||BtYp|| = 2.40143
||ru|| = 2.40346
||yu|| = 125.028
||GtYphi|| = 1.92056
||KtYu|| = 13.9867
||rj|| = 14.7234
||yj|| = 0.901552
||rphi|| = 0.00214692
||rp|| = 0.0686441
||y|| = 483.46
   Pass :  1   Iteration : 310  || r || = 0.00321664
||yp|| = 536.731
||xi|| = 487.644
||eta|| = 0.385694
||yp|| = 536.731
||yphi|| = 0.147464
||BtYp|| = 2.94374
||ru|| = 2.94517
||yu|| = 158.711
||GtYphi|| = 1.61134
||KtYu|| = 15.2885
||rj|| = 16.02
||yj|| = 0.999863
||rphi|| = 0.00116644
||rp|| = 0.088917
||y|| = 559.706
   Pass :  1   Iteration : 311  || r || = 0.00319692
||yp|| = 668.127
||xi|| = 607.106
||eta|| = 0.505004
||yp|| = 668.127
||yphi|| = 0.211868
||BtYp|| = 3.69243
||ru|| = 3.69453
||yu|| = 177.516
||GtYphi|| = 2.02036
||KtYu|| = 14.0455
||rj|| = 14.845
||yj|| = 0.852036
||rphi|| = 0.00169098
||rp|| = 0.0987557
||y|| = 691.308
   Pass :  1   Iteration : 312  || r || = 0.00313518
||yp|| = 463.442
||xi|| = 421.032
||eta|| = 0.435867
||yp|| = 463.442
||yphi|| = 0.192615
||BtYp|| = 2.33104
||ru|| = 2.33231
||yu|| = 135.664
||GtYphi|| = 1.71317
||KtYu|| = 13.3302
||rj|| = 14.0892
||yj|| = 0.875717
||rphi|| = 0.00159318
||rp|| = 0.0711703
||y|| = 482.891
   Pass :  1   Iteration : 313  || r || = 0.00302065
||yp|| = 448.088
||xi|| = 406.998
||eta|| = 0.45262
||yp|| = 448.088
||yphi|| = 0.297571
||BtYp|| = 2.34572
||ru|| = 2.34744
||yu|| = 141.599
||GtYphi|| = 1.92836
||KtYu|| = 14.5722
||rj|| = 15.3404
||yj|| = 0.983604
||rphi|| = 0.00215766
||rp|| = 0.0741054
||y|| = 469.93
   Pass :  1   Iteration : 314  || r || = 0.00284779
||yp|| = 498.402
||xi|| = 452.824
||eta|| = 0.538024
||yp|| = 498.402
||yphi|| = 0.215433
||BtYp|| = 2.65343
||ru|| = 2.65445
||yu|| = 143.473
||GtYphi|| = 1.84387
||KtYu|| = 12.7094
||rj|| = 13.4532
||yj|| = 0.823853
||rphi|| = 0.00183598
||rp|| = 0.0759617
||y|| = 518.642
   Pass :  1   Iteration : 315  || r || = 0.00271261
||yp|| = 546.333
||xi|| = 496.277
||eta|| = 0.55711
||yp|| = 546.333
||yphi|| = 0.239912
||BtYp|| = 2.98006
||ru|| = 2.98131
||yu|| = 161.062
||GtYphi|| = 1.65459
||KtYu|| = 14.5534
||rj|| = 15.2691
||yj|| = 1.00723
||rphi|| = 0.00208243
||rp|| = 0.0850208
||y|| = 569.58
   Pass :  1   Iteration : 316  || r || = 0.00262019
||yp|| = 553.136
||xi|| = 502.533
||eta|| = 0.442321
||yp|| = 553.136
||yphi|| = 0.213802
||BtYp|| = 2.91862
||ru|| = 2.91928
||yu|| = 154.826
||GtYphi|| = 1.78978
||KtYu|| = 13.5789
||rj|| = 14.307
||yj|| = 0.914764
||rphi|| = 0.00169728
||rp|| = 0.0829214
||y|| = 574.396
   Pass :  1   Iteration : 317  || r || = 0.00257282
||yp|| = 530.281
||xi|| = 481.75
||eta|| = 0.400276
||yp|| = 530.281
||yphi|| = 0.2668
||BtYp|| = 2.4783
||ru|| = 2.47973
||yu|| = 144.892
||GtYphi|| = 1.86577
||KtYu|| = 13.7519
||rj|| = 14.5169
||yj|| = 0.910401
||rphi|| = 0.0021403
||rp|| = 0.0756921
||y|| = 549.72
   Pass :  1   Iteration : 318  || r || = 0.00255193
||yp|| = 458.307
||xi|| = 416.246
||eta|| = 0.5801
||yp|| = 458.307
||yphi|| = 0.264025
||BtYp|| = 2.3865
||ru|| = 2.38722
||yu|| = 152.801
||GtYphi|| = 1.61677
||KtYu|| = 14.6918
||rj|| = 15.4508
||yj|| = 0.979472
||rphi|| = 0.00209179
||rp|| = 0.0795835
||y|| = 483.109
   Pass :  1   Iteration : 319  || r || = 0.00253753
||yp|| = 497.038
||xi|| = 451.581
||eta|| = 0.463557
||yp|| = 497.038
||yphi|| = 0.21014
||BtYp|| = 2.25678
||ru|| = 2.25862
||yu|| = 121.905
||GtYphi|| = 1.87594
||KtYu|| = 11.6422
||rj|| = 12.3333
||yj|| = 0.724865
||rphi|| = 0.00166137
||rp|| = 0.0671516
||y|| = 511.769
   Pass :  1   Iteration : 320  || r || = 0.00253104
||yp|| = 482.343
||xi|| = 438.175
||eta|| = 0.448967
||yp|| = 482.343
||yphi|| = 0.164441
||BtYp|| = 2.42985
||ru|| = 2.43206
||yu|| = 142.928
||GtYphi|| = 1.45663
||KtYu|| = 15.4841
||rj|| = 16.3011
||yj|| = 1.04447
||rphi|| = 0.00126105
||rp|| = 0.0774103
||y|| = 503.075
   Pass :  1   Iteration : 321  || r || = 0.00252654
||yp|| = 513.82
||xi|| = 466.816
||eta|| = 0.326917
||yp|| = 513.82
||yphi|| = 0.251388
||BtYp|| = 2.46846
||ru|| = 2.46905
||yu|| = 133.002
||GtYphi|| = 1.87985
||KtYu|| = 13.5077
||rj|| = 14.2068
||yj|| = 0.879078
||rphi|| = 0.00190822
||rp|| = 0.0694207
||y|| = 530.756
   Pass :  1   Iteration : 322  || r || = 0.00252359
||yp|| = 436.983
||xi|| = 396.997
||eta|| = 0.455396
||yp|| = 436.983
||yphi|| = 0.201554
||BtYp|| = 2.06307
||ru|| = 2.06435
||yu|| = 114.118
||GtYphi|| = 2.05753
||KtYu|| = 12.5102
||rj|| = 13.2759
||yj|| = 0.78807
||rphi|| = 0.00152844
||rp|| = 0.0606134
||y|| = 451.639
   Pass :  1   Iteration : 323  || r || = 0.00252198
||yp|| = 485.505
||xi|| = 441.086
||eta|| = 0.437109
||yp|| = 485.505
||yphi|| = 0.164912
||BtYp|| = 2.63826
||ru|| = 2.63992
||yu|| = 144.063
||GtYphi|| = 1.57919
||KtYu|| = 15.4094
||rj|| = 16.2742
||yj|| = 1.03642
||rphi|| = 0.00127926
||rp|| = 0.0784972
||y|| = 506.429
   Pass :  1   Iteration : 324  || r || = 0.00252042
||yp|| = 482.268
||xi|| = 438.152
||eta|| = 0.474273
||yp|| = 482.268
||yphi|| = 0.19759
||BtYp|| = 2.5135
||ru|| = 2.51515
||yu|| = 135.057
||GtYphi|| = 2.039
||KtYu|| = 12.8589
||rj|| = 13.5673
||yj|| = 0.772693
||rphi|| = 0.00174538
||rp|| = 0.0731134
||y|| = 500.822
   Pass :  1   Iteration : 325  || r || = 0.00251952
||yp|| = 551.447
||xi|| = 500.969
||eta|| = 0.353085
||yp|| = 551.447
||yphi|| = 0.193296
||BtYp|| = 2.84207
||ru|| = 2.84414
||yu|| = 156.369
||GtYphi|| = 1.73906
||KtYu|| = 14.5091
||rj|| = 15.335
||yj|| = 0.928938
||rphi|| = 0.00154203
||rp|| = 0.0816164
||y|| = 573.189
   Pass :  1   Iteration : 326  || r || = 0.00251831
||yp|| = 499.752
||xi|| = 454.089
||eta|| = 0.40255
||yp|| = 499.752
||yphi|| = 0.145662
||BtYp|| = 2.67315
||ru|| = 2.67431
||yu|| = 137.264
||GtYphi|| = 1.62667
||KtYu|| = 13.9477
||rj|| = 14.7288
||yj|| = 0.929903
||rphi|| = 0.00115556
||rp|| = 0.0767509
||y|| = 518.261
   Pass :  1   Iteration : 327  || r || = 0.00251732
||yp|| = 418.828
||xi|| = 380.473
||eta|| = 0.430026
||yp|| = 418.828
||yphi|| = 0.180923
||BtYp|| = 1.78425
||ru|| = 1.78517
||yu|| = 107.044
||GtYphi|| = 2.04177
||KtYu|| = 13.6061
||rj|| = 14.4708
||yj|| = 0.787495
||rphi|| = 0.00130876
||rp|| = 0.0565244
||y|| = 432.292
   Pass :  1   Iteration : 328  || r || = 0.00251428
||yp|| = 515.93
||xi|| = 468.717
||eta|| = 0.316091
||yp|| = 515.93
||yphi|| = 0.232402
||BtYp|| = 2.85362
||ru|| = 2.8551
||yu|| = 147.89
||GtYphi|| = 2.01073
||KtYu|| = 14.1757
||rj|| = 15.0292
||yj|| = 0.874761
||rphi|| = 0.00173565
||rp|| = 0.0804661
||y|| = 536.708
   Pass :  1   Iteration : 329  || r || = 0.00250514
||yp|| = 483.954
||xi|| = 439.633
||eta|| = 0.395882
||yp|| = 483.954
||yphi|| = 0.173492
||BtYp|| = 2.19974
||ru|| = 2.20108
||yu|| = 137.554
||GtYphi|| = 1.77737
||KtYu|| = 14.4802
||rj|| = 15.3358
||yj|| = 0.934069
||rphi|| = 0.00134926
||rp|| = 0.0749141
||y|| = 503.124
   Pass :  1   Iteration : 330  || r || = 0.00247889
||yp|| = 487.718
||xi|| = 443.07
||eta|| = 0.419635
||yp|| = 487.718
||yphi|| = 0.212641
||BtYp|| = 2.34102
||ru|| = 2.34365
||yu|| = 135.087
||GtYphi|| = 2.09734
||KtYu|| = 13.8245
||rj|| = 14.5899
||yj|| = 0.839729
||rphi|| = 0.00164488
||rp|| = 0.0715954
||y|| = 506.081
   Pass :  1   Iteration : 331  || r || = 0.00242155
||yp|| = 542.785
||xi|| = 493.114
||eta|| = 0.3587
||yp|| = 542.785
||yphi|| = 0.172589
||BtYp|| = 2.59103
||ru|| = 2.59091
||yu|| = 149.79
||GtYphi|| = 1.97285
||KtYu|| = 14.0588
||rj|| = 14.8611
||yj|| = 0.877019
||rphi|| = 0.0013279
||rp|| = 0.0802536
||y|| = 563.075
   Pass :  1   Iteration : 332  || r || = 0.00231564
||yp|| = 492.898
||xi|| = 447.782
||eta|| = 0.32818
||yp|| = 492.898
||yphi|| = 0.180559
||BtYp|| = 2.66191
||ru|| = 2.66311
||yu|| = 146.646
||GtYphi|| = 1.57414
||KtYu|| = 15.2069
||rj|| = 16.0017
||yj|| = 0.984771
||rphi|| = 0.00170974
||rp|| = 0.0799202
||y|| = 514.251
   Pass :  1   Iteration : 333  || r || = 0.00213032
||yp|| = 465.224
||xi|| = 422.701
||eta|| = 0.273849
||yp|| = 465.224
||yphi|| = 0.203362
||BtYp|| = 2.18193
||ru|| = 2.18251
||yu|| = 111.71
||GtYphi|| = 1.76703
||KtYu|| = 11.2544
||rj|| = 11.9638
||yj|| = 0.669546
||rphi|| = 0.00165042
||rp|| = 0.0599428
||y|| = 478.448
   Pass :  1   Iteration : 334  || r || = 0.00203753
integral = -0.000770107
volume = 1
mean = -0.000770107
integral = 0.0918838
volume = 1
mean = 0.0918838
p_norm = 46.0622
phi_norm = 0.0666205
Time step 5, time = 0.25, dt = 0.05. Print step 5
Relative L2 Norm for current density: 0.00457779
Relative L2 Norm for electric potential: 0.00141999
Relative L2 Norm for velocity: 0.000291289
Relative L2 Norm for pressure: 0.00110993
Total simulation time: 1680.11
