Time step 0, time = 0, time elapsed = 16.6953
FGMRES iteration : 0 || r || = 20.6176
||xi|| = 0
||eta|| = 0
||yp|| = 0
||yphi|| = 0.00235831
||BtYp|| = 0
||ru|| = 1
||yu|| = 1.3187
||GtYphi|| = 0.0539057
||KtYu|| = 0.207501
||rj|| = 0.214392
||yj|| = 0.0096694
||rphi|| = 1.16568e-05
||rp|| = 0
||y|| = 1.31873
FGMRES iteration : 1 || r || = 1.95868
||xi|| = 34.4413
||eta|| = 0.523856
||yp|| = 38.4886
||yphi|| = 0.932601
||BtYp|| = 0.0778398
||ru|| = 0.0781617
||yu|| = 8.64404
||GtYphi|| = 3.15747
||KtYu|| = 1.77222
||rj|| = 3.83591
||yj|| = 0.128901
||rphi|| = 0.00599302
||rp|| = 0.00604446
||y|| = 39.4586
FGMRES iteration : 2 || r || = 1.5324
||xi|| = 48.9764
||eta|| = 0.301824
||yp|| = 53.9933
||yphi|| = 0.344812
||BtYp|| = 0.169009
||ru|| = 0.170224
||yu|| = 13.0439
||GtYphi|| = 1.65111
||KtYu|| = 2.86076
||rj|| = 3.54287
||yj|| = 0.192657
||rphi|| = 0.00207316
||rp|| = 0.00703642
||y|| = 55.548
FGMRES iteration : 3 || r || = 1.40882
||xi|| = 133.738
||eta|| = 0.177622
||yp|| = 147.262
||yphi|| = 0.265996
||BtYp|| = 0.487601
||ru|| = 0.490307
||yu|| = 35.9798
||GtYphi|| = 1.95655
||KtYu|| = 7.64591
||rj|| = 8.39631
||yj|| = 0.523622
||rphi|| = 0.00190209
||rp|| = 0.0161494
||y|| = 151.595
FGMRES iteration : 4 || r || = 1.33926
||xi|| = 138.179
||eta|| = 0.288218
||yp|| = 152.279
||yphi|| = 0.719133
||BtYp|| = 0.675673
||ru|| = 0.679676
||yu|| = 53.8476
||GtYphi|| = 2.44578
||KtYu|| = 11.3692
||rj|| = 12.3506
||yj|| = 0.853323
||rphi|| = 0.00572204
||rp|| = 0.0259271
||y|| = 161.523
FGMRES iteration : 5 || r || = 1.10011
||xi|| = 248.83
||eta|| = 0.290842
||yp|| = 273.913
||yphi|| = 0.457472
||BtYp|| = 1.02008
||ru|| = 1.0225
||yu|| = 76.8145
||GtYphi|| = 2.43993
||KtYu|| = 10.9328
||rj|| = 11.8064
||yj|| = 0.794273
||rphi|| = 0.00353878
||rp|| = 0.0358366
||y|| = 284.482
FGMRES iteration : 6 || r || = 0.922945
||xi|| = 245.147
||eta|| = 0.338965
||yp|| = 269.93
||yphi|| = 0.287448
||BtYp|| = 1.36
||ru|| = 1.36154
||yu|| = 98.7237
||GtYphi|| = 1.35123
||KtYu|| = 10.9877
||rj|| = 11.652
||yj|| = 0.784513
||rphi|| = 0.00248846
||rp|| = 0.0487241
||y|| = 287.418
FGMRES iteration : 7 || r || = 0.87335
||xi|| = 330.457
||eta|| = 0.466658
||yp|| = 363.744
||yphi|| = 0.46891
||BtYp|| = 2.23109
||ru|| = 2.23179
||yu|| = 119.165
||GtYphi|| = 2.32849
||KtYu|| = 10.7976
||rj|| = 11.7095
||yj|| = 0.691853
||rphi|| = 0.00386799
||rp|| = 0.0654515
||y|| = 382.767
FGMRES iteration : 8 || r || = 0.869777
||xi|| = 614.994
||eta|| = 0.280102
||yp|| = 676.773
||yphi|| = 0.224289
||BtYp|| = 4.0912
||ru|| = 4.09233
||yu|| = 179.13
||GtYphi|| = 1.91384
||KtYu|| = 15.1999
||rj|| = 16.1342
||yj|| = 1.11156
||rphi|| = 0.00178733
||rp|| = 0.0992581
||y|| = 700.079
FGMRES iteration : 9 || r || = 0.864523
||xi|| = 521.617
||eta|| = 0.239265
||yp|| = 574.068
||yphi|| = 0.641263
||BtYp|| = 3.00612
||ru|| = 3.00719
||yu|| = 137.156
||GtYphi|| = 2.42693
||KtYu|| = 11.5853
||rj|| = 12.5077
||yj|| = 0.859711
||rphi|| = 0.00472371
||rp|| = 0.0701573
||y|| = 590.226
FGMRES iteration : 10 || r || = 0.860832
||xi|| = 438.592
||eta|| = 0.271305
||yp|| = 482.715
||yphi|| = 0.948206
||BtYp|| = 2.96668
||ru|| = 2.96739
||yu|| = 130.151
||GtYphi|| = 2.91515
||KtYu|| = 10.7285
||rj|| = 11.5541
||yj|| = 0.813439
||rphi|| = 0.00729788
||rp|| = 0.0702978
||y|| = 499.955
FGMRES iteration : 11 || r || = 0.860526
||xi|| = 625.698
||eta|| = 0.235851
||yp|| = 688.484
||yphi|| = 0.805844
||BtYp|| = 4.44339
||ru|| = 4.44412
||yu|| = 185.629
||GtYphi|| = 2.56958
||KtYu|| = 13.6487
||rj|| = 14.6445
||yj|| = 0.96777
||rphi|| = 0.00648481
||rp|| = 0.105283
||y|| = 713.07
FGMRES iteration : 12 || r || = 0.834989
||xi|| = 484.018
||eta|| = 0.23322
||yp|| = 532.689
||yphi|| = 0.531532
||BtYp|| = 3.24623
||ru|| = 3.24717
||yu|| = 146.653
||GtYphi|| = 2.17974
||KtYu|| = 12.4541
||rj|| = 13.3034
||yj|| = 0.849889
||rphi|| = 0.00423702
||rp|| = 0.0772724
||y|| = 552.509
FGMRES iteration : 13 || r || = 0.80646
||xi|| = 375.34
||eta|| = 0.298117
||yp|| = 413.093
||yphi|| = 0.825796
||BtYp|| = 2.47156
||ru|| = 2.47258
||yu|| = 118.695
||GtYphi|| = 2.65098
||KtYu|| = 12.3107
||rj|| = 13.293
||yj|| = 0.922923
||rphi|| = 0.0061425
||rp|| = 0.0633904
||y|| = 429.809
FGMRES iteration : 14 || r || = 0.763614
||xi|| = 472.947
||eta|| = 0.300932
||yp|| = 520.523
||yphi|| = 0.60405
||BtYp|| = 3.10135
||ru|| = 3.10232
||yu|| = 137.867
||GtYphi|| = 2.58246
||KtYu|| = 11.5748
||rj|| = 12.4675
||yj|| = 0.872681
||rphi|| = 0.00414084
||rp|| = 0.0751836
||y|| = 538.472
FGMRES iteration : 15 || r || = 0.751627
||xi|| = 754.845
||eta|| = 0.265961
||yp|| = 830.636
||yphi|| = 0.311668
||BtYp|| = 5.60309
||ru|| = 5.60358
||yu|| = 228.913
||GtYphi|| = 1.72838
||KtYu|| = 14.4704
||rj|| = 15.2533
||yj|| = 0.992361
||rphi|| = 0.00280666
||rp|| = 0.132669
||y|| = 861.602
FGMRES iteration : 16 || r || = 0.749452
||xi|| = 378.748
||eta|| = 0.224737
||yp|| = 416.825
||yphi|| = 0.207837
||BtYp|| = 2.56396
||ru|| = 2.56523
||yu|| = 115.502
||GtYphi|| = 1.59875
||KtYu|| = 11.8143
||rj|| = 12.6948
||yj|| = 0.895641
||rphi|| = 0.00153752
||rp|| = 0.0638466
||y|| = 432.533
FGMRES iteration : 17 || r || = 0.736881
||xi|| = 643.691
||eta|| = 0.368149
||yp|| = 708.397
||yphi|| = 0.398575
||BtYp|| = 4.17407
||ru|| = 4.17453
||yu|| = 188.472
||GtYphi|| = 1.88191
||KtYu|| = 14.6251
||rj|| = 15.326
||yj|| = 0.992883
||rphi|| = 0.00305627
||rp|| = 0.0991014
||y|| = 733.041
FGMRES iteration : 18 || r || = 0.735348
||xi|| = 503.874
||eta|| = 0.28521
||yp|| = 554.495
||yphi|| = 0.342571
||BtYp|| = 3.49022
||ru|| = 3.49123
||yu|| = 151.86
||GtYphi|| = 1.62585
||KtYu|| = 12.0797
||rj|| = 12.8496
||yj|| = 0.78523
||rphi|| = 0.00251762
||rp|| = 0.0853002
||y|| = 574.915
FGMRES iteration : 19 || r || = 0.718861
||xi|| = 541.208
||eta|| = 0.297108
||yp|| = 595.556
||yphi|| = 0.782455
||BtYp|| = 3.99986
||ru|| = 4.00073
||yu|| = 177.817
||GtYphi|| = 2.44297
||KtYu|| = 14.1822
||rj|| = 15.0574
||yj|| = 1.07596
||rphi|| = 0.00642097
||rp|| = 0.106198
||y|| = 621.537
FGMRES iteration : 20 || r || = 0.698135
||xi|| = 404.653
||eta|| = 0.261864
||yp|| = 445.399
||yphi|| = 0.342775
||BtYp|| = 2.25423
||ru|| = 2.25585
||yu|| = 111.077
||GtYphi|| = 1.74265
||KtYu|| = 11.8577
||rj|| = 12.5994
||yj|| = 0.895595
||rphi|| = 0.00282606
||rp|| = 0.0577632
||y|| = 459.042
FGMRES iteration : 21 || r || = 0.690515
||xi|| = 548.162
||eta|| = 0.247023
||yp|| = 603.234
||yphi|| = 0.400409
||BtYp|| = 3.99963
||ru|| = 4.00013
||yu|| = 169.747
||GtYphi|| = 1.9957
||KtYu|| = 12.3707
||rj|| = 13.2622
||yj|| = 0.864896
||rphi|| = 0.00290733
||rp|| = 0.0980269
||y|| = 626.663
FGMRES iteration : 22 || r || = 0.681502
||xi|| = 536.147
||eta|| = 0.30448
||yp|| = 590.07
||yphi|| = 0.174977
||BtYp|| = 3.36756
||ru|| = 3.36875
||yu|| = 156.536
||GtYphi|| = 1.61403
||KtYu|| = 13.6271
||rj|| = 14.4672
||yj|| = 0.988622
||rphi|| = 0.00149568
||rp|| = 0.0847569
||y|| = 610.482
FGMRES iteration : 23 || r || = 0.666652
||xi|| = 463.573
||eta|| = 0.312052
||yp|| = 510.209
||yphi|| = 0.294017
||BtYp|| = 2.33527
||ru|| = 2.33626
||yu|| = 112.795
||GtYphi|| = 2.32944
||KtYu|| = 13.7013
||rj|| = 14.7012
||yj|| = 0.902484
||rphi|| = 0.00210291
||rp|| = 0.0548348
||y|| = 522.529
FGMRES iteration : 24 || r || = 0.619139
||xi|| = 476.079
||eta|| = 0.330119
||yp|| = 523.973
||yphi|| = 0.313277
||BtYp|| = 2.95116
||ru|| = 2.95259
||yu|| = 132.845
||GtYphi|| = 2.06354
||KtYu|| = 13.0193
||rj|| = 13.8692
||yj|| = 0.936034
||rphi|| = 0.00248905
||rp|| = 0.0738098
||y|| = 540.552
FGMRES iteration : 25 || r || = 0.543168
||xi|| = 375.252
||eta|| = 0.260867
||yp|| = 413.074
||yphi|| = 0.148902
||BtYp|| = 1.45716
||ru|| = 1.45965
||yu|| = 97.5578
||GtYphi|| = 1.43158
||KtYu|| = 12.6462
||rj|| = 13.374
||yj|| = 1.00491
||rphi|| = 0.00122791
||rp|| = 0.0473258
||y|| = 424.439
FGMRES iteration : 26 || r || = 0.465842
||xi|| = 309.591
||eta|| = 0.227112
||yp|| = 340.773
||yphi|| = 0.209613
||BtYp|| = 1.6359
||ru|| = 1.63736
||yu|| = 89.213
||GtYphi|| = 1.96832
||KtYu|| = 10.8356
||rj|| = 11.7532
||yj|| = 0.753686
||rphi|| = 0.00153956
||rp|| = 0.046622
||y|| = 352.259
FGMRES iteration : 27 || r || = 0.422353
||xi|| = 528.007
||eta|| = 0.243053
||yp|| = 581.051
||yphi|| = 0.203369
||BtYp|| = 3.77797
||ru|| = 3.77879
||yu|| = 156.37
||GtYphi|| = 1.4122
||KtYu|| = 12.9343
||rj|| = 13.7573
||yj|| = 0.919794
||rphi|| = 0.00166099
||rp|| = 0.0925144
||y|| = 601.725
FGMRES iteration : 28 || r || = 0.377918
||xi|| = 395.081
||eta|| = 0.262748
||yp|| = 434.842
||yphi|| = 0.162422
||BtYp|| = 1.96389
||ru|| = 1.96504
||yu|| = 100.127
||GtYphi|| = 1.64156
||KtYu|| = 10.478
||rj|| = 11.2307
||yj|| = 0.743442
||rphi|| = 0.00123153
||rp|| = 0.0516071
||y|| = 446.222
FGMRES iteration : 29 || r || = 0.360112
||xi|| = 559.552
||eta|| = 0.245325
||yp|| = 615.741
||yphi|| = 0.184334
||BtYp|| = 3.60824
||ru|| = 3.60866
||yu|| = 159.7
||GtYphi|| = 1.85771
||KtYu|| = 12.9811
||rj|| = 13.7713
||yj|| = 0.922926
||rphi|| = 0.00153518
||rp|| = 0.0883131
||y|| = 636.115
FGMRES iteration : 30 || r || = 0.352233
||xi|| = 488.128
||eta|| = 0.369375
||yp|| = 537.279
||yphi|| = 0.258459
||BtYp|| = 2.49357
||ru|| = 2.49541
||yu|| = 133.981
||GtYphi|| = 1.85211
||KtYu|| = 13.695
||rj|| = 14.5327
||yj|| = 0.998893
||rphi|| = 0.00205708
||rp|| = 0.0629778
||y|| = 553.734
FGMRES iteration : 31 || r || = 0.342845
||xi|| = 390.759
||eta|| = 0.347017
||yp|| = 430.083
||yphi|| = 0.282957
||BtYp|| = 2.75676
||ru|| = 2.75753
||yu|| = 124.547
||GtYphi|| = 1.8726
||KtYu|| = 13.1462
||rj|| = 14.0484
||yj|| = 0.845934
||rphi|| = 0.00203667
||rp|| = 0.0723401
||y|| = 447.754
FGMRES iteration : 32 || r || = 0.335889
||xi|| = 333.508
||eta|| = 0.234902
||yp|| = 367.097
||yphi|| = 0.324577
||BtYp|| = 2.04314
||ru|| = 2.04494
||yu|| = 101.337
||GtYphi|| = 1.80669
||KtYu|| = 11.284
||rj|| = 12.1155
||yj|| = 0.770292
||rphi|| = 0.00232008
||rp|| = 0.053966
||y|| = 380.828
FGMRES iteration : 33 || r || = 0.328244
||xi|| = 465.897
||eta|| = 0.28029
||yp|| = 512.783
||yphi|| = 0.288825
||BtYp|| = 2.68185
||ru|| = 2.68277
||yu|| = 137.551
||GtYphi|| = 1.67186
||KtYu|| = 13.334
||rj|| = 14.1626
||yj|| = 0.957719
||rphi|| = 0.00220956
||rp|| = 0.0683673
||y|| = 530.912
FGMRES iteration : 34 || r || = 0.323792
||xi|| = 414.087
||eta|| = 0.245283
||yp|| = 455.726
||yphi|| = 0.325415
||BtYp|| = 2.58061
||ru|| = 2.58165
||yu|| = 122.186
||GtYphi|| = 2.10745
||KtYu|| = 11.6896
||rj|| = 12.5157
||yj|| = 0.808301
||rphi|| = 0.00252799
||rp|| = 0.0642986
||y|| = 471.822
FGMRES iteration : 35 || r || = 0.321948
||xi|| = 463.958
||eta|| = 0.253077
||yp|| = 510.639
||yphi|| = 0.561483
||BtYp|| = 3.03425
||ru|| = 3.03529
||yu|| = 134.577
||GtYphi|| = 2.10385
||KtYu|| = 12.2983
||rj|| = 13.1698
||yj|| = 0.916024
||rphi|| = 0.00440212
||rp|| = 0.0755727
||y|| = 528.076
FGMRES iteration : 36 || r || = 0.320973
||xi|| = 512.802
||eta|| = 0.313038
||yp|| = 564.323
||yphi|| = 0.191583
||BtYp|| = 3.52761
||ru|| = 3.52852
||yu|| = 148.474
||GtYphi|| = 1.68282
||KtYu|| = 13.8732
||rj|| = 14.7595
||yj|| = 0.980737
||rphi|| = 0.0017275
||rp|| = 0.0858538
||y|| = 583.529
FGMRES iteration : 37 || r || = 0.320878
||xi|| = 425.942
||eta|| = 0.336517
||yp|| = 468.763
||yphi|| = 0.513326
||BtYp|| = 2.63025
||ru|| = 2.63148
||yu|| = 122.232
||GtYphi|| = 2.21029
||KtYu|| = 11.9642
||rj|| = 12.7014
||yj|| = 0.776862
||rphi|| = 0.00391057
||rp|| = 0.0631817
||y|| = 484.438
FGMRES iteration : 38 || r || = 0.320866
||xi|| = 503.678
||eta|| = 0.264999
||yp|| = 554.309
||yphi|| = 0.29877
||BtYp|| = 3.39142
||ru|| = 3.39175
||yu|| = 145.69
||GtYphi|| = 2.05828
||KtYu|| = 13.2165
||rj|| = 14.1109
||yj|| = 0.869219
||rphi|| = 0.00254275
||rp|| = 0.0839062
||y|| = 573.136
FGMRES iteration : 39 || r || = 0.320675
||xi|| = 608.266
||eta|| = 0.279354
||yp|| = 669.394
||yphi|| = 0.285433
||BtYp|| = 3.70942
||ru|| = 3.71081
||yu|| = 159.209
||GtYphi|| = 1.80095
||KtYu|| = 13.7243
||rj|| = 14.4836
||yj|| = 0.964113
||rphi|| = 0.00280204
||rp|| = 0.0884674
||y|| = 688.068
FGMRES iteration : 40 || r || = 0.320569
||xi|| = 537.699
||eta|| = 0.248769
||yp|| = 591.763
||yphi|| = 0.457026
||BtYp|| = 3.45018
||ru|| = 3.45056
||yu|| = 147.349
||GtYphi|| = 2.32861
||KtYu|| = 12.4805
||rj|| = 13.3313
||yj|| = 0.913968
||rphi|| = 0.00426358
||rp|| = 0.0821295
||y|| = 609.832
FGMRES iteration : 41 || r || = 0.318612
||xi|| = 525.564
||eta|| = 0.288939
||yp|| = 578.365
||yphi|| = 0.529178
||BtYp|| = 3.91175
||ru|| = 3.91259
||yu|| = 157.913
||GtYphi|| = 2.5249
||KtYu|| = 12.1773
||rj|| = 13.0095
||yj|| = 0.825921
||rphi|| = 0.00461416
||rp|| = 0.0946707
||y|| = 599.536
FGMRES iteration : 42 || r || = 0.313976
||xi|| = 457.864
||eta|| = 0.281598
||yp|| = 503.856
||yphi|| = 0.286582
||BtYp|| = 3.22213
||ru|| = 3.22306
||yu|| = 141.766
||GtYphi|| = 1.88562
||KtYu|| = 12.1031
||rj|| = 12.9432
||yj|| = 0.856941
||rphi|| = 0.0027214
||rp|| = 0.0813873
||y|| = 523.42
FGMRES iteration : 43 || r || = 0.310185
||xi|| = 505.222
||eta|| = 0.305432
||yp|| = 555.956
||yphi|| = 0.378776
||BtYp|| = 3.82002
||ru|| = 3.82067
||yu|| = 158.173
||GtYphi|| = 1.86352
||KtYu|| = 12.2498
||rj|| = 13.0833
||yj|| = 0.82974
||rphi|| = 0.00286766
||rp|| = 0.0945521
||y|| = 578.019
FGMRES iteration : 44 || r || = 0.309652
||xi|| = 500.242
||eta|| = 0.327989
||yp|| = 550.472
||yphi|| = 0.229663
||BtYp|| = 3.74322
||ru|| = 3.744
||yu|| = 156.688
||GtYphi|| = 2.10057
||KtYu|| = 11.3929
||rj|| = 12.2321
||yj|| = 0.717354
||rphi|| = 0.00195778
||rp|| = 0.0931669
||y|| = 572.339
FGMRES iteration : 45 || r || = 0.309416
||xi|| = 618.089
||eta|| = 0.293827
||yp|| = 680.15
||yphi|| = 0.301542
||BtYp|| = 4.65659
||ru|| = 4.65636
||yu|| = 193.791
||GtYphi|| = 1.969
||KtYu|| = 13.6407
||rj|| = 14.5004
||yj|| = 0.946683
||rphi|| = 0.0028379
||rp|| = 0.11502
||y|| = 707.22
FGMRES iteration : 46 || r || = 0.309317
||xi|| = 620.274
||eta|| = 0.270113
||yp|| = 682.528
||yphi|| = 0.344481
||BtYp|| = 4.89229
||ru|| = 4.89402
||yu|| = 199.395
||GtYphi|| = 1.94534
||KtYu|| = 12.8353
||rj|| = 13.6361
||yj|| = 0.85529
||rphi|| = 0.00332311
||rp|| = 0.121478
||y|| = 711.058
FGMRES iteration : 47 || r || = 0.307485
||xi|| = 641.958
||eta|| = 0.275679
||yp|| = 706.393
||yphi|| = 0.628496
||BtYp|| = 4.94547
||ru|| = 4.94441
||yu|| = 198.584
||GtYphi|| = 2.84603
||KtYu|| = 12.3205
||rj|| = 13.3179
||yj|| = 0.806596
||rphi|| = 0.00545451
||rp|| = 0.120614
||y|| = 733.776
FGMRES iteration : 48 || r || = 0.296045
||xi|| = 625.95
||eta|| = 0.26313
||yp|| = 688.78
||yphi|| = 0.452968
||BtYp|| = 4.70015
||ru|| = 4.70184
||yu|| = 189.766
||GtYphi|| = 2.3324
||KtYu|| = 13.2071
||rj|| = 14.0451
||yj|| = 0.88477
||rphi|| = 0.00448671
||rp|| = 0.114448
||y|| = 714.444
FGMRES iteration : 49 || r || = 0.271245
||xi|| = 509.385
||eta|| = 0.266655
||yp|| = 560.541
||yphi|| = 0.605659
||BtYp|| = 3.66635
||ru|| = 3.66595
||yu|| = 152.531
||GtYphi|| = 2.6754
||KtYu|| = 11.6894
||rj|| = 12.6436
||yj|| = 0.768339
||rphi|| = 0.00544996
||rp|| = 0.0903775
||y|| = 580.924
FGMRES iteration : 50 || r || = 0.228301
||xi|| = 492.786
||eta|| = 0.297729
||yp|| = 542.261
||yphi|| = 0.521022
||BtYp|| = 3.66265
||ru|| = 3.6642
||yu|| = 156.039
||GtYphi|| = 2.29471
||KtYu|| = 12.5285
||rj|| = 13.4442
||yj|| = 0.876062
||rphi|| = 0.00456592
||rp|| = 0.0914618
||y|| = 564.267
FGMRES iteration : 51 || r || = 0.205303
||xi|| = 479.147
||eta|| = 0.256675
||yp|| = 527.27
||yphi|| = 0.21046
||BtYp|| = 3.41705
||ru|| = 3.41756
||yu|| = 148.469
||GtYphi|| = 1.61027
||KtYu|| = 12.6552
||rj|| = 13.4469
||yj|| = 0.904519
||rphi|| = 0.00192822
||rp|| = 0.0860212
||y|| = 547.775
FGMRES iteration : 52 || r || = 0.189197
||xi|| = 480.051
||eta|| = 0.309504
||yp|| = 528.315
||yphi|| = 0.331376
||BtYp|| = 3.13663
||ru|| = 3.13685
||yu|| = 137.625
||GtYphi|| = 2.25339
||KtYu|| = 12.2628
||rj|| = 13.1243
||yj|| = 0.768029
||rphi|| = 0.00263743
||rp|| = 0.0780989
||y|| = 545.947
FGMRES iteration : 53 || r || = 0.174864
||xi|| = 510.503
||eta|| = 0.285436
||yp|| = 561.903
||yphi|| = 0.392007
||BtYp|| = 3.00263
||ru|| = 3.00371
||yu|| = 149.461
||GtYphi|| = 1.95982
||KtYu|| = 12.8662
||rj|| = 13.657
||yj|| = 0.907211
||rphi|| = 0.00318761
||rp|| = 0.0747559
||y|| = 581.441
FGMRES iteration : 54 || r || = 0.164114
||xi|| = 621.941
||eta|| = 0.30122
||yp|| = 684.478
||yphi|| = 0.346452
||BtYp|| = 3.96264
||ru|| = 3.96355
||yu|| = 181.226
||GtYphi|| = 1.79424
||KtYu|| = 14.1929
||rj|| = 15.0426
||yj|| = 1.02748
||rphi|| = 0.00292436
||rp|| = 0.0958412
||y|| = 708.063
FGMRES iteration : 55 || r || = 0.150962
||xi|| = 404.157
||eta|| = 0.263357
||yp|| = 444.857
||yphi|| = 0.305465
||BtYp|| = 2.33414
||ru|| = 2.33596
||yu|| = 107.444
||GtYphi|| = 1.96112
||KtYu|| = 11.4614
||rj|| = 12.1866
||yj|| = 0.834842
||rphi|| = 0.00295955
||rp|| = 0.0585538
||y|| = 457.649
FGMRES iteration : 56 || r || = 0.145067
||xi|| = 397.788
||eta|| = 0.327024
||yp|| = 437.801
||yphi|| = 0.327214
||BtYp|| = 2.22293
||ru|| = 2.22416
||yu|| = 117.286
||GtYphi|| = 1.80919
||KtYu|| = 13.9727
||rj|| = 14.7956
||yj|| = 1.03687
||rphi|| = 0.00275761
||rp|| = 0.0617502
||y|| = 453.24
FGMRES iteration : 57 || r || = 0.143121
||xi|| = 387.059
||eta|| = 0.287825
||yp|| = 426.049
||yphi|| = 0.324232
||BtYp|| = 1.99114
||ru|| = 1.99227
||yu|| = 104.272
||GtYphi|| = 2.0013
||KtYu|| = 11.118
||rj|| = 11.858
||yj|| = 0.756568
||rphi|| = 0.00276707
||rp|| = 0.0540505
||y|| = 438.624
FGMRES iteration : 58 || r || = 0.142406
||xi|| = 395.725
||eta|| = 0.269659
||yp|| = 435.56
||yphi|| = 0.299349
||BtYp|| = 2.07231
||ru|| = 2.07352
||yu|| = 109.148
||GtYphi|| = 2.56475
||KtYu|| = 11.2704
||rj|| = 12.1711
||yj|| = 0.748175
||rphi|| = 0.00277074
||rp|| = 0.0575205
||y|| = 449.028
FGMRES iteration : 59 || r || = 0.141844
||xi|| = 588.454
||eta|| = 0.315306
||yp|| = 647.642
||yphi|| = 0.257908
||BtYp|| = 3.67439
||ru|| = 3.67555
||yu|| = 173.243
||GtYphi|| = 1.57791
||KtYu|| = 15.8957
||rj|| = 16.7698
||yj|| = 1.10692
||rphi|| = 0.00193505
||rp|| = 0.0929473
||y|| = 670.414
FGMRES iteration : 60 || r || = 0.139863
||xi|| = 406.144
||eta|| = 0.377933
||yp|| = 447.035
||yphi|| = 0.336643
||BtYp|| = 2.45403
||ru|| = 2.45497
||yu|| = 124.41
||GtYphi|| = 2.47413
||KtYu|| = 12.155
||rj|| = 13.0771
||yj|| = 0.786444
||rphi|| = 0.00276204
||rp|| = 0.0693637
||y|| = 464.025
FGMRES iteration : 61 || r || = 0.138246
||xi|| = 450.689
||eta|| = 0.381783
||yp|| = 496.032
||yphi|| = 0.294657
||BtYp|| = 2.9122
||ru|| = 2.91295
||yu|| = 144.369
||GtYphi|| = 2.35076
||KtYu|| = 13.1472
||rj|| = 13.9677
||yj|| = 0.909028
||rphi|| = 0.00254843
||rp|| = 0.0777754
||y|| = 516.615
FGMRES iteration : 62 || r || = 0.136984
||xi|| = 592.704
||eta|| = 0.290411
||yp|| = 652.216
||yphi|| = 0.38605
||BtYp|| = 4.07548
||ru|| = 4.07641
||yu|| = 182.024
||GtYphi|| = 2.09871
||KtYu|| = 13.528
||rj|| = 14.4592
||yj|| = 0.824667
||rphi|| = 0.00324098
||rp|| = 0.101674
||y|| = 677.14
FGMRES iteration : 63 || r || = 0.135855
||xi|| = 539.476
||eta|| = 0.257806
||yp|| = 593.645
||yphi|| = 0.288729
||BtYp|| = 3.70684
||ru|| = 3.70705
||yu|| = 167.163
||GtYphi|| = 1.68339
||KtYu|| = 11.8194
||rj|| = 12.5567
||yj|| = 0.647199
||rphi|| = 0.00251382
||rp|| = 0.0916779
||y|| = 616.732
FGMRES iteration : 64 || r || = 0.135694
||xi|| = 521.492
||eta|| = 0.304045
||yp|| = 573.903
||yphi|| = 0.200129
||BtYp|| = 3.29388
||ru|| = 3.29455
||yu|| = 147.319
||GtYphi|| = 1.77824
||KtYu|| = 12.7977
||rj|| = 13.6028
||yj|| = 0.854463
||rphi|| = 0.00159188
||rp|| = 0.0803681
||y|| = 592.51
FGMRES iteration : 65 || r || = 0.135629
||xi|| = 570.249
||eta|| = 0.320653
||yp|| = 627.626
||yphi|| = 0.254141
||BtYp|| = 3.14518
||ru|| = 3.14616
||yu|| = 163.244
||GtYphi|| = 1.88412
||KtYu|| = 14.042
||rj|| = 14.8812
||yj|| = 0.945296
||rphi|| = 0.00227406
||rp|| = 0.0815197
||y|| = 648.509
FGMRES iteration : 66 || r || = 0.135384
||xi|| = 401.651
||eta|| = 0.486413
||yp|| = 442.136
||yphi|| = 0.378587
||BtYp|| = 2.25396
||ru|| = 2.25506
||yu|| = 124.267
||GtYphi|| = 2.57726
||KtYu|| = 12.4384
||rj|| = 13.3647
||yj|| = 0.853913
||rphi|| = 0.00313066
||rp|| = 0.0665424
||y|| = 459.269
FGMRES iteration : 67 || r || = 0.134935
||xi|| = 354.695
||eta|| = 0.306427
||yp|| = 390.449
||yphi|| = 0.522543
||BtYp|| = 1.92973
||ru|| = 1.9313
||yu|| = 114.525
||GtYphi|| = 2.59195
||KtYu|| = 13.2801
||rj|| = 14.2693
||yj|| = 1.01718
||rphi|| = 0.00425266
||rp|| = 0.0606828
||y|| = 406.9
FGMRES iteration : 68 || r || = 0.133835
||xi|| = 412.987
||eta|| = 0.270634
||yp|| = 454.595
||yphi|| = 0.338214
||BtYp|| = 2.17924
||ru|| = 2.18074
||yu|| = 122.87
||GtYphi|| = 2.59058
||KtYu|| = 12.3597
||rj|| = 13.2368
||yj|| = 0.797633
||rphi|| = 0.00303673
||rp|| = 0.0619735
||y|| = 470.908
FGMRES iteration : 69 || r || = 0.131577
||xi|| = 295.268
||eta|| = 0.261347
||yp|| = 325.067
||yphi|| = 0.357859
||BtYp|| = 1.7955
||ru|| = 1.7972
||yu|| = 113.405
||GtYphi|| = 2.55072
||KtYu|| = 13.0036
||rj|| = 13.9191
||yj|| = 0.970795
||rphi|| = 0.00321364
||rp|| = 0.0632257
||y|| = 344.282
FGMRES iteration : 70 || r || = 0.128227
||xi|| = 490.86
||eta|| = 0.434492
||yp|| = 540.375
||yphi|| = 0.703555
||BtYp|| = 2.5522
||ru|| = 2.55311
||yu|| = 148.468
||GtYphi|| = 2.76553
||KtYu|| = 13.8672
||rj|| = 14.759
||yj|| = 0.98824
||rphi|| = 0.00551078
||rp|| = 0.0746585
||y|| = 560.401
FGMRES iteration : 71 || r || = 0.122033
||xi|| = 305.507
||eta|| = 0.30794
||yp|| = 336.381
||yphi|| = 0.203162
||BtYp|| = 1.66776
||ru|| = 1.66879
||yu|| = 108.859
||GtYphi|| = 2.01592
||KtYu|| = 10.909
||rj|| = 11.5875
||yj|| = 0.73372
||rphi|| = 0.00166149
||rp|| = 0.0572294
||y|| = 353.558
FGMRES iteration : 72 || r || = 0.117314
||xi|| = 493.255
||eta|| = 0.346063
||yp|| = 543.036
||yphi|| = 0.443213
||BtYp|| = 2.83748
||ru|| = 2.83907
||yu|| = 179.481
||GtYphi|| = 1.71681
||KtYu|| = 14.806
||rj|| = 15.6109
||yj|| = 1.01331
||rphi|| = 0.00335103
||rp|| = 0.0901086
||y|| = 571.929
FGMRES iteration : 73 || r || = 0.109276
||xi|| = 532.685
||eta|| = 0.322787
||yp|| = 586.321
||yphi|| = 0.169304
||BtYp|| = 2.76451
||ru|| = 2.76498
||yu|| = 154.608
||GtYphi|| = 1.85502
||KtYu|| = 15.2405
||rj|| = 15.9738
||yj|| = 0.940182
||rphi|| = 0.00151665
||rp|| = 0.0777459
||y|| = 606.364
FGMRES iteration : 74 || r || = 0.0937885
||xi|| = 319.073
||eta|| = 0.250138
||yp|| = 351.235
||yphi|| = 0.290478
||BtYp|| = 1.54543
||ru|| = 1.5465
||yu|| = 89.4104
||GtYphi|| = 2.35479
||KtYu|| = 11.3656
||rj|| = 12.3565
||yj|| = 0.715983
||rphi|| = 0.00232048
||rp|| = 0.0456037
||y|| = 362.437
FGMRES iteration : 75 || r || = 0.0824437
||xi|| = 394.558
||eta|| = 0.21634
||yp|| = 434.271
||yphi|| = 0.152821
||BtYp|| = 2.53661
||ru|| = 2.53792
||yu|| = 126.489
||GtYphi|| = 1.42638
||KtYu|| = 14.0608
||rj|| = 14.8838
||yj|| = 0.95559
||rphi|| = 0.0013187
||rp|| = 0.0720444
||y|| = 452.318
FGMRES iteration : 76 || r || = 0.0719011
||xi|| = 432.014
||eta|| = 0.257277
||yp|| = 475.486
||yphi|| = 0.239174
||BtYp|| = 2.7667
||ru|| = 2.76758
||yu|| = 135.391
||GtYphi|| = 1.61243
||KtYu|| = 12.7277
||rj|| = 13.4156
||yj|| = 0.789807
||rphi|| = 0.00180553
||rp|| = 0.0766879
||y|| = 494.387
FGMRES iteration : 77 || r || = 0.068277
||xi|| = 440.322
||eta|| = 0.251145
||yp|| = 484.648
||yphi|| = 0.121129
||BtYp|| = 2.5894
||ru|| = 2.59072
||yu|| = 129.858
||GtYphi|| = 1.34437
||KtYu|| = 13.3406
||rj|| = 14.1199
||yj|| = 0.870052
||rphi|| = 0.000906301
||rp|| = 0.0718927
||y|| = 501.744
FGMRES iteration : 78 || r || = 0.0672864
||xi|| = 379.345
||eta|| = 0.275076
||yp|| = 417.584
||yphi|| = 0.236292
||BtYp|| = 2.19069
||ru|| = 2.19214
||yu|| = 124.588
||GtYphi|| = 2.09624
||KtYu|| = 12.5022
||rj|| = 13.3926
||yj|| = 0.910723
||rphi|| = 0.00184198
||rp|| = 0.0694945
||y|| = 435.774
FGMRES iteration : 79 || r || = 0.0666564
||xi|| = 473.119
||eta|| = 0.450206
||yp|| = 520.846
||yphi|| = 0.225186
||BtYp|| = 2.6729
||ru|| = 2.67451
||yu|| = 158.082
||GtYphi|| = 1.89234
||KtYu|| = 15.2448
||rj|| = 15.9018
||yj|| = 0.943317
||rphi|| = 0.0018266
||rp|| = 0.0794475
||y|| = 544.309
FGMRES iteration : 80 || r || = 0.0662114
||xi|| = 436.016
||eta|| = 0.327128
||yp|| = 479.952
||yphi|| = 0.233003
||BtYp|| = 2.57488
||ru|| = 2.57605
||yu|| = 146.197
||GtYphi|| = 1.92801
||KtYu|| = 14.0793
||rj|| = 14.971
||yj|| = 0.935625
||rphi|| = 0.00192401
||rp|| = 0.0783571
||y|| = 501.725
FGMRES iteration : 81 || r || = 0.0656377
||xi|| = 425.333
||eta|| = 0.293913
||yp|| = 468.142
||yphi|| = 0.292151
||BtYp|| = 2.64461
||ru|| = 2.64619
||yu|| = 133.578
||GtYphi|| = 1.79342
||KtYu|| = 14.1725
||rj|| = 14.9703
||yj|| = 0.891683
||rphi|| = 0.00211067
||rp|| = 0.0723383
||y|| = 486.827
FGMRES iteration : 82 || r || = 0.065009
||xi|| = 384.505
||eta|| = 0.313846
||yp|| = 423.18
||yphi|| = 0.32003
||BtYp|| = 2.36904
||ru|| = 2.36924
||yu|| = 113.891
||GtYphi|| = 2.10947
||KtYu|| = 12.0238
||rj|| = 12.8835
||yj|| = 0.736458
||rphi|| = 0.00224729
||rp|| = 0.0636131
||y|| = 438.239
FGMRES iteration : 83 || r || = 0.0647904
||xi|| = 451.524
||eta|| = 0.280622
||yp|| = 496.968
||yphi|| = 0.157843
||BtYp|| = 2.54671
||ru|| = 2.54799
||yu|| = 129.378
||GtYphi|| = 1.84212
||KtYu|| = 13.6329
||rj|| = 14.4293
||yj|| = 0.980666
||rphi|| = 0.00129564
||rp|| = 0.0667602
||y|| = 513.533
FGMRES iteration : 84 || r || = 0.0645506
||xi|| = 447.345
||eta|| = 0.274346
||yp|| = 492.345
||yphi|| = 0.137974
||BtYp|| = 2.61199
||ru|| = 2.61338
||yu|| = 130.582
||GtYphi|| = 1.53733
||KtYu|| = 13.9136
||rj|| = 14.7602
||yj|| = 0.897765
||rphi|| = 0.00100846
||rp|| = 0.0723888
||y|| = 509.368
FGMRES iteration : 85 || r || = 0.0641967
||xi|| = 394.156
||eta|| = 0.255962
||yp|| = 433.814
||yphi|| = 0.192613
||BtYp|| = 2.59746
||ru|| = 2.59724
||yu|| = 119.262
||GtYphi|| = 1.92699
||KtYu|| = 11.0858
||rj|| = 11.8148
||yj|| = 0.672622
||rphi|| = 0.00153863
||rp|| = 0.0710342
||y|| = 449.909
FGMRES iteration : 86 || r || = 0.0641253
||xi|| = 507.285
||eta|| = 0.331748
||yp|| = 558.331
||yphi|| = 0.179707
||BtYp|| = 3.26733
||ru|| = 3.26871
||yu|| = 161.679
||GtYphi|| = 1.54199
||KtYu|| = 14.8136
||rj|| = 15.5671
||yj|| = 0.991816
||rphi|| = 0.00130646
||rp|| = 0.0942054
||y|| = 581.27
FGMRES iteration : 87 || r || = 0.0641199
||xi|| = 523.041
||eta|| = 0.289595
||yp|| = 575.693
||yphi|| = 0.233765
||BtYp|| = 3.32348
||ru|| = 3.32451
||yu|| = 166.101
||GtYphi|| = 1.93434
||KtYu|| = 14.4311
||rj|| = 15.1825
||yj|| = 0.907965
||rphi|| = 0.0017289
||rp|| = 0.0938992
||y|| = 599.177
FGMRES iteration : 88 || r || = 0.0640975
||xi|| = 386.418
||eta|| = 0.279095
||yp|| = 425.344
||yphi|| = 0.211311
||BtYp|| = 2.41298
||ru|| = 2.41389
||yu|| = 115.971
||GtYphi|| = 2.18776
||KtYu|| = 10.297
||rj|| = 11.1073
||yj|| = 0.67228
||rphi|| = 0.00178217
||rp|| = 0.0676753
||y|| = 440.871
FGMRES iteration : 89 || r || = 0.0640944
||xi|| = 514.49
||eta|| = 0.295877
||yp|| = 566.269
||yphi|| = 0.144087
||BtYp|| = 3.45699
||ru|| = 3.45814
||yu|| = 171.985
||GtYphi|| = 1.38984
||KtYu|| = 14.5718
||rj|| = 15.3774
||yj|| = 0.999478
||rphi|| = 0.00116455
||rp|| = 0.1003
||y|| = 591.811
FGMRES iteration : 90 || r || = 0.0640021
||xi|| = 524.17
||eta|| = 0.322706
||yp|| = 576.898
||yphi|| = 0.161074
||BtYp|| = 3.23786
||ru|| = 3.23837
||yu|| = 152.038
||GtYphi|| = 1.79761
||KtYu|| = 12.341
||rj|| = 13.0711
||yj|| = 0.826822
||rphi|| = 0.00128467
||rp|| = 0.0868421
||y|| = 596.597
FGMRES iteration : 91 || r || = 0.0634593
||xi|| = 432.322
||eta|| = 0.339403
||yp|| = 475.798
||yphi|| = 0.157026
||BtYp|| = 2.68485
||ru|| = 2.68545
||yu|| = 132.895
||GtYphi|| = 1.60182
||KtYu|| = 12.5565
||rj|| = 13.2633
||yj|| = 0.877465
||rphi|| = 0.00135098
||rp|| = 0.0733458
||y|| = 494.01
FGMRES iteration : 92 || r || = 0.0624331
||xi|| = 531.436
||eta|| = 0.269418
||yp|| = 584.881
||yphi|| = 0.177236
||BtYp|| = 3.39104
||ru|| = 3.39197
||yu|| = 159.182
||GtYphi|| = 1.50944
||KtYu|| = 14.0711
||rj|| = 14.8791
||yj|| = 0.949135
||rphi|| = 0.00140795
||rp|| = 0.0874686
||y|| = 606.157
FGMRES iteration : 93 || r || = 0.060898
||xi|| = 513.806
||eta|| = 0.344969
||yp|| = 565.517
||yphi|| = 0.426784
||BtYp|| = 3.09386
||ru|| = 3.09424
||yu|| = 152.69
||GtYphi|| = 1.99525
||KtYu|| = 12.7862
||rj|| = 13.5693
||yj|| = 0.841713
||rphi|| = 0.00328593
||rp|| = 0.0843241
||y|| = 585.769
FGMRES iteration : 94 || r || = 0.0580712
||xi|| = 581.883
||eta|| = 0.444754
||yp|| = 640.339
||yphi|| = 0.349041
||BtYp|| = 4.13828
||ru|| = 4.13874
||yu|| = 190.15
||GtYphi|| = 1.83508
||KtYu|| = 13.6248
||rj|| = 14.3898
||yj|| = 0.937256
||rphi|| = 0.00262901
||rp|| = 0.108802
||y|| = 667.976
FGMRES iteration : 95 || r || = 0.053701
||xi|| = 625.387
||eta|| = 0.279236
||yp|| = 688.213
||yphi|| = 0.216466
||BtYp|| = 4.57254
||ru|| = 4.57317
||yu|| = 195.738
||GtYphi|| = 1.78028
||KtYu|| = 13.3474
||rj|| = 14.1745
||yj|| = 0.857153
||rphi|| = 0.00176835
||rp|| = 0.118279
||y|| = 715.508
FGMRES iteration : 96 || r || = 0.0472593
||xi|| = 623.089
||eta|| = 0.283941
||yp|| = 685.653
||yphi|| = 0.284431
||BtYp|| = 4.78165
||ru|| = 4.78229
||yu|| = 200.546
||GtYphi|| = 1.61419
||KtYu|| = 13.1834
||rj|| = 14.0065
||yj|| = 0.844954
||rphi|| = 0.00241182
||rp|| = 0.123578
||y|| = 714.38
FGMRES iteration : 97 || r || = 0.041564
||xi|| = 482.283
||eta|| = 0.304985
||yp|| = 530.713
||yphi|| = 0.358246
||BtYp|| = 3.66614
||ru|| = 3.66673
||yu|| = 156.536
||GtYphi|| = 1.68739
||KtYu|| = 11.1674
||rj|| = 11.9402
||yj|| = 0.736356
||rphi|| = 0.00272673
||rp|| = 0.0975497
||y|| = 553.318
FGMRES iteration : 98 || r || = 0.0391784
||xi|| = 572.041
||eta|| = 0.315091
||yp|| = 629.533
||yphi|| = 0.215679
||BtYp|| = 4.02967
||ru|| = 4.03035
||yu|| = 181.187
||GtYphi|| = 1.74497
||KtYu|| = 14.1757
||rj|| = 14.9725
||yj|| = 1.01059
||rphi|| = 0.00173138
||rp|| = 0.108327
||y|| = 655.089
FGMRES iteration : 99 || r || = 0.0369684
||xi|| = 612.479
||eta|| = 0.279712
||yp|| = 673.969
||yphi|| = 0.19698
||BtYp|| = 4.75067
||ru|| = 4.75131
||yu|| = 193.896
||GtYphi|| = 1.60447
||KtYu|| = 12.9453
||rj|| = 13.7449
||yj|| = 0.870221
||rphi|| = 0.00158377
||rp|| = 0.119585
||y|| = 701.306
FGMRES iteration : 100 || r || = 0.0348577
||xi|| = 496.829
||eta|| = 0.277249
||yp|| = 546.716
||yphi|| = 0.206395
||BtYp|| = 3.43132
||ru|| = 3.43205
||yu|| = 148.327
||GtYphi|| = 1.69245
||KtYu|| = 11.7606
||rj|| = 12.557
||yj|| = 0.762265
||rphi|| = 0.00177998
||rp|| = 0.0884069
||y|| = 566.48
FGMRES iteration : 101 || r || = 0.0337702
||xi|| = 581.685
||eta|| = 0.262079
||yp|| = 640.085
||yphi|| = 0.169492
||BtYp|| = 4.31532
||ru|| = 4.31606
||yu|| = 185.139
||GtYphi|| = 1.70719
||KtYu|| = 12.9435
||rj|| = 13.7153
||yj|| = 0.832484
||rphi|| = 0.00148772
||rp|| = 0.110467
||y|| = 666.322
FGMRES iteration : 102 || r || = 0.0331987
||xi|| = 562.55
||eta|| = 0.25729
||yp|| = 619.042
||yphi|| = 0.190803
||BtYp|| = 4.02236
||ru|| = 4.02288
||yu|| = 169.823
||GtYphi|| = 1.64788
||KtYu|| = 13.4292
||rj|| = 14.2683
||yj|| = 0.802009
||rphi|| = 0.00149319
||rp|| = 0.100086
||y|| = 641.914
FGMRES iteration : 103 || r || = 0.0329504
||xi|| = 532.721
||eta|| = 0.327558
||yp|| = 586.279
||yphi|| = 0.253282
||BtYp|| = 3.46561
||ru|| = 3.46691
||yu|| = 165.767
||GtYphi|| = 1.79079
||KtYu|| = 14.0394
||rj|| = 14.8039
||yj|| = 0.898886
||rphi|| = 0.00209063
||rp|| = 0.0925443
||y|| = 609.264
FGMRES iteration : 104 || r || = 0.0328705
||xi|| = 560.257
||eta|| = 0.268523
||yp|| = 616.543
||yphi|| = 0.305373
||BtYp|| = 3.9634
||ru|| = 3.96408
||yu|| = 174.08
||GtYphi|| = 1.88492
||KtYu|| = 13.5644
||rj|| = 14.4306
||yj|| = 0.90287
||rphi|| = 0.00234399
||rp|| = 0.104643
||y|| = 640.648
FGMRES iteration : 105 || r || = 0.0328256
||xi|| = 446.566
||eta|| = 0.353816
||yp|| = 491.556
||yphi|| = 0.235198
||BtYp|| = 2.37605
||ru|| = 2.37692
||yu|| = 128.816
||GtYphi|| = 1.76555
||KtYu|| = 12.4262
||rj|| = 13.2214
||yj|| = 0.837362
||rphi|| = 0.00176962
||rp|| = 0.0688936
||y|| = 508.155
FGMRES iteration : 106 || r || = 0.0328085
||xi|| = 515.413
||eta|| = 0.29042
||yp|| = 567.213
||yphi|| = 0.226866
||BtYp|| = 3.76422
||ru|| = 3.76524
||yu|| = 168.227
||GtYphi|| = 1.63372
||KtYu|| = 13.8931
||rj|| = 14.7274
||yj|| = 0.951713
||rphi|| = 0.0018516
||rp|| = 0.0986212
||y|| = 591.635
FGMRES iteration : 107 || r || = 0.0327674
||xi|| = 457.24
||eta|| = 0.332078
||yp|| = 503.252
||yphi|| = 0.137085
||BtYp|| = 2.88949
||ru|| = 2.89045
||yu|| = 141.005
||GtYphi|| = 1.74891
||KtYu|| = 12.5205
||rj|| = 13.2286
||yj|| = 0.828405
||rphi|| = 0.00111974
||rp|| = 0.0847393
||y|| = 522.633
FGMRES iteration : 108 || r || = 0.0327339
||xi|| = 391.5
||eta|| = 0.241596
||yp|| = 430.889
||yphi|| = 0.195299
||BtYp|| = 2.52083
||ru|| = 2.52204
||yu|| = 121.661
||GtYphi|| = 1.72106
||KtYu|| = 12.1683
||rj|| = 12.9719
||yj|| = 0.837183
||rphi|| = 0.00163412
||rp|| = 0.0718793
||y|| = 447.736
FGMRES iteration : 109 || r || = 0.0326874
||xi|| = 493.309
||eta|| = 0.311369
||yp|| = 542.955
||yphi|| = 0.215224
||BtYp|| = 3.08546
||ru|| = 3.08666
||yu|| = 149.63
||GtYphi|| = 1.97148
||KtYu|| = 14.2472
||rj|| = 15.0906
||yj|| = 0.974974
||rphi|| = 0.00186285
||rp|| = 0.0850249
||y|| = 563.196
FGMRES iteration : 110 || r || = 0.0326559
||xi|| = 434.234
||eta|| = 0.289188
||yp|| = 477.968
||yphi|| = 0.303457
||BtYp|| = 2.87267
||ru|| = 2.87377
||yu|| = 139.881
||GtYphi|| = 1.84574
||KtYu|| = 12.3691
||rj|| = 13.1645
||yj|| = 0.883332
||rphi|| = 0.00225866
||rp|| = 0.0805235
||y|| = 498.017
FGMRES iteration : 111 || r || = 0.0326221
||xi|| = 418.019
||eta|| = 0.264091
||yp|| = 460.08
||yphi|| = 0.258276
||BtYp|| = 2.84693
||ru|| = 2.84833
||yu|| = 133.532
||GtYphi|| = 1.79344
||KtYu|| = 12.8129
||rj|| = 13.6394
||yj|| = 0.907596
||rphi|| = 0.00199629
||rp|| = 0.0789112
||y|| = 479.067
FGMRES iteration : 112 || r || = 0.0326141
||xi|| = 429.437
||eta|| = 0.276831
||yp|| = 472.649
||yphi|| = 0.365901
||BtYp|| = 2.821
||ru|| = 2.82236
||yu|| = 132.095
||GtYphi|| = 2.02296
||KtYu|| = 13.0253
||rj|| = 13.8627
||yj|| = 0.844658
||rphi|| = 0.00270216
||rp|| = 0.0765744
||y|| = 490.761
FGMRES iteration : 113 || r || = 0.0326011
||xi|| = 490.666
||eta|| = 0.317907
||yp|| = 540.035
||yphi|| = 0.357706
||BtYp|| = 3.12967
||ru|| = 3.13036
||yu|| = 150.748
||GtYphi|| = 1.90896
||KtYu|| = 13.3518
||rj|| = 14.0978
||yj|| = 0.899204
||rphi|| = 0.00287719
||rp|| = 0.0818137
||y|| = 560.681
FGMRES iteration : 114 || r || = 0.0325269
||xi|| = 443.364
||eta|| = 0.229452
||yp|| = 487.957
||yphi|| = 0.286624
||BtYp|| = 2.81143
||ru|| = 2.81259
||yu|| = 130.075
||GtYphi|| = 1.98549
||KtYu|| = 12.5043
||rj|| = 13.3207
||yj|| = 0.838049
||rphi|| = 0.00241196
||rp|| = 0.072931
||y|| = 504.997
FGMRES iteration : 115 || r || = 0.0322592
||xi|| = 545.565
||eta|| = 0.321714
||yp|| = 600.412
||yphi|| = 0.311766
||BtYp|| = 3.61979
||ru|| = 3.62036
||yu|| = 165.557
||GtYphi|| = 1.82181
||KtYu|| = 15.0944
||rj|| = 15.9253
||yj|| = 0.977032
||rphi|| = 0.0025437
||rp|| = 0.091848
||y|| = 622.82
FGMRES iteration : 116 || r || = 0.0315925
||xi|| = 457.882
||eta|| = 0.312979
||yp|| = 503.984
||yphi|| = 0.279221
||BtYp|| = 2.60744
||ru|| = 2.60819
||yu|| = 124.442
||GtYphi|| = 2.01693
||KtYu|| = 11.6173
||rj|| = 12.4298
||yj|| = 0.767603
||rphi|| = 0.00229069
||rp|| = 0.0653095
||y|| = 519.121
FGMRES iteration : 117 || r || = 0.0305845
||xi|| = 388.955
||eta|| = 0.300322
||yp|| = 428.104
||yphi|| = 0.408902
||BtYp|| = 2.47295
||ru|| = 2.47491
||yu|| = 124.532
||GtYphi|| = 2.02774
||KtYu|| = 13.2211
||rj|| = 14.0586
||yj|| = 0.939383
||rphi|| = 0.00310224
||rp|| = 0.0683077
||y|| = 445.851
FGMRES iteration : 118 || r || = 0.0286996
||xi|| = 538.01
||eta|| = 0.332041
||yp|| = 592.156
||yphi|| = 0.357392
||BtYp|| = 3.37946
||ru|| = 3.38043
||yu|| = 153.996
||GtYphi|| = 1.82245
||KtYu|| = 14.4366
||rj|| = 15.1458
||yj|| = 0.92388
||rphi|| = 0.0025541
||rp|| = 0.0805768
||y|| = 611.854
FGMRES iteration : 119 || r || = 0.0266011
||xi|| = 407.71
||eta|| = 0.25015
||yp|| = 448.739
||yphi|| = 0.346916
||BtYp|| = 2.39342
||ru|| = 2.39445
||yu|| = 114.691
||GtYphi|| = 2.05437
||KtYu|| = 12.0225
||rj|| = 12.8409
||yj|| = 0.789923
||rphi|| = 0.00271004
||rp|| = 0.0623587
||y|| = 463.164
FGMRES iteration : 120 || r || = 0.0244286
||xi|| = 420.901
||eta|| = 0.281693
||yp|| = 463.25
||yphi|| = 0.352889
||BtYp|| = 2.5937
||ru|| = 2.59486
||yu|| = 128.967
||GtYphi|| = 1.93043
||KtYu|| = 13.2694
||rj|| = 14.1248
||yj|| = 0.922261
||rphi|| = 0.00292416
||rp|| = 0.069902
||y|| = 480.868
FGMRES iteration : 121 || r || = 0.0220963
||xi|| = 443.117
||eta|| = 0.379666
||yp|| = 487.746
||yphi|| = 0.299258
||BtYp|| = 2.61008
||ru|| = 2.61118
||yu|| = 145.484
||GtYphi|| = 1.77738
||KtYu|| = 14.3718
||rj|| = 15.0929
||yj|| = 0.970274
||rphi|| = 0.00255111
||rp|| = 0.0743732
||y|| = 508.982
FGMRES iteration : 122 || r || = 0.0209621
||xi|| = 425.802
||eta|| = 0.370053
||yp|| = 468.722
||yphi|| = 0.264202
||BtYp|| = 2.65237
||ru|| = 2.65412
||yu|| = 148.015
||GtYphi|| = 1.77028
||KtYu|| = 13.6563
||rj|| = 14.5103
||yj|| = 0.954077
||rphi|| = 0.00218646
||rp|| = 0.0795184
||y|| = 491.538
FGMRES iteration : 123 || r || = 0.0205383
||xi|| = 436.828
||eta|| = 0.377904
||yp|| = 480.862
||yphi|| = 0.211216
||BtYp|| = 2.49781
||ru|| = 2.49935
||yu|| = 145.447
||GtYphi|| = 1.97233
||KtYu|| = 13.9407
||rj|| = 14.6526
||yj|| = 0.934467
||rphi|| = 0.00178281
||rp|| = 0.0739895
||y|| = 502.378
FGMRES iteration : 124 || r || = 0.0204137
||xi|| = 432.656
||eta|| = 0.298546
||yp|| = 476.214
||yphi|| = 0.489402
||BtYp|| = 2.62497
||ru|| = 2.62558
||yu|| = 134.355
||GtYphi|| = 2.09778
||KtYu|| = 13.3312
||rj|| = 14.1717
||yj|| = 0.918534
||rphi|| = 0.00350861
||rp|| = 0.0737407
||y|| = 494.805
FGMRES iteration : 125 || r || = 0.0203853
||xi|| = 424.78
||eta|| = 0.304803
||yp|| = 467.55
||yphi|| = 0.45933
||BtYp|| = 2.43742
||ru|| = 2.43904
||yu|| = 138.596
||GtYphi|| = 2.25758
||KtYu|| = 13.8688
||rj|| = 14.6893
||yj|| = 0.97125
||rphi|| = 0.0036711
||rp|| = 0.0724955
||y|| = 487.661
FGMRES iteration : 126 || r || = 0.0203853
||xi|| = 477.315
||eta|| = 0.30308
||yp|| = 525.336
||yphi|| = 0.322751
||BtYp|| = 2.63812
||ru|| = 2.63751
||yu|| = 132.151
||GtYphi|| = 2.50759
||KtYu|| = 12.4949
||rj|| = 13.275
||yj|| = 0.83853
||rphi|| = 0.00297772
||rp|| = 0.0673547
||y|| = 541.704
FGMRES iteration : 127 || r || = 0.0203844
||xi|| = 467.188
||eta|| = 0.334257
||yp|| = 514.228
||yphi|| = 0.25403
||BtYp|| = 2.85408
||ru|| = 2.85595
||yu|| = 141.929
||GtYphi|| = 1.60209
||KtYu|| = 14.3081
||rj|| = 15.1651
||yj|| = 0.976085
||rphi|| = 0.0019697
||rp|| = 0.0749864
||y|| = 533.456
FGMRES iteration : 128 || r || = 0.0203789
||xi|| = 507.835
||eta|| = 0.387225
||yp|| = 558.875
||yphi|| = 0.393974
||BtYp|| = 3.13398
||ru|| = 3.13428
||yu|| = 147.972
||GtYphi|| = 2.08296
||KtYu|| = 13.597
||rj|| = 14.2916
||yj|| = 0.880654
||rphi|| = 0.00289979
||rp|| = 0.0783253
||y|| = 578.133
FGMRES iteration : 129 || r || = 0.0203757
||xi|| = 608.742
||eta|| = 0.3944
||yp|| = 669.945
||yphi|| = 0.193701
||BtYp|| = 4.04607
||ru|| = 4.04722
||yu|| = 183.819
||GtYphi|| = 1.77673
||KtYu|| = 14.6346
||rj|| = 15.4088
||yj|| = 0.974687
||rphi|| = 0.00154744
||rp|| = 0.100529
||y|| = 694.706
FGMRES iteration : 130 || r || = 0.0203749
||xi|| = 460.265
||eta|| = 0.418679
||yp|| = 506.633
||yphi|| = 0.142399
||BtYp|| = 2.77022
||ru|| = 2.77154
||yu|| = 142.716
||GtYphi|| = 1.86494
||KtYu|| = 13.6359
||rj|| = 14.4491
||yj|| = 0.897291
||rphi|| = 0.00116521
||rp|| = 0.0766081
||y|| = 526.351
FGMRES iteration : 131 || r || = 0.0203682
||xi|| = 461.181
||eta|| = 0.339918
||yp|| = 507.588
||yphi|| = 0.261297
||BtYp|| = 3.06064
||ru|| = 3.06098
||yu|| = 142.012
||GtYphi|| = 1.74909
||KtYu|| = 13.2348
||rj|| = 13.9962
||yj|| = 0.881037
||rphi|| = 0.00203973
||rp|| = 0.0835269
||y|| = 527.081
FGMRES iteration : 132 || r || = 0.0203367
||xi|| = 424.326
||eta|| = 0.268067
||yp|| = 467.018
||yphi|| = 0.251798
||BtYp|| = 2.87668
||ru|| = 2.87807
||yu|| = 138.981
||GtYphi|| = 2.00688
||KtYu|| = 13.1051
||rj|| = 13.9834
||yj|| = 0.891765
||rphi|| = 0.00209324
||rp|| = 0.0802638
||y|| = 487.26
FGMRES iteration : 133 || r || = 0.0202413
||xi|| = 498.687
||eta|| = 0.314955
||yp|| = 548.826
||yphi|| = 0.346977
||BtYp|| = 3.38375
||ru|| = 3.38542
||yu|| = 150.592
||GtYphi|| = 1.92615
||KtYu|| = 13.6485
||rj|| = 14.4365
||yj|| = 0.875759
||rphi|| = 0.00271803
||rp|| = 0.0873926
||y|| = 569.112
FGMRES iteration : 134 || r || = 0.0201101
||xi|| = 560.82
||eta|| = 0.297132
||yp|| = 617.21
||yphi|| = 0.387057
||BtYp|| = 3.55456
||ru|| = 3.55366
||yu|| = 168.919
||GtYphi|| = 1.99055
||KtYu|| = 13.5691
||rj|| = 14.3298
||yj|| = 0.879221
||rphi|| = 0.00300018
||rp|| = 0.0946655
||y|| = 639.908
FGMRES iteration : 135 || r || = 0.0198714
||xi|| = 630.562
||eta|| = 0.299079
||yp|| = 693.963
||yphi|| = 0.157579
||BtYp|| = 4.00264
||ru|| = 4.00452
||yu|| = 172.034
||GtYphi|| = 1.5371
||KtYu|| = 14.9888
||rj|| = 15.7124
||yj|| = 0.992661
||rphi|| = 0.00123751
||rp|| = 0.0949214
||y|| = 714.97
FGMRES iteration : 136 || r || = 0.0193054
||xi|| = 467.54
||eta|| = 0.354402
||yp|| = 514.611
||yphi|| = 0.163049
||BtYp|| = 3.0348
||ru|| = 3.03577
||yu|| = 142.257
||GtYphi|| = 1.64123
||KtYu|| = 13.0071
||rj|| = 13.7855
||yj|| = 0.862604
||rphi|| = 0.0013727
||rp|| = 0.0775194
||y|| = 533.912
FGMRES iteration : 137 || r || = 0.0181545
||xi|| = 450.022
||eta|| = 0.339095
||yp|| = 495.322
||yphi|| = 0.193938
||BtYp|| = 2.70504
||ru|| = 2.70684
||yu|| = 133.014
||GtYphi|| = 1.67922
||KtYu|| = 12.5052
||rj|| = 13.2489
||yj|| = 0.82979
||rphi|| = 0.00142456
||rp|| = 0.0730322
||y|| = 512.872
FGMRES iteration : 138 || r || = 0.0170656
||xi|| = 516.558
||eta|| = 0.406488
||yp|| = 568.463
||yphi|| = 0.124996
||BtYp|| = 3.41307
||ru|| = 3.41457
||yu|| = 153.557
||GtYphi|| = 1.33233
||KtYu|| = 14.1657
||rj|| = 14.9794
||yj|| = 0.960516
||rphi|| = 0.000976319
||rp|| = 0.0897324
||y|| = 588.839
FGMRES iteration : 139 || r || = 0.0153589
||xi|| = 432.588
||eta|| = 0.272598
||yp|| = 476.094
||yphi|| = 0.170402
||BtYp|| = 2.78364
||ru|| = 2.78427
||yu|| = 125.51
||GtYphi|| = 1.64847
||KtYu|| = 11.5219
||rj|| = 12.2444
||yj|| = 0.756104
||rphi|| = 0.00138572
||rp|| = 0.074423
||y|| = 492.361
FGMRES iteration : 140 || r || = 0.0144529
||xi|| = 537.324
||eta|| = 0.359261
||yp|| = 591.366
||yphi|| = 0.160876
||BtYp|| = 3.77368
||ru|| = 3.77465
||yu|| = 168.861
||GtYphi|| = 1.37446
||KtYu|| = 14.1729
||rj|| = 14.9345
||yj|| = 0.967737
||rphi|| = 0.00113607
||rp|| = 0.0989382
||y|| = 615.003
FGMRES iteration : 141 || r || = 0.0139922
||xi|| = 619.08
||eta|| = 0.426782
||yp|| = 681.208
||yphi|| = 0.266177
||BtYp|| = 4.06084
||ru|| = 4.06179
||yu|| = 178.897
||GtYphi|| = 1.85967
||KtYu|| = 13.3337
||rj|| = 14.0971
||yj|| = 0.867502
||rphi|| = 0.00215228
||rp|| = 0.103532
||y|| = 704.308
FGMRES iteration : 142 || r || = 0.0137104
||xi|| = 513.764
||eta|| = 0.345891
||yp|| = 565.445
||yphi|| = 0.321247
||BtYp|| = 3.47281
||ru|| = 3.47413
||yu|| = 162.419
||GtYphi|| = 1.86244
||KtYu|| = 12.9126
||rj|| = 13.7388
||yj|| = 0.84069
||rphi|| = 0.00249944
||rp|| = 0.0900654
||y|| = 588.31
FGMRES iteration : 143 || r || = 0.0134844
||xi|| = 566.543
||eta|| = 0.336374
||yp|| = 623.519
||yphi|| = 0.517481
||BtYp|| = 3.62999
||ru|| = 3.6305
||yu|| = 175.87
||GtYphi|| = 1.9793
||KtYu|| = 13.4162
||rj|| = 14.1906
||yj|| = 0.879006
||rphi|| = 0.00402994
||rp|| = 0.0923657
||y|| = 647.848
FGMRES iteration : 144 || r || = 0.0133822
||xi|| = 549.347
||eta|| = 0.332677
||yp|| = 604.572
||yphi|| = 0.399049
||BtYp|| = 3.69304
||ru|| = 3.69387
||yu|| = 174.098
||GtYphi|| = 1.9718
||KtYu|| = 13.8024
||rj|| = 14.6139
||yj|| = 0.896925
||rphi|| = 0.00312976
||rp|| = 0.0925683
||y|| = 629.141
FGMRES iteration : 145 || r || = 0.0133346
||xi|| = 490.095
||eta|| = 0.370222
||yp|| = 539.378
||yphi|| = 0.304477
||BtYp|| = 3.27392
||ru|| = 3.27443
||yu|| = 151.952
||GtYphi|| = 2.10702
||KtYu|| = 12.7009
||rj|| = 13.5261
||yj|| = 0.816619
||rphi|| = 0.00230345
||rp|| = 0.0867703
||y|| = 560.373
FGMRES iteration : 146 || r || = 0.0133081
||xi|| = 533.821
||eta|| = 0.385762
||yp|| = 587.532
||yphi|| = 0.310794
||BtYp|| = 3.3522
||ru|| = 3.35282
||yu|| = 159.166
||GtYphi|| = 1.94887
||KtYu|| = 13.8619
||rj|| = 14.6541
||yj|| = 0.919423
||rphi|| = 0.00230956
||rp|| = 0.0854571
||y|| = 608.711
FGMRES iteration : 147 || r || = 0.0133032
||xi|| = 635.667
||eta|| = 0.492978
||yp|| = 699.604
||yphi|| = 0.214348
||BtYp|| = 4.22517
||ru|| = 4.22578
||yu|| = 214.712
||GtYphi|| = 1.71413
||KtYu|| = 15.8566
||rj|| = 16.5789
||yj|| = 1.02518
||rphi|| = 0.00166637
||rp|| = 0.111118
||y|| = 731.811
FGMRES iteration : 148 || r || = 0.0133006
||xi|| = 495.729
||eta|| = 0.331152
||yp|| = 545.602
||yphi|| = 0.205191
||BtYp|| = 2.82062
||ru|| = 2.82194
||yu|| = 135.799
||GtYphi|| = 1.83683
||KtYu|| = 12.4064
||rj|| = 13.0624
||yj|| = 0.833527
||rphi|| = 0.00151711
||rp|| = 0.0780208
||y|| = 562.248
FGMRES iteration : 149 || r || = 0.0132994
||xi|| = 493.357
||eta|| = 0.309308
||yp|| = 542.974
||yphi|| = 0.245714
||BtYp|| = 3.44493
||ru|| = 3.44581
||yu|| = 159.475
||GtYphi|| = 1.58329
||KtYu|| = 14.4151
||rj|| = 15.2729
||yj|| = 0.969557
||rphi|| = 0.00178998
||rp|| = 0.0936046
||y|| = 565.91
FGMRES iteration : 150 || r || = 0.0132941
||xi|| = 619.448
||eta|| = 0.388596
||yp|| = 681.7
||yphi|| = 0.281365
||BtYp|| = 3.63082
||ru|| = 3.63161
||yu|| = 179.648
||GtYphi|| = 2.03703
||KtYu|| = 13.7916
||rj|| = 14.4605
||yj|| = 0.864682
||rphi|| = 0.0020692
||rp|| = 0.0956339
||y|| = 704.975
FGMRES iteration : 151 || r || = 0.0132907
||xi|| = 452.385
||eta|| = 0.293608
||yp|| = 497.928
||yphi|| = 0.368956
||BtYp|| = 2.89705
||ru|| = 2.8979
||yu|| = 139.9
||GtYphi|| = 1.7556
||KtYu|| = 13.8394
||rj|| = 14.6953
||yj|| = 0.982179
||rphi|| = 0.00276621
||rp|| = 0.0807223
||y|| = 517.209
FGMRES iteration : 152 || r || = 0.013287
||xi|| = 474.774
||eta|| = 0.264756
||yp|| = 522.514
||yphi|| = 0.477901
||BtYp|| = 2.93833
||ru|| = 2.93928
||yu|| = 135.067
||GtYphi|| = 1.90548
||KtYu|| = 12.1066
||rj|| = 12.9297
||yj|| = 0.825844
||rphi|| = 0.00364654
||rp|| = 0.0795995
||y|| = 539.689
FGMRES iteration : 153 || r || = 0.0132756
||xi|| = 420.657
||eta|| = 0.349781
||yp|| = 462.969
||yphi|| = 0.34271
||BtYp|| = 2.72913
||ru|| = 2.72907
||yu|| = 133.914
||GtYphi|| = 1.95225
||KtYu|| = 13.3287
||rj|| = 14.1545
||yj|| = 0.879376
||rphi|| = 0.0025655
||rp|| = 0.0760642
||y|| = 481.948
FGMRES iteration : 154 || r || = 0.0132375
||xi|| = 457.056
||eta|| = 0.351128
||yp|| = 503.061
||yphi|| = 0.267524
||BtYp|| = 2.81445
||ru|| = 2.81637
||yu|| = 138.708
||GtYphi|| = 1.61159
||KtYu|| = 13.3653
||rj|| = 14.1507
||yj|| = 0.895599
||rphi|| = 0.00215085
||rp|| = 0.0780002
||y|| = 521.835
FGMRES iteration : 155 || r || = 0.0131468
||xi|| = 503.602
||eta|| = 0.416009
||yp|| = 554.262
||yphi|| = 0.235347
||BtYp|| = 3.25004
||ru|| = 3.25114
||yu|| = 160.503
||GtYphi|| = 1.83437
||KtYu|| = 12.443
||rj|| = 13.1606
||yj|| = 0.787925
||rphi|| = 0.00186829
||rp|| = 0.0886857
||y|| = 577.034
FGMRES iteration : 156 || r || = 0.0130043
||xi|| = 505.206
||eta|| = 0.267675
||yp|| = 556.023
||yphi|| = 0.214459
||BtYp|| = 2.94672
||ru|| = 2.94813
||yu|| = 156.052
||GtYphi|| = 1.55161
||KtYu|| = 14.4085
||rj|| = 15.2592
||yj|| = 0.934443
||rphi|| = 0.00164091
||rp|| = 0.084154
||y|| = 577.507
FGMRES iteration : 157 || r || = 0.0125586
||xi|| = 600.796
||eta|| = 0.295951
||yp|| = 661.181
||yphi|| = 0.294202
||BtYp|| = 4.04781
||ru|| = 4.04766
||yu|| = 175.511
||GtYphi|| = 1.65684
||KtYu|| = 12.9454
||rj|| = 13.6442
||yj|| = 0.838429
||rphi|| = 0.00228852
||rp|| = 0.0999591
||y|| = 684.079
FGMRES iteration : 158 || r || = 0.0118997
||xi|| = 445.12
||eta|| = 0.395084
||yp|| = 489.919
||yphi|| = 0.339071
||BtYp|| = 2.71144
||ru|| = 2.7126
||yu|| = 133.225
||GtYphi|| = 1.95889
||KtYu|| = 12.8546
||rj|| = 13.634
||yj|| = 0.836754
||rphi|| = 0.0027236
||rp|| = 0.0744001
||y|| = 507.711
FGMRES iteration : 159 || r || = 0.0112287
||xi|| = 445.189
||eta|| = 0.320613
||yp|| = 490.01
||yphi|| = 0.224222
||BtYp|| = 2.667
||ru|| = 2.66826
||yu|| = 142.846
||GtYphi|| = 1.54326
||KtYu|| = 13.2989
||rj|| = 14.1148
||yj|| = 0.895148
||rphi|| = 0.00185971
||rp|| = 0.0776101
||y|| = 510.407
FGMRES iteration : 160 || r || = 0.0104044
||xi|| = 392.677
||eta|| = 0.327357
||yp|| = 432.269
||yphi|| = 0.194121
||BtYp|| = 2.26572
||ru|| = 2.26607
||yu|| = 127.32
||GtYphi|| = 1.79976
||KtYu|| = 11.2521
||rj|| = 12.0013
||yj|| = 0.709911
||rphi|| = 0.00136706
||rp|| = 0.0678508
||y|| = 450.63
FGMRES iteration : 161 || r || = 0.0100202
||xi|| = 486.681
||eta|| = 0.320739
||yp|| = 535.623
||yphi|| = 0.2434
||BtYp|| = 3.0067
||ru|| = 3.00803
||yu|| = 151.891
||GtYphi|| = 1.73258
||KtYu|| = 13.894
||rj|| = 14.7525
||yj|| = 0.882827
||rphi|| = 0.00174528
||rp|| = 0.0818736
||y|| = 556.744
FGMRES iteration : 162 || r || = 0.0097289
||xi|| = 431.301
||eta|| = 0.350685
||yp|| = 474.737
||yphi|| = 0.182777
||BtYp|| = 2.49111
||ru|| = 2.49257
||yu|| = 133.738
||GtYphi|| = 1.54314
||KtYu|| = 13.4117
||rj|| = 14.1921
||yj|| = 0.896517
||rphi|| = 0.00131251
||rp|| = 0.0723503
||y|| = 493.216
FGMRES iteration : 163 || r || = 0.00948789
||xi|| = 427.877
||eta|| = 0.305725
||yp|| = 470.956
||yphi|| = 0.252401
||BtYp|| = 2.64094
||ru|| = 2.64222
||yu|| = 124.025
||GtYphi|| = 1.90595
||KtYu|| = 11.6676
||rj|| = 12.443
||yj|| = 0.729235
||rphi|| = 0.00220992
||rp|| = 0.0683616
||y|| = 487.014
FGMRES iteration : 164 || r || = 0.00939382
||xi|| = 411.403
||eta|| = 0.292145
||yp|| = 452.81
||yphi|| = 0.249603
||BtYp|| = 2.35953
||ru|| = 2.36055
||yu|| = 118.633
||GtYphi|| = 1.82888
||KtYu|| = 13.1235
||rj|| = 13.9876
||yj|| = 0.816324
||rphi|| = 0.00195287
||rp|| = 0.0652512
||y|| = 468.093
FGMRES iteration : 165 || r || = 0.0093482
||xi|| = 475.741
||eta|| = 0.405213
||yp|| = 523.648
||yphi|| = 0.255348
||BtYp|| = 3.00384
||ru|| = 3.00491
||yu|| = 156.161
||GtYphi|| = 1.62806
||KtYu|| = 15.0936
||rj|| = 15.8933
||yj|| = 0.971193
||rphi|| = 0.00196672
||rp|| = 0.0838746
||y|| = 546.438
FGMRES iteration : 166 || r || = 0.00932161
||xi|| = 545.568
||eta|| = 0.315483
||yp|| = 600.538
||yphi|| = 0.338564
||BtYp|| = 3.0767
||ru|| = 3.07757
||yu|| = 163.347
||GtYphi|| = 1.9048
||KtYu|| = 12.6229
||rj|| = 13.4094
||yj|| = 0.773474
||rphi|| = 0.00238357
||rp|| = 0.0819619
||y|| = 622.358
FGMRES iteration : 167 || r || = 0.0093084
||xi|| = 438.318
||eta|| = 0.309531
||yp|| = 482.398
||yphi|| = 0.318135
||BtYp|| = 2.73813
||ru|| = 2.74001
||yu|| = 138.15
||GtYphi|| = 1.95562
||KtYu|| = 13.7918
||rj|| = 14.6501
||yj|| = 0.878885
||rphi|| = 0.00229153
||rp|| = 0.0751085
||y|| = 501.791
FGMRES iteration : 168 || r || = 0.00930152
||xi|| = 452.089
||eta|| = 0.296839
||yp|| = 497.613
||yphi|| = 0.239709
||BtYp|| = 2.76623
||ru|| = 2.7664
||yu|| = 138.541
||GtYphi|| = 1.86849
||KtYu|| = 13.0018
||rj|| = 13.7628
||yj|| = 0.832635
||rphi|| = 0.00197593
||rp|| = 0.0753467
||y|| = 516.539
FGMRES iteration : 169 || r || = 0.00929858
||xi|| = 633.909
||eta|| = 0.335723
||yp|| = 697.675
||yphi|| = 0.226436
||BtYp|| = 4.29386
||ru|| = 4.29498
||yu|| = 212.033
||GtYphi|| = 1.85295
||KtYu|| = 16.126
||rj|| = 16.8588
||yj|| = 0.946897
||rphi|| = 0.00164469
||rp|| = 0.113208
||y|| = 729.184
FGMRES iteration : 170 || r || = 0.00929626
||xi|| = 473.515
||eta|| = 0.278661
||yp|| = 521.125
||yphi|| = 0.194747
||BtYp|| = 3.19051
||ru|| = 3.1914
||yu|| = 142.281
||GtYphi|| = 1.83141
||KtYu|| = 13.3218
||rj|| = 14.1678
||yj|| = 0.869428
||rphi|| = 0.00173008
||rp|| = 0.0833797
||y|| = 540.2
FGMRES iteration : 171 || r || = 0.00929536
||xi|| = 460.205
||eta|| = 0.289381
||yp|| = 506.499
||yphi|| = 0.224169
||BtYp|| = 2.92656
||ru|| = 2.92767
||yu|| = 140.353
||GtYphi|| = 1.96787
||KtYu|| = 13.1974
||rj|| = 14.0179
||yj|| = 0.804742
||rphi|| = 0.00173358
||rp|| = 0.0777543
||y|| = 525.586
FGMRES iteration : 172 || r || = 0.00929357
||xi|| = 580.004
||eta|| = 0.306669
||yp|| = 638.288
||yphi|| = 0.276069
||BtYp|| = 3.82391
||ru|| = 3.82335
||yu|| = 173.37
||GtYphi|| = 2.05503
||KtYu|| = 14.1762
||rj|| = 14.9925
||yj|| = 0.827158
||rphi|| = 0.00186574
||rp|| = 0.0955633
||y|| = 661.414
FGMRES iteration : 173 || r || = 0.00928738
||xi|| = 569.324
||eta|| = 0.373191
||yp|| = 626.588
||yphi|| = 0.202098
||BtYp|| = 3.62782
||ru|| = 3.62768
||yu|| = 164.233
||GtYphi|| = 1.75874
||KtYu|| = 13.9265
||rj|| = 14.735
||yj|| = 0.910697
||rphi|| = 0.0015816
||rp|| = 0.0920355
||y|| = 647.754
FGMRES iteration : 174 || r || = 0.00927642
||xi|| = 500.054
||eta|| = 0.344391
||yp|| = 550.355
||yphi|| = 0.326194
||BtYp|| = 3.23659
||ru|| = 3.23778
||yu|| = 152.6
||GtYphi|| = 2.02893
||KtYu|| = 13.9805
||rj|| = 14.7551
||yj|| = 0.897363
||rphi|| = 0.00234535
||rp|| = 0.0867365
||y|| = 571.12
FGMRES iteration : 175 || r || = 0.00923841
||xi|| = 552.753
||eta|| = 0.361127
||yp|| = 608.37
||yphi|| = 0.188411
||BtYp|| = 3.50327
||ru|| = 3.50402
||yu|| = 163.793
||GtYphi|| = 1.86126
||KtYu|| = 13.1487
||rj|| = 13.8967
||yj|| = 0.787835
||rphi|| = 0.00166149
||rp|| = 0.092114
||y|| = 630.034
FGMRES iteration : 176 || r || = 0.00917627
||xi|| = 600.234
||eta|| = 0.325858
||yp|| = 660.506
||yphi|| = 0.152361
||BtYp|| = 4.47295
||ru|| = 4.47355
||yu|| = 192.522
||GtYphi|| = 1.59294
||KtYu|| = 14.7875
||rj|| = 15.5501
||yj|| = 0.965783
||rphi|| = 0.00120589
||rp|| = 0.11535
||y|| = 687.992
FGMRES iteration : 177 || r || = 0.00905501
||xi|| = 653.435
||eta|| = 0.340413
||yp|| = 719.109
||yphi|| = 0.261682
||BtYp|| = 4.54071
||ru|| = 4.54111
||yu|| = 199.462
||GtYphi|| = 1.94024
||KtYu|| = 13.7119
||rj|| = 14.5269
||yj|| = 0.836581
||rphi|| = 0.00211787
||rp|| = 0.114164
||y|| = 746.26
FGMRES iteration : 178 || r || = 0.00878241
||xi|| = 523.235
||eta|| = 0.341515
||yp|| = 575.81
||yphi|| = 0.200755
||BtYp|| = 3.80424
||ru|| = 3.80528
||yu|| = 164.444
||GtYphi|| = 1.68684
||KtYu|| = 12.5544
||rj|| = 13.3107
||yj|| = 0.7835
||rphi|| = 0.00165474
||rp|| = 0.0976754
||y|| = 598.832
FGMRES iteration : 179 || r || = 0.00850172
||xi|| = 602.47
||eta|| = 0.337793
||yp|| = 663.079
||yphi|| = 0.245043
||BtYp|| = 4.17736
||ru|| = 4.17698
||yu|| = 188.848
||GtYphi|| = 1.59979
||KtYu|| = 14.6504
||rj|| = 15.3921
||yj|| = 0.945338
||rphi|| = 0.00197007
||rp|| = 0.104241
||y|| = 689.448
FGMRES iteration : 180 || r || = 0.00821635
||xi|| = 636.315
||eta|| = 0.344594
||yp|| = 700.301
||yphi|| = 0.207063
||BtYp|| = 4.19634
||ru|| = 4.19753
||yu|| = 194.791
||GtYphi|| = 1.96322
||KtYu|| = 14.607
||rj|| = 15.3088
||yj|| = 0.885872
||rphi|| = 0.00170541
||rp|| = 0.103794
||y|| = 726.888
FGMRES iteration : 181 || r || = 0.0080029
||xi|| = 427.853
||eta|| = 0.416909
||yp|| = 470.932
||yphi|| = 0.237921
||BtYp|| = 2.67503
||ru|| = 2.67609
||yu|| = 132.683
||GtYphi|| = 1.76854
||KtYu|| = 13.3428
||rj|| = 14.1624
||yj|| = 0.85472
||rphi|| = 0.00197817
||rp|| = 0.0713275
||y|| = 489.267
FGMRES iteration : 182 || r || = 0.00784069
||xi|| = 463.683
||eta|| = 0.31451
||yp|| = 510.351
||yphi|| = 0.322619
||BtYp|| = 3.02161
||ru|| = 3.02209
||yu|| = 137.992
||GtYphi|| = 2.05947
||KtYu|| = 12.6165
||rj|| = 13.4623
||yj|| = 0.790713
||rphi|| = 0.00269028
||rp|| = 0.0757087
||y|| = 528.678
FGMRES iteration : 183 || r || = 0.00774849
||xi|| = 585.154
||eta|| = 0.291742
||yp|| = 643.978
||yphi|| = 0.210855
||BtYp|| = 3.90836
||ru|| = 3.90946
||yu|| = 182.793
||GtYphi|| = 1.8196
||KtYu|| = 13.5286
||rj|| = 14.2671
||yj|| = 0.797173
||rphi|| = 0.00172993
||rp|| = 0.0975126
||y|| = 669.419
FGMRES iteration : 184 || r || = 0.00771216
||xi|| = 475.196
||eta|| = 0.334293
||yp|| = 523.003
||yphi|| = 0.209194
||BtYp|| = 2.79675
||ru|| = 2.79801
||yu|| = 140.975
||GtYphi|| = 1.52002
||KtYu|| = 14.5455
||rj|| = 15.3659
||yj|| = 0.963059
||rphi|| = 0.00158671
||rp|| = 0.0747249
||y|| = 541.671
FGMRES iteration : 185 || r || = 0.00768804
||xi|| = 428.862
||eta|| = 0.356931
||yp|| = 472.053
||yphi|| = 0.176676
||BtYp|| = 2.55529
||ru|| = 2.55647
||yu|| = 129.627
||GtYphi|| = 1.84354
||KtYu|| = 12.3215
||rj|| = 13.1057
||yj|| = 0.745749
||rphi|| = 0.00133338
||rp|| = 0.0684616
||y|| = 489.528
FGMRES iteration : 186 || r || = 0.00767902
||xi|| = 492.315
||eta|| = 0.396799
||yp|| = 541.88
||yphi|| = 0.251292
||BtYp|| = 3.04685
||ru|| = 3.04852
||yu|| = 157.557
||GtYphi|| = 2.16202
||KtYu|| = 14.2382
||rj|| = 15.1461
||yj|| = 0.852395
||rphi|| = 0.00216141
||rp|| = 0.0858253
||y|| = 564.322
FGMRES iteration : 187 || r || = 0.00767396
||xi|| = 546.737
||eta|| = 0.332435
||yp|| = 601.766
||yphi|| = 0.253198
||BtYp|| = 3.26309
||ru|| = 3.26359
||yu|| = 167.655
||GtYphi|| = 1.91718
||KtYu|| = 14.4906
||rj|| = 15.2798
||yj|| = 0.905989
||rphi|| = 0.00251742
||rp|| = 0.0860063
||y|| = 624.685
FGMRES iteration : 188 || r || = 0.00767183
||xi|| = 444.08
||eta|| = 0.315698
||yp|| = 488.803
||yphi|| = 0.295881
||BtYp|| = 2.62472
||ru|| = 2.6263
||yu|| = 143.005
||GtYphi|| = 2.34658
||KtYu|| = 12.4728
||rj|| = 13.3005
||yj|| = 0.730724
||rphi|| = 0.00279193
||rp|| = 0.0765474
||y|| = 509.293
FGMRES iteration : 189 || r || = 0.00767152
||xi|| = 436.957
||eta|| = 0.35943
||yp|| = 480.955
||yphi|| = 0.287553
||BtYp|| = 2.50272
||ru|| = 2.50387
||yu|| = 128.374
||GtYphi|| = 2.04075
||KtYu|| = 12.9701
||rj|| = 13.8504
||yj|| = 0.837296
||rphi|| = 0.00261393
||rp|| = 0.0704502
||y|| = 497.793
FGMRES iteration : 190 || r || = 0.00767151
||xi|| = 412.432
||eta|| = 0.373388
||yp|| = 454.039
||yphi|| = 0.204312
||BtYp|| = 2.34316
||ru|| = 2.34377
||yu|| = 132.324
||GtYphi|| = 1.72064
||KtYu|| = 13.7357
||rj|| = 14.4965
||yj|| = 0.885478
||rphi|| = 0.00169562
||rp|| = 0.0692585
||y|| = 472.929
FGMRES iteration : 191 || r || = 0.00767109
||xi|| = 428.578
||eta|| = 0.387348
||yp|| = 471.726
||yphi|| = 0.288599
||BtYp|| = 2.20001
||ru|| = 2.20153
||yu|| = 120.285
||GtYphi|| = 2.02787
||KtYu|| = 13.8406
||rj|| = 14.729
||yj|| = 0.838837
||rphi|| = 0.00250882
||rp|| = 0.0674043
||y|| = 486.82
FGMRES iteration : 192 || r || = 0.0076698
||xi|| = 438.476
||eta|| = 0.343282
||yp|| = 482.664
||yphi|| = 0.203495
||BtYp|| = 2.51335
||ru|| = 2.51512
||yu|| = 138.762
||GtYphi|| = 1.67381
||KtYu|| = 13.6963
||rj|| = 14.4731
||yj|| = 0.903674
||rphi|| = 0.00182855
||rp|| = 0.0766019
||y|| = 502.215
FGMRES iteration : 193 || r || = 0.0076644
||xi|| = 447.331
||eta|| = 0.333572
||yp|| = 492.402
||yphi|| = 0.220275
||BtYp|| = 2.76495
||ru|| = 2.76809
||yu|| = 151.483
||GtYphi|| = 1.71046
||KtYu|| = 14.2973
||rj|| = 15.0181
||yj|| = 0.916945
||rphi|| = 0.00190682
||rp|| = 0.0795299
||y|| = 515.178
FGMRES iteration : 194 || r || = 0.00765051
||xi|| = 434.851
||eta|| = 0.364993
||yp|| = 478.655
||yphi|| = 0.236348
||BtYp|| = 2.08975
||ru|| = 2.09095
||yu|| = 118.316
||GtYphi|| = 1.97563
||KtYu|| = 12.6167
||rj|| = 13.4781
||yj|| = 0.780164
||rphi|| = 0.00194454
||rp|| = 0.0626272
||y|| = 493.062
FGMRES iteration : 195 || r || = 0.00762076
||xi|| = 383.323
||eta|| = 0.275389
||yp|| = 421.939
||yphi|| = 0.220381
||BtYp|| = 2.31026
||ru|| = 2.31189
||yu|| = 124.392
||GtYphi|| = 1.75606
||KtYu|| = 13.3568
||rj|| = 14.1962
||yj|| = 0.883447
||rphi|| = 0.00182323
||rp|| = 0.0692884
||y|| = 439.894
FGMRES iteration : 196 || r || = 0.00755377
||xi|| = 460.135
||eta|| = 0.327986
||yp|| = 506.493
||yphi|| = 0.249742
||BtYp|| = 2.73985
||ru|| = 2.74138
||yu|| = 143.806
||GtYphi|| = 2.02925
||KtYu|| = 13.2377
||rj|| = 14.0557
||yj|| = 0.810585
||rphi|| = 0.00221495
||rp|| = 0.0813863
||y|| = 526.513
FGMRES iteration : 197 || r || = 0.00743946
||xi|| = 477.958
||eta|| = 0.292639
||yp|| = 526.078
||yphi|| = 0.232526
||BtYp|| = 2.79384
||ru|| = 2.7939
||yu|| = 150.411
||GtYphi|| = 1.8924
||KtYu|| = 12.6691
||rj|| = 13.5059
||yj|| = 0.76655
||rphi|| = 0.00198407
||rp|| = 0.0812819
||y|| = 547.158
FGMRES iteration : 198 || r || = 0.00725199
||xi|| = 448.491
||eta|| = 0.324435
||yp|| = 493.645
||yphi|| = 0.166385
||BtYp|| = 2.94757
||ru|| = 2.94871
||yu|| = 154.166
||GtYphi|| = 1.66125
||KtYu|| = 13.4217
||rj|| = 14.2035
||yj|| = 0.867865
||rphi|| = 0.00128641
||rp|| = 0.0894135
||y|| = 517.159
FGMRES iteration : 199 || r || = 0.00699585
||xi|| = 443.094
||eta|| = 0.252511
||yp|| = 487.671
||yphi|| = 0.249039
||BtYp|| = 2.51601
||ru|| = 2.51731
||yu|| = 127.799
||GtYphi|| = 1.62948
||KtYu|| = 12.6962
||rj|| = 13.5481
||yj|| = 0.765036
||rphi|| = 0.00207558
||rp|| = 0.0719438
||y|| = 504.139
FGMRES iteration : 200 || r || = 0.00672251
||xi|| = 439.466
||eta|| = 0.284609
||yp|| = 483.667
||yphi|| = 0.308915
||BtYp|| = 2.60955
||ru|| = 2.61022
||yu|| = 128.669
||GtYphi|| = 1.96745
||KtYu|| = 12.3954
||rj|| = 13.2019
||yj|| = 0.720532
||rphi|| = 0.00293071
||rp|| = 0.0718208
||y|| = 500.49
FGMRES iteration : 201 || r || = 0.00658753
||xi|| = 533.116
||eta|| = 0.307611
||yp|| = 586.755
||yphi|| = 0.242037
||BtYp|| = 3.34411
||ru|| = 3.34543
||yu|| = 162.566
||GtYphi|| = 2.02677
||KtYu|| = 13.7396
||rj|| = 14.5846
||yj|| = 0.849977
||rphi|| = 0.0023993
||rp|| = 0.0935181
||y|| = 608.859
FGMRES iteration : 202 || r || = 0.0065111
||xi|| = 482.916
||eta|| = 0.310689
||yp|| = 531.502
||yphi|| = 0.23313
||BtYp|| = 2.79574
||ru|| = 2.79589
||yu|| = 141.35
||GtYphi|| = 1.92927
||KtYu|| = 12.5681
||rj|| = 13.3892
||yj|| = 0.788333
||rphi|| = 0.00179865
||rp|| = 0.0769876
||y|| = 549.977
FGMRES iteration : 203 || r || = 0.00648171
||xi|| = 488.9
||eta|| = 0.324291
||yp|| = 538.083
||yphi|| = 0.201132
||BtYp|| = 2.83332
||ru|| = 2.83493
||yu|| = 145.788
||GtYphi|| = 1.87501
||KtYu|| = 13.6071
||rj|| = 14.4428
||yj|| = 0.815615
||rphi|| = 0.00150309
||rp|| = 0.0778803
||y|| = 557.484
FGMRES iteration : 204 || r || = 0.00646173
||xi|| = 507.354
||eta|| = 0.301462
||yp|| = 558.387
||yphi|| = 0.199672
||BtYp|| = 2.91331
||ru|| = 2.91565
||yu|| = 145.142
||GtYphi|| = 1.69203
||KtYu|| = 13.9469
||rj|| = 14.7453
||yj|| = 0.875754
||rphi|| = 0.00176942
||rp|| = 0.0805415
||y|| = 576.943
FGMRES iteration : 205 || r || = 0.00645098
||xi|| = 433.15
||eta|| = 0.341529
||yp|| = 476.772
||yphi|| = 0.24329
||BtYp|| = 2.4078
||ru|| = 2.40798
||yu|| = 131.659
||GtYphi|| = 2.00781
||KtYu|| = 12.5764
||rj|| = 13.4499
||yj|| = 0.740545
||rphi|| = 0.00197158
||rp|| = 0.0701166
||y|| = 494.617
FGMRES iteration : 206 || r || = 0.00644635
||xi|| = 478.352
||eta|| = 0.3325
||yp|| = 526.513
||yphi|| = 0.227989
||BtYp|| = 2.80391
||ru|| = 2.80652
||yu|| = 147.82
||GtYphi|| = 1.95898
||KtYu|| = 13.3876
||rj|| = 14.1659
||yj|| = 0.816514
||rphi|| = 0.00197675
||rp|| = 0.0791301
||y|| = 546.87
FGMRES iteration : 207 || r || = 0.00644551
||xi|| = 524.958
||eta|| = 0.268131
||yp|| = 577.753
||yphi|| = 0.279087
||BtYp|| = 3.41175
||ru|| = 3.4114
||yu|| = 164.01
||GtYphi|| = 1.95212
||KtYu|| = 14.5455
||rj|| = 15.4164
||yj|| = 0.919814
||rphi|| = 0.00228492
||rp|| = 0.0903765
||y|| = 600.582
FGMRES iteration : 208 || r || = 0.00644482
||xi|| = 448.161
||eta|| = 0.341594
||yp|| = 493.283
||yphi|| = 0.255942
||BtYp|| = 2.57536
||ru|| = 2.57726
||yu|| = 134.201
||GtYphi|| = 2.17463
||KtYu|| = 13.096
||rj|| = 13.8884
||yj|| = 0.796139
||rphi|| = 0.00216747
||rp|| = 0.071659
||y|| = 511.213
FGMRES iteration : 209 || r || = 0.00644382
||xi|| = 415.346
||eta|| = 0.31203
||yp|| = 457.209
||yphi|| = 0.245441
||BtYp|| = 2.35662
||ru|| = 2.35855
||yu|| = 129.787
||GtYphi|| = 1.96781
||KtYu|| = 13.3566
||rj|| = 14.1495
||yj|| = 0.88019
||rphi|| = 0.001886
||rp|| = 0.0713519
||y|| = 475.274
FGMRES iteration : 210 || r || = 0.00644301
||xi|| = 492.231
||eta|| = 0.341128
||yp|| = 541.777
||yphi|| = 0.225138
||BtYp|| = 3.03601
||ru|| = 3.03687
||yu|| = 159.943
||GtYphi|| = 1.958
||KtYu|| = 14.7053
||rj|| = 15.5873
||yj|| = 0.938993
||rphi|| = 0.0016611
||rp|| = 0.086958
||y|| = 564.894
FGMRES iteration : 211 || r || = 0.0064412
||xi|| = 495.337
||eta|| = 0.406018
||yp|| = 545.188
||yphi|| = 0.186171
||BtYp|| = 2.92466
||ru|| = 2.92631
||yu|| = 156.177
||GtYphi|| = 1.80821
||KtYu|| = 13.2651
||rj|| = 13.969
||yj|| = 0.801323
||rphi|| = 0.00154212
||rp|| = 0.085338
||y|| = 567.117
FGMRES iteration : 212 || r || = 0.00643755
||xi|| = 466.555
||eta|| = 0.39525
||yp|| = 513.541
||yphi|| = 0.222018
||BtYp|| = 2.92837
||ru|| = 2.92947
||yu|| = 151.641
||GtYphi|| = 1.88257
||KtYu|| = 13.8348
||rj|| = 14.6867
||yj|| = 0.858735
||rphi|| = 0.00188382
||rp|| = 0.0878645
||y|| = 535.462
FGMRES iteration : 213 || r || = 0.00642754
||xi|| = 516.289
||eta|| = 0.336766
||yp|| = 568.228
||yphi|| = 0.189066
||BtYp|| = 3.46106
||ru|| = 3.4628
||yu|| = 160.205
||GtYphi|| = 1.92391
||KtYu|| = 13.7493
||rj|| = 14.5957
||yj|| = 0.812778
||rphi|| = 0.00142655
||rp|| = 0.0953753
||y|| = 590.381
FGMRES iteration : 214 || r || = 0.00640179
||xi|| = 489.776
||eta|| = 0.331636
||yp|| = 539.057
||yphi|| = 0.187161
||BtYp|| = 2.78947
||ru|| = 2.79032
||yu|| = 146.911
||GtYphi|| = 1.71864
||KtYu|| = 12.6856
||rj|| = 13.486
||yj|| = 0.765611
||rphi|| = 0.00140744
||rp|| = 0.089678
||y|| = 558.718
FGMRES iteration : 215 || r || = 0.00635591
||xi|| = 469.226
||eta|| = 0.407465
||yp|| = 516.534
||yphi|| = 0.182211
||BtYp|| = 3.08108
||ru|| = 3.08245
||yu|| = 168.24
||GtYphi|| = 1.54928
||KtYu|| = 14.5884
||rj|| = 15.3685
||yj|| = 0.957802
||rphi|| = 0.00157516
||rp|| = 0.100604
||y|| = 543.243
FGMRES iteration : 216 || r || = 0.00626402
||xi|| = 485.456
||eta|| = 0.310152
||yp|| = 534.316
||yphi|| = 0.249127
||BtYp|| = 2.61786
||ru|| = 2.61839
||yu|| = 135.861
||GtYphi|| = 2.07453
||KtYu|| = 12.9363
||rj|| = 13.8007
||yj|| = 0.757731
||rphi|| = 0.00201813
||rp|| = 0.0783968
||y|| = 551.318
FGMRES iteration : 217 || r || = 0.00609496
||xi|| = 465.324
||eta|| = 0.364131
||yp|| = 512.248
||yphi|| = 0.219821
||BtYp|| = 2.42882
||ru|| = 2.42973
||yu|| = 145.732
||GtYphi|| = 1.66136
||KtYu|| = 13.1645
||rj|| = 14.0063
||yj|| = 0.818433
||rphi|| = 0.00192562
||rp|| = 0.0818862
||y|| = 532.575
FGMRES iteration : 218 || r || = 0.00579278
||xi|| = 413.207
||eta|| = 0.32424
||yp|| = 454.856
||yphi|| = 0.234644
||BtYp|| = 2.63987
||ru|| = 2.64192
||yu|| = 147.922
||GtYphi|| = 1.81255
||KtYu|| = 13.1019
||rj|| = 13.9034
||yj|| = 0.813421
||rphi|| = 0.00194559
||rp|| = 0.0855517
||y|| = 478.305
FGMRES iteration : 219 || r || = 0.00544918
||xi|| = 490.696
||eta|| = 0.296637
||yp|| = 540.113
||yphi|| = 0.231274
||BtYp|| = 2.74343
||ru|| = 2.7443
||yu|| = 149.086
||GtYphi|| = 1.76755
||KtYu|| = 13.0456
||rj|| = 13.8187
||yj|| = 0.760796
||rphi|| = 0.00174846
||rp|| = 0.0855301
||y|| = 560.311
FGMRES iteration : 220 || r || = 0.00524298
||xi|| = 425.532
||eta|| = 0.321302
||yp|| = 468.437
||yphi|| = 0.153952
||BtYp|| = 2.6182
||ru|| = 2.61897
||yu|| = 144.42
||GtYphi|| = 1.62591
||KtYu|| = 14.1163
||rj|| = 14.9636
||yj|| = 0.888268
||rphi|| = 0.00122967
||rp|| = 0.0818888
||y|| = 490.195
FGMRES iteration : 221 || r || = 0.00512512
||xi|| = 464.694
||eta|| = 0.451799
||yp|| = 511.45
||yphi|| = 0.304362
||BtYp|| = 2.73874
||ru|| = 2.74057
||yu|| = 151.246
||GtYphi|| = 1.96656
||KtYu|| = 13.317
||rj|| = 14.062
||yj|| = 0.852008
||rphi|| = 0.00264866
||rp|| = 0.0857172
||y|| = 533.345
FGMRES iteration : 222 || r || = 0.00508291
||xi|| = 475.918
||eta|| = 0.353083
||yp|| = 523.817
||yphi|| = 0.244721
||BtYp|| = 3.0118
||ru|| = 3.01179
||yu|| = 159.206
||GtYphi|| = 1.92004
||KtYu|| = 14.4956
||rj|| = 15.3179
||yj|| = 0.855214
||rphi|| = 0.00185648
||rp|| = 0.0872959
||y|| = 547.477
FGMRES iteration : 223 || r || = 0.00506622
||xi|| = 550.154
||eta|| = 0.461042
||yp|| = 605.492
||yphi|| = 0.180378
||BtYp|| = 3.65857
||ru|| = 3.65767
||yu|| = 182.041
||GtYphi|| = 1.70335
||KtYu|| = 15.0228
||rj|| = 15.7409
||yj|| = 0.953586
||rphi|| = 0.00141683
||rp|| = 0.101077
||y|| = 632.266
FGMRES iteration : 224 || r || = 0.00505543
||xi|| = 475.785
||eta|| = 0.442422
||yp|| = 523.716
||yphi|| = 0.178693
||BtYp|| = 3.04302
||ru|| = 3.04313
||yu|| = 150.815
||GtYphi|| = 1.74231
||KtYu|| = 13.9369
||rj|| = 14.7186
||yj|| = 0.823454
||rphi|| = 0.00159062
||rp|| = 0.0840306
||y|| = 545
FGMRES iteration : 225 || r || = 0.00505032
||xi|| = 458.785
||eta|| = 0.361438
||yp|| = 504.96
||yphi|| = 0.278144
||BtYp|| = 2.64073
||ru|| = 2.64431
||yu|| = 135.721
||GtYphi|| = 2.0887
||KtYu|| = 12.9835
||rj|| = 13.7821
||yj|| = 0.756427
||rphi|| = 0.00213388
||rp|| = 0.071685
||y|| = 522.882
FGMRES iteration : 226 || r || = 0.00504666
||xi|| = 454.947
||eta|| = 0.456968
||yp|| = 500.752
||yphi|| = 0.306444
||BtYp|| = 2.85353
||ru|| = 2.85366
||yu|| = 149.179
||GtYphi|| = 1.90032
||KtYu|| = 15.4547
||rj|| = 16.2769
||yj|| = 1.00718
||rphi|| = 0.00243343
||rp|| = 0.0795149
||y|| = 522.501
FGMRES iteration : 227 || r || = 0.00504387
||xi|| = 463.535
||eta|| = 0.430299
||yp|| = 510.266
||yphi|| = 0.187866
||BtYp|| = 2.7015
||ru|| = 2.70315
||yu|| = 137.785
||GtYphi|| = 1.7495
||KtYu|| = 13.3952
||rj|| = 14.162
||yj|| = 0.82767
||rphi|| = 0.00151454
||rp|| = 0.0720593
||y|| = 528.542
FGMRES iteration : 228 || r || = 0.00504262
||xi|| = 451.937
||eta|| = 0.311753
||yp|| = 497.414
||yphi|| = 0.231394
||BtYp|| = 2.82722
||ru|| = 2.82829
||yu|| = 134.643
||GtYphi|| = 1.84
||KtYu|| = 13.5801
||rj|| = 14.393
||yj|| = 0.845561
||rphi|| = 0.00200362
||rp|| = 0.0750701
||y|| = 515.316
FGMRES iteration : 229 || r || = 0.00504082
||xi|| = 455.787
||eta|| = 0.415906
||yp|| = 501.734
||yphi|| = 0.248938
||BtYp|| = 2.77465
||ru|| = 2.77627
||yu|| = 153.505
||GtYphi|| = 2.02491
||KtYu|| = 13.9224
||rj|| = 14.7691
||yj|| = 0.844208
||rphi|| = 0.00245866
||rp|| = 0.0802437
||y|| = 524.691
FGMRES iteration : 230 || r || = 0.00503901
||xi|| = 479.39
||eta|| = 0.457242
||yp|| = 527.712
||yphi|| = 0.205048
||BtYp|| = 2.43924
||ru|| = 2.44027
||yu|| = 137.748
||GtYphi|| = 1.71307
||KtYu|| = 13.2518
||rj|| = 14.0653
||yj|| = 0.819189
||rphi|| = 0.00158797
||rp|| = 0.0728266
||y|| = 545.395
FGMRES iteration : 231 || r || = 0.00503605
||xi|| = 471.389
||eta|| = 0.459717
||yp|| = 518.88
||yphi|| = 0.224909
||BtYp|| = 3.0456
||ru|| = 3.04704
||yu|| = 152.034
||GtYphi|| = 1.80575
||KtYu|| = 14.2123
||rj|| = 14.9164
||yj|| = 0.932713
||rphi|| = 0.00179979
||rp|| = 0.0859916
||y|| = 540.695
FGMRES iteration : 232 || r || = 0.00503159
||xi|| = 603.106
||eta|| = 0.417012
||yp|| = 663.761
||yphi|| = 0.188194
||BtYp|| = 3.49402
||ru|| = 3.49456
||yu|| = 179.324
||GtYphi|| = 1.7019
||KtYu|| = 14.6057
||rj|| = 15.3099
||yj|| = 0.880102
||rphi|| = 0.00152603
||rp|| = 0.0932446
||y|| = 687.559
FGMRES iteration : 233 || r || = 0.00501896
||xi|| = 476.56
||eta|| = 0.389446
||yp|| = 524.499
||yphi|| = 0.217227
||BtYp|| = 3.22654
||ru|| = 3.22732
||yu|| = 155.337
||GtYphi|| = 1.80656
||KtYu|| = 14.1387
||rj|| = 14.9409
||yj|| = 0.893423
||rphi|| = 0.00173838
||rp|| = 0.0901903
||y|| = 547.019
FGMRES iteration : 234 || r || = 0.0049738
||xi|| = 539.955
||eta|| = 0.430406
||yp|| = 594.364
||yphi|| = 0.240828
||BtYp|| = 3.22808
||ru|| = 3.22856
||yu|| = 180.246
||GtYphi|| = 1.84325
||KtYu|| = 14.8779
||rj|| = 15.5964
||yj|| = 0.886632
||rphi|| = 0.00199131
||rp|| = 0.09316
||y|| = 621.094
FGMRES iteration : 235 || r || = 0.00490889
||xi|| = 557.4
||eta|| = 0.450535
||yp|| = 613.546
||yphi|| = 0.244994
||BtYp|| = 3.76194
||ru|| = 3.76185
||yu|| = 190.737
||GtYphi|| = 1.94027
||KtYu|| = 13.9448
||rj|| = 14.7657
||yj|| = 0.841848
||rphi|| = 0.00195674
||rp|| = 0.106583
||y|| = 642.511
FGMRES iteration : 236 || r || = 0.0047485
||xi|| = 442.99
||eta|| = 0.448026
||yp|| = 487.643
||yphi|| = 0.235571
||BtYp|| = 2.83409
||ru|| = 2.83543
||yu|| = 157.053
||GtYphi|| = 1.92567
||KtYu|| = 14.0171
||rj|| = 14.7639
||yj|| = 0.887681
||rphi|| = 0.00210647
||rp|| = 0.0892063
||y|| = 512.31
FGMRES iteration : 237 || r || = 0.00456598
||xi|| = 482.246
||eta|| = 0.298986
||yp|| = 530.833
||yphi|| = 0.247621
||BtYp|| = 2.9815
||ru|| = 2.98321
||yu|| = 157.182
||GtYphi|| = 1.7719
||KtYu|| = 13.7414
||rj|| = 14.5698
||yj|| = 0.865208
||rphi|| = 0.00200414
||rp|| = 0.0895607
||y|| = 553.616
FGMRES iteration : 238 || r || = 0.00429579
||xi|| = 464.424
||eta|| = 0.455774
||yp|| = 511.166
||yphi|| = 0.279813
||BtYp|| = 2.91646
||ru|| = 2.91678
||yu|| = 159.159
||GtYphi|| = 1.83563
||KtYu|| = 13.089
||rj|| = 13.8821
||yj|| = 0.795777
||rphi|| = 0.00215155
||rp|| = 0.0894865
||y|| = 535.372
FGMRES iteration : 239 || r || = 0.00406325
||xi|| = 498.313
||eta|| = 0.347247
||yp|| = 548.454
||yphi|| = 0.158568
||BtYp|| = 3.04583
||ru|| = 3.04631
||yu|| = 154.034
||GtYphi|| = 1.57952
||KtYu|| = 13.9263
||rj|| = 14.6681
||yj|| = 0.863633
||rphi|| = 0.00132833
||rp|| = 0.0831652
||y|| = 569.674
FGMRES iteration : 240 || r || = 0.0039544
||xi|| = 557.643
||eta|| = 0.347392
||yp|| = 613.773
||yphi|| = 0.224434
||BtYp|| = 3.62716
||ru|| = 3.62685
||yu|| = 172.855
||GtYphi|| = 1.94004
||KtYu|| = 13.5672
||rj|| = 14.4244
||yj|| = 0.837623
||rphi|| = 0.00170315
||rp|| = 0.0968762
||y|| = 637.65
FGMRES iteration : 241 || r || = 0.00389517
||xi|| = 442.901
||eta|| = 0.389241
||yp|| = 487.534
||yphi|| = 0.249702
||BtYp|| = 2.60661
||ru|| = 2.60752
||yu|| = 141.752
||GtYphi|| = 2.09669
||KtYu|| = 13.3647
||rj|| = 14.2593
||yj|| = 0.794723
||rphi|| = 0.00200384
||rp|| = 0.0815779
||y|| = 507.724
FGMRES iteration : 242 || r || = 0.00386246
||xi|| = 453.039
||eta|| = 0.491694
||yp|| = 498.664
||yphi|| = 0.212798
||BtYp|| = 2.71435
||ru|| = 2.71523
||yu|| = 152.611
||GtYphi|| = 1.68543
||KtYu|| = 14.0126
||rj|| = 14.7371
||yj|| = 0.894014
||rphi|| = 0.001575
||rp|| = 0.0835829
||y|| = 521.495
FGMRES iteration : 243 || r || = 0.0038384
||xi|| = 471.92
||eta|| = 0.318325
||yp|| = 519.425
||yphi|| = 0.300429
||BtYp|| = 2.72294
||ru|| = 2.7245
||yu|| = 140.849
||GtYphi|| = 1.79609
||KtYu|| = 14.2617
||rj|| = 15.0462
||yj|| = 0.886254
||rphi|| = 0.0024047
||rp|| = 0.0756714
||y|| = 538.184
FGMRES iteration : 244 || r || = 0.00382781
||xi|| = 472.423
||eta|| = 0.317644
||yp|| = 519.997
||yphi|| = 0.244332
||BtYp|| = 2.51577
||ru|| = 2.51622
||yu|| = 135.907
||GtYphi|| = 2.00279
||KtYu|| = 13.1154
||rj|| = 13.9587
||yj|| = 0.809321
||rphi|| = 0.00179813
||rp|| = 0.0686344
||y|| = 537.464
FGMRES iteration : 245 || r || = 0.00382367
||xi|| = 499.036
||eta|| = 0.32702
||yp|| = 549.28
||yphi|| = 0.19313
||BtYp|| = 2.84951
||ru|| = 2.85172
||yu|| = 153.671
||GtYphi|| = 1.70115
||KtYu|| = 14.1709
||rj|| = 14.9414
||yj|| = 0.915417
||rphi|| = 0.00155794
||rp|| = 0.0802504
||y|| = 570.372
FGMRES iteration : 246 || r || = 0.0038218
||xi|| = 548.319
||eta|| = 0.441
||yp|| = 603.487
||yphi|| = 0.252697
||BtYp|| = 3.46015
||ru|| = 3.46015
||yu|| = 188.838
||GtYphi|| = 2.03782
||KtYu|| = 15.0358
||rj|| = 15.7542
||yj|| = 0.899482
||rphi|| = 0.00224279
||rp|| = 0.103572
||y|| = 632.343
FGMRES iteration : 247 || r || = 0.00382038
||xi|| = 500.365
||eta|| = 0.491493
||yp|| = 550.802
||yphi|| = 0.190313
||BtYp|| = 2.78285
||ru|| = 2.7842
||yu|| = 161.496
||GtYphi|| = 1.72799
||KtYu|| = 13.6951
||rj|| = 14.4797
||yj|| = 0.848875
||rphi|| = 0.00152868
||rp|| = 0.0783193
||y|| = 573.99
FGMRES iteration : 248 || r || = 0.00382001
||xi|| = 565.492
||eta|| = 0.388181
||yp|| = 622.333
||yphi|| = 0.321872
||BtYp|| = 3.67112
||ru|| = 3.6695
||yu|| = 184.536
||GtYphi|| = 1.93469
||KtYu|| = 16.0294
||rj|| = 16.8413
||yj|| = 0.989338
||rphi|| = 0.00274396
||rp|| = 0.0985727
||y|| = 649.117
FGMRES iteration : 249 || r || = 0.00381978
||xi|| = 500.71
||eta|| = 0.354125
||yp|| = 551.123
||yphi|| = 0.275876
||BtYp|| = 3.34462
||ru|| = 3.34537
||yu|| = 152.987
||GtYphi|| = 1.87367
||KtYu|| = 12.4731
||rj|| = 13.1311
||yj|| = 0.760946
||rphi|| = 0.00226264
||rp|| = 0.0853007
||y|| = 571.963
FGMRES iteration : 250 || r || = 0.00381915
||xi|| = 507.773
||eta|| = 0.494856
||yp|| = 558.955
||yphi|| = 0.178054
||BtYp|| = 2.83566
||ru|| = 2.83609
||yu|| = 157.578
||GtYphi|| = 1.76423
||KtYu|| = 14.6741
||rj|| = 15.4456
||yj|| = 0.95772
||rphi|| = 0.00148967
||rp|| = 0.0831427
||y|| = 580.743
FGMRES iteration : 251 || r || = 0.00381853
||xi|| = 451.686
||eta|| = 0.414155
||yp|| = 497.206
||yphi|| = 0.217761
||BtYp|| = 2.78459
||ru|| = 2.78688
||yu|| = 162.367
||GtYphi|| = 1.92343
||KtYu|| = 14.8207
||rj|| = 15.5834
||yj|| = 0.935479
||rphi|| = 0.00181522
||rp|| = 0.0829154
||y|| = 523.046
FGMRES iteration : 252 || r || = 0.00381651
||xi|| = 446.224
||eta|| = 0.43695
||yp|| = 491.218
||yphi|| = 0.214548
||BtYp|| = 2.47862
||ru|| = 2.47974
||yu|| = 149.662
||GtYphi|| = 1.99648
||KtYu|| = 13.1931
||rj|| = 13.9334
||yj|| = 0.82579
||rphi|| = 0.00165792
||rp|| = 0.0769175
||y|| = 513.512
FGMRES iteration : 253 || r || = 0.00381271
||xi|| = 426.407
||eta|| = 0.318704
||yp|| = 469.346
||yphi|| = 0.240103
||BtYp|| = 2.59372
||ru|| = 2.59482
||yu|| = 142.783
||GtYphi|| = 1.73617
||KtYu|| = 14.7561
||rj|| = 15.6055
||yj|| = 0.990215
||rphi|| = 0.00212516
||rp|| = 0.0776684
||y|| = 490.585
FGMRES iteration : 254 || r || = 0.00379855
||xi|| = 464.629
||eta|| = 0.649559
||yp|| = 511.472
||yphi|| = 0.268759
||BtYp|| = 2.81031
||ru|| = 2.81067
||yu|| = 179.698
||GtYphi|| = 1.87352
||KtYu|| = 14.0807
||rj|| = 14.6492
||yj|| = 0.899412
||rphi|| = 0.00207155
||rp|| = 0.0954447
||y|| = 542.122
FGMRES iteration : 255 || r || = 0.00378451
||xi|| = 539.927
||eta|| = 0.364703
||yp|| = 594.321
||yphi|| = 0.251563
||BtYp|| = 3.3345
||ru|| = 3.33524
||yu|| = 174.703
||GtYphi|| = 1.82754
||KtYu|| = 15.2007
||rj|| = 16.0215
||yj|| = 0.965369
||rphi|| = 0.00200405
||rp|| = 0.0895571
||y|| = 619.467
FGMRES iteration : 256 || r || = 0.0037543
||xi|| = 543.268
||eta|| = 0.365733
||yp|| = 597.952
||yphi|| = 0.241686
||BtYp|| = 3.29108
||ru|| = 3.29209
||yu|| = 163.629
||GtYphi|| = 1.94385
||KtYu|| = 14.4974
||rj|| = 15.2358
||yj|| = 0.893564
||rphi|| = 0.00217265
||rp|| = 0.0880629
||y|| = 619.937
FGMRES iteration : 257 || r || = 0.00368239
||xi|| = 494.569
||eta|| = 0.460271
||yp|| = 544.428
||yphi|| = 0.222002
||BtYp|| = 2.95459
||ru|| = 2.95542
||yu|| = 167.386
||GtYphi|| = 1.93388
||KtYu|| = 13.9417
||rj|| = 14.7181
||yj|| = 0.889846
||rphi|| = 0.00163987
||rp|| = 0.0925055
||y|| = 569.58
FGMRES iteration : 258 || r || = 0.00355278
||xi|| = 504.671
||eta|| = 0.402132
||yp|| = 555.493
||yphi|| = 0.181583
||BtYp|| = 3.00947
||ru|| = 3.01002
||yu|| = 171.985
||GtYphi|| = 1.506
||KtYu|| = 14.8579
||rj|| = 15.5645
||yj|| = 0.974384
||rphi|| = 0.00145325
||rp|| = 0.0952312
||y|| = 581.508
FGMRES iteration : 259 || r || = 0.0033675
||xi|| = 469.796
||eta|| = 0.346973
||yp|| = 517.115
||yphi|| = 0.211655
||BtYp|| = 2.85258
||ru|| = 2.85357
||yu|| = 145.437
||GtYphi|| = 1.77017
||KtYu|| = 13.52
||rj|| = 14.2551
||yj|| = 0.837278
||rphi|| = 0.00193764
||rp|| = 0.0803568
||y|| = 537.178
FGMRES iteration : 260 || r || = 0.00325297
||xi|| = 507.049
||eta|| = 0.36329
||yp|| = 558.076
||yphi|| = 0.289504
||BtYp|| = 3.10454
||ru|| = 3.10556
||yu|| = 157.389
||GtYphi|| = 1.93134
||KtYu|| = 14.0124
||rj|| = 14.8879
||yj|| = 0.84966
||rphi|| = 0.00232349
||rp|| = 0.0882511
||y|| = 579.846
FGMRES iteration : 261 || r || = 0.00317379
||xi|| = 589.894
||eta|| = 0.375956
||yp|| = 649.285
||yphi|| = 0.16193
||BtYp|| = 3.79381
||ru|| = 3.79342
||yu|| = 201.087
||GtYphi|| = 1.49216
||KtYu|| = 14.8106
||rj|| = 15.5163
||yj|| = 0.974912
||rphi|| = 0.00140464
||rp|| = 0.108684
||y|| = 679.712
FGMRES iteration : 262 || r || = 0.00312531
||xi|| = 608.769
||eta|| = 0.49422
||yp|| = 670.184
||yphi|| = 0.343706
||BtYp|| = 3.59391
||ru|| = 3.59698
||yu|| = 204.657
||GtYphi|| = 2.02502
||KtYu|| = 13.9516
||rj|| = 14.7374
||yj|| = 0.855052
||rphi|| = 0.00274162
||rp|| = 0.0981378
||y|| = 700.737
FGMRES iteration : 263 || r || = 0.00311014
||xi|| = 487.417
||eta|| = 0.309143
||yp|| = 536.501
||yphi|| = 0.164587
||BtYp|| = 2.66784
||ru|| = 2.66828
||yu|| = 144.476
||GtYphi|| = 1.59907
||KtYu|| = 14.039
||rj|| = 14.8088
||yj|| = 0.858605
||rphi|| = 0.00124875
||rp|| = 0.0775755
||y|| = 555.614
FGMRES iteration : 264 || r || = 0.00310354
||xi|| = 461.196
||eta|| = 0.405332
||yp|| = 507.66
||yphi|| = 0.24089
||BtYp|| = 2.56534
||ru|| = 2.56776
||yu|| = 144.93
||GtYphi|| = 1.78049
||KtYu|| = 14.4185
||rj|| = 15.1952
||yj|| = 0.95953
||rphi|| = 0.00186119
||rp|| = 0.0773875
||y|| = 527.943
FGMRES iteration : 265 || r || = 0.00310063
||xi|| = 655.972
||eta|| = 0.415931
||yp|| = 721.906
||yphi|| = 0.444205
||BtYp|| = 4.25967
||ru|| = 4.25966
||yu|| = 216.454
||GtYphi|| = 2.35264
||KtYu|| = 15.5285
||rj|| = 16.3478
||yj|| = 0.939015
||rphi|| = 0.00363976
||rp|| = 0.115301
||y|| = 753.659
FGMRES iteration : 266 || r || = 0.00309944
||xi|| = 456.512
||eta|| = 0.39682
||yp|| = 502.476
||yphi|| = 0.367078
||BtYp|| = 2.52169
||ru|| = 2.52288
||yu|| = 152.009
||GtYphi|| = 2.04539
||KtYu|| = 14.2211
||rj|| = 14.9522
||yj|| = 0.893476
||rphi|| = 0.00269242
||rp|| = 0.0782149
||y|| = 524.967
FGMRES iteration : 267 || r || = 0.00309899
||xi|| = 577.971
||eta|| = 0.35621
||yp|| = 636.118
||yphi|| = 0.306289
||BtYp|| = 3.76834
||ru|| = 3.76914
||yu|| = 181.291
||GtYphi|| = 1.86052
||KtYu|| = 14.6493
||rj|| = 15.4478
||yj|| = 0.954545
||rphi|| = 0.00229329
||rp|| = 0.0982623
||y|| = 661.448
FGMRES iteration : 268 || r || = 0.00309847
||xi|| = 391.497
||eta|| = 0.306658
||yp|| = 430.95
||yphi|| = 0.337212
||BtYp|| = 2.32945
||ru|| = 2.33035
||yu|| = 125.803
||GtYphi|| = 2.29938
||KtYu|| = 12.8933
||rj|| = 13.7878
||yj|| = 0.802534
||rphi|| = 0.00308772
||rp|| = 0.0695222
||y|| = 448.938
FGMRES iteration : 269 || r || = 0.00309792
||xi|| = 550.801
||eta|| = 0.423854
||yp|| = 606.284
||yphi|| = 0.194944
||BtYp|| = 3.31362
||ru|| = 3.31534
||yu|| = 165.947
||GtYphi|| = 1.88722
||KtYu|| = 13.8222
||rj|| = 14.5739
||yj|| = 0.87808
||rphi|| = 0.00166423
||rp|| = 0.0869358
||y|| = 628.585
FGMRES iteration : 270 || r || = 0.00309611
||xi|| = 458.011
||eta|| = 0.46829
||yp|| = 504.098
||yphi|| = 0.28867
||BtYp|| = 2.72125
||ru|| = 2.72277
||yu|| = 161.481
||GtYphi|| = 1.93164
||KtYu|| = 15.8929
||rj|| = 16.712
||yj|| = 1.05891
||rphi|| = 0.00250579
||rp|| = 0.0876811
||y|| = 529.332
FGMRES iteration : 271 || r || = 0.00309304
||xi|| = 435.005
||eta|| = 0.358576
||yp|| = 478.829
||yphi|| = 0.204902
||BtYp|| = 2.36779
||ru|| = 2.3685
||yu|| = 134.809
||GtYphi|| = 1.8676
||KtYu|| = 12.1796
||rj|| = 12.9208
||yj|| = 0.795322
||rphi|| = 0.00171848
||rp|| = 0.0715721
||y|| = 497.445
FGMRES iteration : 272 || r || = 0.00308763
||xi|| = 451.457
||eta|| = 0.486674
||yp|| = 497.006
||yphi|| = 0.173618
||BtYp|| = 2.73423
||ru|| = 2.73578
||yu|| = 157.606
||GtYphi|| = 1.75952
||KtYu|| = 15.6416
||rj|| = 16.3759
||yj|| = 1.02418
||rphi|| = 0.00159801
||rp|| = 0.0827029
||y|| = 521.398
FGMRES iteration : 273 || r || = 0.00307646
||xi|| = 426.604
||eta|| = 0.505711
||yp|| = 469.661
||yphi|| = 0.252073
||BtYp|| = 2.21355
||ru|| = 2.21481
||yu|| = 157.522
||GtYphi|| = 1.83534
||KtYu|| = 14.4077
||rj|| = 15.2293
||yj|| = 0.94436
||rphi|| = 0.00216306
||rp|| = 0.0786986
||y|| = 495.375
FGMRES iteration : 274 || r || = 0.00302688
||xi|| = 462.612
||eta|| = 0.436426
||yp|| = 509.393
||yphi|| = 0.249439
||BtYp|| = 2.63147
||ru|| = 2.635
||yu|| = 171.898
||GtYphi|| = 1.85002
||KtYu|| = 12.8005
||rj|| = 13.5168
||yj|| = 0.797121
||rphi|| = 0.00198961
||rp|| = 0.0830337
||y|| = 537.616
FGMRES iteration : 275 || r || = 0.0029352
||xi|| = 462.186
||eta|| = 0.555092
||yp|| = 508.865
||yphi|| = 0.218584
||BtYp|| = 2.81278
||ru|| = 2.81262
||yu|| = 164.044
||GtYphi|| = 1.67456
||KtYu|| = 13.9606
||rj|| = 14.7203
||yj|| = 0.936663
||rphi|| = 0.00175002
||rp|| = 0.0885801
||y|| = 534.654
FGMRES iteration : 276 || r || = 0.00282504
||xi|| = 448.925
||eta|| = 0.364233
||yp|| = 494.181
||yphi|| = 0.257418
||BtYp|| = 2.52934
||ru|| = 2.53107
||yu|| = 143.519
||GtYphi|| = 1.98071
||KtYu|| = 14.5293
||rj|| = 15.3437
||yj|| = 0.948251
||rphi|| = 0.00240787
||rp|| = 0.0786388
||y|| = 514.6
FGMRES iteration : 277 || r || = 0.00265154
||xi|| = 442.243
||eta|| = 0.437865
||yp|| = 486.854
||yphi|| = 0.230622
||BtYp|| = 2.39475
||ru|| = 2.39673
||yu|| = 141.801
||GtYphi|| = 1.88161
||KtYu|| = 14.1245
||rj|| = 14.8552
||yj|| = 0.904445
||rphi|| = 0.00202672
||rp|| = 0.0734944
||y|| = 507.085
FGMRES iteration : 278 || r || = 0.00248758
||xi|| = 428.647
||eta|| = 0.425355
||yp|| = 471.882
||yphi|| = 0.244797
||BtYp|| = 2.628
||ru|| = 2.62832
||yu|| = 147.468
||GtYphi|| = 1.66374
||KtYu|| = 14.0132
||rj|| = 14.7615
||yj|| = 0.963674
||rphi|| = 0.00186682
||rp|| = 0.0828241
||y|| = 494.389
FGMRES iteration : 279 || r || = 0.00237533
||xi|| = 459.835
||eta|| = 0.631751
||yp|| = 506.442
||yphi|| = 0.205496
||BtYp|| = 2.74586
||ru|| = 2.74557
||yu|| = 184.481
||GtYphi|| = 1.67154
||KtYu|| = 13.2161
||rj|| = 13.9176
||yj|| = 0.860544
||rphi|| = 0.00178058
||rp|| = 0.0903597
||y|| = 538.996
FGMRES iteration : 280 || r || = 0.00232784
||xi|| = 463.888
||eta|| = 0.52924
||yp|| = 510.696
||yphi|| = 0.225451
||BtYp|| = 2.83965
||ru|| = 2.84232
||yu|| = 164.66
||GtYphi|| = 1.73308
||KtYu|| = 13.4966
||rj|| = 14.2535
||yj|| = 0.843583
||rphi|| = 0.00197448
||rp|| = 0.0935548
||y|| = 536.585
FGMRES iteration : 281 || r || = 0.00230528
||xi|| = 464.07
||eta|| = 0.378395
||yp|| = 510.877
||yphi|| = 0.23179
||BtYp|| = 2.90754
||ru|| = 2.90967
||yu|| = 161.467
||GtYphi|| = 1.66685
||KtYu|| = 14.7377
||rj|| = 15.5158
||yj|| = 0.959228
||rphi|| = 0.00195369
||rp|| = 0.0920346
||y|| = 535.787
FGMRES iteration : 282 || r || = 0.00229624
||xi|| = 458.377
||eta|| = 0.455633
||yp|| = 504.571
||yphi|| = 0.291384
||BtYp|| = 2.86744
||ru|| = 2.86818
||yu|| = 159.976
||GtYphi|| = 1.90668
||KtYu|| = 13.8103
||rj|| = 14.4375
||yj|| = 0.866614
||rphi|| = 0.00234673
||rp|| = 0.0914684
||y|| = 529.325
FGMRES iteration : 283 || r || = 0.00229341
||xi|| = 458.703
||eta|| = 0.434899
||yp|| = 504.911
||yphi|| = 0.236961
||BtYp|| = 2.94867
||ru|| = 2.95021
||yu|| = 156.503
||GtYphi|| = 1.90248
||KtYu|| = 14.1998
||rj|| = 15.065
||yj|| = 0.967562
||rphi|| = 0.00180833
||rp|| = 0.0945396
||y|| = 528.611
FGMRES iteration : 284 || r || = 0.00229197
||xi|| = 422.09
||eta|| = 0.415381
||yp|| = 464.661
||yphi|| = 0.256854
||BtYp|| = 2.43795
||ru|| = 2.43906
||yu|| = 144.153
||GtYphi|| = 2.23458
||KtYu|| = 13.351
||rj|| = 14.1714
||yj|| = 0.919992
||rphi|| = 0.00212639
||rp|| = 0.0811023
||y|| = 486.509
FGMRES iteration : 285 || r || = 0.00228981
||xi|| = 529.347
||eta|| = 0.403588
||yp|| = 582.699
||yphi|| = 0.305779
||BtYp|| = 3.32491
||ru|| = 3.32556
||yu|| = 172.117
||GtYphi|| = 2.19664
||KtYu|| = 14.0946
||rj|| = 14.9751
||yj|| = 0.870773
||rphi|| = 0.00206607
||rp|| = 0.0941241
||y|| = 607.588
FGMRES iteration : 286 || r || = 0.00228808
||xi|| = 506.894
||eta|| = 0.467484
||yp|| = 557.94
||yphi|| = 0.233738
||BtYp|| = 3.08833
||ru|| = 3.08916
||yu|| = 161.811
||GtYphi|| = 1.84705
||KtYu|| = 13.9723
||rj|| = 14.7116
||yj|| = 0.939922
||rphi|| = 0.00182016
||rp|| = 0.0904056
||y|| = 580.93
FGMRES iteration : 287 || r || = 0.00228716
||xi|| = 479.85
||eta|| = 0.453175
||yp|| = 528.188
||yphi|| = 0.217128
||BtYp|| = 2.77943
||ru|| = 2.77998
||yu|| = 152.825
||GtYphi|| = 2.03398
||KtYu|| = 13.3155
||rj|| = 14.1117
||yj|| = 0.844743
||rphi|| = 0.00181451
||rp|| = 0.0806761
||y|| = 549.853
FGMRES iteration : 288 || r || = 0.00228631
||xi|| = 642.012
||eta|| = 0.493285
||yp|| = 706.642
||yphi|| = 0.18561
||BtYp|| = 4.0779
||ru|| = 4.07941
||yu|| = 199.517
||GtYphi|| = 1.77004
||KtYu|| = 14.5473
||rj|| = 15.3826
||yj|| = 0.941948
||rphi|| = 0.00158986
||rp|| = 0.108302
||y|| = 734.269
FGMRES iteration : 289 || r || = 0.00228507
||xi|| = 491.636
||eta|| = 0.298355
||yp|| = 541.093
||yphi|| = 0.202556
||BtYp|| = 3.16131
||ru|| = 3.1622
||yu|| = 147.464
||GtYphi|| = 1.9086
||KtYu|| = 13.3326
||rj|| = 14.1269
||yj|| = 0.884391
||rphi|| = 0.00145007
||rp|| = 0.0854677
||y|| = 560.828
FGMRES iteration : 290 || r || = 0.00228009
||xi|| = 545.224
||eta|| = 0.567407
||yp|| = 600.161
||yphi|| = 0.214222
||BtYp|| = 3.23158
||ru|| = 3.23179
||yu|| = 160.931
||GtYphi|| = 1.88997
||KtYu|| = 13.782
||rj|| = 14.5714
||yj|| = 0.881733
||rphi|| = 0.00189583
||rp|| = 0.0868137
||y|| = 621.364
FGMRES iteration : 291 || r || = 0.00227014
||xi|| = 542.16
||eta|| = 0.585353
||yp|| = 596.77
||yphi|| = 0.20904
||BtYp|| = 3.49389
||ru|| = 3.49367
||yu|| = 171.182
||GtYphi|| = 2.06441
||KtYu|| = 13.8764
||rj|| = 14.7061
||yj|| = 0.915555
||rphi|| = 0.0018009
||rp|| = 0.0929475
||y|| = 620.837
FGMRES iteration : 292 || r || = 0.00225369
||xi|| = 530.771
||eta|| = 0.360358
||yp|| = 584.203
||yphi|| = 0.203253
||BtYp|| = 3.3698
||ru|| = 3.37055
||yu|| = 159.001
||GtYphi|| = 1.9684
||KtYu|| = 13.4126
||rj|| = 14.2857
||yj|| = 0.882613
||rphi|| = 0.00175296
||rp|| = 0.088762
||y|| = 605.455
FGMRES iteration : 293 || r || = 0.0022127
||xi|| = 664.387
||eta|| = 0.413327
||yp|| = 731.28
||yphi|| = 0.230337
||BtYp|| = 4.19669
||ru|| = 4.19662
||yu|| = 208.344
||GtYphi|| = 1.99372
||KtYu|| = 14.7979
||rj|| = 15.6632
||yj|| = 0.88484
||rphi|| = 0.00177774
||rp|| = 0.107762
||y|| = 760.38
FGMRES iteration : 294 || r || = 0.00209222
||xi|| = 544.111
||eta|| = 0.376501
||yp|| = 598.865
||yphi|| = 0.169325
||BtYp|| = 3.44279
||ru|| = 3.4441
||yu|| = 168.006
||GtYphi|| = 1.55753
||KtYu|| = 13.2933
||rj|| = 14.0195
||yj|| = 0.895205
||rphi|| = 0.00133578
||rp|| = 0.0898402
||y|| = 621.985
FGMRES iteration : 295 || r || = 0.0019531
FGMRES iteration : 295 || r || = 0.0019531
Relative L2 Norm for current density: 1
Relative L2 Norm for electric potential: 1
Relative L2 Norm for velocity: 1
Relative L2 Norm for pressure: 1
Time step 1, time = 0.05, time elapsed = 249.657
FGMRES iteration : 0 || r || = 21.3672
||xi|| = 0.291993
||eta|| = 0.00027453
||yp|| = 0.321372
||yphi|| = 0.00033282
||BtYp|| = 0.00180506
||ru|| = 1
||yu|| = 15.7891
||GtYphi|| = 0.00165321
||KtYu|| = 3.80394
||rj|| = 3.80411
||yj|| = 0.177248
||rphi|| = 2.75943e-06
||rp|| = 4.6038e-05
||y|| = 15.7934
FGMRES iteration : 1 || r || = 18.3509
||xi|| = 35.9531
||eta|| = 0.545945
||yp|| = 40.1782
||yphi|| = 0.972013
||BtYp|| = 0.0811376
||ru|| = 0.0814304
||yu|| = 9.01023
||GtYphi|| = 3.23875
||KtYu|| = 1.84909
||rj|| = 3.98764
||yj|| = 0.134363
||rphi|| = 0.00624627
||rp|| = 0.00628981
||y|| = 41.1878
FGMRES iteration : 2 || r || = 17.0332
||xi|| = 49.2433
||eta|| = 0.308839
||yp|| = 54.2872
||yphi|| = 0.331959
||BtYp|| = 0.172208
||ru|| = 0.173403
||yu|| = 13.2277
||GtYphi|| = 1.61827
||KtYu|| = 2.87278
||rj|| = 3.54712
||yj|| = 0.19367
||rphi|| = 0.00199456
||rp|| = 0.00711118
||y|| = 55.8768
FGMRES iteration : 3 || r || = 16.5349
||xi|| = 138.477
||eta|| = 0.178424
||yp|| = 152.469
||yphi|| = 0.263916
||BtYp|| = 0.541272
||ru|| = 0.543822
||yu|| = 38.1755
||GtYphi|| = 1.93244
||KtYu|| = 7.80633
||rj|| = 8.55297
||yj|| = 0.533748
||rphi|| = 0.0018858
||rp|| = 0.0174884
||y|| = 157.177
FGMRES iteration : 4 || r || = 16.2674
||xi|| = 185.295
||eta|| = 0.297103
||yp|| = 204.055
||yphi|| = 0.739974
||BtYp|| = 1.13735
||ru|| = 1.13969
||yu|| = 67.4822
||GtYphi|| = 2.50879
||KtYu|| = 11.6665
||rj|| = 12.6556
||yj|| = 0.857513
||rphi|| = 0.00586077
||rp|| = 0.0345601
||y|| = 214.927
FGMRES iteration : 5 || r || = 14.8843
||xi|| = 350.281
||eta|| = 0.308331
||yp|| = 385.525
||yphi|| = 0.484757
||BtYp|| = 2.14554
||ru|| = 2.14654
||yu|| = 110.235
||GtYphi|| = 2.50062
||KtYu|| = 11.5323
||rj|| = 12.4181
||yj|| = 0.785645
||rphi|| = 0.00375041
||rp|| = 0.0572116
||y|| = 400.976
FGMRES iteration : 6 || r || = 13.6551
||xi|| = 426.359
||eta|| = 0.341847
||yp|| = 469.245
||yphi|| = 0.277285
||BtYp|| = 2.99953
||ru|| = 3.00011
||yu|| = 145.651
||GtYphi|| = 1.29737
||KtYu|| = 11.6639
||rj|| = 12.3481
||yj|| = 0.73087
||rphi|| = 0.00239527
||rp|| = 0.0781846
||y|| = 491.331
FGMRES iteration : 7 || r || = 13.1114
||xi|| = 519.786
||eta|| = 0.386543
||yp|| = 572.002
||yphi|| = 0.350532
||BtYp|| = 3.76982
||ru|| = 3.77054
||yu|| = 165.865
||GtYphi|| = 1.76448
||KtYu|| = 11.8901
||rj|| = 12.7398
||yj|| = 0.6799
||rphi|| = 0.00283599
||rp|| = 0.0932264
||y|| = 595.566
FGMRES iteration : 8 || r || = 13.0607
||xi|| = 549.12
||eta|| = 0.39192
||yp|| = 604.292
||yphi|| = 0.312639
||BtYp|| = 3.9738
||ru|| = 3.97423
||yu|| = 181.141
||GtYphi|| = 1.7923
||KtYu|| = 14.7352
||rj|| = 15.6137
||yj|| = 1.01877
||rphi|| = 0.00281869
||rp|| = 0.100956
||y|| = 630.858
FGMRES iteration : 9 || r || = 13.0362
||xi|| = 372.762
||eta|| = 0.262955
||yp|| = 410.25
||yphi|| = 0.695131
||BtYp|| = 2.24898
||ru|| = 2.25017
||yu|| = 108.132
||GtYphi|| = 2.7775
||KtYu|| = 9.87879
||rj|| = 10.8507
||yj|| = 0.678362
||rphi|| = 0.00510115
||rp|| = 0.0590607
||y|| = 424.262
FGMRES iteration : 10 || r || = 12.9853
||xi|| = 319.167
||eta|| = 0.274644
||yp|| = 351.262
||yphi|| = 0.897844
||BtYp|| = 2.3487
||ru|| = 2.34949
||yu|| = 111.087
||GtYphi|| = 2.82402
||KtYu|| = 11.4265
||rj|| = 12.3355
||yj|| = 0.905995
||rphi|| = 0.00683576
||rp|| = 0.0633886
||y|| = 368.411
FGMRES iteration : 11 || r || = 12.9841
||xi|| = 353.972
||eta|| = 0.227835
||yp|| = 389.56
||yphi|| = 0.895512
||BtYp|| = 2.38474
||ru|| = 2.38642
||yu|| = 112.201
||GtYphi|| = 2.64913
||KtYu|| = 12.031
||rj|| = 13.0034
||yj|| = 0.965787
||rphi|| = 0.0071998
||rp|| = 0.0642245
||y|| = 405.398
FGMRES iteration : 12 || r || = 12.8036
||xi|| = 367.104
||eta|| = 0.232026
||yp|| = 404.023
||yphi|| = 0.497843
||BtYp|| = 2.60565
||ru|| = 2.60654
||yu|| = 123.324
||GtYphi|| = 1.95602
||KtYu|| = 11.3499
||rj|| = 12.1501
||yj|| = 0.810706
||rphi|| = 0.00402396
||rp|| = 0.0700695
||y|| = 422.426
FGMRES iteration : 13 || r || = 12.4929
||xi|| = 330.972
||eta|| = 0.280335
||yp|| = 364.245
||yphi|| = 0.764465
||BtYp|| = 2.34662
||ru|| = 2.3479
||yu|| = 113.436
||GtYphi|| = 2.46407
||KtYu|| = 11.9398
||rj|| = 12.9102
||yj|| = 0.893087
||rphi|| = 0.00576052
||rp|| = 0.0666533
||y|| = 381.502
FGMRES iteration : 14 || r || = 12.0674
||xi|| = 480.684
||eta|| = 0.300821
||yp|| = 529.019
||yphi|| = 0.640393
||BtYp|| = 3.45386
||ru|| = 3.45462
||yu|| = 150.891
||GtYphi|| = 2.53544
||KtYu|| = 12.7525
||rj|| = 13.6121
||yj|| = 0.915528
||rphi|| = 0.00440308
||rp|| = 0.0907612
||y|| = 550.119
FGMRES iteration : 15 || r || = 11.8679
||xi|| = 446.691
||eta|| = 0.223492
||yp|| = 491.557
||yphi|| = 0.245902
||BtYp|| = 3.3917
||ru|| = 3.3925
||yu|| = 144.859
||GtYphi|| = 1.8991
||KtYu|| = 12.1389
||rj|| = 13.0367
||yj|| = 0.843894
||rphi|| = 0.00219739
||rp|| = 0.0886255
||y|| = 512.458
FGMRES iteration : 16 || r || = 11.8412
||xi|| = 350.261
||eta|| = 0.246326
||yp|| = 385.479
||yphi|| = 0.223345
||BtYp|| = 2.60622
||ru|| = 2.60746
||yu|| = 121.383
||GtYphi|| = 1.53509
||KtYu|| = 12.4313
||rj|| = 13.3102
||yj|| = 0.960119
||rphi|| = 0.00167371
||rp|| = 0.0740409
||y|| = 404.14
FGMRES iteration : 17 || r || = 11.7515
||xi|| = 428.586
||eta|| = 0.338711
||yp|| = 471.739
||yphi|| = 0.26993
||BtYp|| = 3.10048
||ru|| = 3.1015
||yu|| = 148.475
||GtYphi|| = 1.64084
||KtYu|| = 11.8854
||rj|| = 12.6596
||yj|| = 0.883972
||rphi|| = 0.00190007
||rp|| = 0.0855093
||y|| = 494.554
FGMRES iteration : 18 || r || = 11.7109
||xi|| = 473.251
||eta|| = 0.259027
||yp|| = 520.787
||yphi|| = 0.412509
||BtYp|| = 3.55198
||ru|| = 3.55281
||yu|| = 154.062
||GtYphi|| = 1.68574
||KtYu|| = 11.7073
||rj|| = 12.4566
||yj|| = 0.833951
||rphi|| = 0.00315166
||rp|| = 0.0934246
||y|| = 543.097
FGMRES iteration : 19 || r || = 11.5829
||xi|| = 475.63
||eta|| = 0.243346
||yp|| = 523.45
||yphi|| = 0.696699
||BtYp|| = 3.44777
||ru|| = 3.44887
||yu|| = 155.169
||GtYphi|| = 2.27498
||KtYu|| = 13.2287
||rj|| = 14.1447
||yj|| = 1.02692
||rphi|| = 0.00563424
||rp|| = 0.092024
||y|| = 545.966
FGMRES iteration : 20 || r || = 11.2991
||xi|| = 404.842
||eta|| = 0.28382
||yp|| = 445.586
||yphi|| = 0.432461
||BtYp|| = 2.68847
||ru|| = 2.68974
||yu|| = 127.936
||GtYphi|| = 1.88336
||KtYu|| = 11.7366
||rj|| = 12.4896
||yj|| = 0.819708
||rphi|| = 0.00359763
||rp|| = 0.072544
||y|| = 463.59
FGMRES iteration : 21 || r || = 11.2294
||xi|| = 415.407
||eta|| = 0.279088
||yp|| = 457.145
||yphi|| = 0.478017
||BtYp|| = 3.04785
||ru|| = 3.04847
||yu|| = 141.459
||GtYphi|| = 2.06921
||KtYu|| = 12.8379
||rj|| = 13.8035
||yj|| = 0.907203
||rphi|| = 0.00358367
||rp|| = 0.0820228
||y|| = 478.533
FGMRES iteration : 22 || r || = 11.1487
||xi|| = 419.614
||eta|| = 0.278845
||yp|| = 461.787
||yphi|| = 0.20628
||BtYp|| = 2.94992
||ru|| = 2.95126
||yu|| = 136
||GtYphi|| = 1.64254
||KtYu|| = 12.2302
||rj|| = 13.0899
||yj|| = 0.901443
||rphi|| = 0.00165209
||rp|| = 0.0777976
||y|| = 481.398
FGMRES iteration : 23 || r || = 10.9577
||xi|| = 503.627
||eta|| = 0.297326
||yp|| = 554.217
||yphi|| = 0.340162
||BtYp|| = 3.53414
||ru|| = 3.5345
||yu|| = 152.163
||GtYphi|| = 2.23217
||KtYu|| = 13.3475
||rj|| = 14.3735
||yj|| = 0.857695
||rphi|| = 0.00252694
||rp|| = 0.0884657
||y|| = 574.727
FGMRES iteration : 24 || r || = 10.4152
||xi|| = 446.265
||eta|| = 0.339247
||yp|| = 491.127
||yphi|| = 0.300545
||BtYp|| = 3.16936
||ru|| = 3.17055
||yu|| = 142.285
||GtYphi|| = 2.12501
||KtYu|| = 11.8199
||rj|| = 12.7154
||yj|| = 0.851784
||rphi|| = 0.00237225
||rp|| = 0.0810734
||y|| = 511.323
FGMRES iteration : 25 || r || = 9.44379
||xi|| = 524.739
||eta|| = 0.271012
||yp|| = 577.513
||yphi|| = 0.137858
||BtYp|| = 3.35159
||ru|| = 3.35245
||yu|| = 154.898
||GtYphi|| = 1.3499
||KtYu|| = 13.0359
||rj|| = 13.7746
||yj|| = 0.932112
||rphi|| = 0.00111359
||rp|| = 0.0871283
||y|| = 597.926
FGMRES iteration : 26 || r || = 8.36897
||xi|| = 480.718
||eta|| = 0.247781
||yp|| = 529.033
||yphi|| = 0.19469
||BtYp|| = 3.23949
||ru|| = 3.24025
||yu|| = 145.453
||GtYphi|| = 1.83977
||KtYu|| = 11.8636
||rj|| = 12.7335
||yj|| = 0.822572
||rphi|| = 0.00137643
||rp|| = 0.0847702
||y|| = 548.665
FGMRES iteration : 27 || r || = 7.64159
||xi|| = 427.086
||eta|| = 0.235446
||yp|| = 469.992
||yphi|| = 0.284663
||BtYp|| = 3.12827
||ru|| = 3.12927
||yu|| = 137.296
||GtYphi|| = 1.59093
||KtYu|| = 12.1491
||rj|| = 13.0207
||yj|| = 0.894332
||rphi|| = 0.00237495
||rp|| = 0.081967
||y|| = 489.636
FGMRES iteration : 28 || r || = 6.9381
||xi|| = 451.378
||eta|| = 0.250956
||yp|| = 496.73
||yphi|| = 0.168668
||BtYp|| = 2.92082
||ru|| = 2.9217
||yu|| = 124.553
||GtYphi|| = 1.57677
||KtYu|| = 10.5889
||rj|| = 11.4078
||yj|| = 0.723352
||rphi|| = 0.00124047
||rp|| = 0.0745698
||y|| = 512.108
FGMRES iteration : 29 || r || = 6.59286
||xi|| = 506.156
||eta|| = 0.239689
||yp|| = 556.993
||yphi|| = 0.171342
||BtYp|| = 3.85969
||ru|| = 3.86058
||yu|| = 164.611
||GtYphi|| = 1.76625
||KtYu|| = 12.6307
||rj|| = 13.4257
||yj|| = 0.887336
||rphi|| = 0.00151674
||rp|| = 0.0988892
||y|| = 580.809
FGMRES iteration : 30 || r || = 6.41569
||xi|| = 528.158
||eta|| = 0.342695
||yp|| = 581.231
||yphi|| = 0.205369
||BtYp|| = 3.67026
||ru|| = 3.67129
||yu|| = 162.624
||GtYphi|| = 1.91227
||KtYu|| = 12.8152
||rj|| = 13.6607
||yj|| = 0.923455
||rphi|| = 0.00156647
||rp|| = 0.0964816
||y|| = 603.553
FGMRES iteration : 31 || r || = 6.26463
||xi|| = 415.904
||eta|| = 0.351208
||yp|| = 457.7
||yphi|| = 0.221154
||BtYp|| = 3.11636
||ru|| = 3.11739
||yu|| = 137.725
||GtYphi|| = 1.89822
||KtYu|| = 12.3915
||rj|| = 13.3108
||yj|| = 0.811911
||rphi|| = 0.00162073
||rp|| = 0.0830854
||y|| = 477.973
FGMRES iteration : 32 || r || = 6.14275
||xi|| = 516.408
||eta|| = 0.277489
||yp|| = 568.256
||yphi|| = 0.345584
||BtYp|| = 4.02235
||ru|| = 4.0233
||yu|| = 170.076
||GtYphi|| = 1.65868
||KtYu|| = 12.3088
||rj|| = 13.1498
||yj|| = 0.889033
||rphi|| = 0.00250672
||rp|| = 0.103322
||y|| = 593.162
FGMRES iteration : 33 || r || = 6.02601
||xi|| = 520.417
||eta|| = 0.256405
||yp|| = 572.71
||yphi|| = 0.254936
||BtYp|| = 3.83287
||ru|| = 3.8341
||yu|| = 167.545
||GtYphi|| = 1.85387
||KtYu|| = 13.2934
||rj|| = 14.1228
||yj|| = 0.901375
||rphi|| = 0.00185276
||rp|| = 0.0961963
||y|| = 596.715
FGMRES iteration : 34 || r || = 5.93278
||xi|| = 461.105
||eta|| = 0.278883
||yp|| = 507.428
||yphi|| = 0.228617
||BtYp|| = 3.37247
||ru|| = 3.37304
||yu|| = 146.128
||GtYphi|| = 2.02471
||KtYu|| = 11.5857
||rj|| = 12.4583
||yj|| = 0.770431
||rphi|| = 0.00184276
||rp|| = 0.0851117
||y|| = 528.05
FGMRES iteration : 35 || r || = 5.88951
||xi|| = 524.35
||eta|| = 0.234119
||yp|| = 577.005
||yphi|| = 0.553942
||BtYp|| = 3.92542
||ru|| = 3.92606
||yu|| = 166.457
||GtYphi|| = 2.06764
||KtYu|| = 12.5553
||rj|| = 13.4433
||yj|| = 0.908082
||rphi|| = 0.00429121
||rp|| = 0.0986486
||y|| = 600.536
FGMRES iteration : 36 || r || = 5.87059
||xi|| = 468.332
||eta|| = 0.31023
||yp|| = 515.396
||yphi|| = 0.219496
||BtYp|| = 3.46287
||ru|| = 3.46397
||yu|| = 154.961
||GtYphi|| = 1.68497
||KtYu|| = 12.8959
||rj|| = 13.7746
||yj|| = 0.943922
||rphi|| = 0.00187465
||rp|| = 0.0918726
||y|| = 538.189
FGMRES iteration : 37 || r || = 5.85798
||xi|| = 378.771
||eta|| = 0.360364
||yp|| = 416.807
||yphi|| = 0.590655
||BtYp|| = 2.8375
||ru|| = 2.83828
||yu|| = 123.213
||GtYphi|| = 2.15692
||KtYu|| = 10.4423
||rj|| = 11.2611
||yj|| = 0.771673
||rphi|| = 0.0044184
||rp|| = 0.0733014
||y|| = 434.638
FGMRES iteration : 38 || r || = 5.85783
||xi|| = 478.251
||eta|| = 0.26318
||yp|| = 526.32
||yphi|| = 0.236336
||BtYp|| = 3.42552
||ru|| = 3.42619
||yu|| = 151.113
||GtYphi|| = 1.64179
||KtYu|| = 13.2723
||rj|| = 14.1323
||yj|| = 0.919197
||rphi|| = 0.00200804
||rp|| = 0.088633
||y|| = 547.585
FGMRES iteration : 39 || r || = 5.85746
||xi|| = 480.232
||eta|| = 0.262387
||yp|| = 528.499
||yphi|| = 0.257459
||BtYp|| = 3.10565
||ru|| = 3.10692
||yu|| = 139.222
||GtYphi|| = 1.93719
||KtYu|| = 12.5584
||rj|| = 13.4035
||yj|| = 0.872267
||rphi|| = 0.00248898
||rp|| = 0.0814513
||y|| = 546.53
FGMRES iteration : 40 || r || = 5.85722
||xi|| = 442.518
||eta|| = 0.260037
||yp|| = 486.991
||yphi|| = 0.331503
||BtYp|| = 3.11606
||ru|| = 3.11654
||yu|| = 138.776
||GtYphi|| = 1.94019
||KtYu|| = 11.8825
||rj|| = 12.6642
||yj|| = 0.817384
||rphi|| = 0.00309206
||rp|| = 0.078569
||y|| = 506.38
FGMRES iteration : 41 || r || = 5.84467
||xi|| = 490.804
||eta|| = 0.293583
||yp|| = 540.19
||yphi|| = 0.493467
||BtYp|| = 3.10044
||ru|| = 3.10116
||yu|| = 140.199
||GtYphi|| = 2.29614
||KtYu|| = 12.8336
||rj|| = 13.7598
||yj|| = 0.861793
||rphi|| = 0.00405452
||rp|| = 0.0772233
||y|| = 558.088
FGMRES iteration : 42 || r || = 5.81219
||xi|| = 391.496
||eta|| = 0.280719
||yp|| = 430.869
||yphi|| = 0.483574
||BtYp|| = 2.59967
||ru|| = 2.6013
||yu|| = 123.496
||GtYphi|| = 2.18725
||KtYu|| = 13.2497
||rj|| = 14.1864
||yj|| = 0.974005
||rphi|| = 0.00410284
||rp|| = 0.0701764
||y|| = 448.219
FGMRES iteration : 43 || r || = 5.7067
||xi|| = 312.944
||eta|| = 0.269153
||yp|| = 344.444
||yphi|| = 0.471566
||BtYp|| = 2.06655
||ru|| = 2.06727
||yu|| = 101.569
||GtYphi|| = 2.67825
||KtYu|| = 10.7963
||rj|| = 11.6979
||yj|| = 0.767511
||rphi|| = 0.00438467
||rp|| = 0.0570593
||y|| = 359.108
FGMRES iteration : 44 || r || = 5.63067
||xi|| = 368.245
||eta|| = 0.264523
||yp|| = 405.309
||yphi|| = 0.482548
||BtYp|| = 2.51975
||ru|| = 2.52078
||yu|| = 120.985
||GtYphi|| = 2.43219
||KtYu|| = 11.2345
||rj|| = 12.1153
||yj|| = 0.743696
||rphi|| = 0.00459378
||rp|| = 0.0677749
||y|| = 422.982
FGMRES iteration : 45 || r || = 5.58604
||xi|| = 367.122
||eta|| = 0.248444
||yp|| = 404.07
||yphi|| = 0.30319
||BtYp|| = 2.49201
||ru|| = 2.49352
||yu|| = 125.084
||GtYphi|| = 1.9198
||KtYu|| = 12.934
||rj|| = 13.8097
||yj|| = 0.909235
||rphi|| = 0.0028713
||rp|| = 0.0713666
||y|| = 422.989
FGMRES iteration : 46 || r || = 5.56325
||xi|| = 403.826
||eta|| = 0.268592
||yp|| = 444.479
||yphi|| = 0.149492
||BtYp|| = 2.73452
||ru|| = 2.73503
||yu|| = 131.313
||GtYphi|| = 1.55152
||KtYu|| = 12.4576
||rj|| = 13.2229
||yj|| = 0.823747
||rphi|| = 0.00118037
||rp|| = 0.0748297
||y|| = 463.471
FGMRES iteration : 47 || r || = 5.54154
||xi|| = 371.017
||eta|| = 0.251928
||yp|| = 408.371
||yphi|| = 0.485315
||BtYp|| = 2.25212
||ru|| = 2.25363
||yu|| = 115.392
||GtYphi|| = 2.41512
||KtYu|| = 13.2292
||rj|| = 14.1399
||yj|| = 0.917915
||rphi|| = 0.00396439
||rp|| = 0.0631138
||y|| = 424.362
FGMRES iteration : 48 || r || = 5.42297
||xi|| = 442.388
||eta|| = 0.271871
||yp|| = 486.871
||yphi|| = 0.400377
||BtYp|| = 2.78584
||ru|| = 2.78649
||yu|| = 128.162
||GtYphi|| = 2.23195
||KtYu|| = 12.6798
||rj|| = 13.5111
||yj|| = 0.878373
||rphi|| = 0.00368986
||rp|| = 0.0739975
||y|| = 503.457
FGMRES iteration : 49 || r || = 5.17452
||xi|| = 417.572
||eta|| = 0.281981
||yp|| = 459.577
||yphi|| = 0.584418
||BtYp|| = 2.616
||ru|| = 2.61663
||yu|| = 125.752
||GtYphi|| = 2.60789
||KtYu|| = 11.7219
||rj|| = 12.7368
||yj|| = 0.779737
||rphi|| = 0.00498152
||rp|| = 0.0707898
||y|| = 476.472
FGMRES iteration : 50 || r || = 4.652
||xi|| = 432.692
||eta|| = 0.294382
||yp|| = 476.201
||yphi|| = 0.521305
||BtYp|| = 3.08261
||ru|| = 3.08373
||yu|| = 145.307
||GtYphi|| = 2.36464
||KtYu|| = 13.6755
||rj|| = 14.5758
||yj|| = 0.984798
||rphi|| = 0.00504755
||rp|| = 0.085876
||y|| = 497.879
FGMRES iteration : 51 || r || = 4.1387
||xi|| = 425.59
||eta|| = 0.234028
||yp|| = 468.394
||yphi|| = 0.488552
||BtYp|| = 2.89673
||ru|| = 2.89767
||yu|| = 130.889
||GtYphi|| = 2.46585
||KtYu|| = 11.2171
||rj|| = 12.1353
||yj|| = 0.768901
||rphi|| = 0.0045999
||rp|| = 0.0769875
||y|| = 486.339
FGMRES iteration : 52 || r || = 3.82919
||xi|| = 401.734
||eta|| = 0.300513
||yp|| = 442.165
||yphi|| = 0.406475
||BtYp|| = 2.735
||ru|| = 2.7361
||yu|| = 131.197
||GtYphi|| = 2.04735
||KtYu|| = 12.8018
||rj|| = 13.705
||yj|| = 0.876723
||rphi|| = 0.00335118
||rp|| = 0.0750823
||y|| = 461.22
FGMRES iteration : 53 || r || = 3.47956
||xi|| = 395.642
||eta|| = 0.259304
||yp|| = 435.417
||yphi|| = 0.306755
||BtYp|| = 2.68161
||ru|| = 2.68263
||yu|| = 124.053
||GtYphi|| = 2.06077
||KtYu|| = 12.1734
||rj|| = 13.0364
||yj|| = 0.891673
||rphi|| = 0.00234263
||rp|| = 0.0726413
||y|| = 452.745
FGMRES iteration : 54 || r || = 3.15467
||xi|| = 412.697
||eta|| = 0.240747
||yp|| = 454.211
||yphi|| = 0.355802
||BtYp|| = 2.4729
||ru|| = 2.47422
||yu|| = 118.459
||GtYphi|| = 1.93796
||KtYu|| = 12.4991
||rj|| = 13.4151
||yj|| = 0.834856
||rphi|| = 0.00277652
||rp|| = 0.0646054
||y|| = 469.405
FGMRES iteration : 55 || r || = 2.8752
||xi|| = 383.159
||eta|| = 0.284907
||yp|| = 421.721
||yphi|| = 0.393984
||BtYp|| = 2.38543
||ru|| = 2.38644
||yu|| = 114.514
||GtYphi|| = 1.92059
||KtYu|| = 11.5584
||rj|| = 12.3489
||yj|| = 0.79522
||rphi|| = 0.00373146
||rp|| = 0.062578
||y|| = 436.993
FGMRES iteration : 56 || r || = 2.76266
||xi|| = 406.478
||eta|| = 0.31007
||yp|| = 447.399
||yphi|| = 0.306722
||BtYp|| = 2.65483
||ru|| = 2.65609
||yu|| = 134.119
||GtYphi|| = 1.57368
||KtYu|| = 13.6357
||rj|| = 14.4345
||yj|| = 0.941437
||rphi|| = 0.00273198
||rp|| = 0.0726189
||y|| = 467.07
FGMRES iteration : 57 || r || = 2.73967
||xi|| = 408.51
||eta|| = 0.295737
||yp|| = 449.614
||yphi|| = 0.320345
||BtYp|| = 2.30923
||ru|| = 2.31017
||yu|| = 116.319
||GtYphi|| = 2.06471
||KtYu|| = 12.0089
||rj|| = 12.8238
||yj|| = 0.774506
||rphi|| = 0.0028776
||rp|| = 0.0623577
||y|| = 464.418
FGMRES iteration : 58 || r || = 2.7336
||xi|| = 412.725
||eta|| = 0.254515
||yp|| = 454.262
||yphi|| = 0.391035
||BtYp|| = 2.46448
||ru|| = 2.46562
||yu|| = 122.928
||GtYphi|| = 2.61544
||KtYu|| = 13.1595
||rj|| = 14.0467
||yj|| = 0.954157
||rphi|| = 0.00337355
||rp|| = 0.0657444
||y|| = 470.602
FGMRES iteration : 59 || r || = 2.72409
||xi|| = 392.97
||eta|| = 0.284347
||yp|| = 432.558
||yphi|| = 0.291083
||BtYp|| = 2.3155
||ru|| = 2.31703
||yu|| = 120.818
||GtYphi|| = 2.42418
||KtYu|| = 12.5644
||rj|| = 13.5578
||yj|| = 0.887472
||rphi|| = 0.00269585
||rp|| = 0.0644403
||y|| = 449.115
FGMRES iteration : 60 || r || = 2.67551
||xi|| = 309.361
||eta|| = 0.327362
||yp|| = 340.57
||yphi|| = 0.38466
||BtYp|| = 1.75559
||ru|| = 1.75712
||yu|| = 100.256
||GtYphi|| = 2.2021
||KtYu|| = 11.876
||rj|| = 12.7876
||yj|| = 0.809225
||rphi|| = 0.00317992
||rp|| = 0.0549679
||y|| = 355.021
FGMRES iteration : 61 || r || = 2.6096
||xi|| = 316.663
||eta|| = 0.313283
||yp|| = 348.574
||yphi|| = 0.28954
||BtYp|| = 2.02024
||ru|| = 2.02131
||yu|| = 110.142
||GtYphi|| = 2.07689
||KtYu|| = 11.5408
||rj|| = 12.4186
||yj|| = 0.845339
||rphi|| = 0.00261952
||rp|| = 0.0610737
||y|| = 365.563
FGMRES iteration : 62 || r || = 2.5969
||xi|| = 385.989
||eta|| = 0.30637
||yp|| = 424.871
||yphi|| = 0.16974
||BtYp|| = 2.29255
||ru|| = 2.29395
||yu|| = 132.524
||GtYphi|| = 1.83005
||KtYu|| = 13.4617
||rj|| = 14.374
||yj|| = 0.878199
||rphi|| = 0.00122776
||rp|| = 0.0730399
||y|| = 445.06
FGMRES iteration : 63 || r || = 2.59507
||xi|| = 349.117
||eta|| = 0.330807
||yp|| = 384.329
||yphi|| = 0.297233
||BtYp|| = 2.12774
||ru|| = 2.12842
||yu|| = 122.041
||GtYphi|| = 2.20822
||KtYu|| = 12.0878
||rj|| = 12.8826
||yj|| = 0.774483
||rphi|| = 0.00253834
||rp|| = 0.0658855
||y|| = 403.241
FGMRES iteration : 64 || r || = 2.59506
||xi|| = 445.754
||eta|| = 0.274268
||yp|| = 490.635
||yphi|| = 0.334625
||BtYp|| = 2.74651
||ru|| = 2.74801
||yu|| = 143.401
||GtYphi|| = 2.24118
||KtYu|| = 13.3073
||rj|| = 14.291
||yj|| = 0.932086
||rphi|| = 0.00305458
||rp|| = 0.080653
||y|| = 511.163
FGMRES iteration : 65 || r || = 2.59402
||xi|| = 413.089
||eta|| = 0.272004
||yp|| = 454.71
||yphi|| = 0.291756
||BtYp|| = 2.62347
||ru|| = 2.62437
||yu|| = 138.456
||GtYphi|| = 2.2286
||KtYu|| = 12.5763
||rj|| = 13.4726
||yj|| = 0.83671
||rphi|| = 0.00259449
||rp|| = 0.0756064
||y|| = 475.323
FGMRES iteration : 66 || r || = 2.58174
||xi|| = 428.845
||eta|| = 0.420974
||yp|| = 472.034
||yphi|| = 0.419908
||BtYp|| = 2.88879
||ru|| = 2.88983
||yu|| = 146.142
||GtYphi|| = 2.7997
||KtYu|| = 12.137
||rj|| = 13.1205
||yj|| = 0.807433
||rphi|| = 0.00368047
||rp|| = 0.0810831
||y|| = 494.14
FGMRES iteration : 67 || r || = 2.56428
||xi|| = 509.178
||eta|| = 0.384684
||yp|| = 560.443
||yphi|| = 0.510689
||BtYp|| = 3.60758
||ru|| = 3.60844
||yu|| = 175.493
||GtYphi|| = 2.60225
||KtYu|| = 13.6122
||rj|| = 14.5949
||yj|| = 0.898123
||rphi|| = 0.00415491
||rp|| = 0.0985131
||y|| = 587.278
FGMRES iteration : 68 || r || = 2.5343
||xi|| = 449.155
||eta|| = 0.279701
||yp|| = 494.334
||yphi|| = 0.396993
||BtYp|| = 2.90239
||ru|| = 2.90196
||yu|| = 139.561
||GtYphi|| = 2.38244
||KtYu|| = 11.7778
||rj|| = 12.638
||yj|| = 0.749017
||rphi|| = 0.00300637
||rp|| = 0.0779493
||y|| = 513.657
FGMRES iteration : 69 || r || = 2.49961
||xi|| = 462.43
||eta|| = 0.313458
||yp|| = 508.939
||yphi|| = 0.221311
||BtYp|| = 3.25501
||ru|| = 3.25735
||yu|| = 151.029
||GtYphi|| = 1.8625
||KtYu|| = 12.7763
||rj|| = 13.6328
||yj|| = 0.91703
||rphi|| = 0.00190249
||rp|| = 0.0848036
||y|| = 530.876
FGMRES iteration : 70 || r || = 2.45112
||xi|| = 490.875
||eta|| = 0.416568
||yp|| = 540.209
||yphi|| = 0.734017
||BtYp|| = 3.5168
||ru|| = 3.51623
||yu|| = 160.613
||GtYphi|| = 2.64255
||KtYu|| = 12.3923
||rj|| = 13.3904
||yj|| = 0.802349
||rphi|| = 0.00565067
||rp|| = 0.0918107
||y|| = 563.581
FGMRES iteration : 71 || r || = 2.38187
||xi|| = 539.956
||eta|| = 0.281591
||yp|| = 594.203
||yphi|| = 0.366882
||BtYp|| = 3.9861
||ru|| = 3.98699
||yu|| = 174.02
||GtYphi|| = 1.9213
||KtYu|| = 13.944
||rj|| = 14.833
||yj|| = 0.843588
||rphi|| = 0.00312834
||rp|| = 0.101293
||y|| = 619.161
FGMRES iteration : 72 || r || = 2.29225
||xi|| = 569.508
||eta|| = 0.28313
||yp|| = 626.722
||yphi|| = 0.439367
||BtYp|| = 4.17597
||ru|| = 4.17682
||yu|| = 176.126
||GtYphi|| = 1.97751
||KtYu|| = 12.6235
||rj|| = 13.3739
||yj|| = 0.817179
||rphi|| = 0.0032392
||rp|| = 0.104411
||y|| = 651.001
FGMRES iteration : 73 || r || = 2.17606
||xi|| = 495.396
||eta|| = 0.278676
||yp|| = 545.145
||yphi|| = 0.232083
||BtYp|| = 3.6889
||ru|| = 3.68884
||yu|| = 157.535
||GtYphi|| = 1.64575
||KtYu|| = 12.7848
||rj|| = 13.6822
||yj|| = 0.802646
||rphi|| = 0.00185377
||rp|| = 0.0969396
||y|| = 567.452
FGMRES iteration : 74 || r || = 1.92345
||xi|| = 561.032
||eta|| = 0.333339
||yp|| = 617.388
||yphi|| = 0.229466
||BtYp|| = 4.22862
||ru|| = 4.2306
||yu|| = 184.778
||GtYphi|| = 1.82375
||KtYu|| = 14.1902
||rj|| = 14.9533
||yj|| = 0.860433
||rphi|| = 0.00185342
||rp|| = 0.112746
||y|| = 644.447
FGMRES iteration : 75 || r || = 1.67066
||xi|| = 553.091
||eta|| = 0.276355
||yp|| = 608.623
||yphi|| = 0.158345
||BtYp|| = 4.4169
||ru|| = 4.41694
||yu|| = 183.745
||GtYphi|| = 1.61789
||KtYu|| = 12.9686
||rj|| = 13.8202
||yj|| = 0.832793
||rphi|| = 0.00132773
||rp|| = 0.119434
||y|| = 635.755
FGMRES iteration : 76 || r || = 1.45434
||xi|| = 514.668
||eta|| = 0.303089
||yp|| = 566.396
||yphi|| = 0.303003
||BtYp|| = 3.8916
||ru|| = 3.89237
||yu|| = 168.88
||GtYphi|| = 1.60356
||KtYu|| = 12.6917
||rj|| = 13.5176
||yj|| = 0.811582
||rphi|| = 0.00236348
||rp|| = 0.105822
||y|| = 591.038
FGMRES iteration : 77 || r || = 1.30953
||xi|| = 459.208
||eta|| = 0.229875
||yp|| = 505.356
||yphi|| = 0.168885
||BtYp|| = 3.47544
||ru|| = 3.47693
||yu|| = 149.806
||GtYphi|| = 1.56606
||KtYu|| = 10.763
||rj|| = 11.4049
||yj|| = 0.68199
||rphi|| = 0.00141542
||rp|| = 0.0938147
||y|| = 527.093
FGMRES iteration : 78 || r || = 1.282
||xi|| = 533.149
||eta|| = 0.283671
||yp|| = 586.741
||yphi|| = 0.175657
||BtYp|| = 4.02878
||ru|| = 4.02958
||yu|| = 177.777
||GtYphi|| = 1.61955
||KtYu|| = 14.3834
||rj|| = 15.2756
||yj|| = 1.0245
||rphi|| = 0.00146311
||rp|| = 0.116406
||y|| = 613.083
FGMRES iteration : 79 || r || = 1.2687
||xi|| = 518.267
||eta|| = 0.321827
||yp|| = 570.385
||yphi|| = 0.204942
||BtYp|| = 3.82929
||ru|| = 3.83023
||yu|| = 171.106
||GtYphi|| = 2.0046
||KtYu|| = 13.2024
||rj|| = 13.9702
||yj|| = 0.887447
||rphi|| = 0.00162905
||rp|| = 0.111987
||y|| = 595.498
FGMRES iteration : 80 || r || = 1.25983
||xi|| = 466.34
||eta|| = 0.425975
||yp|| = 513.318
||yphi|| = 0.179293
||BtYp|| = 3.46423
||ru|| = 3.46496
||yu|| = 170.52
||GtYphi|| = 1.85762
||KtYu|| = 13.7991
||rj|| = 14.5101
||yj|| = 0.960906
||rphi|| = 0.00148108
||rp|| = 0.106929
||y|| = 540.9
FGMRES iteration : 81 || r || = 1.24775
||xi|| = 419.291
||eta|| = 0.271336
||yp|| = 461.476
||yphi|| = 0.261839
||BtYp|| = 3.1967
||ru|| = 3.19788
||yu|| = 145.67
||GtYphi|| = 1.71112
||KtYu|| = 12.8516
||rj|| = 13.7459
||yj|| = 0.902962
||rphi|| = 0.00216535
||rp|| = 0.0958196
||y|| = 483.922
FGMRES iteration : 82 || r || = 1.23453
||xi|| = 374.223
||eta|| = 0.302152
||yp|| = 411.868
||yphi|| = 0.34115
||BtYp|| = 2.81068
||ru|| = 2.81121
||yu|| = 126.08
||GtYphi|| = 1.85433
||KtYu|| = 10.8484
||rj|| = 11.5239
||yj|| = 0.712014
||rphi|| = 0.00236926
||rp|| = 0.0835985
||y|| = 430.734
FGMRES iteration : 83 || r || = 1.22974
||xi|| = 499.771
||eta|| = 0.315471
||yp|| = 550.021
||yphi|| = 0.186807
||BtYp|| = 4.02428
||ru|| = 4.02536
||yu|| = 179.518
||GtYphi|| = 1.65388
||KtYu|| = 14.4428
||rj|| = 15.3351
||yj|| = 0.944926
||rphi|| = 0.00134347
||rp|| = 0.1191
||y|| = 578.577
FGMRES iteration : 84 || r || = 1.22605
||xi|| = 431.961
||eta|| = 0.286707
||yp|| = 475.402
||yphi|| = 0.190649
||BtYp|| = 3.03232
||ru|| = 3.03294
||yu|| = 137.244
||GtYphi|| = 1.93987
||KtYu|| = 11.8159
||rj|| = 12.6568
||yj|| = 0.770779
||rphi|| = 0.00154556
||rp|| = 0.0886981
||y|| = 494.817
FGMRES iteration : 85 || r || = 1.22148
||xi|| = 432.123
||eta|| = 0.279545
||yp|| = 475.601
||yphi|| = 0.170931
||BtYp|| = 3.11304
||ru|| = 3.11405
||yu|| = 146.937
||GtYphi|| = 1.73552
||KtYu|| = 12.4821
||rj|| = 13.3263
||yj|| = 0.840839
||rphi|| = 0.0013431
||rp|| = 0.0926507
||y|| = 497.783
FGMRES iteration : 86 || r || = 1.21806
||xi|| = 478.621
||eta|| = 0.29651
||yp|| = 526.749
||yphi|| = 0.197995
||BtYp|| = 3.64261
||ru|| = 3.64376
||yu|| = 164.298
||GtYphi|| = 1.63846
||KtYu|| = 14.5742
||rj|| = 15.3563
||yj|| = 0.990983
||rphi|| = 0.0016066
||rp|| = 0.104791
||y|| = 551.778
FGMRES iteration : 87 || r || = 1.21737
||xi|| = 387.326
||eta|| = 0.264508
||yp|| = 426.292
||yphi|| = 0.266721
||BtYp|| = 2.53615
||ru|| = 2.5372
||yu|| = 115.244
||GtYphi|| = 1.85163
||KtYu|| = 12.0187
||rj|| = 12.8163
||yj|| = 0.767488
||rphi|| = 0.00196996
||rp|| = 0.0694678
||y|| = 441.596
FGMRES iteration : 88 || r || = 1.21736
||xi|| = 464.794
||eta|| = 0.245825
||yp|| = 511.523
||yphi|| = 0.302313
||BtYp|| = 3.31956
||ru|| = 3.32054
||yu|| = 146.994
||GtYphi|| = 1.82583
||KtYu|| = 12.9722
||rj|| = 13.7408
||yj|| = 0.824288
||rphi|| = 0.00228451
||rp|| = 0.0881672
||y|| = 532.226
FGMRES iteration : 89 || r || = 1.21735
||xi|| = 452.735
||eta|| = 0.259198
||yp|| = 498.26
||yphi|| = 0.198289
||BtYp|| = 3.20216
||ru|| = 3.20288
||yu|| = 143.031
||GtYphi|| = 1.83632
||KtYu|| = 12.722
||rj|| = 13.5729
||yj|| = 0.801849
||rphi|| = 0.00165103
||rp|| = 0.0847401
||y|| = 518.383
FGMRES iteration : 90 || r || = 1.21719
||xi|| = 433.382
||eta|| = 0.313228
||yp|| = 476.951
||yphi|| = 0.228599
||BtYp|| = 2.89115
||ru|| = 2.8921
||yu|| = 134.791
||GtYphi|| = 1.83529
||KtYu|| = 12.5683
||rj|| = 13.4186
||yj|| = 0.837884
||rphi|| = 0.00184113
||rp|| = 0.0774179
||y|| = 495.633
FGMRES iteration : 91 || r || = 1.21233
||xi|| = 470.763
||eta|| = 0.276068
||yp|| = 518.072
||yphi|| = 0.168604
||BtYp|| = 3.19994
||ru|| = 3.20066
||yu|| = 145.725
||GtYphi|| = 1.85647
||KtYu|| = 12.3182
||rj|| = 13.0974
||yj|| = 0.806623
||rphi|| = 0.00135429
||rp|| = 0.0838414
||y|| = 538.177
FGMRES iteration : 92 || r || = 1.19617
||xi|| = 477.051
||eta|| = 0.36854
||yp|| = 525.087
||yphi|| = 0.219334
||BtYp|| = 3.11771
||ru|| = 3.11892
||yu|| = 156.781
||GtYphi|| = 1.69023
||KtYu|| = 14.0939
||rj|| = 14.9116
||yj|| = 0.936776
||rphi|| = 0.00176309
||rp|| = 0.0839996
||y|| = 547.994
FGMRES iteration : 93 || r || = 1.16022
||xi|| = 439.605
||eta|| = 0.327436
||yp|| = 483.804
||yphi|| = 0.177792
||BtYp|| = 2.85744
||ru|| = 2.85862
||yu|| = 137.422
||GtYphi|| = 1.68782
||KtYu|| = 12.3495
||rj|| = 13.1307
||yj|| = 0.789724
||rphi|| = 0.00154654
||rp|| = 0.0774014
||y|| = 502.943
FGMRES iteration : 94 || r || = 1.11143
||xi|| = 402.632
||eta|| = 0.34496
||yp|| = 443.161
||yphi|| = 0.372552
||BtYp|| = 2.78131
||ru|| = 2.78204
||yu|| = 146.566
||GtYphi|| = 1.7897
||KtYu|| = 12.8928
||rj|| = 13.7035
||yj|| = 0.832541
||rphi|| = 0.0029746
||rp|| = 0.0818838
||y|| = 466.77
FGMRES iteration : 95 || r || = 1.05237
||xi|| = 428.627
||eta|| = 0.292225
||yp|| = 471.756
||yphi|| = 0.252938
||BtYp|| = 2.77344
||ru|| = 2.77407
||yu|| = 136.668
||GtYphi|| = 1.8317
||KtYu|| = 12.9523
||rj|| = 13.8085
||yj|| = 0.849942
||rphi|| = 0.0019202
||rp|| = 0.0765502
||y|| = 491.154
FGMRES iteration : 96 || r || = 0.956175
||xi|| = 451.449
||eta|| = 0.230246
||yp|| = 496.848
||yphi|| = 0.274254
||BtYp|| = 2.8829
||ru|| = 2.88357
||yu|| = 134.616
||GtYphi|| = 1.96723
||KtYu|| = 11.7973
||rj|| = 12.6667
||yj|| = 0.782763
||rphi|| = 0.00231202
||rp|| = 0.0765055
||y|| = 514.762
FGMRES iteration : 97 || r || = 0.833446
||xi|| = 443.132
||eta|| = 0.250603
||yp|| = 487.681
||yphi|| = 0.414711
||BtYp|| = 3.17166
||ru|| = 3.17293
||yu|| = 145.912
||GtYphi|| = 1.82366
||KtYu|| = 12.8915
||rj|| = 13.7184
||yj|| = 0.857379
||rphi|| = 0.00330677
||rp|| = 0.0853532
||y|| = 509.043
FGMRES iteration : 98 || r || = 0.729659
||xi|| = 456.241
||eta|| = 0.291163
||yp|| = 502.168
||yphi|| = 0.397662
||BtYp|| = 2.8958
||ru|| = 2.89774
||yu|| = 150.793
||GtYphi|| = 1.80412
||KtYu|| = 13.4312
||rj|| = 14.078
||yj|| = 0.852329
||rphi|| = 0.0029585
||rp|| = 0.0817091
||y|| = 524.32
FGMRES iteration : 99 || r || = 0.690192
||xi|| = 424.806
||eta|| = 0.295751
||yp|| = 467.608
||yphi|| = 0.241308
||BtYp|| = 2.58104
||ru|| = 2.58202
||yu|| = 141.208
||GtYphi|| = 1.66401
||KtYu|| = 14.1115
||rj|| = 14.932
||yj|| = 0.951365
||rphi|| = 0.00197404
||rp|| = 0.0772385
||y|| = 488.465
FGMRES iteration : 100 || r || = 0.657364
||xi|| = 406.362
||eta|| = 0.293502
||yp|| = 447.259
||yphi|| = 0.2187
||BtYp|| = 2.66464
||ru|| = 2.66604
||yu|| = 130.142
||GtYphi|| = 1.70594
||KtYu|| = 12.5764
||rj|| = 13.3322
||yj|| = 0.858901
||rphi|| = 0.00177297
||rp|| = 0.0750892
||y|| = 465.81
FGMRES iteration : 101 || r || = 0.643169
||xi|| = 490.205
||eta|| = 0.333864
||yp|| = 539.526
||yphi|| = 0.346308
||BtYp|| = 3.07916
||ru|| = 3.08083
||yu|| = 156.497
||GtYphi|| = 1.97402
||KtYu|| = 14.9388
||rj|| = 15.7045
||yj|| = 0.975798
||rphi|| = 0.00268515
||rp|| = 0.0834679
||y|| = 561.766
FGMRES iteration : 102 || r || = 0.632595
||xi|| = 388.698
||eta|| = 0.228137
||yp|| = 427.803
||yphi|| = 0.244684
||BtYp|| = 2.36272
||ru|| = 2.36434
||yu|| = 116.888
||GtYphi|| = 1.93274
||KtYu|| = 12.5627
||rj|| = 13.4225
||yj|| = 0.840186
||rphi|| = 0.00198163
||rp|| = 0.065915
||y|| = 443.485
FGMRES iteration : 103 || r || = 0.623681
||xi|| = 428.608
||eta|| = 0.291859
||yp|| = 471.732
||yphi|| = 0.151026
||BtYp|| = 2.6177
||ru|| = 2.61869
||yu|| = 127.193
||GtYphi|| = 1.56233
||KtYu|| = 12.6795
||rj|| = 13.4781
||yj|| = 0.825282
||rphi|| = 0.00120205
||rp|| = 0.0732768
||y|| = 488.579
FGMRES iteration : 104 || r || = 0.620295
||xi|| = 372.223
||eta|| = 0.252383
||yp|| = 409.706
||yphi|| = 0.170191
||BtYp|| = 2.29647
||ru|| = 2.29701
||yu|| = 123.912
||GtYphi|| = 1.48454
||KtYu|| = 12.2465
||rj|| = 13.0528
||yj|| = 0.788253
||rphi|| = 0.00133048
||rp|| = 0.0678674
||y|| = 428.035
FGMRES iteration : 105 || r || = 0.619064
||xi|| = 437.468
||eta|| = 0.290071
||yp|| = 481.488
||yphi|| = 0.249307
||BtYp|| = 2.22897
||ru|| = 2.23056
||yu|| = 129.532
||GtYphi|| = 1.87012
||KtYu|| = 12.9124
||rj|| = 13.6941
||yj|| = 0.842954
||rphi|| = 0.00195426
||rp|| = 0.0692011
||y|| = 498.609
FGMRES iteration : 106 || r || = 0.618947
||xi|| = 405.346
||eta|| = 0.260178
||yp|| = 446.156
||yphi|| = 0.315157
||BtYp|| = 2.40743
||ru|| = 2.40872
||yu|| = 130.073
||GtYphi|| = 1.75866
||KtYu|| = 13.3652
||rj|| = 14.2195
||yj|| = 0.907834
||rphi|| = 0.00238426
||rp|| = 0.0722348
||y|| = 464.731
FGMRES iteration : 107 || r || = 0.618946
||xi|| = 378.448
||eta|| = 0.33935
||yp|| = 416.552
||yphi|| = 0.309535
||BtYp|| = 2.1531
||ru|| = 2.1545
||yu|| = 114.305
||GtYphi|| = 2.07991
||KtYu|| = 12.1453
||rj|| = 13.0635
||yj|| = 0.791622
||rphi|| = 0.00257231
||rp|| = 0.0622333
||y|| = 431.952
FGMRES iteration : 108 || r || = 0.618897
||xi|| = 419.634
||eta|| = 0.247731
||yp|| = 461.857
||yphi|| = 0.382854
||BtYp|| = 2.71152
||ru|| = 2.71265
||yu|| = 129.122
||GtYphi|| = 2.08579
||KtYu|| = 12.3425
||rj|| = 13.1744
||yj|| = 0.780175
||rphi|| = 0.00304658
||rp|| = 0.0739959
||y|| = 479.568
FGMRES iteration : 109 || r || = 0.618739
||xi|| = 451.692
||eta|| = 0.311726
||yp|| = 497.154
||yphi|| = 0.19888
||BtYp|| = 2.66807
||ru|| = 2.66918
||yu|| = 139.48
||GtYphi|| = 1.54768
||KtYu|| = 13.1632
||rj|| = 13.985
||yj|| = 0.865305
||rphi|| = 0.00150381
||rp|| = 0.0727639
||y|| = 516.35
FGMRES iteration : 110 || r || = 0.618461
||xi|| = 461.935
||eta|| = 0.295161
||yp|| = 508.472
||yphi|| = 0.164498
||BtYp|| = 2.63605
||ru|| = 2.63814
||yu|| = 139.34
||GtYphi|| = 1.86358
||KtYu|| = 12.648
||rj|| = 13.4149
||yj|| = 0.772904
||rphi|| = 0.00129328
||rp|| = 0.0722032
||y|| = 527.219
FGMRES iteration : 111 || r || = 0.618113
||xi|| = 410.184
||eta|| = 0.269646
||yp|| = 451.476
||yphi|| = 0.241212
||BtYp|| = 2.58371
||ru|| = 2.58467
||yu|| = 134.34
||GtYphi|| = 1.64505
||KtYu|| = 13.4826
||rj|| = 14.2437
||yj|| = 0.906842
||rphi|| = 0.00182428
||rp|| = 0.0740877
||y|| = 471.04
FGMRES iteration : 112 || r || = 0.617725
||xi|| = 404.037
||eta|| = 0.244092
||yp|| = 444.711
||yphi|| = 0.192211
||BtYp|| = 2.30559
||ru|| = 2.3069
||yu|| = 121.315
||GtYphi|| = 1.87934
||KtYu|| = 12.4211
||rj|| = 13.2976
||yj|| = 0.813028
||rphi|| = 0.00162996
||rp|| = 0.0682177
||y|| = 460.962
FGMRES iteration : 113 || r || = 0.617181
||xi|| = 398.881
||eta|| = 0.321796
||yp|| = 439.088
||yphi|| = 0.205905
||BtYp|| = 2.38467
||ru|| = 2.38588
||yu|| = 133.072
||GtYphi|| = 1.88046
||KtYu|| = 13.0681
||rj|| = 13.922
||yj|| = 0.834863
||rphi|| = 0.00167346
||rp|| = 0.0715913
||y|| = 458.811
FGMRES iteration : 114 || r || = 0.614746
||xi|| = 401.6
||eta|| = 0.286838
||yp|| = 442.019
||yphi|| = 0.220629
||BtYp|| = 2.63105
||ru|| = 2.63278
||yu|| = 131.769
||GtYphi|| = 1.71973
||KtYu|| = 12.9582
||rj|| = 13.7597
||yj|| = 0.881973
||rphi|| = 0.00182272
||rp|| = 0.076418
||y|| = 461.242
FGMRES iteration : 115 || r || = 0.606639
||xi|| = 387.766
||eta|| = 0.254773
||yp|| = 426.831
||yphi|| = 0.226332
||BtYp|| = 2.49491
||ru|| = 2.4956
||yu|| = 125.418
||GtYphi|| = 2.03942
||KtYu|| = 12.1616
||rj|| = 13.0151
||yj|| = 0.737803
||rphi|| = 0.00202489
||rp|| = 0.0716526
||y|| = 444.877
FGMRES iteration : 116 || r || = 0.592615
||xi|| = 420.047
||eta|| = 0.331773
||yp|| = 462.289
||yphi|| = 0.166326
||BtYp|| = 2.68337
||ru|| = 2.68434
||yu|| = 133.615
||GtYphi|| = 1.62491
||KtYu|| = 13.013
||rj|| = 13.8553
||yj|| = 0.862591
||rphi|| = 0.00130247
||rp|| = 0.076457
||y|| = 481.212
FGMRES iteration : 117 || r || = 0.568998
||xi|| = 449.783
||eta|| = 0.27623
||yp|| = 495.085
||yphi|| = 0.196115
||BtYp|| = 2.69773
||ru|| = 2.69894
||yu|| = 144.141
||GtYphi|| = 1.76589
||KtYu|| = 13.1941
||rj|| = 14.0313
||yj|| = 0.88764
||rphi|| = 0.00151109
||rp|| = 0.0808375
||y|| = 515.642
FGMRES iteration : 118 || r || = 0.52712
||xi|| = 413.358
||eta|| = 0.282823
||yp|| = 454.991
||yphi|| = 0.355319
||BtYp|| = 2.49958
||ru|| = 2.5008
||yu|| = 128.428
||GtYphi|| = 1.98787
||KtYu|| = 12.9708
||rj|| = 13.8647
||yj|| = 0.809998
||rphi|| = 0.00286646
||rp|| = 0.0722798
||y|| = 472.77
FGMRES iteration : 119 || r || = 0.47279
||xi|| = 378.164
||eta|| = 0.286905
||yp|| = 416.246
||yphi|| = 0.538035
||BtYp|| = 2.29511
||ru|| = 2.29596
||yu|| = 127.523
||GtYphi|| = 2.09435
||KtYu|| = 11.9367
||rj|| = 12.7528
||yj|| = 0.775361
||rphi|| = 0.00410159
||rp|| = 0.0723676
||y|| = 435.344
FGMRES iteration : 120 || r || = 0.439924
||xi|| = 435.134
||eta|| = 0.262164
||yp|| = 478.929
||yphi|| = 0.247757
||BtYp|| = 2.74575
||ru|| = 2.74643
||yu|| = 140.468
||GtYphi|| = 1.71052
||KtYu|| = 13.215
||rj|| = 14.0066
||yj|| = 0.810883
||rphi|| = 0.00206364
||rp|| = 0.0796555
||y|| = 499.104
FGMRES iteration : 121 || r || = 0.414946
||xi|| = 455.987
||eta|| = 0.371113
||yp|| = 501.914
||yphi|| = 0.215465
||BtYp|| = 3.02664
||ru|| = 3.02769
||yu|| = 152.743
||GtYphi|| = 1.6497
||KtYu|| = 13.1032
||rj|| = 13.9134
||yj|| = 0.908806
||rphi|| = 0.00185007
||rp|| = 0.0832116
||y|| = 524.641
FGMRES iteration : 122 || r || = 0.397546
||xi|| = 381.342
||eta|| = 0.288269
||yp|| = 419.762
||yphi|| = 0.40252
||BtYp|| = 2.3601
||ru|| = 2.36035
||yu|| = 128.039
||GtYphi|| = 1.99675
||KtYu|| = 12.2272
||rj|| = 13.0391
||yj|| = 0.863115
||rphi|| = 0.00320749
||rp|| = 0.069152
||y|| = 438.856
FGMRES iteration : 123 || r || = 0.391563
||xi|| = 428.537
||eta|| = 0.351682
||yp|| = 471.689
||yphi|| = 0.240416
||BtYp|| = 2.61459
||ru|| = 2.61585
||yu|| = 139.036
||GtYphi|| = 1.92898
||KtYu|| = 14.2819
||rj|| = 15.1485
||yj|| = 0.942793
||rphi|| = 0.00188192
||rp|| = 0.0757199
||y|| = 491.754
FGMRES iteration : 124 || r || = 0.388354
||xi|| = 432.832
||eta|| = 0.315493
||yp|| = 476.445
||yphi|| = 0.209838
||BtYp|| = 2.77826
||ru|| = 2.77934
||yu|| = 143.003
||GtYphi|| = 1.73885
||KtYu|| = 12.6225
||rj|| = 13.399
||yj|| = 0.845957
||rphi|| = 0.00162335
||rp|| = 0.0799542
||y|| = 497.444
FGMRES iteration : 125 || r || = 0.386649
||xi|| = 474.337
||eta|| = 0.257413
||yp|| = 522.037
||yphi|| = 0.451069
||BtYp|| = 3.27308
||ru|| = 3.27427
||yu|| = 151.141
||GtYphi|| = 1.85039
||KtYu|| = 13.2932
||rj|| = 14.113
||yj|| = 0.889328
||rphi|| = 0.00333085
||rp|| = 0.0888026
||y|| = 543.477
FGMRES iteration : 126 || r || = 0.386359
||xi|| = 457.332
||eta|| = 0.275994
||yp|| = 503.326
||yphi|| = 0.228149
||BtYp|| = 3.00957
||ru|| = 3.00952
||yu|| = 141.367
||GtYphi|| = 2.00531
||KtYu|| = 13.1943
||rj|| = 14.0058
||yj|| = 0.779319
||rphi|| = 0.00174669
||rp|| = 0.0823804
||y|| = 522.803
FGMRES iteration : 127 || r || = 0.386306
||xi|| = 535.131
||eta|| = 0.281467
||yp|| = 588.983
||yphi|| = 0.261874
||BtYp|| = 3.36961
||ru|| = 3.37034
||yu|| = 156.467
||GtYphi|| = 2.16493
||KtYu|| = 13.6125
||rj|| = 14.4679
||yj|| = 0.912976
||rphi|| = 0.00203294
||rp|| = 0.0884454
||y|| = 609.412
FGMRES iteration : 128 || r || = 0.386306
||xi|| = 547.437
||eta|| = 0.363262
||yp|| = 602.42
||yphi|| = 0.34703
||BtYp|| = 3.92953
||ru|| = 3.93049
||yu|| = 175.464
||GtYphi|| = 2.03893
||KtYu|| = 15.2122
||rj|| = 16.0731
||yj|| = 1.02725
||rphi|| = 0.00264067
||rp|| = 0.10322
||y|| = 627.454
FGMRES iteration : 129 || r || = 0.386305
||xi|| = 500.22
||eta|| = 0.343288
||yp|| = 550.519
||yphi|| = 0.388382
||BtYp|| = 3.61672
||ru|| = 3.61682
||yu|| = 156.672
||GtYphi|| = 2.16452
||KtYu|| = 11.958
||rj|| = 12.7476
||yj|| = 0.755636
||rphi|| = 0.00302256
||rp|| = 0.0924107
||y|| = 572.379
FGMRES iteration : 130 || r || = 0.386297
||xi|| = 602.381
||eta|| = 0.370241
||yp|| = 662.954
||yphi|| = 0.231394
||BtYp|| = 4.31737
||ru|| = 4.31868
||yu|| = 190.988
||GtYphi|| = 1.78219
||KtYu|| = 14.9219
||rj|| = 15.7448
||yj|| = 1.00237
||rphi|| = 0.001766
||rp|| = 0.113173
||y|| = 689.917
FGMRES iteration : 131 || r || = 0.386146
||xi|| = 592.805
||eta|| = 0.281313
||yp|| = 652.357
||yphi|| = 0.230898
||BtYp|| = 4.16868
||ru|| = 4.16893
||yu|| = 178.199
||GtYphi|| = 1.87046
||KtYu|| = 12.7595
||rj|| = 13.5642
||yj|| = 0.810803
||rphi|| = 0.00183779
||rp|| = 0.105283
||y|| = 676.258
FGMRES iteration : 132 || r || = 0.385596
||xi|| = 619.87
||eta|| = 0.342535
||yp|| = 682.146
||yphi|| = 0.312697
||BtYp|| = 4.56557
||ru|| = 4.56617
||yu|| = 198.969
||GtYphi|| = 2.13495
||KtYu|| = 13.2048
||rj|| = 13.9618
||yj|| = 0.812864
||rphi|| = 0.00240166
||rp|| = 0.118355
||y|| = 710.572
FGMRES iteration : 133 || r || = 0.384766
||xi|| = 556.018
||eta|| = 0.304985
||yp|| = 611.852
||yphi|| = 0.338734
||BtYp|| = 4.041
||ru|| = 4.04172
||yu|| = 175.514
||GtYphi|| = 1.98329
||KtYu|| = 14.9811
||rj|| = 15.8407
||yj|| = 1.03299
||rphi|| = 0.00269003
||rp|| = 0.106093
||y|| = 636.53
FGMRES iteration : 134 || r || = 0.382398
||xi|| = 481.933
||eta|| = 0.282457
||yp|| = 530.421
||yphi|| = 0.28988
||BtYp|| = 3.1751
||ru|| = 3.17641
||yu|| = 146.194
||GtYphi|| = 1.97326
||KtYu|| = 12.6177
||rj|| = 13.3778
||yj|| = 0.832185
||rphi|| = 0.0023837
||rp|| = 0.0855919
||y|| = 550.199
FGMRES iteration : 135 || r || = 0.378775
||xi|| = 529.071
||eta|| = 0.245842
||yp|| = 582.229
||yphi|| = 0.283686
||BtYp|| = 3.61383
||ru|| = 3.61459
||yu|| = 156.256
||GtYphi|| = 2.00339
||KtYu|| = 12.7445
||rj|| = 13.5721
||yj|| = 0.826684
||rphi|| = 0.00222735
||rp|| = 0.0924196
||y|| = 602.833
FGMRES iteration : 136 || r || = 0.374075
||xi|| = 619.718
||eta|| = 0.278152
||yp|| = 681.971
||yphi|| = 0.261011
||BtYp|| = 4.44732
||ru|| = 4.44807
||yu|| = 191.65
||GtYphi|| = 1.56457
||KtYu|| = 15.1562
||rj|| = 15.9401
||yj|| = 0.9468
||rphi|| = 0.00193423
||rp|| = 0.113892
||y|| = 708.389
FGMRES iteration : 137 || r || = 0.361502
||xi|| = 468.12
||eta|| = 0.396982
||yp|| = 515.251
||yphi|| = 0.200039
||BtYp|| = 3.27983
||ru|| = 3.2811
||yu|| = 146.696
||GtYphi|| = 1.72383
||KtYu|| = 11.835
||rj|| = 12.6089
||yj|| = 0.745867
||rphi|| = 0.00168635
||rp|| = 0.0875278
||y|| = 535.728
FGMRES iteration : 138 || r || = 0.345354
||xi|| = 489.445
||eta|| = 0.430282
||yp|| = 538.692
||yphi|| = 0.166777
||BtYp|| = 3.06997
||ru|| = 3.07074
||yu|| = 150.051
||GtYphi|| = 1.63812
||KtYu|| = 13.3309
||rj|| = 14.0997
||yj|| = 0.885003
||rphi|| = 0.00138767
||rp|| = 0.0850958
||y|| = 559.2
FGMRES iteration : 139 || r || = 0.32496
||xi|| = 497.553
||eta|| = 0.331625
||yp|| = 547.687
||yphi|| = 0.204951
||BtYp|| = 2.90472
||ru|| = 2.90608
||yu|| = 160.163
||GtYphi|| = 1.92501
||KtYu|| = 13.6231
||rj|| = 14.4547
||yj|| = 0.907613
||rphi|| = 0.00171226
||rp|| = 0.0886786
||y|| = 570.626
FGMRES iteration : 140 || r || = 0.292126
||xi|| = 388.832
||eta|| = 0.333093
||yp|| = 428.01
||yphi|| = 0.240015
||BtYp|| = 2.50165
||ru|| = 2.50297
||yu|| = 133.256
||GtYphi|| = 1.66977
||KtYu|| = 13.3055
||rj|| = 14.0211
||yj|| = 0.936307
||rphi|| = 0.00221999
||rp|| = 0.0744467
||y|| = 448.275
FGMRES iteration : 141 || r || = 0.272114
||xi|| = 443.028
||eta|| = 0.276367
||yp|| = 487.554
||yphi|| = 0.155698
||BtYp|| = 2.83502
||ru|| = 2.83552
||yu|| = 131.12
||GtYphi|| = 1.47226
||KtYu|| = 12.7713
||rj|| = 13.5651
||yj|| = 0.830575
||rphi|| = 0.00118034
||rp|| = 0.074475
||y|| = 504.878
FGMRES iteration : 142 || r || = 0.261047
||xi|| = 411.401
||eta|| = 0.273647
||yp|| = 452.803
||yphi|| = 0.422248
||BtYp|| = 2.56168
||ru|| = 2.56296
||yu|| = 121.238
||GtYphi|| = 2.08582
||KtYu|| = 12.5756
||rj|| = 13.4379
||yj|| = 0.804527
||rphi|| = 0.00320309
||rp|| = 0.0672569
||y|| = 468.753
FGMRES iteration : 143 || r || = 0.255389
||xi|| = 386.106
||eta|| = 0.365307
||yp|| = 425.033
||yphi|| = 0.393795
||BtYp|| = 2.46174
||ru|| = 2.46288
||yu|| = 128.258
||GtYphi|| = 1.99798
||KtYu|| = 13.3581
||rj|| = 14.1505
||yj|| = 0.894301
||rphi|| = 0.00284088
||rp|| = 0.0692936
||y|| = 443.964
FGMRES iteration : 144 || r || = 0.25342
||xi|| = 527.741
||eta|| = 0.356564
||yp|| = 580.775
||yphi|| = 0.528314
||BtYp|| = 3.45327
||ru|| = 3.45391
||yu|| = 159.558
||GtYphi|| = 2.30015
||KtYu|| = 13.4414
||rj|| = 14.2714
||yj|| = 0.864355
||rphi|| = 0.00410319
||rp|| = 0.088731
||y|| = 602.295
FGMRES iteration : 145 || r || = 0.252793
||xi|| = 565.83
||eta|| = 0.339358
||yp|| = 622.761
||yphi|| = 0.419366
||BtYp|| = 3.62834
||ru|| = 3.62897
||yu|| = 172.047
||GtYphi|| = 2.01805
||KtYu|| = 15.1056
||rj|| = 15.8509
||yj|| = 1.01221
||rphi|| = 0.00310241
||rp|| = 0.0924012
||y|| = 646.09
FGMRES iteration : 146 || r || = 0.251847
||xi|| = 425.809
||eta|| = 0.322316
||yp|| = 468.68
||yphi|| = 0.224129
||BtYp|| = 2.67615
||ru|| = 2.67652
||yu|| = 132.474
||GtYphi|| = 1.91752
||KtYu|| = 12.785
||rj|| = 13.6131
||yj|| = 0.859042
||rphi|| = 0.00216338
||rp|| = 0.0724771
||y|| = 487.043
FGMRES iteration : 147 || r || = 0.251581
||xi|| = 471.868
||eta|| = 0.45283
||yp|| = 519.355
||yphi|| = 0.220301
||BtYp|| = 3.16246
||ru|| = 3.16402
||yu|| = 155.162
||GtYphi|| = 1.95707
||KtYu|| = 14.1417
||rj|| = 14.893
||yj|| = 0.907978
||rphi|| = 0.00184396
||rp|| = 0.0872261
||y|| = 542.039
FGMRES iteration : 148 || r || = 0.251422
||xi|| = 490.665
||eta|| = 0.292255
||yp|| = 540.053
||yphi|| = 0.158988
||BtYp|| = 3.02356
||ru|| = 3.02409
||yu|| = 146.482
||GtYphi|| = 1.50323
||KtYu|| = 13.8249
||rj|| = 14.6198
||yj|| = 0.94911
||rphi|| = 0.00129308
||rp|| = 0.077448
||y|| = 559.567
FGMRES iteration : 149 || r || = 0.251263
||xi|| = 398.601
||eta|| = 0.2987
||yp|| = 438.722
||yphi|| = 0.15975
||BtYp|| = 2.34824
||ru|| = 2.34948
||yu|| = 120.273
||GtYphi|| = 1.58528
||KtYu|| = 11.6779
||rj|| = 12.354
||yj|| = 0.772045
||rphi|| = 0.00121535
||rp|| = 0.0683561
||y|| = 454.911
FGMRES iteration : 150 || r || = 0.251167
||xi|| = 466.876
||eta|| = 0.280434
||yp|| = 513.872
||yphi|| = 0.332899
||BtYp|| = 2.80604
||ru|| = 2.80711
||yu|| = 145.306
||GtYphi|| = 2.05164
||KtYu|| = 14.0717
||rj|| = 14.9681
||yj|| = 0.909485
||rphi|| = 0.00249942
||rp|| = 0.0778021
||y|| = 534.022
FGMRES iteration : 151 || r || = 0.251038
||xi|| = 474.422
||eta|| = 0.317276
||yp|| = 522.15
||yphi|| = 0.186897
||BtYp|| = 2.73653
||ru|| = 2.73771
||yu|| = 142.97
||GtYphi|| = 1.95064
||KtYu|| = 13.4156
||rj|| = 14.2288
||yj|| = 0.881238
||rphi|| = 0.00154033
||rp|| = 0.075762
||y|| = 541.37
FGMRES iteration : 152 || r || = 0.25096
||xi|| = 489.92
||eta|| = 0.293423
||yp|| = 539.195
||yphi|| = 0.238604
||BtYp|| = 3.18038
||ru|| = 3.18167
||yu|| = 145.686
||GtYphi|| = 2.00666
||KtYu|| = 13.3296
||rj|| = 14.2032
||yj|| = 0.811824
||rphi|| = 0.00186826
||rp|| = 0.0849694
||y|| = 558.531
FGMRES iteration : 153 || r || = 0.250804
||xi|| = 490.548
||eta|| = 0.329956
||yp|| = 539.904
||yphi|| = 0.307499
||BtYp|| = 2.95004
||ru|| = 2.9516
||yu|| = 153.263
||GtYphi|| = 1.8809
||KtYu|| = 13.588
||rj|| = 14.3693
||yj|| = 0.894047
||rphi|| = 0.00239328
||rp|| = 0.079952
||y|| = 561.237
FGMRES iteration : 154 || r || = 0.250385
||xi|| = 470.872
||eta|| = 0.280624
||yp|| = 518.226
||yphi|| = 0.305243
||BtYp|| = 3.20782
||ru|| = 3.20868
||yu|| = 147.488
||GtYphi|| = 1.81592
||KtYu|| = 13.1129
||rj|| = 13.9656
||yj|| = 0.846183
||rphi|| = 0.00226614
||rp|| = 0.086006
||y|| = 538.806
FGMRES iteration : 155 || r || = 0.249313
||xi|| = 502.186
||eta|| = 0.34865
||yp|| = 552.764
||yphi|| = 0.251547
||BtYp|| = 2.96505
||ru|| = 2.96667
||yu|| = 153.382
||GtYphi|| = 1.76655
||KtYu|| = 13.3176
||rj|| = 14.1213
||yj|| = 0.812425
||rphi|| = 0.00183969
||rp|| = 0.0837367
||y|| = 573.651
FGMRES iteration : 156 || r || = 0.24694
||xi|| = 481.471
||eta|| = 0.332627
||yp|| = 529.901
||yphi|| = 0.193951
||BtYp|| = 3.29706
||ru|| = 3.29741
||yu|| = 154.293
||GtYphi|| = 1.8239
||KtYu|| = 13.2961
||rj|| = 14.0964
||yj|| = 0.864616
||rphi|| = 0.00140979
||rp|| = 0.089064
||y|| = 551.908
FGMRES iteration : 157 || r || = 0.241616
||xi|| = 472.897
||eta|| = 0.340439
||yp|| = 520.481
||yphi|| = 0.220035
||BtYp|| = 2.86659
||ru|| = 2.86742
||yu|| = 146.682
||GtYphi|| = 1.82157
||KtYu|| = 12.6794
||rj|| = 13.4464
||yj|| = 0.802563
||rphi|| = 0.00158148
||rp|| = 0.0783203
||y|| = 540.756
FGMRES iteration : 158 || r || = 0.234294
||xi|| = 461.271
||eta|| = 0.248292
||yp|| = 507.679
||yphi|| = 0.17985
||BtYp|| = 2.96059
||ru|| = 2.96154
||yu|| = 145.242
||GtYphi|| = 1.56364
||KtYu|| = 13.0292
||rj|| = 13.8734
||yj|| = 0.837504
||rphi|| = 0.00150624
||rp|| = 0.081656
||y|| = 528.047
FGMRES iteration : 159 || r || = 0.224842
||xi|| = 409.661
||eta|| = 0.372682
||yp|| = 450.89
||yphi|| = 0.244977
||BtYp|| = 2.52078
||ru|| = 2.52164
||yu|| = 128.503
||GtYphi|| = 1.87112
||KtYu|| = 12.9151
||rj|| = 13.7307
||yj|| = 0.857366
||rphi|| = 0.00217461
||rp|| = 0.0709718
||y|| = 468.845
FGMRES iteration : 160 || r || = 0.213021
||xi|| = 429.525
||eta|| = 0.307646
||yp|| = 472.719
||yphi|| = 0.203113
||BtYp|| = 2.72188
||ru|| = 2.72231
||yu|| = 132.59
||GtYphi|| = 1.74639
||KtYu|| = 12.8281
||rj|| = 13.6679
||yj|| = 0.798821
||rphi|| = 0.00168069
||rp|| = 0.0706382
||y|| = 490.963
FGMRES iteration : 161 || r || = 0.199505
||xi|| = 427.529
||eta|| = 0.290512
||yp|| = 470.55
||yphi|| = 0.241163
||BtYp|| = 2.65867
||ru|| = 2.65937
||yu|| = 131.031
||GtYphi|| = 1.71713
||KtYu|| = 11.6592
||rj|| = 12.4027
||yj|| = 0.774792
||rphi|| = 0.00186583
||rp|| = 0.0714971
||y|| = 488.454
FGMRES iteration : 162 || r || = 0.192764
||xi|| = 484.273
||eta|| = 0.319803
||yp|| = 532.994
||yphi|| = 0.249813
||BtYp|| = 3.18766
||ru|| = 3.18881
||yu|| = 154.05
||GtYphi|| = 1.65009
||KtYu|| = 14.2381
||rj|| = 15.0749
||yj|| = 0.946448
||rphi|| = 0.00195943
||rp|| = 0.0860122
||y|| = 554.811
FGMRES iteration : 163 || r || = 0.187338
||xi|| = 440.55
||eta|| = 0.365559
||yp|| = 484.882
||yphi|| = 0.264472
||BtYp|| = 2.57267
||ru|| = 2.57359
||yu|| = 129.079
||GtYphi|| = 2.10337
||KtYu|| = 11.8472
||rj|| = 12.6617
||yj|| = 0.702421
||rphi|| = 0.00203302
||rp|| = 0.0700542
||y|| = 501.769
FGMRES iteration : 164 || r || = 0.184156
||xi|| = 479.766
||eta|| = 0.263398
||yp|| = 528.015
||yphi|| = 0.194981
||BtYp|| = 3.0174
||ru|| = 3.01849
||yu|| = 141.798
||GtYphi|| = 1.78202
||KtYu|| = 12.8595
||rj|| = 13.6591
||yj|| = 0.817064
||rphi|| = 0.00169105
||rp|| = 0.0789368
||y|| = 546.724
FGMRES iteration : 165 || r || = 0.182423
||xi|| = 489.347
||eta|| = 0.340074
||yp|| = 538.593
||yphi|| = 0.185335
||BtYp|| = 3.17456
||ru|| = 3.17541
||yu|| = 156.951
||GtYphi|| = 1.76305
||KtYu|| = 14.0609
||rj|| = 14.9145
||yj|| = 0.872073
||rphi|| = 0.00154368
||rp|| = 0.0881894
||y|| = 560.996
FGMRES iteration : 166 || r || = 0.181447
||xi|| = 445.05
||eta|| = 0.321036
||yp|| = 489.846
||yphi|| = 0.194689
||BtYp|| = 2.61683
||ru|| = 2.61736
||yu|| = 134.391
||GtYphi|| = 1.91283
||KtYu|| = 12.4031
||rj|| = 13.2426
||yj|| = 0.735104
||rphi|| = 0.0015829
||rp|| = 0.0725911
||y|| = 507.948
FGMRES iteration : 167 || r || = 0.181125
||xi|| = 416.927
||eta|| = 0.37735
||yp|| = 458.925
||yphi|| = 0.175682
||BtYp|| = 2.76616
||ru|| = 2.76712
||yu|| = 137.897
||GtYphi|| = 1.58498
||KtYu|| = 13.3894
||rj|| = 14.2198
||yj|| = 0.871053
||rphi|| = 0.00135336
||rp|| = 0.0784708
||y|| = 479.196
FGMRES iteration : 168 || r || = 0.181021
||xi|| = 403.853
||eta|| = 0.362433
||yp|| = 444.494
||yphi|| = 0.335987
||BtYp|| = 2.44208
||ru|| = 2.44281
||yu|| = 126.601
||GtYphi|| = 2.19052
||KtYu|| = 12.6298
||rj|| = 13.4233
||yj|| = 0.785272
||rphi|| = 0.00247721
||rp|| = 0.0696797
||y|| = 462.172
FGMRES iteration : 169 || r || = 0.180992
||xi|| = 523.773
||eta|| = 0.296899
||yp|| = 576.48
||yphi|| = 0.327678
||BtYp|| = 3.6251
||ru|| = 3.62564
||yu|| = 162.635
||GtYphi|| = 1.99979
||KtYu|| = 13.2366
||rj|| = 14.1049
||yj|| = 0.796536
||rphi|| = 0.00253827
||rp|| = 0.0962194
||y|| = 598.982
FGMRES iteration : 170 || r || = 0.180976
||xi|| = 539.766
||eta|| = 0.351384
||yp|| = 594.075
||yphi|| = 0.230435
||BtYp|| = 3.47996
||ru|| = 3.48104
||yu|| = 168.527
||GtYphi|| = 1.77531
||KtYu|| = 14.8142
||rj|| = 15.6365
||yj|| = 0.962363
||rphi|| = 0.00190307
||rp|| = 0.0959761
||y|| = 617.517
FGMRES iteration : 171 || r || = 0.180973
||xi|| = 450.42
||eta|| = 0.413773
||yp|| = 495.777
||yphi|| = 0.239401
||BtYp|| = 2.94623
||ru|| = 2.94702
||yu|| = 137.214
||GtYphi|| = 1.96276
||KtYu|| = 13.1874
||rj|| = 13.99
||yj|| = 0.808225
||rphi|| = 0.00184928
||rp|| = 0.0761107
||y|| = 514.415
FGMRES iteration : 172 || r || = 0.180973
||xi|| = 495.923
||eta|| = 0.387104
||yp|| = 545.783
||yphi|| = 0.371716
||BtYp|| = 3.02535
||ru|| = 3.02632
||yu|| = 147.322
||GtYphi|| = 1.98028
||KtYu|| = 13.11
||rj|| = 13.9344
||yj|| = 0.801335
||rphi|| = 0.00281163
||rp|| = 0.0807096
||y|| = 565.317
FGMRES iteration : 173 || r || = 0.180959
||xi|| = 505.881
||eta|| = 0.259881
||yp|| = 556.73
||yphi|| = 0.369941
||BtYp|| = 3.42518
||ru|| = 3.42661
||yu|| = 153.583
||GtYphi|| = 1.94126
||KtYu|| = 14.3345
||rj|| = 15.1798
||yj|| = 0.952731
||rphi|| = 0.00288898
||rp|| = 0.0903363
||y|| = 577.527
FGMRES iteration : 174 || r || = 0.180872
||xi|| = 486.094
||eta|| = 0.368326
||yp|| = 535.044
||yphi|| = 0.289973
||BtYp|| = 3.13242
||ru|| = 3.13365
||yu|| = 147.51
||GtYphi|| = 2.0591
||KtYu|| = 13.0372
||rj|| = 13.9052
||yj|| = 0.788336
||rphi|| = 0.00222647
||rp|| = 0.0831122
||y|| = 555.007
FGMRES iteration : 175 || r || = 0.18039
||xi|| = 558.786
||eta|| = 0.513725
||yp|| = 614.975
||yphi|| = 0.332166
||BtYp|| = 3.60037
||ru|| = 3.6007
||yu|| = 180.592
||GtYphi|| = 1.88398
||KtYu|| = 15.6707
||rj|| = 16.4167
||yj|| = 0.98966
||rphi|| = 0.0024351
||rp|| = 0.0981516
||y|| = 640.944
FGMRES iteration : 176 || r || = 0.17935
||xi|| = 480.898
||eta|| = 0.317855
||yp|| = 529.279
||yphi|| = 0.258678
||BtYp|| = 3.18028
||ru|| = 3.18145
||yu|| = 151.324
||GtYphi|| = 1.79489
||KtYu|| = 13.2681
||rj|| = 14.0505
||yj|| = 0.871504
||rphi|| = 0.00186946
||rp|| = 0.0843962
||y|| = 550.487
FGMRES iteration : 177 || r || = 0.177554
||xi|| = 521.456
||eta|| = 0.297549
||yp|| = 573.895
||yphi|| = 0.202259
||BtYp|| = 3.44416
||ru|| = 3.44508
||yu|| = 162.745
||GtYphi|| = 1.90852
||KtYu|| = 13.5714
||rj|| = 14.4542
||yj|| = 0.807233
||rphi|| = 0.00154053
||rp|| = 0.0917836
||y|| = 596.526
FGMRES iteration : 178 || r || = 0.173132
||xi|| = 602.098
||eta|| = 0.294534
||yp|| = 662.593
||yphi|| = 0.217124
||BtYp|| = 4.13252
||ru|| = 4.13366
||yu|| = 186.475
||GtYphi|| = 1.88047
||KtYu|| = 14.4025
||rj|| = 15.1808
||yj|| = 0.90143
||rphi|| = 0.00179018
||rp|| = 0.10394
||y|| = 688.334
FGMRES iteration : 179 || r || = 0.16567
||xi|| = 479.094
||eta|| = 0.314652
||yp|| = 527.306
||yphi|| = 0.234385
||BtYp|| = 3.03618
||ru|| = 3.03697
||yu|| = 150.382
||GtYphi|| = 1.84094
||KtYu|| = 12.6153
||rj|| = 13.3694
||yj|| = 0.80624
||rphi|| = 0.00205951
||rp|| = 0.0804409
||y|| = 548.331
FGMRES iteration : 180 || r || = 0.158036
||xi|| = 494.03
||eta|| = 0.367448
||yp|| = 543.691
||yphi|| = 0.30314
||BtYp|| = 3.00991
||ru|| = 3.01134
||yu|| = 153.007
||GtYphi|| = 2.07994
||KtYu|| = 13.9887
||rj|| = 14.8878
||yj|| = 0.847626
||rphi|| = 0.00261411
||rp|| = 0.0820043
||y|| = 564.812
FGMRES iteration : 181 || r || = 0.151819
||xi|| = 433.486
||eta|| = 0.346977
||yp|| = 477.121
||yphi|| = 0.398046
||BtYp|| = 2.83313
||ru|| = 2.83434
||yu|| = 146.663
||GtYphi|| = 2.01731
||KtYu|| = 13.4496
||rj|| = 14.2306
||yj|| = 0.88817
||rphi|| = 0.00320194
||rp|| = 0.0816453
||y|| = 499.155
FGMRES iteration : 182 || r || = 0.147439
||xi|| = 465.735
||eta|| = 0.329799
||yp|| = 512.623
||yphi|| = 0.29395
||BtYp|| = 2.78794
||ru|| = 2.78908
||yu|| = 139.269
||GtYphi|| = 2.02128
||KtYu|| = 13.4016
||rj|| = 14.3121
||yj|| = 0.849065
||rphi|| = 0.00265141
||rp|| = 0.0766206
||y|| = 531.205
FGMRES iteration : 183 || r || = 0.14536
||xi|| = 449.305
||eta|| = 0.357933
||yp|| = 494.477
||yphi|| = 0.18261
||BtYp|| = 2.76751
||ru|| = 2.76836
||yu|| = 142.131
||GtYphi|| = 1.9877
||KtYu|| = 12.3435
||rj|| = 13.1395
||yj|| = 0.800088
||rphi|| = 0.00136389
||rp|| = 0.0795749
||y|| = 514.5
FGMRES iteration : 184 || r || = 0.144601
||xi|| = 427.646
||eta|| = 0.311278
||yp|| = 470.701
||yphi|| = 0.199769
||BtYp|| = 2.85899
||ru|| = 2.86058
||yu|| = 142.635
||GtYphi|| = 1.81498
||KtYu|| = 13.9938
||rj|| = 14.8742
||yj|| = 0.905706
||rphi|| = 0.00170387
||rp|| = 0.0834953
||y|| = 491.838
FGMRES iteration : 185 || r || = 0.144156
||xi|| = 483.541
||eta|| = 0.46461
||yp|| = 532.28
||yphi|| = 0.25815
||BtYp|| = 2.81289
||ru|| = 2.81344
||yu|| = 142.337
||GtYphi|| = 2.15908
||KtYu|| = 12.8114
||rj|| = 13.6121
||yj|| = 0.760799
||rphi|| = 0.00191433
||rp|| = 0.0748951
||y|| = 550.983
FGMRES iteration : 186 || r || = 0.144028
||xi|| = 515.817
||eta|| = 0.289787
||yp|| = 567.73
||yphi|| = 0.197354
||BtYp|| = 3.29548
||ru|| = 3.29687
||yu|| = 166.096
||GtYphi|| = 1.81885
||KtYu|| = 13.788
||rj|| = 14.5996
||yj|| = 0.950952
||rphi|| = 0.00176709
||rp|| = 0.0932914
||y|| = 591.529
FGMRES iteration : 187 || r || = 0.143969
||xi|| = 406.556
||eta|| = 0.33633
||yp|| = 447.542
||yphi|| = 0.247143
||BtYp|| = 2.44999
||ru|| = 2.45079
||yu|| = 140.22
||GtYphi|| = 1.95057
||KtYu|| = 14.0617
||rj|| = 14.8856
||yj|| = 0.916441
||rphi|| = 0.00213027
||rp|| = 0.0758246
||y|| = 468.996
FGMRES iteration : 188 || r || = 0.143913
||xi|| = 414.393
||eta|| = 0.404349
||yp|| = 456.136
||yphi|| = 0.230527
||BtYp|| = 2.26873
||ru|| = 2.27007
||yu|| = 114.163
||GtYphi|| = 1.90748
||KtYu|| = 11.5909
||rj|| = 12.2699
||yj|| = 0.717164
||rphi|| = 0.00180487
||rp|| = 0.0615291
||y|| = 470.206
FGMRES iteration : 189 || r || = 0.143883
||xi|| = 481.36
||eta|| = 0.381103
||yp|| = 529.788
||yphi|| = 0.207888
||BtYp|| = 3.00585
||ru|| = 3.00745
||yu|| = 152.679
||GtYphi|| = 1.55294
||KtYu|| = 15.5452
||rj|| = 16.4136
||yj|| = 1.04902
||rphi|| = 0.00154399
||rp|| = 0.0852181
||y|| = 551.35
FGMRES iteration : 190 || r || = 0.143872
||xi|| = 428.263
||eta|| = 0.418292
||yp|| = 471.417
||yphi|| = 0.323653
||BtYp|| = 2.49734
||ru|| = 2.49839
||yu|| = 125.555
||GtYphi|| = 2.15092
||KtYu|| = 12.1631
||rj|| = 12.8996
||yj|| = 0.796348
||rphi|| = 0.00241529
||rp|| = 0.0703608
||y|| = 487.851
FGMRES iteration : 191 || r || = 0.143851
||xi|| = 417.08
||eta|| = 0.528351
||yp|| = 459.192
||yphi|| = 0.366657
||BtYp|| = 2.38995
||ru|| = 2.39142
||yu|| = 132.195
||GtYphi|| = 2.23234
||KtYu|| = 14.2116
||rj|| = 15.0852
||yj|| = 0.8906
||rphi|| = 0.0032235
||rp|| = 0.0703706
||y|| = 477.842
FGMRES iteration : 192 || r || = 0.143823
||xi|| = 409.797
||eta|| = 0.305
||yp|| = 451.055
||yphi|| = 0.394836
||BtYp|| = 2.53982
||ru|| = 2.54166
||yu|| = 128.142
||GtYphi|| = 2.03339
||KtYu|| = 13.7108
||rj|| = 14.5847
||yj|| = 0.947673
||rphi|| = 0.00353035
||rp|| = 0.0744604
||y|| = 468.905
FGMRES iteration : 193 || r || = 0.143734
||xi|| = 401.525
||eta|| = 0.292169
||yp|| = 441.949
||yphi|| = 0.353034
||BtYp|| = 2.57538
||ru|| = 2.57693
||yu|| = 121.768
||GtYphi|| = 2.28659
||KtYu|| = 12.4565
||rj|| = 13.3698
||yj|| = 0.820175
||rphi|| = 0.00311188
||rp|| = 0.0686241
||y|| = 458.418
FGMRES iteration : 194 || r || = 0.143591
||xi|| = 422.691
||eta|| = 0.341381
||yp|| = 465.256
||yphi|| = 0.271843
||BtYp|| = 2.48381
||ru|| = 2.48527
||yu|| = 123.463
||GtYphi|| = 2.10541
||KtYu|| = 13.5115
||rj|| = 14.4027
||yj|| = 0.81048
||rphi|| = 0.00214891
||rp|| = 0.0699572
||y|| = 481.359
FGMRES iteration : 195 || r || = 0.143294
||xi|| = 496.855
||eta|| = 0.387675
||yp|| = 546.864
||yphi|| = 0.201986
||BtYp|| = 3.10217
||ru|| = 3.10319
||yu|| = 148.746
||GtYphi|| = 1.79445
||KtYu|| = 14.3919
||rj|| = 15.1902
||yj|| = 0.923308
||rphi|| = 0.00168149
||rp|| = 0.0847174
||y|| = 566.733
FGMRES iteration : 196 || r || = 0.14259
||xi|| = 449.741
||eta|| = 0.338566
||yp|| = 495.014
||yphi|| = 0.305111
||BtYp|| = 2.69515
||ru|| = 2.69605
||yu|| = 137.727
||GtYphi|| = 2.2163
||KtYu|| = 13.2819
||rj|| = 14.1372
||yj|| = 0.813619
||rphi|| = 0.00259684
||rp|| = 0.0740998
||y|| = 513.817
FGMRES iteration : 197 || r || = 0.140817
||xi|| = 436.607
||eta|| = 0.392258
||yp|| = 480.556
||yphi|| = 0.276448
||BtYp|| = 2.4764
||ru|| = 2.47777
||yu|| = 123.709
||GtYphi|| = 1.92331
||KtYu|| = 12.7017
||rj|| = 13.5016
||yj|| = 0.813883
||rphi|| = 0.0025776
||rp|| = 0.0682885
||y|| = 496.225
FGMRES iteration : 198 || r || = 0.138037
||xi|| = 436.385
||eta|| = 0.322093
||yp|| = 480.298
||yphi|| = 0.221352
||BtYp|| = 2.73496
||ru|| = 2.73607
||yu|| = 132.515
||GtYphi|| = 1.74107
||KtYu|| = 13.591
||rj|| = 14.4088
||yj|| = 0.908685
||rphi|| = 0.00193708
||rp|| = 0.0747538
||y|| = 498.244
FGMRES iteration : 199 || r || = 0.134311
||xi|| = 452.503
||eta|| = 0.31333
||yp|| = 498.066
||yphi|| = 0.276803
||BtYp|| = 2.51133
||ru|| = 2.51218
||yu|| = 133.457
||GtYphi|| = 1.94266
||KtYu|| = 12.147
||rj|| = 12.9558
||yj|| = 0.758778
||rphi|| = 0.00216217
||rp|| = 0.0700612
||y|| = 515.636
FGMRES iteration : 200 || r || = 0.129683
||xi|| = 455.177
||eta|| = 0.335966
||yp|| = 501.039
||yphi|| = 0.297324
||BtYp|| = 2.6781
||ru|| = 2.67868
||yu|| = 142.987
||GtYphi|| = 1.78601
||KtYu|| = 13.5641
||rj|| = 14.3831
||yj|| = 0.854111
||rphi|| = 0.00262085
||rp|| = 0.077
||y|| = 521.043
FGMRES iteration : 201 || r || = 0.124669
||xi|| = 489.435
||eta|| = 0.2956
||yp|| = 538.679
||yphi|| = 0.233994
||BtYp|| = 3.07402
||ru|| = 3.07539
||yu|| = 142.435
||GtYphi|| = 1.89476
||KtYu|| = 13.9225
||rj|| = 14.7823
||yj|| = 0.899613
||rphi|| = 0.00190274
||rp|| = 0.0797336
||y|| = 557.193
FGMRES iteration : 202 || r || = 0.120921
||xi|| = 442.308
||eta|| = 0.480837
||yp|| = 486.848
||yphi|| = 0.275291
||BtYp|| = 2.79351
||ru|| = 2.79448
||yu|| = 136.85
||GtYphi|| = 1.93079
||KtYu|| = 13.0461
||rj|| = 13.8125
||yj|| = 0.820942
||rphi|| = 0.00212178
||rp|| = 0.0748558
||y|| = 505.716
FGMRES iteration : 203 || r || = 0.119047
||xi|| = 405.61
||eta|| = 0.370287
||yp|| = 446.437
||yphi|| = 0.170873
||BtYp|| = 2.43621
||ru|| = 2.43759
||yu|| = 125.445
||GtYphi|| = 1.7866
||KtYu|| = 13.0672
||rj|| = 13.9251
||yj|| = 0.865293
||rphi|| = 0.00139264
||rp|| = 0.0674835
||y|| = 463.727
FGMRES iteration : 204 || r || = 0.117935
||xi|| = 441.691
||eta|| = 0.370678
||yp|| = 486.213
||yphi|| = 0.188788
||BtYp|| = 2.66792
||ru|| = 2.66939
||yu|| = 149.487
||GtYphi|| = 1.61526
||KtYu|| = 13.836
||rj|| = 14.609
||yj|| = 0.927987
||rphi|| = 0.00162456
||rp|| = 0.0819167
||y|| = 508.675
FGMRES iteration : 205 || r || = 0.117335
||xi|| = 440.994
||eta|| = 0.373214
||yp|| = 485.428
||yphi|| = 0.244312
||BtYp|| = 2.51341
||ru|| = 2.51386
||yu|| = 133.981
||GtYphi|| = 1.99614
||KtYu|| = 12.3684
||rj|| = 13.1681
||yj|| = 0.761114
||rphi|| = 0.0024339
||rp|| = 0.0696027
||y|| = 503.579
FGMRES iteration : 206 || r || = 0.117126
||xi|| = 503.038
||eta|| = 0.282644
||yp|| = 553.644
||yphi|| = 0.207737
||BtYp|| = 3.00935
||ru|| = 3.0106
||yu|| = 154.111
||GtYphi|| = 1.8116
||KtYu|| = 13.5121
||rj|| = 14.3521
||yj|| = 0.854054
||rphi|| = 0.00179122
||rp|| = 0.0843205
||y|| = 574.693
FGMRES iteration : 207 || r || = 0.117032
||xi|| = 498.054
||eta|| = 0.350073
||yp|| = 548.171
||yphi|| = 0.255883
||BtYp|| = 2.89546
||ru|| = 2.8967
||yu|| = 147.698
||GtYphi|| = 1.97461
||KtYu|| = 13.5414
||rj|| = 14.3911
||yj|| = 0.843257
||rphi|| = 0.00215775
||rp|| = 0.0807747
||y|| = 567.721
FGMRES iteration : 208 || r || = 0.116982
||xi|| = 436.719
||eta|| = 0.340808
||yp|| = 480.667
||yphi|| = 0.21973
||BtYp|| = 2.6265
||ru|| = 2.62713
||yu|| = 128.889
||GtYphi|| = 2.03377
||KtYu|| = 12.5794
||rj|| = 13.4007
||yj|| = 0.802185
||rphi|| = 0.00212229
||rp|| = 0.0707002
||y|| = 497.649
FGMRES iteration : 209 || r || = 0.116944
||xi|| = 410.32
||eta|| = 0.430352
||yp|| = 451.698
||yphi|| = 0.38276
||BtYp|| = 2.37823
||ru|| = 2.37989
||yu|| = 134.397
||GtYphi|| = 2.01947
||KtYu|| = 13.5785
||rj|| = 14.3961
||yj|| = 0.933813
||rphi|| = 0.00358564
||rp|| = 0.0715564
||y|| = 471.269
FGMRES iteration : 210 || r || = 0.116938
||xi|| = 456.247
||eta|| = 0.31759
||yp|| = 502.165
||yphi|| = 0.25368
||BtYp|| = 2.66302
||ru|| = 2.6639
||yu|| = 133.622
||GtYphi|| = 2.10502
||KtYu|| = 12.7916
||rj|| = 13.6308
||yj|| = 0.799535
||rphi|| = 0.00231215
||rp|| = 0.0730953
||y|| = 519.639
FGMRES iteration : 211 || r || = 0.116937
||xi|| = 482.333
||eta|| = 0.431988
||yp|| = 530.903
||yphi|| = 0.150301
||BtYp|| = 2.90615
||ru|| = 2.90707
||yu|| = 157.634
||GtYphi|| = 1.61719
||KtYu|| = 15.4004
||rj|| = 16.1533
||yj|| = 0.966079
||rphi|| = 0.0011322
||rp|| = 0.0834631
||y|| = 553.812
FGMRES iteration : 212 || r || = 0.116916
||xi|| = 425.272
||eta|| = 0.290108
||yp|| = 468.078
||yphi|| = 0.202685
||BtYp|| = 2.41492
||ru|| = 2.41641
||yu|| = 120.53
||GtYphi|| = 1.83693
||KtYu|| = 12.4568
||rj|| = 13.2489
||yj|| = 0.78074
||rphi|| = 0.00165449
||rp|| = 0.0623011
||y|| = 483.348
FGMRES iteration : 213 || r || = 0.116869
||xi|| = 437.565
||eta|| = 0.373181
||yp|| = 481.598
||yphi|| = 0.201576
||BtYp|| = 2.66657
||ru|| = 2.66806
||yu|| = 132.227
||GtYphi|| = 2.01135
||KtYu|| = 13.3389
||rj|| = 14.1637
||yj|| = 0.808414
||rphi|| = 0.00160653
||rp|| = 0.0717737
||y|| = 499.421
FGMRES iteration : 214 || r || = 0.116693
||xi|| = 424.55
||eta|| = 0.35199
||yp|| = 467.287
||yphi|| = 0.217199
||BtYp|| = 2.53026
||ru|| = 2.53234
||yu|| = 127.887
||GtYphi|| = 1.70885
||KtYu|| = 14.0772
||rj|| = 14.8986
||yj|| = 0.937826
||rphi|| = 0.00196777
||rp|| = 0.070201
||y|| = 484.472
FGMRES iteration : 215 || r || = 0.116215
||xi|| = 425.064
||eta|| = 0.328154
||yp|| = 467.835
||yphi|| = 0.230616
||BtYp|| = 2.50698
||ru|| = 2.50894
||yu|| = 120.028
||GtYphi|| = 1.95243
||KtYu|| = 12.432
||rj|| = 13.2254
||yj|| = 0.800075
||rphi|| = 0.00171134
||rp|| = 0.0679612
||y|| = 482.987
FGMRES iteration : 216 || r || = 0.115569
||xi|| = 452.071
||eta|| = 0.309949
||yp|| = 497.566
||yphi|| = 0.227201
||BtYp|| = 2.69334
||ru|| = 2.69453
||yu|| = 133.007
||GtYphi|| = 1.94955
||KtYu|| = 13.6224
||rj|| = 14.4828
||yj|| = 0.888635
||rphi|| = 0.00214963
||rp|| = 0.0727807
||y|| = 515.037
FGMRES iteration : 217 || r || = 0.114369
||xi|| = 450.457
||eta|| = 0.343473
||yp|| = 495.817
||yphi|| = 0.279978
||BtYp|| = 2.63773
||ru|| = 2.63978
||yu|| = 134.846
||GtYphi|| = 2.04302
||KtYu|| = 13.5035
||rj|| = 14.3772
||yj|| = 0.864749
||rphi|| = 0.00274448
||rp|| = 0.0727693
||y|| = 513.827
FGMRES iteration : 218 || r || = 0.110915
||xi|| = 435.867
||eta|| = 0.320833
||yp|| = 479.738
||yphi|| = 0.206206
||BtYp|| = 2.58993
||ru|| = 2.59152
||yu|| = 125.631
||GtYphi|| = 1.84568
||KtYu|| = 12.7447
||rj|| = 13.5889
||yj|| = 0.791331
||rphi|| = 0.00158685
||rp|| = 0.0706248
||y|| = 495.916
FGMRES iteration : 219 || r || = 0.10435
||xi|| = 417.73
||eta|| = 0.343349
||yp|| = 459.76
||yphi|| = 0.232234
||BtYp|| = 2.56235
||ru|| = 2.56347
||yu|| = 126.503
||GtYphi|| = 1.77482
||KtYu|| = 13.5663
||rj|| = 14.3804
||yj|| = 0.861297
||rphi|| = 0.00174786
||rp|| = 0.0698475
||y|| = 476.847
FGMRES iteration : 220 || r || = 0.0982236
||xi|| = 466.996
||eta|| = 0.301321
||yp|| = 513.991
||yphi|| = 0.212682
||BtYp|| = 2.82231
||ru|| = 2.82372
||yu|| = 140.888
||GtYphi|| = 1.48722
||KtYu|| = 13.4642
||rj|| = 14.2371
||yj|| = 0.844534
||rphi|| = 0.00179859
||rp|| = 0.0794654
||y|| = 532.951
FGMRES iteration : 221 || r || = 0.0935789
||xi|| = 471.405
||eta|| = 0.526221
||yp|| = 518.961
||yphi|| = 0.205789
||BtYp|| = 2.63814
||ru|| = 2.6394
||yu|| = 154.393
||GtYphi|| = 1.91436
||KtYu|| = 12.8467
||rj|| = 13.6345
||yj|| = 0.84455
||rphi|| = 0.00162636
||rp|| = 0.0771507
||y|| = 541.441
FGMRES iteration : 222 || r || = 0.0916614
||xi|| = 510.421
||eta|| = 0.438645
||yp|| = 561.839
||yphi|| = 0.272634
||BtYp|| = 2.83903
||ru|| = 2.84001
||yu|| = 160.965
||GtYphi|| = 1.85109
||KtYu|| = 14.3322
||rj|| = 15.095
||yj|| = 0.960148
||rphi|| = 0.00230389
||rp|| = 0.0842658
||y|| = 584.444
FGMRES iteration : 223 || r || = 0.0907032
||xi|| = 454.956
||eta|| = 0.429417
||yp|| = 500.774
||yphi|| = 0.212542
||BtYp|| = 3.01862
||ru|| = 3.0203
||yu|| = 149.833
||GtYphi|| = 1.77708
||KtYu|| = 13.6029
||rj|| = 14.3827
||yj|| = 0.900466
||rphi|| = 0.00188285
||rp|| = 0.0837106
||y|| = 522.709
FGMRES iteration : 224 || r || = 0.0900941
||xi|| = 480.078
||eta|| = 0.429603
||yp|| = 528.379
||yphi|| = 0.243903
||BtYp|| = 3.08064
||ru|| = 3.08142
||yu|| = 149.915
||GtYphi|| = 1.91797
||KtYu|| = 13.1942
||rj|| = 13.9222
||yj|| = 0.865841
||rphi|| = 0.00227836
||rp|| = 0.0846699
||y|| = 549.235
FGMRES iteration : 225 || r || = 0.0897834
||xi|| = 436.493
||eta|| = 0.330836
||yp|| = 480.446
||yphi|| = 0.257704
||BtYp|| = 2.54784
||ru|| = 2.54932
||yu|| = 135.601
||GtYphi|| = 1.87346
||KtYu|| = 13.8055
||rj|| = 14.6644
||yj|| = 0.910399
||rphi|| = 0.00224196
||rp|| = 0.072965
||y|| = 499.216
FGMRES iteration : 226 || r || = 0.0896479
||xi|| = 463.36
||eta|| = 0.368334
||yp|| = 509.953
||yphi|| = 0.33067
||BtYp|| = 2.62773
||ru|| = 2.62856
||yu|| = 135.047
||GtYphi|| = 2.14769
||KtYu|| = 13.2003
||rj|| = 14.0172
||yj|| = 0.827204
||rphi|| = 0.00266291
||rp|| = 0.0717685
||y|| = 527.533
FGMRES iteration : 227 || r || = 0.0895941
||xi|| = 408.596
||eta|| = 0.299937
||yp|| = 449.75
||yphi|| = 0.298241
||BtYp|| = 2.3718
||ru|| = 2.37321
||yu|| = 123.24
||GtYphi|| = 2.01188
||KtYu|| = 13.4928
||rj|| = 14.3673
||yj|| = 0.881266
||rphi|| = 0.00258192
||rp|| = 0.0655298
||y|| = 466.33
FGMRES iteration : 228 || r || = 0.0895585
||xi|| = 394.996
||eta|| = 0.292631
||yp|| = 434.789
||yphi|| = 0.180007
||BtYp|| = 2.26998
||ru|| = 2.27144
||yu|| = 122.651
||GtYphi|| = 1.77506
||KtYu|| = 12.9245
||rj|| = 13.7265
||yj|| = 0.874908
||rphi|| = 0.00150776
||rp|| = 0.0671049
||y|| = 451.758
FGMRES iteration : 229 || r || = 0.0895302
||xi|| = 432.738
||eta|| = 0.300612
||yp|| = 476.323
||yphi|| = 0.301353
||BtYp|| = 2.60188
||ru|| = 2.60312
||yu|| = 130.653
||GtYphi|| = 2.08563
||KtYu|| = 12.8487
||rj|| = 13.719
||yj|| = 0.806666
||rphi|| = 0.00262339
||rp|| = 0.0705246
||y|| = 493.918
FGMRES iteration : 230 || r || = 0.0895248
||xi|| = 461.958
||eta|| = 0.354203
||yp|| = 508.49
||yphi|| = 0.277019
||BtYp|| = 2.72448
||ru|| = 2.72624
||yu|| = 140.155
||GtYphi|| = 1.97693
||KtYu|| = 14.5045
||rj|| = 15.3326
||yj|| = 0.922618
||rphi|| = 0.00232688
||rp|| = 0.0756329
||y|| = 527.453
FGMRES iteration : 231 || r || = 0.0895201
||xi|| = 501.55
||eta|| = 0.393815
||yp|| = 552.046
||yphi|| = 0.203348
||BtYp|| = 2.91626
||ru|| = 2.91766
||yu|| = 149.959
||GtYphi|| = 1.7095
||KtYu|| = 15.2053
||rj|| = 16.0521
||yj|| = 0.997571
||rphi|| = 0.00162567
||rp|| = 0.0798764
||y|| = 572.052
FGMRES iteration : 232 || r || = 0.0894727
||xi|| = 410.159
||eta|| = 0.415092
||yp|| = 451.448
||yphi|| = 0.284136
||BtYp|| = 2.45398
||ru|| = 2.45509
||yu|| = 126.116
||GtYphi|| = 2.48156
||KtYu|| = 12.5597
||rj|| = 13.3354
||yj|| = 0.782319
||rphi|| = 0.00222375
||rp|| = 0.0685564
||y|| = 468.734
FGMRES iteration : 233 || r || = 0.0893741
||xi|| = 482.431
||eta|| = 0.437736
||yp|| = 531.064
||yphi|| = 0.192718
||BtYp|| = 2.90287
||ru|| = 2.90397
||yu|| = 153.937
||GtYphi|| = 1.62758
||KtYu|| = 14.7352
||rj|| = 15.5444
||yj|| = 0.981083
||rphi|| = 0.00150773
||rp|| = 0.0819056
||y|| = 552.925
FGMRES iteration : 234 || r || = 0.0890149
||xi|| = 379.447
||eta|| = 0.332167
||yp|| = 417.68
||yphi|| = 0.307229
||BtYp|| = 2.16136
||ru|| = 2.1626
||yu|| = 117.447
||GtYphi|| = 1.92749
||KtYu|| = 12.0839
||rj|| = 12.9113
||yj|| = 0.8144
||rphi|| = 0.00230841
||rp|| = 0.0635389
||y|| = 433.879
FGMRES iteration : 235 || r || = 0.0881291
||xi|| = 534.785
||eta|| = 0.394264
||yp|| = 588.584
||yphi|| = 0.247081
||BtYp|| = 3.07068
||ru|| = 3.07126
||yu|| = 153.701
||GtYphi|| = 1.92821
||KtYu|| = 13.0691
||rj|| = 13.8065
||yj|| = 0.819687
||rphi|| = 0.00196672
||rp|| = 0.0787933
||y|| = 608.322
FGMRES iteration : 236 || r || = 0.0867628
||xi|| = 490.301
||eta|| = 0.321605
||yp|| = 539.625
||yphi|| = 0.206949
||BtYp|| = 2.99103
||ru|| = 2.99264
||yu|| = 145.174
||GtYphi|| = 1.71327
||KtYu|| = 15.0304
||rj|| = 15.878
||yj|| = 1.01661
||rphi|| = 0.00164088
||rp|| = 0.0766704
||y|| = 558.813
FGMRES iteration : 237 || r || = 0.0841473
||xi|| = 452.582
||eta|| = 0.354939
||yp|| = 498.132
||yphi|| = 0.181954
||BtYp|| = 2.47336
||ru|| = 2.47472
||yu|| = 125.69
||GtYphi|| = 1.77081
||KtYu|| = 12.6155
||rj|| = 13.4289
||yj|| = 0.8006
||rphi|| = 0.00153637
||rp|| = 0.0665214
||y|| = 513.746
FGMRES iteration : 238 || r || = 0.080592
||xi|| = 454.405
||eta|| = 0.332335
||yp|| = 500.163
||yphi|| = 0.172182
||BtYp|| = 2.62942
||ru|| = 2.62987
||yu|| = 135.19
||GtYphi|| = 1.87606
||KtYu|| = 13.2016
||rj|| = 14.0391
||yj|| = 0.784813
||rphi|| = 0.00127003
||rp|| = 0.0716836
||y|| = 518.111
FGMRES iteration : 239 || r || = 0.0764271
||xi|| = 504.663
||eta|| = 0.32377
||yp|| = 555.43
||yphi|| = 0.237869
||BtYp|| = 3.08938
||ru|| = 3.09037
||yu|| = 147.241
||GtYphi|| = 1.755
||KtYu|| = 14.164
||rj|| = 14.9321
||yj|| = 0.922319
||rphi|| = 0.00193413
||rp|| = 0.079456
||y|| = 574.616
FGMRES iteration : 240 || r || = 0.0727724
||xi|| = 528.7
||eta|| = 0.341148
||yp|| = 581.867
||yphi|| = 0.263142
||BtYp|| = 3.0713
||ru|| = 3.07253
||yu|| = 157.788
||GtYphi|| = 1.76201
||KtYu|| = 13.2164
||rj|| = 14.088
||yj|| = 0.828664
||rphi|| = 0.00206905
||rp|| = 0.0826788
||y|| = 602.882
FGMRES iteration : 241 || r || = 0.0700732
||xi|| = 448.49
||eta|| = 0.386773
||yp|| = 493.695
||yphi|| = 0.221693
||BtYp|| = 2.56177
||ru|| = 2.56218
||yu|| = 137.877
||GtYphi|| = 1.91081
||KtYu|| = 11.775
||rj|| = 12.5914
||yj|| = 0.739901
||rphi|| = 0.00205402
||rp|| = 0.0726285
||y|| = 512.587
FGMRES iteration : 242 || r || = 0.0689995
||xi|| = 462.788
||eta|| = 0.399065
||yp|| = 509.421
||yphi|| = 0.197665
||BtYp|| = 2.99042
||ru|| = 2.99168
||yu|| = 152.182
||GtYphi|| = 1.68953
||KtYu|| = 14.6004
||rj|| = 15.4323
||yj|| = 0.959249
||rphi|| = 0.00155486
||rp|| = 0.0844535
||y|| = 531.667
FGMRES iteration : 243 || r || = 0.0684362
||xi|| = 502.075
||eta|| = 0.386383
||yp|| = 552.571
||yphi|| = 0.213202
||BtYp|| = 2.87916
||ru|| = 2.87987
||yu|| = 139.733
||GtYphi|| = 2.02895
||KtYu|| = 12.9824
||rj|| = 13.7636
||yj|| = 0.828724
||rphi|| = 0.00191054
||rp|| = 0.0744076
||y|| = 569.966
FGMRES iteration : 244 || r || = 0.0682031
||xi|| = 502.997
||eta|| = 0.375855
||yp|| = 553.659
||yphi|| = 0.208857
||BtYp|| = 2.88871
||ru|| = 2.8892
||yu|| = 147.997
||GtYphi|| = 1.83926
||KtYu|| = 14.7926
||rj|| = 15.6262
||yj|| = 0.968204
||rphi|| = 0.00158276
||rp|| = 0.081069
||y|| = 573.099
FGMRES iteration : 245 || r || = 0.068066
||xi|| = 451.826
||eta|| = 0.33997
||yp|| = 497.296
||yphi|| = 0.291453
||BtYp|| = 2.88297
||ru|| = 2.88455
||yu|| = 144.169
||GtYphi|| = 2.10457
||KtYu|| = 13.5265
||rj|| = 14.3535
||yj|| = 0.883686
||rphi|| = 0.00278725
||rp|| = 0.0818639
||y|| = 517.773
FGMRES iteration : 246 || r || = 0.0679797
||xi|| = 404.335
||eta|| = 0.308171
||yp|| = 445.04
||yphi|| = 0.35033
||BtYp|| = 2.17001
||ru|| = 2.17027
||yu|| = 119.132
||GtYphi|| = 2.46147
||KtYu|| = 11.4124
||rj|| = 12.2983
||yj|| = 0.716363
||rphi|| = 0.00303085
||rp|| = 0.0649875
||y|| = 460.71
FGMRES iteration : 247 || r || = 0.0679566
||xi|| = 459.972
||eta|| = 0.400098
||yp|| = 506.362
||yphi|| = 0.178184
||BtYp|| = 2.67567
||ru|| = 2.67721
||yu|| = 146.973
||GtYphi|| = 1.60634
||KtYu|| = 14.3455
||rj|| = 15.2222
||yj|| = 0.979502
||rphi|| = 0.00147823
||rp|| = 0.078407
||y|| = 527.261
FGMRES iteration : 248 || r || = 0.0679487
||xi|| = 474.297
||eta|| = 0.33732
||yp|| = 522.065
||yphi|| = 0.209841
||BtYp|| = 2.87699
||ru|| = 2.87786
||yu|| = 145.359
||GtYphi|| = 2.07031
||KtYu|| = 13.3205
||rj|| = 14.1999
||yj|| = 0.858356
||rphi|| = 0.00163536
||rp|| = 0.0794025
||y|| = 541.924
FGMRES iteration : 249 || r || = 0.0679419
||xi|| = 443.522
||eta|| = 0.388464
||yp|| = 488.198
||yphi|| = 0.340582
||BtYp|| = 2.26247
||ru|| = 2.2644
||yu|| = 123.291
||GtYphi|| = 2.22472
||KtYu|| = 13.0061
||rj|| = 13.8367
||yj|| = 0.807371
||rphi|| = 0.00274303
||rp|| = 0.0626712
||y|| = 503.527
FGMRES iteration : 250 || r || = 0.067936
||xi|| = 442.443
||eta|| = 0.342444
||yp|| = 487.05
||yphi|| = 0.251588
||BtYp|| = 2.44316
||ru|| = 2.44499
||yu|| = 140.481
||GtYphi|| = 1.80274
||KtYu|| = 14.8574
||rj|| = 15.7319
||yj|| = 1.00263
||rphi|| = 0.00214638
||rp|| = 0.0731934
||y|| = 506.906
FGMRES iteration : 251 || r || = 0.0679184
||xi|| = 431.219
||eta|| = 0.387708
||yp|| = 474.646
||yphi|| = 0.334751
||BtYp|| = 2.48505
||ru|| = 2.48579
||yu|| = 132.615
||GtYphi|| = 2.12024
||KtYu|| = 12.5177
||rj|| = 13.3928
||yj|| = 0.803926
||rphi|| = 0.00272384
||rp|| = 0.0719261
||y|| = 492.825
FGMRES iteration : 252 || r || = 0.0678683
||xi|| = 505.98
||eta|| = 0.501302
||yp|| = 556.896
||yphi|| = 0.323002
||BtYp|| = 3.17399
||ru|| = 3.17412
||yu|| = 172.763
||GtYphi|| = 1.83072
||KtYu|| = 14.365
||rj|| = 15.1457
||yj|| = 0.900859
||rphi|| = 0.00247799
||rp|| = 0.0917607
||y|| = 583.079
FGMRES iteration : 253 || r || = 0.0677777
||xi|| = 435.129
||eta|| = 0.370784
||yp|| = 479
||yphi|| = 0.294807
||BtYp|| = 2.38387
||ru|| = 2.38509
||yu|| = 139.439
||GtYphi|| = 1.95367
||KtYu|| = 13.7432
||rj|| = 14.5611
||yj|| = 0.905157
||rphi|| = 0.00253532
||rp|| = 0.074422
||y|| = 498.884
FGMRES iteration : 254 || r || = 0.0675557
||xi|| = 423.953
||eta|| = 0.357938
||yp|| = 466.692
||yphi|| = 0.295339
||BtYp|| = 2.57055
||ru|| = 2.5728
||yu|| = 142.594
||GtYphi|| = 1.96483
||KtYu|| = 13.8199
||rj|| = 14.7292
||yj|| = 0.843231
||rphi|| = 0.00221772
||rp|| = 0.0766989
||y|| = 487.991
FGMRES iteration : 255 || r || = 0.0669741
||xi|| = 464.186
||eta|| = 0.424966
||yp|| = 510.911
||yphi|| = 0.178138
||BtYp|| = 2.75774
||ru|| = 2.75712
||yu|| = 149.634
||GtYphi|| = 1.80757
||KtYu|| = 13.3983
||rj|| = 14.116
||yj|| = 0.849451
||rphi|| = 0.00139187
||rp|| = 0.0844323
||y|| = 532.373
FGMRES iteration : 256 || r || = 0.0661226
||xi|| = 443.459
||eta|| = 0.329625
||yp|| = 488.145
||yphi|| = 0.232548
||BtYp|| = 2.53377
||ru|| = 2.53503
||yu|| = 136.235
||GtYphi|| = 1.87226
||KtYu|| = 14.0709
||rj|| = 14.9128
||yj|| = 0.960825
||rphi|| = 0.0019301
||rp|| = 0.0748925
||y|| = 506.801
FGMRES iteration : 257 || r || = 0.064795
||xi|| = 497.83
||eta|| = 0.382133
||yp|| = 547.952
||yphi|| = 0.281898
||BtYp|| = 2.85855
||ru|| = 2.85887
||yu|| = 150.58
||GtYphi|| = 1.89291
||KtYu|| = 13.9124
||rj|| = 14.7148
||yj|| = 0.873625
||rphi|| = 0.00246288
||rp|| = 0.0822491
||y|| = 568.267
FGMRES iteration : 258 || r || = 0.0624884
||xi|| = 437.683
||eta|| = 0.339614
||yp|| = 481.789
||yphi|| = 0.157264
||BtYp|| = 2.34152
||ru|| = 2.34294
||yu|| = 130.153
||GtYphi|| = 1.56137
||KtYu|| = 12.453
||rj|| = 13.2111
||yj|| = 0.821776
||rphi|| = 0.00137952
||rp|| = 0.0695659
||y|| = 499.061
FGMRES iteration : 259 || r || = 0.0604956
||xi|| = 362.493
||eta|| = 0.328937
||yp|| = 399.029
||yphi|| = 0.194409
||BtYp|| = 2.07041
||ru|| = 2.07203
||yu|| = 117.639
||GtYphi|| = 1.51348
||KtYu|| = 13.4748
||rj|| = 14.2344
||yj|| = 0.949259
||rphi|| = 0.00184006
||rp|| = 0.0645643
||y|| = 416.01
FGMRES iteration : 260 || r || = 0.0592841
||xi|| = 485.844
||eta|| = 0.483611
||yp|| = 534.744
||yphi|| = 0.198339
||BtYp|| = 2.63017
||ru|| = 2.63086
||yu|| = 146.752
||GtYphi|| = 1.80093
||KtYu|| = 13.8176
||rj|| = 14.6684
||yj|| = 0.863099
||rphi|| = 0.0018766
||rp|| = 0.0791548
||y|| = 554.516
FGMRES iteration : 261 || r || = 0.0585788
||xi|| = 391.933
||eta|| = 0.393934
||yp|| = 431.502
||yphi|| = 0.21613
||BtYp|| = 2.07707
||ru|| = 2.07845
||yu|| = 123.087
||GtYphi|| = 1.76681
||KtYu|| = 12.8535
||rj|| = 13.6192
||yj|| = 0.900825
||rphi|| = 0.00184775
||rp|| = 0.0634345
||y|| = 448.715
FGMRES iteration : 262 || r || = 0.0582296
||xi|| = 433.42
||eta|| = 0.443339
||yp|| = 477.195
||yphi|| = 0.1547
||BtYp|| = 2.27348
||ru|| = 2.27571
||yu|| = 145.85
||GtYphi|| = 1.62444
||KtYu|| = 14.0847
||rj|| = 14.8623
||yj|| = 0.982856
||rphi|| = 0.00117847
||rp|| = 0.0691061
||y|| = 498.987
FGMRES iteration : 263 || r || = 0.0580455
||xi|| = 433.492
||eta|| = 0.388243
||yp|| = 477.155
||yphi|| = 0.156422
||BtYp|| = 2.15816
||ru|| = 2.15916
||yu|| = 121.857
||GtYphi|| = 1.76434
||KtYu|| = 13.3962
||rj|| = 14.1454
||yj|| = 0.821023
||rphi|| = 0.00125117
||rp|| = 0.0658348
||y|| = 492.47
FGMRES iteration : 264 || r || = 0.0580071
||xi|| = 482.732
||eta|| = 0.348057
||yp|| = 531.385
||yphi|| = 0.198111
||BtYp|| = 2.47114
||ru|| = 2.4725
||yu|| = 146.885
||GtYphi|| = 1.61505
||KtYu|| = 14.5674
||rj|| = 15.3863
||yj|| = 0.974511
||rphi|| = 0.00170152
||rp|| = 0.07391
||y|| = 551.313
FGMRES iteration : 265 || r || = 0.0579731
||xi|| = 535.894
||eta|| = 0.415939
||yp|| = 589.817
||yphi|| = 0.208221
||BtYp|| = 2.79879
||ru|| = 2.7995
||yu|| = 154.728
||GtYphi|| = 1.9011
||KtYu|| = 14.0984
||rj|| = 14.8619
||yj|| = 0.865419
||rphi|| = 0.00155825
||rp|| = 0.0784298
||y|| = 609.775
FGMRES iteration : 266 || r || = 0.0579686
||xi|| = 453.958
||eta|| = 0.491439
||yp|| = 499.797
||yphi|| = 0.419523
||BtYp|| = 2.60777
||ru|| = 2.60944
||yu|| = 148.389
||GtYphi|| = 2.1038
||KtYu|| = 14.1714
||rj|| = 15.0368
||yj|| = 0.937767
||rphi|| = 0.00320336
||rp|| = 0.0742309
||y|| = 521.361
FGMRES iteration : 267 || r || = 0.0579645
||xi|| = 433.06
||eta|| = 0.349812
||yp|| = 476.698
||yphi|| = 0.253277
||BtYp|| = 2.46342
||ru|| = 2.46448
||yu|| = 132.588
||GtYphi|| = 1.75625
||KtYu|| = 14.0703
||rj|| = 14.7881
||yj|| = 0.949824
||rphi|| = 0.00189471
||rp|| = 0.0713484
||y|| = 494.794
FGMRES iteration : 268 || r || = 0.057964
||xi|| = 492.614
||eta|| = 0.408229
||yp|| = 542.196
||yphi|| = 0.353423
||BtYp|| = 2.98968
||ru|| = 2.99069
||yu|| = 160.952
||GtYphi|| = 2.14878
||KtYu|| = 14.6502
||rj|| = 15.353
||yj|| = 0.906441
||rphi|| = 0.00256047
||rp|| = 0.0859988
||y|| = 565.581
FGMRES iteration : 269 || r || = 0.057944
||xi|| = 460.43
||eta|| = 0.37191
||yp|| = 506.822
||yphi|| = 0.349785
||BtYp|| = 2.64622
||ru|| = 2.64744
||yu|| = 137.949
||GtYphi|| = 2.35419
||KtYu|| = 13.9164
||rj|| = 14.859
||yj|| = 0.869888
||rphi|| = 0.00276703
||rp|| = 0.0708623
||y|| = 525.261
FGMRES iteration : 270 || r || = 0.0579053
||xi|| = 443.62
||eta|| = 0.388154
||yp|| = 488.264
||yphi|| = 0.196948
||BtYp|| = 2.51241
||ru|| = 2.51425
||yu|| = 131.138
||GtYphi|| = 1.70658
||KtYu|| = 15.0157
||rj|| = 15.8795
||yj|| = 0.994693
||rphi|| = 0.00168956
||rp|| = 0.0709295
||y|| = 505.569
FGMRES iteration : 271 || r || = 0.0577589
||xi|| = 416.11
||eta|| = 0.573244
||yp|| = 458.078
||yphi|| = 0.195272
||BtYp|| = 2.32078
||ru|| = 2.32095
||yu|| = 129.657
||GtYphi|| = 1.90317
||KtYu|| = 13.7365
||rj|| = 14.4132
||yj|| = 0.857027
||rphi|| = 0.00142995
||rp|| = 0.0666401
||y|| = 476.075
FGMRES iteration : 272 || r || = 0.0575534
||xi|| = 557.405
||eta|| = 0.512816
||yp|| = 613.591
||yphi|| = 0.180566
||BtYp|| = 3.36618
||ru|| = 3.36819
||yu|| = 168.471
||GtYphi|| = 1.75862
||KtYu|| = 14.8508
||rj|| = 15.6504
||yj|| = 0.946657
||rphi|| = 0.00163144
||rp|| = 0.0842764
||y|| = 636.299
FGMRES iteration : 273 || r || = 0.0572772
||xi|| = 451.646
||eta|| = 0.424972
||yp|| = 497.089
||yphi|| = 0.160965
||BtYp|| = 2.62988
||ru|| = 2.6313
||yu|| = 130.522
||GtYphi|| = 1.7963
||KtYu|| = 13.8617
||rj|| = 14.6863
||yj|| = 0.856262
||rphi|| = 0.00139847
||rp|| = 0.0690009
||y|| = 513.94
FGMRES iteration : 274 || r || = 0.0562967
||xi|| = 475.121
||eta|| = 0.441423
||yp|| = 523
||yphi|| = 0.243559
||BtYp|| = 2.6294
||ru|| = 2.63052
||yu|| = 130.218
||GtYphi|| = 1.85289
||KtYu|| = 12.2759
||rj|| = 13.0266
||yj|| = 0.771889
||rphi|| = 0.00196232
||rp|| = 0.0650857
||y|| = 538.968
FGMRES iteration : 275 || r || = 0.0545861
||xi|| = 478.072
||eta|| = 0.403941
||yp|| = 526.205
||yphi|| = 0.206687
||BtYp|| = 2.73763
||ru|| = 2.73935
||yu|| = 160.554
||GtYphi|| = 1.6895
||KtYu|| = 15.7139
||rj|| = 16.5109
||yj|| = 1.06401
||rphi|| = 0.00178241
||rp|| = 0.0822323
||y|| = 550.155
FGMRES iteration : 276 || r || = 0.0516625
||xi|| = 488.186
||eta|| = 0.373356
||yp|| = 537.309
||yphi|| = 0.216539
||BtYp|| = 2.71125
||ru|| = 2.71231
||yu|| = 130.154
||GtYphi|| = 1.74661
||KtYu|| = 12.387
||rj|| = 13.1296
||yj|| = 0.749808
||rphi|| = 0.00182229
||rp|| = 0.0692664
||y|| = 552.849
FGMRES iteration : 277 || r || = 0.048976
||xi|| = 454.568
||eta|| = 0.375726
||yp|| = 500.348
||yphi|| = 0.165062
||BtYp|| = 2.47671
||ru|| = 2.47776
||yu|| = 132.131
||GtYphi|| = 1.56682
||KtYu|| = 13.384
||rj|| = 14.1492
||yj|| = 0.832097
||rphi|| = 0.00144035
||rp|| = 0.0701148
||y|| = 517.501
FGMRES iteration : 278 || r || = 0.0470377
||xi|| = 472.897
||eta|| = 0.418529
||yp|| = 520.477
||yphi|| = 0.16097
||BtYp|| = 2.66213
||ru|| = 2.66343
||yu|| = 147.615
||GtYphi|| = 1.65228
||KtYu|| = 14.336
||rj|| = 15.1067
||yj|| = 0.894834
||rphi|| = 0.00137017
||rp|| = 0.0767683
||y|| = 541.006
FGMRES iteration : 279 || r || = 0.0456742
||xi|| = 483.008
||eta|| = 0.34798
||yp|| = 531.649
||yphi|| = 0.19101
||BtYp|| = 2.58512
||ru|| = 2.58578
||yu|| = 135.587
||GtYphi|| = 2.08065
||KtYu|| = 12.6282
||rj|| = 13.4082
||yj|| = 0.754563
||rphi|| = 0.00161118
||rp|| = 0.0676334
||y|| = 548.667
FGMRES iteration : 280 || r || = 0.0452596
||xi|| = 520.701
||eta|| = 0.337573
||yp|| = 573.09
||yphi|| = 0.181075
||BtYp|| = 2.95019
||ru|| = 2.95121
||yu|| = 155.738
||GtYphi|| = 1.63087
||KtYu|| = 14.5102
||rj|| = 15.3793
||yj|| = 0.921749
||rphi|| = 0.00148187
||rp|| = 0.0796312
||y|| = 593.875
FGMRES iteration : 281 || r || = 0.0450449
||xi|| = 443.679
||eta|| = 0.539179
||yp|| = 488.457
||yphi|| = 0.151885
||BtYp|| = 2.46578
||ru|| = 2.46799
||yu|| = 160.199
||GtYphi|| = 1.74602
||KtYu|| = 14.2483
||rj|| = 14.9806
||yj|| = 0.916668
||rphi|| = 0.00112649
||rp|| = 0.0785717
||y|| = 514.058
FGMRES iteration : 282 || r || = 0.0449461
||xi|| = 442.023
||eta|| = 0.441169
||yp|| = 486.632
||yphi|| = 0.247891
||BtYp|| = 2.41482
||ru|| = 2.41614
||yu|| = 144.636
||GtYphi|| = 1.93656
||KtYu|| = 14.0029
||rj|| = 14.834
||yj|| = 0.851781
||rphi|| = 0.00191311
||rp|| = 0.0687968
||y|| = 507.672
FGMRES iteration : 283 || r || = 0.0449056
||xi|| = 440.041
||eta|| = 0.427977
||yp|| = 484.394
||yphi|| = 0.299172
||BtYp|| = 2.46468
||ru|| = 2.46581
||yu|| = 140.934
||GtYphi|| = 1.90349
||KtYu|| = 14.2962
||rj|| = 15.0662
||yj|| = 0.924809
||rphi|| = 0.00233134
||rp|| = 0.0718196
||y|| = 504.481
FGMRES iteration : 284 || r || = 0.0448932
||xi|| = 507.52
||eta|| = 0.476754
||yp|| = 558.627
||yphi|| = 0.278503
||BtYp|| = 2.89794
||ru|| = 2.89978
||yu|| = 164.346
||GtYphi|| = 2.003
||KtYu|| = 15.4855
||rj|| = 16.3537
||yj|| = 0.913883
||rphi|| = 0.00209005
||rp|| = 0.0833795
||y|| = 582.302
FGMRES iteration : 285 || r || = 0.0448564
||xi|| = 487.22
||eta|| = 0.648334
||yp|| = 536.316
||yphi|| = 0.322765
||BtYp|| = 2.64912
||ru|| = 2.65155
||yu|| = 144.029
||GtYphi|| = 2.10272
||KtYu|| = 14.3981
||rj|| = 15.1483
||yj|| = 0.890102
||rphi|| = 0.00242279
||rp|| = 0.0711234
||y|| = 555.32
FGMRES iteration : 286 || r || = 0.0448314
||xi|| = 459.537
||eta|| = 0.60149
||yp|| = 505.967
||yphi|| = 0.291883
||BtYp|| = 2.55382
||ru|| = 2.55685
||yu|| = 146.535
||GtYphi|| = 1.88589
||KtYu|| = 14.059
||rj|| = 14.8734
||yj|| = 0.919604
||rphi|| = 0.00225702
||rp|| = 0.0677588
||y|| = 526.76
FGMRES iteration : 287 || r || = 0.0448216
||xi|| = 390.673
||eta|| = 0.447334
||yp|| = 430.061
||yphi|| = 0.265206
||BtYp|| = 2.00415
||ru|| = 2.00578
||yu|| = 121.166
||GtYphi|| = 1.9546
||KtYu|| = 13.8351
||rj|| = 14.6225
||yj|| = 0.861763
||rphi|| = 0.00210698
||rp|| = 0.0585442
||y|| = 446.805
FGMRES iteration : 288 || r || = 0.0448118
||xi|| = 463.507
||eta|| = 0.495158
||yp|| = 510.191
||yphi|| = 0.192763
||BtYp|| = 2.46822
||ru|| = 2.47139
||yu|| = 133.458
||GtYphi|| = 1.85261
||KtYu|| = 14.742
||rj|| = 15.555
||yj|| = 0.903126
||rphi|| = 0.00158747
||rp|| = 0.0687805
||y|| = 527.358
FGMRES iteration : 289 || r || = 0.0447932
||xi|| = 440.751
||eta|| = 0.515733
||yp|| = 485.188
||yphi|| = 0.188606
||BtYp|| = 2.53053
||ru|| = 2.53136
||yu|| = 141.194
||GtYphi|| = 1.84268
||KtYu|| = 14.3966
||rj|| = 15.1576
||yj|| = 0.957569
||rphi|| = 0.00140405
||rp|| = 0.0736509
||y|| = 505.316
FGMRES iteration : 290 || r || = 0.0446367
||xi|| = 486.956
||eta|| = 0.361398
||yp|| = 535.972
||yphi|| = 0.196856
||BtYp|| = 2.71297
||ru|| = 2.71446
||yu|| = 137.68
||GtYphi|| = 1.98282
||KtYu|| = 14.6796
||rj|| = 15.4914
||yj|| = 0.874665
||rphi|| = 0.00147049
||rp|| = 0.0693331
||y|| = 553.374
FGMRES iteration : 291 || r || = 0.04423
||xi|| = 437.87
||eta|| = 0.34619
||yp|| = 481.964
||yphi|| = 0.190283
||BtYp|| = 2.43011
||ru|| = 2.4305
||yu|| = 127.948
||GtYphi|| = 1.80986
||KtYu|| = 13.0636
||rj|| = 13.8428
||yj|| = 0.820319
||rphi|| = 0.00160211
||rp|| = 0.0667768
||y|| = 498.659
FGMRES iteration : 292 || r || = 0.0437141
||xi|| = 490.773
||eta|| = 0.44154
||yp|| = 540.141
||yphi|| = 0.18959
||BtYp|| = 2.86123
||ru|| = 2.86257
||yu|| = 144.22
||GtYphi|| = 1.83952
||KtYu|| = 14.6711
||rj|| = 15.486
||yj|| = 0.901295
||rphi|| = 0.00139492
||rp|| = 0.0753172
||y|| = 559.064
FGMRES iteration : 293 || r || = 0.0424167
||xi|| = 578.249
||eta|| = 0.410772
||yp|| = 636.466
||yphi|| = 0.180727
||BtYp|| = 3.0397
||ru|| = 3.04196
||yu|| = 154.975
||GtYphi|| = 1.81916
||KtYu|| = 13.6372
||rj|| = 14.4156
||yj|| = 0.850139
||rphi|| = 0.0016996
||rp|| = 0.07432
||y|| = 655.063
FGMRES iteration : 294 || r || = 0.0403672
||xi|| = 455.473
||eta|| = 0.347413
||yp|| = 501.358
||yphi|| = 0.164535
||BtYp|| = 2.64773
||ru|| = 2.64964
||yu|| = 139.003
||GtYphi|| = 1.54113
||KtYu|| = 14.9063
||rj|| = 15.6949
||yj|| = 0.963088
||rphi|| = 0.00147339
||rp|| = 0.0712212
||y|| = 520.272
FGMRES iteration : 295 || r || = 0.0367779
||xi|| = 460.313
||eta|| = 0.398279
||yp|| = 506.644
||yphi|| = 0.228069
||BtYp|| = 2.69513
||ru|| = 2.69591
||yu|| = 130.143
||GtYphi|| = 1.75826
||KtYu|| = 12.3431
||rj|| = 13.0799
||yj|| = 0.76625
||rphi|| = 0.0018872
||rp|| = 0.0725955
||y|| = 523.093
FGMRES iteration : 296 || r || = 0.0342009
||xi|| = 448.899
||eta|| = 0.542776
||yp|| = 494.137
||yphi|| = 0.193177
||BtYp|| = 2.47847
||ru|| = 2.47943
||yu|| = 131.642
||GtYphi|| = 1.68614
||KtYu|| = 13.7645
||rj|| = 14.5587
||yj|| = 0.837953
||rphi|| = 0.00152387
||rp|| = 0.0697733
||y|| = 511.373
FGMRES iteration : 297 || r || = 0.0327626
||xi|| = 440.049
||eta|| = 0.563058
||yp|| = 484.479
||yphi|| = 0.28739
||BtYp|| = 2.57344
||ru|| = 2.57451
||yu|| = 145.308
||GtYphi|| = 1.81031
||KtYu|| = 14.8808
||rj|| = 15.679
||yj|| = 1.00313
||rphi|| = 0.00222358
||rp|| = 0.0791074
||y|| = 505.802
FGMRES iteration : 298 || r || = 0.031859
||xi|| = 467.338
||eta|| = 0.536551
||yp|| = 514.421
||yphi|| = 0.155033
||BtYp|| = 2.61052
||ru|| = 2.61093
||yu|| = 138.577
||GtYphi|| = 1.76028
||KtYu|| = 12.9781
||rj|| = 13.7561
||yj|| = 0.793469
||rphi|| = 0.00121587
||rp|| = 0.070086
||y|| = 532.76
FGMRES iteration : 299 || r || = 0.0314704
||xi|| = 454.69
||eta|| = 0.646889
||yp|| = 500.557
||yphi|| = 0.171944
||BtYp|| = 2.63457
||ru|| = 2.63517
||yu|| = 143.029
||GtYphi|| = 1.84602
||KtYu|| = 13.7838
||rj|| = 14.6116
||yj|| = 0.802363
||rphi|| = 0.00123736
||rp|| = 0.0747981
||y|| = 520.592
FGMRES iteration : 300 || r || = 0.03129
||xi|| = 435.259
||eta|| = 0.536558
||yp|| = 479.15
||yphi|| = 0.18754
||BtYp|| = 2.57908
||ru|| = 2.5813
||yu|| = 136.113
||GtYphi|| = 1.69505
||KtYu|| = 14.0065
||rj|| = 14.7792
||yj|| = 0.929388
||rphi|| = 0.00146746
||rp|| = 0.0751173
||y|| = 498.109
FGMRES iteration : 301 || r || = 0.0312006
||xi|| = 449.859
||eta|| = 0.411383
||yp|| = 495.206
||yphi|| = 0.301115
||BtYp|| = 2.78328
||ru|| = 2.78386
||yu|| = 150.789
||GtYphi|| = 1.95478
||KtYu|| = 13.9918
||rj|| = 14.8562
||yj|| = 0.861903
||rphi|| = 0.0023396
||rp|| = 0.0838145
||y|| = 517.655
FGMRES iteration : 302 || r || = 0.0311665
||xi|| = 480.035
||eta|| = 0.434983
||yp|| = 528.359
||yphi|| = 0.242437
||BtYp|| = 2.40274
||ru|| = 2.40366
||yu|| = 125.814
||GtYphi|| = 2.06455
||KtYu|| = 12.9239
||rj|| = 13.7482
||yj|| = 0.768818
||rphi|| = 0.00195751
||rp|| = 0.0671792
||y|| = 543.133
FGMRES iteration : 303 || r || = 0.031155
||xi|| = 408.255
||eta|| = 0.544105
||yp|| = 449.364
||yphi|| = 0.234203
||BtYp|| = 2.59627
||ru|| = 2.59759
||yu|| = 137.656
||GtYphi|| = 1.94584
||KtYu|| = 13.8151
||rj|| = 14.6415
||yj|| = 0.921514
||rphi|| = 0.00167478
||rp|| = 0.0779344
||y|| = 469.976
FGMRES iteration : 304 || r || = 0.0311472
||xi|| = 578.961
||eta|| = 0.543479
||yp|| = 637.324
||yphi|| = 0.157972
||BtYp|| = 3.32318
||ru|| = 3.32379
||yu|| = 182.31
||GtYphi|| = 1.71639
||KtYu|| = 14.3309
||rj|| = 15.0832
||yj|| = 0.886185
||rphi|| = 0.0012528
||rp|| = 0.0899175
||y|| = 662.887
FGMRES iteration : 305 || r || = 0.031142
||xi|| = 444.802
||eta|| = 0.49819
||yp|| = 489.646
||yphi|| = 0.169723
||BtYp|| = 2.30068
||ru|| = 2.30192
||yu|| = 134.376
||GtYphi|| = 1.97739
||KtYu|| = 13.9216
||rj|| = 14.7196
||yj|| = 0.909334
||rphi|| = 0.00125619
||rp|| = 0.0701138
||y|| = 507.751
FGMRES iteration : 306 || r || = 0.0311318
||xi|| = 446.482
||eta|| = 0.752436
||yp|| = 491.579
||yphi|| = 0.177129
||BtYp|| = 2.54571
||ru|| = 2.54729
||yu|| = 155.267
||GtYphi|| = 1.63625
||KtYu|| = 15.7257
||rj|| = 16.5319
||yj|| = 1.03706
||rphi|| = 0.00149295
||rp|| = 0.0780791
||y|| = 515.518
FGMRES iteration : 307 || r || = 0.0311069
||xi|| = 400.465
||eta|| = 0.690513
||yp|| = 440.909
||yphi|| = 0.204945
||BtYp|| = 1.95437
||ru|| = 1.95543
||yu|| = 122.634
||GtYphi|| = 2.02136
||KtYu|| = 12.6562
||rj|| = 13.3936
||yj|| = 0.794629
||rphi|| = 0.00147713
||rp|| = 0.0633744
||y|| = 457.647
FGMRES iteration : 308 || r || = 0.0310863
||xi|| = 457.794
||eta|| = 0.565615
||yp|| = 503.996
||yphi|| = 0.225104
||BtYp|| = 2.4665
||ru|| = 2.46779
||yu|| = 134.952
||GtYphi|| = 1.81899
||KtYu|| = 14.2138
||rj|| = 15.0629
||yj|| = 0.902353
||rphi|| = 0.00189208
||rp|| = 0.0687616
||y|| = 521.752
FGMRES iteration : 309 || r || = 0.0310568
||xi|| = 422.627
||eta|| = 0.838051
||yp|| = 465.273
||yphi|| = 0.19368
||BtYp|| = 2.21534
||ru|| = 2.2173
||yu|| = 143.727
||GtYphi|| = 1.75959
||KtYu|| = 15.6521
||rj|| = 16.3919
||yj|| = 1.04768
||rphi|| = 0.00166244
||rp|| = 0.0734395
||y|| = 486.967
FGMRES iteration : 310 || r || = 0.0309668
||xi|| = 440.191
||eta|| = 0.635451
||yp|| = 484.562
||yphi|| = 0.207156
||BtYp|| = 2.03361
||ru|| = 2.03441
||yu|| = 117.428
||GtYphi|| = 1.96741
||KtYu|| = 11.8256
||rj|| = 12.6133
||yj|| = 0.684266
||rphi|| = 0.00173503
||rp|| = 0.0587025
||y|| = 498.589
FGMRES iteration : 311 || r || = 0.0308213
||xi|| = 423.29
||eta|| = 0.628993
||yp|| = 466.04
||yphi|| = 0.195389
||BtYp|| = 2.25033
||ru|| = 2.25211
||yu|| = 135.467
||GtYphi|| = 2.025
||KtYu|| = 14.1665
||rj|| = 15.0925
||yj|| = 0.901164
||rphi|| = 0.00152806
||rp|| = 0.0656963
||y|| = 485.33
FGMRES iteration : 312 || r || = 0.0304965
||xi|| = 504.511
||eta|| = 0.426328
||yp|| = 555.258
||yphi|| = 0.213961
||BtYp|| = 2.7787
||ru|| = 2.78004
||yu|| = 146.196
||GtYphi|| = 2.00528
||KtYu|| = 15.2418
||rj|| = 16.0452
||yj|| = 0.977491
||rphi|| = 0.00178616
||rp|| = 0.0721773
||y|| = 574.182
FGMRES iteration : 313 || r || = 0.0294782
||xi|| = 465.811
||eta|| = 0.398619
||yp|| = 512.679
||yphi|| = 0.188774
||BtYp|| = 2.41896
||ru|| = 2.42008
||yu|| = 123.744
||GtYphi|| = 2.20245
||KtYu|| = 12.9871
||rj|| = 13.881
||yj|| = 0.751226
||rphi|| = 0.00145372
||rp|| = 0.0641122
||y|| = 527.402
FGMRES iteration : 314 || r || = 0.0277619
||xi|| = 481.248
||eta|| = 0.560404
||yp|| = 529.682
||yphi|| = 0.130745
||BtYp|| = 2.70623
||ru|| = 2.7089
||yu|| = 147.961
||GtYphi|| = 1.46012
||KtYu|| = 14.7648
||rj|| = 15.5233
||yj|| = 0.948168
||rphi|| = 0.00104124
||rp|| = 0.0726897
||y|| = 549.96
FGMRES iteration : 315 || r || = 0.0260146
||xi|| = 465.48
||eta|| = 0.476762
||yp|| = 512.368
||yphi|| = 0.189685
||BtYp|| = 2.75853
||ru|| = 2.75786
||yu|| = 136.261
||GtYphi|| = 1.74775
||KtYu|| = 13.6158
||rj|| = 14.4191
||yj|| = 0.866264
||rphi|| = 0.00167533
||rp|| = 0.0704956
||y|| = 530.178
FGMRES iteration : 316 || r || = 0.0247688
||xi|| = 453.747
||eta|| = 0.434866
||yp|| = 499.41
||yphi|| = 0.213332
||BtYp|| = 2.33446
||ru|| = 2.33502
||yu|| = 119.448
||GtYphi|| = 2.01677
||KtYu|| = 12.4016
||rj|| = 13.3255
||yj|| = 0.718756
||rphi|| = 0.00180199
||rp|| = 0.0622191
||y|| = 513.497
FGMRES iteration : 317 || r || = 0.0240433
||xi|| = 493.096
||eta|| = 0.711721
||yp|| = 542.811
||yphi|| = 0.178815
||BtYp|| = 3.16094
||ru|| = 3.16116
||yu|| = 159.602
||GtYphi|| = 1.57075
||KtYu|| = 14.8359
||rj|| = 15.557
||yj|| = 1.00126
||rphi|| = 0.00144967
||rp|| = 0.0858726
||y|| = 565.789
FGMRES iteration : 318 || r || = 0.0236689
||xi|| = 499.803
||eta|| = 0.689169
||yp|| = 550.134
||yphi|| = 0.213868
||BtYp|| = 2.72804
||ru|| = 2.73051
||yu|| = 151.154
||GtYphi|| = 1.88053
||KtYu|| = 14.7166
||rj|| = 15.5064
||yj|| = 0.981033
||rphi|| = 0.00186763
||rp|| = 0.0778794
||y|| = 570.522
FGMRES iteration : 319 || r || = 0.0235135
||xi|| = 507.102
||eta|| = 0.663769
||yp|| = 558.166
||yphi|| = 0.209325
||BtYp|| = 3.1077
||ru|| = 3.11192
||yu|| = 154.821
||GtYphi|| = 1.95148
||KtYu|| = 13.6756
||rj|| = 14.4159
||yj|| = 0.846086
||rphi|| = 0.00170282
||rp|| = 0.081702
||y|| = 579.241
FGMRES iteration : 320 || r || = 0.0234408
||xi|| = 511.602
||eta|| = 0.729191
||yp|| = 563.234
||yphi|| = 0.170906
||BtYp|| = 3.09678
||ru|| = 3.09833
||yu|| = 170.832
||GtYphi|| = 1.62934
||KtYu|| = 15.3691
||rj|| = 16.1313
||yj|| = 1.01886
||rphi|| = 0.00149916
||rp|| = 0.0857043
||y|| = 588.573
FGMRES iteration : 321 || r || = 0.0234072
||xi|| = 473.609
||eta|| = 0.614405
||yp|| = 521.333
||yphi|| = 0.188957
||BtYp|| = 2.75512
||ru|| = 2.75557
||yu|| = 153.011
||GtYphi|| = 1.98841
||KtYu|| = 14.0511
||rj|| = 14.8145
||yj|| = 0.877324
||rphi|| = 0.00155858
||rp|| = 0.0765913
||y|| = 543.324
FGMRES iteration : 322 || r || = 0.0233935
||xi|| = 434.62
||eta|| = 0.54212
||yp|| = 478.433
||yphi|| = 0.198854
||BtYp|| = 2.33989
||ru|| = 2.34101
||yu|| = 131.164
||GtYphi|| = 1.96838
||KtYu|| = 13.3639
||rj|| = 14.2106
||yj|| = 0.811439
||rphi|| = 0.00164968
||rp|| = 0.0662797
||y|| = 496.087
FGMRES iteration : 323 || r || = 0.0233875
||xi|| = 478.485
||eta|| = 0.500362
||yp|| = 526.676
||yphi|| = 0.19335
||BtYp|| = 2.69905
||ru|| = 2.70206
||yu|| = 155.436
||GtYphi|| = 1.8027
||KtYu|| = 15.3837
||rj|| = 16.1176
||yj|| = 1.0241
||rphi|| = 0.00165953
||rp|| = 0.0759305
||y|| = 549.135
FGMRES iteration : 324 || r || = 0.0233771
||xi|| = 469.876
||eta|| = 0.439016
||yp|| = 517.193
||yphi|| = 0.179446
||BtYp|| = 2.54409
||ru|| = 2.54607
||yu|| = 136.392
||GtYphi|| = 1.87388
||KtYu|| = 14.0298
||rj|| = 14.7774
||yj|| = 0.909933
||rphi|| = 0.00146894
||rp|| = 0.0673046
||y|| = 534.876
FGMRES iteration : 325 || r || = 0.0233671
||xi|| = 465.026
||eta|| = 0.434397
||yp|| = 511.845
||yphi|| = 0.165158
||BtYp|| = 2.74573
||ru|| = 2.74841
||yu|| = 141.839
||GtYphi|| = 1.69857
||KtYu|| = 14.6502
||rj|| = 15.4361
||yj|| = 0.968592
||rphi|| = 0.00121167
||rp|| = 0.0769215
||y|| = 531.135
FGMRES iteration : 326 || r || = 0.0233565
||xi|| = 424.952
||eta|| = 0.580468
||yp|| = 467.844
||yphi|| = 0.192521
||BtYp|| = 2.32902
||ru|| = 2.33057
||yu|| = 133.964
||GtYphi|| = 1.8032
||KtYu|| = 13.4377
||rj|| = 14.1913
||yj|| = 0.857863
||rphi|| = 0.00148917
||rp|| = 0.0692999
||y|| = 486.647
FGMRES iteration : 327 || r || = 0.023341
||xi|| = 473.588
||eta|| = 0.475366
||yp|| = 521.277
||yphi|| = 0.16907
||BtYp|| = 2.81266
||ru|| = 2.81153
||yu|| = 153.953
||GtYphi|| = 1.75396
||KtYu|| = 15.4979
||rj|| = 16.2816
||yj|| = 0.933722
||rphi|| = 0.00130723
||rp|| = 0.0785462
||y|| = 543.536
FGMRES iteration : 328 || r || = 0.0233102
||xi|| = 460.124
||eta|| = 0.517661
||yp|| = 506.455
||yphi|| = 0.163436
||BtYp|| = 2.90085
||ru|| = 2.90272
||yu|| = 150.167
||GtYphi|| = 1.69678
||KtYu|| = 14.1317
||rj|| = 14.8052
||yj|| = 0.945723
||rphi|| = 0.00139144
||rp|| = 0.0850849
||y|| = 528.25
FGMRES iteration : 329 || r || = 0.0232743
||xi|| = 556.968
||eta|| = 0.559224
||yp|| = 613.07
||yphi|| = 0.181858
||BtYp|| = 3.50345
||ru|| = 3.50592
||yu|| = 176.705
||GtYphi|| = 1.82162
||KtYu|| = 15.135
||rj|| = 15.9021
||yj|| = 0.967717
||rphi|| = 0.00148926
||rp|| = 0.0943415
||y|| = 638.028
FGMRES iteration : 330 || r || = 0.0231603
||xi|| = 512.999
||eta|| = 0.535825
||yp|| = 564.677
||yphi|| = 0.163434
||BtYp|| = 2.90339
||ru|| = 2.90418
||yu|| = 161.789
||GtYphi|| = 1.91387
||KtYu|| = 13.7993
||rj|| = 14.521
||yj|| = 0.887491
||rphi|| = 0.00129758
||rp|| = 0.0852885
||y|| = 587.398
FGMRES iteration : 331 || r || = 0.0228915
||xi|| = 443.409
||eta|| = 0.392958
||yp|| = 488.132
||yphi|| = 0.179653
||BtYp|| = 2.67964
||ru|| = 2.68162
||yu|| = 152.143
||GtYphi|| = 1.62201
||KtYu|| = 14.4069
||rj|| = 15.2128
||yj|| = 0.963352
||rphi|| = 0.00150281
||rp|| = 0.0816504
||y|| = 511.293
FGMRES iteration : 332 || r || = 0.0222612
||xi|| = 416.909
||eta|| = 0.517138
||yp|| = 458.971
||yphi|| = 0.167133
||BtYp|| = 2.14648
||ru|| = 2.14758
||yu|| = 125.917
||GtYphi|| = 1.77364
||KtYu|| = 13.4047
||rj|| = 14.1523
||yj|| = 0.857641
||rphi|| = 0.00130137
||rp|| = 0.0658575
||y|| = 475.931
FGMRES iteration : 333 || r || = 0.0212832
||xi|| = 440.925
||eta|| = 0.430253
||yp|| = 485.377
||yphi|| = 0.204593
||BtYp|| = 2.31765
||ru|| = 2.31858
||yu|| = 142.084
||GtYphi|| = 1.65638
||KtYu|| = 13.5599
||rj|| = 14.2436
||yj|| = 0.871985
||rphi|| = 0.00162165
||rp|| = 0.0698899
||y|| = 505.746
FGMRES iteration : 334 || r || = 0.0204263
||xi|| = 475.815
||eta|| = 0.428717
||yp|| = 523.836
||yphi|| = 0.143009
||BtYp|| = 2.79948
||ru|| = 2.80046
||yu|| = 168.723
||GtYphi|| = 1.37199
||KtYu|| = 15.2337
||rj|| = 15.9803
||yj|| = 0.97418
||rphi|| = 0.00110827
||rp|| = 0.0853266
||y|| = 550.338
FGMRES iteration : 335 || r || = 0.0195131
||xi|| = 437.004
||eta|| = 0.313183
||yp|| = 481.028
||yphi|| = 0.194736
||BtYp|| = 2.29758
||ru|| = 2.2986
||yu|| = 129.805
||GtYphi|| = 1.70311
||KtYu|| = 12.7703
||rj|| = 13.5199
||yj|| = 0.797061
||rphi|| = 0.00167861
||rp|| = 0.0690367
||y|| = 498.235
FGMRES iteration : 336 || r || = 0.0190108
||xi|| = 416.158
||eta|| = 0.35748
||yp|| = 458.128
||yphi|| = 0.198121
||BtYp|| = 2.21599
||ru|| = 2.21675
||yu|| = 129.22
||GtYphi|| = 1.58774
||KtYu|| = 13.6928
||rj|| = 14.5012
||yj|| = 0.901294
||rphi|| = 0.00154332
||rp|| = 0.065852
||y|| = 476.005
FGMRES iteration : 337 || r || = 0.0187886
||xi|| = 576.116
||eta|| = 0.547118
||yp|| = 634.09
||yphi|| = 0.206235
||BtYp|| = 3.549
||ru|| = 3.54956
||yu|| = 187.547
||GtYphi|| = 1.77402
||KtYu|| = 14.9805
||rj|| = 15.7201
||yj|| = 0.927413
||rphi|| = 0.00160356
||rp|| = 0.0988871
||y|| = 661.245
FGMRES iteration : 338 || r || = 0.0186821
||xi|| = 462.044
||eta|| = 0.556695
||yp|| = 508.58
||yphi|| = 0.190543
||BtYp|| = 2.71912
||ru|| = 2.71913
||yu|| = 140.024
||GtYphi|| = 2.00722
||KtYu|| = 13.8222
||rj|| = 14.4979
||yj|| = 0.851657
||rphi|| = 0.00159294
||rp|| = 0.0735653
||y|| = 527.504
FGMRES iteration : 339 || r || = 0.0186462
||xi|| = 501.435
||eta|| = 0.466993
||yp|| = 551.942
||yphi|| = 0.172346
||BtYp|| = 2.84177
||ru|| = 2.84302
||yu|| = 154.099
||GtYphi|| = 1.65494
||KtYu|| = 15.4348
||rj|| = 16.2385
||yj|| = 1.01159
||rphi|| = 0.00149856
||rp|| = 0.0764172
||y|| = 573.051
FGMRES iteration : 340 || r || = 0.0186167
||xi|| = 520.163
||eta|| = 0.550103
||yp|| = 572.634
||yphi|| = 0.216221
||BtYp|| = 3.07632
||ru|| = 3.0768
||yu|| = 175.982
||GtYphi|| = 2.10881
||KtYu|| = 14.2675
||rj|| = 15.02
||yj|| = 0.936025
||rphi|| = 0.00170918
||rp|| = 0.0906063
||y|| = 599.066
FGMRES iteration : 341 || r || = 0.0186036
||xi|| = 488.813
||eta|| = 0.412949
||yp|| = 538.002
||yphi|| = 0.205115
||BtYp|| = 2.5328
||ru|| = 2.53456
||yu|| = 139.789
||GtYphi|| = 2.00655
||KtYu|| = 13.8865
||rj|| = 14.6146
||yj|| = 0.848204
||rphi|| = 0.0017339
||rp|| = 0.0701207
||y|| = 555.867
FGMRES iteration : 342 || r || = 0.0185981
||xi|| = 420.623
||eta|| = 0.51563
||yp|| = 463.036
||yphi|| = 0.157723
||BtYp|| = 2.3088
||ru|| = 2.3102
||yu|| = 140.204
||GtYphi|| = 1.68969
||KtYu|| = 15.1574
||rj|| = 15.9667
||yj|| = 0.990934
||rphi|| = 0.00132303
||rp|| = 0.0696087
||y|| = 483.798
FGMRES iteration : 343 || r || = 0.01859
||xi|| = 478.859
||eta|| = 0.458129
||yp|| = 527.141
||yphi|| = 0.181916
||BtYp|| = 2.64488
||ru|| = 2.64671
||yu|| = 137.983
||GtYphi|| = 1.93098
||KtYu|| = 12.4347
||rj|| = 13.181
||yj|| = 0.749062
||rphi|| = 0.00146575
||rp|| = 0.0669232
||y|| = 544.901
FGMRES iteration : 344 || r || = 0.0185874
||xi|| = 483.429
||eta|| = 0.472154
||yp|| = 532.163
||yphi|| = 0.151205
||BtYp|| = 2.76735
||ru|| = 2.76846
||yu|| = 150.748
||GtYphi|| = 1.74076
||KtYu|| = 14.0561
||rj|| = 14.8012
||yj|| = 0.853354
||rphi|| = 0.00122994
||rp|| = 0.0769765
||y|| = 553.103
FGMRES iteration : 345 || r || = 0.0185805
||xi|| = 441.438
||eta|| = 0.522874
||yp|| = 485.998
||yphi|| = 0.172255
||BtYp|| = 2.46313
||ru|| = 2.46388
||yu|| = 161.645
||GtYphi|| = 1.63693
||KtYu|| = 15.6661
||rj|| = 16.4038
||yj|| = 1.02596
||rphi|| = 0.00142932
||rp|| = 0.0806758
||y|| = 512.175
FGMRES iteration : 346 || r || = 0.0185695
||xi|| = 430.318
||eta|| = 0.563669
||yp|| = 473.779
||yphi|| = 0.219048
||BtYp|| = 2.07136
||ru|| = 2.07405
||yu|| = 137.211
||GtYphi|| = 2.1133
||KtYu|| = 13.6488
||rj|| = 14.5395
||yj|| = 0.766506
||rphi|| = 0.00183001
||rp|| = 0.0638466
||y|| = 493.248
FGMRES iteration : 347 || r || = 0.0185507
||xi|| = 449.228
||eta|| = 0.397157
||yp|| = 494.481
||yphi|| = 0.219331
||BtYp|| = 2.3264
||ru|| = 2.32823
||yu|| = 134.304
||GtYphi|| = 1.95548
||KtYu|| = 14.1343
||rj|| = 14.8617
||yj|| = 0.902385
||rphi|| = 0.00179966
||rp|| = 0.0679166
||y|| = 512.396
FGMRES iteration : 348 || r || = 0.0185074
||xi|| = 430.616
||eta|| = 0.286848
||yp|| = 473.994
||yphi|| = 0.212451
||BtYp|| = 2.35677
||ru|| = 2.35962
||yu|| = 136.341
||GtYphi|| = 1.6697
||KtYu|| = 14.6643
||rj|| = 15.5076
||yj|| = 0.952689
||rphi|| = 0.00164952
||rp|| = 0.0712686
||y|| = 493.214
FGMRES iteration : 349 || r || = 0.0183635
||xi|| = 496.995
||eta|| = 0.412976
||yp|| = 547.053
||yphi|| = 0.240811
||BtYp|| = 2.90508
||ru|| = 2.90543
||yu|| = 155.813
||GtYphi|| = 2.09591
||KtYu|| = 13.7442
||rj|| = 14.5196
||yj|| = 0.787977
||rphi|| = 0.00196122
||rp|| = 0.0819639
||y|| = 568.81
FGMRES iteration : 350 || r || = 0.0181245
||xi|| = 406.316
||eta|| = 0.529413
||yp|| = 447.33
||yphi|| = 0.202155
||BtYp|| = 2.20146
||ru|| = 2.2031
||yu|| = 131.864
||GtYphi|| = 1.8918
||KtYu|| = 14.2558
||rj|| = 14.993
||yj|| = 0.939509
||rphi|| = 0.00160637
||rp|| = 0.0676615
||y|| = 466.361
FGMRES iteration : 351 || r || = 0.0178451
||xi|| = 458.467
||eta|| = 0.392452
||yp|| = 504.708
||yphi|| = 0.198244
||BtYp|| = 2.45252
||ru|| = 2.45441
||yu|| = 153.528
||GtYphi|| = 1.65875
||KtYu|| = 15.2184
||rj|| = 16.0049
||yj|| = 1.01886
||rphi|| = 0.00158862
||rp|| = 0.0754609
||y|| = 527.544
FGMRES iteration : 352 || r || = 0.0171052
||xi|| = 441.254
||eta|| = 0.614657
||yp|| = 485.803
||yphi|| = 0.195588
||BtYp|| = 2.34017
||ru|| = 2.34117
||yu|| = 143.904
||GtYphi|| = 1.96975
||KtYu|| = 13.1859
||rj|| = 13.9645
||yj|| = 0.767073
||rphi|| = 0.001596
||rp|| = 0.0716671
||y|| = 506.67
FGMRES iteration : 353 || r || = 0.0159883
||xi|| = 393.391
||eta|| = 0.373599
||yp|| = 433.051
||yphi|| = 0.208151
||BtYp|| = 2.21786
||ru|| = 2.22023
||yu|| = 127.958
||GtYphi|| = 1.69259
||KtYu|| = 12.8755
||rj|| = 13.6222
||yj|| = 0.84347
||rphi|| = 0.00161098
||rp|| = 0.065708
||y|| = 451.56
FGMRES iteration : 354 || r || = 0.015163
||xi|| = 446.705
||eta|| = 0.321905
||yp|| = 491.665
||yphi|| = 0.156435
||BtYp|| = 2.56468
||ru|| = 2.56526
||yu|| = 130.246
||GtYphi|| = 1.55289
||KtYu|| = 14.1001
||rj|| = 14.9187
||yj|| = 0.954185
||rphi|| = 0.0012659
||rp|| = 0.0695285
||y|| = 508.625
FGMRES iteration : 355 || r || = 0.0145905
||xi|| = 445.406
||eta|| = 0.427549
||yp|| = 490.28
||yphi|| = 0.24165
||BtYp|| = 2.32436
||ru|| = 2.32677
||yu|| = 129.28
||GtYphi|| = 2.03118
||KtYu|| = 12.1274
||rj|| = 12.8656
||yj|| = 0.745484
||rphi|| = 0.00190903
||rp|| = 0.0674016
||y|| = 507.039
FGMRES iteration : 356 || r || = 0.0143486
||xi|| = 475.617
||eta|| = 0.458692
||yp|| = 523.573
||yphi|| = 0.192748
||BtYp|| = 2.73032
||ru|| = 2.73181
||yu|| = 166.455
||GtYphi|| = 1.58586
||KtYu|| = 16.3946
||rj|| = 17.1405
||yj|| = 1.09192
||rphi|| = 0.00164633
||rp|| = 0.0856766
||y|| = 549.397
FGMRES iteration : 357 || r || = 0.0142075
||xi|| = 445.367
||eta|| = 0.562763
||yp|| = 490.351
||yphi|| = 0.16325
||BtYp|| = 2.45752
||ru|| = 2.45989
||yu|| = 160.795
||GtYphi|| = 1.74072
||KtYu|| = 15.0037
||rj|| = 15.6898
||yj|| = 0.971523
||rphi|| = 0.00132559
||rp|| = 0.083632
||y|| = 516.042
FGMRES iteration : 358 || r || = 0.014134
||xi|| = 439.234
||eta|| = 0.519569
||yp|| = 483.542
||yphi|| = 0.220849
||BtYp|| = 2.22438
||ru|| = 2.22508
||yu|| = 138.834
||GtYphi|| = 2.13524
||KtYu|| = 12.9025
||rj|| = 13.6383
||yj|| = 0.762308
||rphi|| = 0.00187337
||rp|| = 0.0689323
||y|| = 503.079
FGMRES iteration : 359 || r || = 0.0141152
||xi|| = 462.156
||eta|| = 0.400741
||yp|| = 508.738
||yphi|| = 0.184603
||BtYp|| = 3.07163
||ru|| = 3.07373
||yu|| = 159.294
||GtYphi|| = 1.62673
||KtYu|| = 15.6322
||rj|| = 16.4436
||yj|| = 1.03146
||rphi|| = 0.00145143
||rp|| = 0.0906189
||y|| = 533.095
FGMRES iteration : 360 || r || = 0.0140992
||xi|| = 453.32
||eta|| = 0.512374
||yp|| = 498.973
||yphi|| = 0.182843
||BtYp|| = 2.61737
||ru|| = 2.61802
||yu|| = 139.528
||GtYphi|| = 1.91442
||KtYu|| = 12.8792
||rj|| = 13.5893
||yj|| = 0.79819
||rphi|| = 0.00145964
||rp|| = 0.0760589
||y|| = 518.115
FGMRES iteration : 361 || r || = 0.0140862
||xi|| = 535.451
||eta|| = 0.438155
||yp|| = 589.333
||yphi|| = 0.182637
||BtYp|| = 3.07799
||ru|| = 3.07829
||yu|| = 165.257
||GtYphi|| = 1.79599
||KtYu|| = 14.6477
||rj|| = 15.3345
||yj|| = 0.894403
||rphi|| = 0.00162612
||rp|| = 0.0877401
||y|| = 612.066
FGMRES iteration : 362 || r || = 0.0140822
||xi|| = 544.614
||eta|| = 0.424754
||yp|| = 599.546
||yphi|| = 0.139887
||BtYp|| = 3.26774
||ru|| = 3.26853
||yu|| = 180.316
||GtYphi|| = 1.47447
||KtYu|| = 15.9987
||rj|| = 16.8182
||yj|| = 1.03798
||rphi|| = 0.00119614
||rp|| = 0.0941531
||y|| = 626.075
FGMRES iteration : 363 || r || = 0.0140767
||xi|| = 444.531
||eta|| = 0.641989
||yp|| = 489.336
||yphi|| = 0.24551
||BtYp|| = 2.23837
||ru|| = 2.24098
||yu|| = 118.089
||GtYphi|| = 1.83839
||KtYu|| = 12.0209
||rj|| = 12.6696
||yj|| = 0.724507
||rphi|| = 0.00185729
||rp|| = 0.0600259
||y|| = 503.384
FGMRES iteration : 364 || r || = 0.0140724
||xi|| = 492.497
||eta|| = 0.436754
||yp|| = 542.066
||yphi|| = 0.205577
||BtYp|| = 2.8969
||ru|| = 2.89948
||yu|| = 152.697
||GtYphi|| = 1.86691
||KtYu|| = 14.6059
||rj|| = 15.3845
||yj|| = 0.883619
||rphi|| = 0.00162434
||rp|| = 0.0821347
||y|| = 563.163
FGMRES iteration : 365 || r || = 0.0140675
||xi|| = 517.85
||eta|| = 0.453558
||yp|| = 569.965
||yphi|| = 0.190687
||BtYp|| = 2.99039
||ru|| = 2.99177
||yu|| = 162.646
||GtYphi|| = 1.70892
||KtYu|| = 15.9413
||rj|| = 16.7105
||yj|| = 0.985453
||rphi|| = 0.00161515
||rp|| = 0.0881399
||y|| = 592.718
FGMRES iteration : 366 || r || = 0.0140574
||xi|| = 486.638
||eta|| = 0.40932
||yp|| = 535.646
||yphi|| = 0.169737
||BtYp|| = 2.42222
||ru|| = 2.42368
||yu|| = 134.37
||GtYphi|| = 2.02957
||KtYu|| = 13.503
||rj|| = 14.2316
||yj|| = 0.79011
||rphi|| = 0.00116138
||rp|| = 0.0661932
||y|| = 552.243
FGMRES iteration : 367 || r || = 0.0140266
||xi|| = 536.635
||eta|| = 0.584177
||yp|| = 590.823
||yphi|| = 0.193469
||BtYp|| = 3.06178
||ru|| = 3.06276
||yu|| = 193.404
||GtYphi|| = 1.75645
||KtYu|| = 16.2311
||rj|| = 16.9597
||yj|| = 0.996375
||rphi|| = 0.00156266
||rp|| = 0.093187
||y|| = 621.674
FGMRES iteration : 368 || r || = 0.0139603
||xi|| = 400.755
||eta|| = 0.584663
||yp|| = 441.213
||yphi|| = 0.197801
||BtYp|| = 2.2505
||ru|| = 2.25229
||yu|| = 130.126
||GtYphi|| = 1.59598
||KtYu|| = 14.2959
||rj|| = 15.089
||yj|| = 0.962231
||rphi|| = 0.00155798
||rp|| = 0.0719001
||y|| = 460.003
FGMRES iteration : 369 || r || = 0.013768
||xi|| = 474.554
||eta|| = 0.585316
||yp|| = 522.391
||yphi|| = 0.167819
||BtYp|| = 2.47708
||ru|| = 2.47671
||yu|| = 152.798
||GtYphi|| = 1.90886
||KtYu|| = 15.355
||rj|| = 16.0971
||yj|| = 0.926599
||rphi|| = 0.00124783
||rp|| = 0.0790625
||y|| = 544.28
FGMRES iteration : 370 || r || = 0.0133855
||xi|| = 438.668
||eta|| = 0.632451
||yp|| = 482.993
||yphi|| = 0.162357
||BtYp|| = 2.34231
||ru|| = 2.34348
||yu|| = 140.574
||GtYphi|| = 1.69989
||KtYu|| = 14.0144
||rj|| = 14.7952
||yj|| = 0.872247
||rphi|| = 0.00130888
||rp|| = 0.0722515
||y|| = 503.035
FGMRES iteration : 371 || r || = 0.0126607
||xi|| = 463.086
||eta|| = 0.559653
||yp|| = 509.869
||yphi|| = 0.224545
||BtYp|| = 2.49127
||ru|| = 2.49416
||yu|| = 153.97
||GtYphi|| = 1.75603
||KtYu|| = 15.9318
||rj|| = 16.7029
||yj|| = 1.0216
||rphi|| = 0.00180811
||rp|| = 0.0797217
||y|| = 532.61
FGMRES iteration : 372 || r || = 0.0115138
||xi|| = 438.431
||eta|| = 0.444211
||yp|| = 482.622
||yphi|| = 0.179856
||BtYp|| = 2.23385
||ru|| = 2.23482
||yu|| = 122.492
||GtYphi|| = 1.76195
||KtYu|| = 13.1308
||rj|| = 13.7984
||yj|| = 0.842698
||rphi|| = 0.00145306
||rp|| = 0.0649132
||y|| = 497.925
FGMRES iteration : 373 || r || = 0.0109182
||xi|| = 444.676
||eta|| = 0.419625
||yp|| = 489.529
||yphi|| = 0.215538
||BtYp|| = 2.59335
||ru|| = 2.59511
||yu|| = 148.299
||GtYphi|| = 1.83698
||KtYu|| = 15.0363
||rj|| = 15.8234
||yj|| = 0.950964
||rphi|| = 0.00177247
||rp|| = 0.0773908
||y|| = 511.5
FGMRES iteration : 374 || r || = 0.0104546
||xi|| = 453.379
||eta|| = 0.363024
||yp|| = 499.022
||yphi|| = 0.222135
||BtYp|| = 2.19983
||ru|| = 2.20184
||yu|| = 124.054
||GtYphi|| = 1.83587
||KtYu|| = 14.0058
||rj|| = 14.803
||yj|| = 0.857508
||rphi|| = 0.00177647
||rp|| = 0.0653366
||y|| = 514.211
FGMRES iteration : 375 || r || = 0.0100732
||xi|| = 402.489
||eta|| = 0.409664
||yp|| = 443.089
||yphi|| = 0.196878
||BtYp|| = 2.08165
||ru|| = 2.08291
||yu|| = 127.476
||GtYphi|| = 1.97301
||KtYu|| = 12.3867
||rj|| = 13.0896
||yj|| = 0.775148
||rphi|| = 0.00148593
||rp|| = 0.0617471
||y|| = 461.062
FGMRES iteration : 376 || r || = 0.00996117
||xi|| = 516.609
||eta|| = 0.499991
||yp|| = 568.661
||yphi|| = 0.163157
||BtYp|| = 2.92984
||ru|| = 2.9312
||yu|| = 179.878
||GtYphi|| = 1.48562
||KtYu|| = 16.2839
||rj|| = 16.9991
||yj|| = 1.05448
||rphi|| = 0.00134792
||rp|| = 0.0944588
||y|| = 596.433
FGMRES iteration : 377 || r || = 0.00990267
||xi|| = 518.362
||eta|| = 0.392531
||yp|| = 570.562
||yphi|| = 0.222101
||BtYp|| = 2.61372
||ru|| = 2.61513
||yu|| = 151.223
||GtYphi|| = 1.85349
||KtYu|| = 15.9243
||rj|| = 16.623
||yj|| = 1.03207
||rphi|| = 0.00186523
||rp|| = 0.075353
||y|| = 590.263
FGMRES iteration : 378 || r || = 0.00988106
||xi|| = 467.336
||eta|| = 0.609966
||yp|| = 514.347
||yphi|| = 0.19958
||BtYp|| = 2.35998
||ru|| = 2.36382
||yu|| = 123.412
||GtYphi|| = 2.02302
||KtYu|| = 13.6443
||rj|| = 14.3448
||yj|| = 0.835279
||rphi|| = 0.00174322
||rp|| = 0.0634493
||y|| = 528.946
FGMRES iteration : 379 || r || = 0.00987556
||xi|| = 549.158
||eta|| = 0.662671
||yp|| = 604.633
||yphi|| = 0.135609
||BtYp|| = 3.13653
||ru|| = 3.13921
||yu|| = 191.048
||GtYphi|| = 1.46421
||KtYu|| = 16.1582
||rj|| = 16.912
||yj|| = 1.10098
||rphi|| = 0.00112397
||rp|| = 0.0932922
||y|| = 634.1
FGMRES iteration : 380 || r || = 0.009869
||xi|| = 481.551
||eta|| = 0.573683
||yp|| = 530.147
||yphi|| = 0.183158
||BtYp|| = 2.41987
||ru|| = 2.4191
||yu|| = 141.278
||GtYphi|| = 2.01649
||KtYu|| = 13.5538
||rj|| = 14.2697
||yj|| = 0.820058
||rphi|| = 0.00162691
||rp|| = 0.0697962
||y|| = 548.649
FGMRES iteration : 381 || r || = 0.00986451
||xi|| = 511.338
||eta|| = 0.480008
||yp|| = 562.838
||yphi|| = 0.152356
||BtYp|| = 2.63862
||ru|| = 2.6414
||yu|| = 148.252
||GtYphi|| = 1.8732
||KtYu|| = 14.4505
||rj|| = 15.1544
||yj|| = 0.880581
||rphi|| = 0.00126577
||rp|| = 0.0732608
||y|| = 582.036
FGMRES iteration : 382 || r || = 0.00986116
||xi|| = 539.708
||eta|| = 0.751754
||yp|| = 594.161
||yphi|| = 0.141033
||BtYp|| = 2.87744
||ru|| = 2.87798
||yu|| = 174.231
||GtYphi|| = 1.48481
||KtYu|| = 16.8977
||rj|| = 17.6398
||yj|| = 1.09915
||rphi|| = 0.0012597
||rp|| = 0.0861029
||y|| = 619.181
FGMRES iteration : 383 || r || = 0.00985337
||xi|| = 486.767
||eta|| = 0.941838
||yp|| = 535.839
||yphi|| = 0.169954
||BtYp|| = 2.43234
||ru|| = 2.43319
||yu|| = 139.06
||GtYphi|| = 2.06331
||KtYu|| = 13.5472
||rj|| = 14.2624
||yj|| = 0.815014
||rphi|| = 0.00144987
||rp|| = 0.0715255
||y|| = 553.59
FGMRES iteration : 384 || r || = 0.00984863
||xi|| = 520.182
||eta|| = 0.549086
||yp|| = 572.542
||yphi|| = 0.176232
||BtYp|| = 2.9293
||ru|| = 2.93012
||yu|| = 152.334
||GtYphi|| = 1.82508
||KtYu|| = 14.5914
||rj|| = 15.3431
||yj|| = 0.936826
||rphi|| = 0.00147502
||rp|| = 0.0793599
||y|| = 592.462
FGMRES iteration : 385 || r || = 0.00983661
||xi|| = 584.894
||eta|| = 0.449211
||yp|| = 643.779
||yphi|| = 0.180049
||BtYp|| = 3.3332
||ru|| = 3.33532
||yu|| = 167.098
||GtYphi|| = 1.66068
||KtYu|| = 15.7334
||rj|| = 16.5386
||yj|| = 1.02703
||rphi|| = 0.0013659
||rp|| = 0.0840862
||y|| = 665.113
FGMRES iteration : 386 || r || = 0.00977745
||xi|| = 544.324
||eta|| = 0.612776
||yp|| = 599.14
||yphi|| = 0.234901
||BtYp|| = 2.73774
||ru|| = 2.73863
||yu|| = 138.194
||GtYphi|| = 2.00802
||KtYu|| = 12.5534
||rj|| = 13.3401
||yj|| = 0.71027
||rphi|| = 0.00203766
||rp|| = 0.0688554
||y|| = 614.871
FGMRES iteration : 387 || r || = 0.0096471
||xi|| = 527.764
||eta|| = 0.799414
||yp|| = 581.072
||yphi|| = 0.170834
||BtYp|| = 3.03528
||ru|| = 3.03511
||yu|| = 173.514
||GtYphi|| = 1.68309
||KtYu|| = 15.591
||rj|| = 16.2953
||yj|| = 1.05188
||rphi|| = 0.00141988
||rp|| = 0.0899047
||y|| = 606.426
FGMRES iteration : 388 || r || = 0.00943934
||xi|| = 541.505
||eta|| = 0.687732
||yp|| = 596.131
||yphi|| = 0.147385
||BtYp|| = 2.9499
||ru|| = 2.95144
||yu|| = 164.385
||GtYphi|| = 1.58088
||KtYu|| = 15.3397
||rj|| = 16.1458
||yj|| = 0.979902
||rphi|| = 0.00126765
||rp|| = 0.0823693
||y|| = 618.382
FGMRES iteration : 389 || r || = 0.00889446
||xi|| = 485.92
||eta|| = 0.752709
||yp|| = 534.901
||yphi|| = 0.161354
||BtYp|| = 2.24692
||ru|| = 2.24773
||yu|| = 134.355
||GtYphi|| = 1.97205
||KtYu|| = 12.845
||rj|| = 13.5632
||yj|| = 0.804501
||rphi|| = 0.00122319
||rp|| = 0.065375
||y|| = 551.517
FGMRES iteration : 390 || r || = 0.0082057
||xi|| = 471.257
||eta|| = 0.431827
||yp|| = 518.748
||yphi|| = 0.154791
||BtYp|| = 2.54692
||ru|| = 2.54898
||yu|| = 148.419
||GtYphi|| = 1.57244
||KtYu|| = 15.8244
||rj|| = 16.5507
||yj|| = 1.06875
||rphi|| = 0.00130954
||rp|| = 0.0716284
||y|| = 539.563
FGMRES iteration : 391 || r || = 0.00759346
||xi|| = 512.243
||eta|| = 0.576647
||yp|| = 563.871
||yphi|| = 0.157048
||BtYp|| = 2.61374
||ru|| = 2.61473
||yu|| = 146.914
||GtYphi|| = 1.48871
||KtYu|| = 14.6987
||rj|| = 15.3756
||yj|| = 0.987361
||rphi|| = 0.00128338
||rp|| = 0.0706556
||y|| = 582.697
FGMRES iteration : 392 || r || = 0.00716836
||xi|| = 478.937
||eta|| = 0.44542
||yp|| = 527.15
||yphi|| = 0.192615
||BtYp|| = 1.9818
||ru|| = 1.98286
||yu|| = 108.816
||GtYphi|| = 2.06916
||KtYu|| = 11.3672
||rj|| = 12.1907
||yj|| = 0.660186
||rphi|| = 0.00154891
||rp|| = 0.0514536
||y|| = 538.264
FGMRES iteration : 393 || r || = 0.0070214
||xi|| = 535.892
||eta|| = 0.524016
||yp|| = 589.869
||yphi|| = 0.237278
||BtYp|| = 2.86639
||ru|| = 2.86819
||yu|| = 148.068
||GtYphi|| = 1.6494
||KtYu|| = 15.4532
||rj|| = 16.2344
||yj|| = 1.02405
||rphi|| = 0.00186196
||rp|| = 0.0751011
||y|| = 608.17
FGMRES iteration : 394 || r || = 0.00690789
||xi|| = 536.692
||eta|| = 0.495615
||yp|| = 590.742
||yphi|| = 0.232094
||BtYp|| = 2.88262
||ru|| = 2.884
||yu|| = 152.288
||GtYphi|| = 1.8021
||KtYu|| = 14.5258
||rj|| = 15.266
||yj|| = 0.935729
||rphi|| = 0.00171713
||rp|| = 0.0760505
||y|| = 610.057
FGMRES iteration : 395 || r || = 0.00685747
||xi|| = 507.286
||eta|| = 0.448962
||yp|| = 558.383
||yphi|| = 0.254559
||BtYp|| = 2.59101
||ru|| = 2.5914
||yu|| = 133.304
||GtYphi|| = 2.15516
||KtYu|| = 12.6086
||rj|| = 13.4326
||yj|| = 0.742375
||rphi|| = 0.00191467
||rp|| = 0.0677493
||y|| = 574.075
FGMRES iteration : 396 || r || = 0.00684532
||xi|| = 522.459
||eta|| = 0.309828
||yp|| = 575.069
||yphi|| = 0.183202
||BtYp|| = 2.95846
||ru|| = 2.96036
||yu|| = 151.788
||GtYphi|| = 1.68374
||KtYu|| = 15.3932
||rj|| = 16.2103
||yj|| = 1.02945
||rphi|| = 0.00157465
||rp|| = 0.0791257
||y|| = 594.764
FGMRES iteration : 397 || r || = 0.00683474
||xi|| = 543.527
||eta|| = 0.496633
||yp|| = 598.229
||yphi|| = 0.208793
||BtYp|| = 3.19012
||ru|| = 3.19296
||yu|| = 172.031
||GtYphi|| = 1.94562
||KtYu|| = 15.2594
||rj|| = 16.0122
||yj|| = 0.975781
||rphi|| = 0.00157338
||rp|| = 0.0887935
||y|| = 622.473
FGMRES iteration : 398 || r || = 0.00682886
||xi|| = 473.028
||eta|| = 0.430687
||yp|| = 520.683
||yphi|| = 0.228387
||BtYp|| = 2.37817
||ru|| = 2.37813
||yu|| = 126.968
||GtYphi|| = 2.11699
||KtYu|| = 12.4909
||rj|| = 13.299
||yj|| = 0.778332
||rphi|| = 0.00190397
||rp|| = 0.0660052
||y|| = 535.941
FGMRES iteration : 399 || r || = 0.00682793
||xi|| = 489.47
||eta|| = 0.310413
||yp|| = 538.741
||yphi|| = 0.163029
||BtYp|| = 2.4814
||ru|| = 2.48343
||yu|| = 132.95
||GtYphi|| = 1.55226
||KtYu|| = 15.1644
||rj|| = 16.0044
||yj|| = 1.07231
||rphi|| = 0.00145002
||rp|| = 0.0670311
||y|| = 554.905
FGMRES iteration : 400 || r || = 0.0068261
||xi|| = 482.731
||eta|| = 0.492827
||yp|| = 531.389
||yphi|| = 0.199773
||BtYp|| = 2.39019
||ru|| = 2.3924
||yu|| = 145.544
||GtYphi|| = 1.996
||KtYu|| = 14.4009
||rj|| = 15.195
||yj|| = 0.901546
||rphi|| = 0.00174905
||rp|| = 0.0713133
||y|| = 550.961
FGMRES iteration : 401 || r || = 0.0068249
||xi|| = 528.447
||eta|| = 0.404519
||yp|| = 581.659
||yphi|| = 0.308721
||BtYp|| = 2.27761
||ru|| = 2.2794
||yu|| = 129.861
||GtYphi|| = 1.9553
||KtYu|| = 14.0247
||rj|| = 14.816
||yj|| = 0.905343
||rphi|| = 0.00226813
||rp|| = 0.0631004
||y|| = 595.98
FGMRES iteration : 402 || r || = 0.00682321
||xi|| = 535.658
||eta|| = 0.416309
||yp|| = 589.683
||yphi|| = 0.307223
||BtYp|| = 2.77812
||ru|| = 2.77951
||yu|| = 162.489
||GtYphi|| = 1.79498
||KtYu|| = 15.4345
||rj|| = 16.2096
||yj|| = 1.07282
||rphi|| = 0.00270786
||rp|| = 0.0766831
||y|| = 611.662
FGMRES iteration : 403 || r || = 0.00681495
||xi|| = 491.257
||eta|| = 0.463985
||yp|| = 540.758
||yphi|| = 0.236057
||BtYp|| = 2.17361
||ru|| = 2.17542
||yu|| = 126.148
||GtYphi|| = 2.05112
||KtYu|| = 12.8947
||rj|| = 13.6417
||yj|| = 0.797044
||rphi|| = 0.00182278
||rp|| = 0.0635524
||y|| = 555.277
FGMRES iteration : 404 || r || = 0.00679818
||xi|| = 514.95
||eta|| = 0.458909
||yp|| = 566.823
||yphi|| = 0.208504
||BtYp|| = 2.52373
||ru|| = 2.52549
||yu|| = 142.139
||GtYphi|| = 1.85129
||KtYu|| = 13.7915
||rj|| = 14.5448
||yj|| = 0.883115
||rphi|| = 0.00160984
||rp|| = 0.0713713
||y|| = 584.374
FGMRES iteration : 405 || r || = 0.0067698
||xi|| = 568.044
||eta|| = 0.555125
||yp|| = 625.39
||yphi|| = 0.180088
||BtYp|| = 3.10413
||ru|| = 3.10506
||yu|| = 186.942
||GtYphi|| = 1.72993
||KtYu|| = 16.0446
||rj|| = 16.8738
||yj|| = 1.10029
||rphi|| = 0.00171134
||rp|| = 0.0897803
||y|| = 652.733
FGMRES iteration : 406 || r || = 0.00663359
||xi|| = 462.656
||eta|| = 0.577298
||yp|| = 509.247
||yphi|| = 0.206944
||BtYp|| = 2.24944
||ru|| = 2.24972
||yu|| = 133.864
||GtYphi|| = 2.04886
||KtYu|| = 11.916
||rj|| = 12.5625
||yj|| = 0.763184
||rphi|| = 0.00174952
||rp|| = 0.0668247
||y|| = 526.548
FGMRES iteration : 407 || r || = 0.00647631
||xi|| = 599.201
||eta|| = 0.595466
||yp|| = 659.654
||yphi|| = 0.153081
||BtYp|| = 3.36984
||ru|| = 3.3717
||yu|| = 193.907
||GtYphi|| = 1.48719
||KtYu|| = 16.1669
||rj|| = 16.9082
||yj|| = 1.11015
||rphi|| = 0.00122693
||rp|| = 0.0933707
||y|| = 687.564
FGMRES iteration : 408 || r || = 0.00612899
||xi|| = 607.917
||eta|| = 0.883159
||yp|| = 669.365
||yphi|| = 0.206937
||BtYp|| = 3.52455
||ru|| = 3.52412
||yu|| = 213.881
||GtYphi|| = 1.74942
||KtYu|| = 15.8671
||rj|| = 16.5843
||yj|| = 1.03811
||rphi|| = 0.00178405
||rp|| = 0.101271
||y|| = 702.706
FGMRES iteration : 409 || r || = 0.0055997
||xi|| = 479.749
||eta|| = 0.415593
||yp|| = 528.088
||yphi|| = 0.185928
||BtYp|| = 2.37503
||ru|| = 2.37629
||yu|| = 139.265
||GtYphi|| = 1.83943
||KtYu|| = 13.1283
||rj|| = 13.7705
||yj|| = 0.802094
||rphi|| = 0.00143183
||rp|| = 0.0673531
||y|| = 546.143
FGMRES iteration : 410 || r || = 0.00537095
||xi|| = 665.159
||eta|| = 0.701962
||yp|| = 732.107
||yphi|| = 0.149982
||BtYp|| = 4.11084
||ru|| = 4.11136
||yu|| = 208.447
||GtYphi|| = 1.50294
||KtYu|| = 16.9212
||rj|| = 17.6581
||yj|| = 1.13207
||rphi|| = 0.00125326
||rp|| = 0.106864
||y|| = 761.204
FGMRES iteration : 411 || r || = 0.00520623
||xi|| = 627.149
||eta|| = 0.555824
||yp|| = 690.259
||yphi|| = 0.136033
||BtYp|| = 3.44787
||ru|| = 3.44955
||yu|| = 168.91
||GtYphi|| = 1.65712
||KtYu|| = 14.7666
||rj|| = 15.4346
||yj|| = 0.952586
||rphi|| = 0.00114235
||rp|| = 0.0866475
||y|| = 710.626
FGMRES iteration : 412 || r || = 0.00510993
||xi|| = 541.839
||eta|| = 0.688521
||yp|| = 596.546
||yphi|| = 0.159006
||BtYp|| = 2.83984
||ru|| = 2.83981
||yu|| = 162.108
||GtYphi|| = 1.97266
||KtYu|| = 13.1448
||rj|| = 13.9219
||yj|| = 0.743907
||rphi|| = 0.00132616
||rp|| = 0.0750132
||y|| = 618.18
FGMRES iteration : 413 || r || = 0.00508002
||xi|| = 817.597
||eta|| = 0.669475
||yp|| = 899.989
||yphi|| = 0.150727
||BtYp|| = 5.01909
||ru|| = 5.02102
||yu|| = 263.33
||GtYphi|| = 1.67676
||KtYu|| = 17.6838
||rj|| = 18.3944
||yj|| = 1.13129
||rphi|| = 0.00138506
||rp|| = 0.125072
||y|| = 937.722
FGMRES iteration : 414 || r || = 0.00506151
||xi|| = 745.048
||eta|| = 0.774753
||yp|| = 820.237
||yphi|| = 0.170933
||BtYp|| = 4.50435
||ru|| = 4.50468
||yu|| = 230.664
||GtYphi|| = 1.87736
||KtYu|| = 16.182
||rj|| = 16.877
||yj|| = 0.989618
||rphi|| = 0.00139392
||rp|| = 0.109438
||y|| = 852.053
FGMRES iteration : 415 || r || = 0.00504743
||xi|| = 637.562
||eta|| = 0.739051
||yp|| = 701.996
||yphi|| = 0.177157
||BtYp|| = 3.67796
||ru|| = 3.67775
||yu|| = 210.185
||GtYphi|| = 2.07657
||KtYu|| = 14.4178
||rj|| = 15.1774
||yj|| = 0.82834
||rphi|| = 0.00135753
||rp|| = 0.0953399
||y|| = 732.788
FGMRES iteration : 416 || r || = 0.0050444
||xi|| = 752.793
||eta|| = 0.4797
||yp|| = 828.597
||yphi|| = 0.142768
||BtYp|| = 4.60323
||ru|| = 4.60504
||yu|| = 236.726
||GtYphi|| = 1.63687
||KtYu|| = 16.8587
||rj|| = 17.578
||yj|| = 1.06198
||rphi|| = 0.00119368
||rp|| = 0.117365
||y|| = 861.75
FGMRES iteration : 417 || r || = 0.00504298
||xi|| = 641.228
||eta|| = 0.684263
||yp|| = 705.936
||yphi|| = 0.187252
||BtYp|| = 3.89603
||ru|| = 3.89513
||yu|| = 214.05
||GtYphi|| = 1.92358
||KtYu|| = 16.1552
||rj|| = 16.8723
||yj|| = 1.00005
||rphi|| = 0.00155256
||rp|| = 0.105474
||y|| = 737.675
FGMRES iteration : 418 || r || = 0.00504195
||xi|| = 664.697
||eta|| = 0.965469
||yp|| = 731.721
||yphi|| = 0.21418
||BtYp|| = 3.82897
||ru|| = 3.82901
||yu|| = 208.71
||GtYphi|| = 2.06746
||KtYu|| = 14.7394
||rj|| = 15.4534
||yj|| = 0.849055
||rphi|| = 0.00181163
||rp|| = 0.0996293
||y|| = 760.905
FGMRES iteration : 419 || r || = 0.00504118
||xi|| = 627.659
||eta|| = 0.883577
||yp|| = 691.079
||yphi|| = 0.206548
||BtYp|| = 3.50972
||ru|| = 3.51081
||yu|| = 228.424
||GtYphi|| = 1.92261
||KtYu|| = 18.0223
||rj|| = 18.6551
||yj|| = 1.189
||rphi|| = 0.00167065
||rp|| = 0.107141
||y|| = 727.852
FGMRES iteration : 420 || r || = 0.00503981
||xi|| = 573.238
||eta|| = 0.713081
||yp|| = 631.116
||yphi|| = 0.18794
||BtYp|| = 3.30929
||ru|| = 3.31079
||yu|| = 199.433
||GtYphi|| = 1.83907
||KtYu|| = 16.5159
||rj|| = 17.288
||yj|| = 1.06221
||rphi|| = 0.0014475
||rp|| = 0.0972383
||y|| = 661.877
FGMRES iteration : 421 || r || = 0.00503715
||xi|| = 622.986
||eta|| = 0.397818
||yp|| = 685.653
||yphi|| = 0.180038
||BtYp|| = 3.15547
||ru|| = 3.15567
||yu|| = 161.526
||GtYphi|| = 1.96342
||KtYu|| = 12.5053
||rj|| = 13.1418
||yj|| = 0.728818
||rphi|| = 0.00139669
||rp|| = 0.0794373
||y|| = 704.422
FGMRES iteration : 422 || r || = 0.0050324
||xi|| = 467.286
||eta|| = 0.412291
||yp|| = 514.386
||yphi|| = 0.193857
||BtYp|| = 2.56994
||ru|| = 2.57161
||yu|| = 152.516
||GtYphi|| = 1.65315
||KtYu|| = 16.0593
||rj|| = 16.8793
||yj|| = 1.06394
||rphi|| = 0.00165284
||rp|| = 0.0817506
||y|| = 536.522
FGMRES iteration : 423 || r || = 0.00501766
||xi|| = 540.014
||eta|| = 0.59731
||yp|| = 594.37
||yphi|| = 0.1898
||BtYp|| = 2.79703
||ru|| = 2.79832
||yu|| = 173.184
||GtYphi|| = 1.82842
||KtYu|| = 15.3397
||rj|| = 15.9522
||yj|| = 0.988477
||rphi|| = 0.00161167
||rp|| = 0.0893666
||y|| = 619.088
FGMRES iteration : 424 || r || = 0.00497441
||xi|| = 532.688
||eta|| = 0.50925
||yp|| = 586.289
||yphi|| = 0.197513
||BtYp|| = 2.60252
||ru|| = 2.60296
||yu|| = 154.023
||GtYphi|| = 2.11349
||KtYu|| = 14.2957
||rj|| = 15.0147
||yj|| = 0.845054
||rphi|| = 0.00156202
||rp|| = 0.0789224
||y|| = 606.184
FGMRES iteration : 425 || r || = 0.00487254
||xi|| = 520.717
||eta|| = 0.469969
||yp|| = 573.209
||yphi|| = 0.165797
||BtYp|| = 2.96238
||ru|| = 2.96375
||yu|| = 162.429
||GtYphi|| = 1.78902
||KtYu|| = 16.3204
||rj|| = 17.1343
||yj|| = 1.04217
||rphi|| = 0.00136896
||rp|| = 0.0861498
||y|| = 595.779
FGMRES iteration : 426 || r || = 0.00465568
||xi|| = 536.618
||eta|| = 0.376504
||yp|| = 590.673
||yphi|| = 0.175957
||BtYp|| = 3.12737
||ru|| = 3.12955
||yu|| = 160.704
||GtYphi|| = 1.83375
||KtYu|| = 14.371
||rj|| = 15.1582
||yj|| = 0.886316
||rphi|| = 0.0014648
||rp|| = 0.0810302
||y|| = 612.145
FGMRES iteration : 427 || r || = 0.00432292
||xi|| = 428.909
||eta|| = 0.434363
||yp|| = 472.079
||yphi|| = 0.159542
||BtYp|| = 2.17822
||ru|| = 2.18052
||yu|| = 123.726
||GtYphi|| = 1.95943
||KtYu|| = 13.647
||rj|| = 14.4705
||yj|| = 0.731668
||rphi|| = 0.00115552
||rp|| = 0.0623142
||y|| = 488.024
FGMRES iteration : 428 || r || = 0.00400212
||xi|| = 489.673
||eta|| = 0.711978
||yp|| = 539.194
||yphi|| = 0.168454
||BtYp|| = 2.56565
||ru|| = 2.56693
||yu|| = 156.938
||GtYphi|| = 1.73678
||KtYu|| = 13.5986
||rj|| = 14.305
||yj|| = 0.870243
||rphi|| = 0.00149123
||rp|| = 0.0753386
||y|| = 561.57
FGMRES iteration : 429 || r || = 0.00383147
||xi|| = 476.314
||eta|| = 0.43117
||yp|| = 524.308
||yphi|| = 0.167312
||BtYp|| = 2.57934
||ru|| = 2.58122
||yu|| = 149.152
||GtYphi|| = 1.56249
||KtYu|| = 15.4311
||rj|| = 16.1684
||yj|| = 1.05114
||rphi|| = 0.00142132
||rp|| = 0.077775
||y|| = 545.111
FGMRES iteration : 430 || r || = 0.00375708
||xi|| = 492.211
||eta|| = 0.478235
||yp|| = 541.836
||yphi|| = 0.18527
||BtYp|| = 2.53114
||ru|| = 2.5332
||yu|| = 143.864
||GtYphi|| = 1.98723
||KtYu|| = 14.1783
||rj|| = 15.0429
||yj|| = 0.84846
||rphi|| = 0.00151027
||rp|| = 0.0712811
||y|| = 560.611
FGMRES iteration : 431 || r || = 0.00372667
||xi|| = 416.747
||eta|| = 0.684819
||yp|| = 458.798
||yphi|| = 0.178513
||BtYp|| = 1.87445
||ru|| = 1.87596
||yu|| = 136.137
||GtYphi|| = 2.03199
||KtYu|| = 14.0947
||rj|| = 14.747
||yj|| = 0.878346
||rphi|| = 0.0015206
||rp|| = 0.0675188
||y|| = 478.57
FGMRES iteration : 432 || r || = 0.00371524
||xi|| = 560.64
||eta|| = 0.623667
||yp|| = 617.173
||yphi|| = 0.157753
||BtYp|| = 3.37461
||ru|| = 3.3764
||yu|| = 172.535
||GtYphi|| = 1.48074
||KtYu|| = 16.2423
||rj|| = 16.9563
||yj|| = 1.11965
||rphi|| = 0.0015051
||rp|| = 0.0912293
||y|| = 640.837
FGMRES iteration : 433 || r || = 0.00370876
||xi|| = 467.296
||eta|| = 0.728942
||yp|| = 514.467
||yphi|| = 0.184979
||BtYp|| = 2.22982
||ru|| = 2.23088
||yu|| = 142.088
||GtYphi|| = 2.09661
||KtYu|| = 14.0864
||rj|| = 14.7842
||yj|| = 0.900248
||rphi|| = 0.00156341
||rp|| = 0.0717291
||y|| = 533.728
FGMRES iteration : 434 || r || = 0.00370508
||xi|| = 541.908
||eta|| = 0.412377
||yp|| = 596.517
||yphi|| = 0.177304
||BtYp|| = 2.94849
||ru|| = 2.94964
||yu|| = 164.156
||GtYphi|| = 1.98337
||KtYu|| = 15.1125
||rj|| = 15.816
||yj|| = 0.970563
||rphi|| = 0.00149271
||rp|| = 0.0852604
||y|| = 618.693
FGMRES iteration : 435 || r || = 0.00370294
||xi|| = 569.257
||eta|| = 0.744682
||yp|| = 626.802
||yphi|| = 0.152637
||BtYp|| = 3.58143
||ru|| = 3.58328
||yu|| = 209.737
||GtYphi|| = 1.63882
||KtYu|| = 17.372
||rj|| = 18.0481
||yj|| = 1.20465
||rphi|| = 0.00134094
||rp|| = 0.110418
||y|| = 660.963
FGMRES iteration : 436 || r || = 0.00370173
||xi|| = 507.314
||eta|| = 0.632151
||yp|| = 558.495
||yphi|| = 0.187581
||BtYp|| = 2.62298
||ru|| = 2.62339
||yu|| = 170.358
||GtYphi|| = 2.07268
||KtYu|| = 14.737
||rj|| = 15.339
||yj|| = 0.944351
||rphi|| = 0.00157739
||rp|| = 0.0803749
||y|| = 583.9
FGMRES iteration : 437 || r || = 0.00370164
||xi|| = 581.725
||eta|| = 0.848064
||yp|| = 640.454
||yphi|| = 0.15552
||BtYp|| = 3.42501
||ru|| = 3.42744
||yu|| = 199.2
||GtYphi|| = 1.66901
||KtYu|| = 16.8331
||rj|| = 17.5085
||yj|| = 1.09269
||rphi|| = 0.00136515
||rp|| = 0.0999245
||y|| = 670.718
FGMRES iteration : 438 || r || = 0.00370124
||xi|| = 695.775
||eta|| = 0.885981
||yp|| = 766.061
||yphi|| = 0.215685
||BtYp|| = 4.26489
||ru|| = 4.26448
||yu|| = 258.792
||GtYphi|| = 1.79571
||KtYu|| = 17.1245
||rj|| = 17.7072
||yj|| = 1.10322
||rphi|| = 0.00188166
||rp|| = 0.122718
||y|| = 808.594
FGMRES iteration : 439 || r || = 0.00369815
||xi|| = 468.957
||eta|| = 0.523573
||yp|| = 516.232
||yphi|| = 0.215764
||BtYp|| = 2.26823
||ru|| = 2.26798
||yu|| = 134.914
||GtYphi|| = 1.92763
||KtYu|| = 11.9163
||rj|| = 12.6355
||yj|| = 0.728291
||rphi|| = 0.00175597
||rp|| = 0.0700743
||y|| = 533.571
FGMRES iteration : 440 || r || = 0.00368812
||xi|| = 588.44
||eta|| = 0.547471
||yp|| = 647.684
||yphi|| = 0.266213
||BtYp|| = 3.74475
||ru|| = 3.74401
||yu|| = 195.958
||GtYphi|| = 1.68024
||KtYu|| = 17.4496
||rj|| = 18.1296
||yj|| = 1.13859
||rphi|| = 0.00225984
||rp|| = 0.105057
||y|| = 676.68
FGMRES iteration : 441 || r || = 0.00366355
||xi|| = 477.362
||eta|| = 0.570492
||yp|| = 525.459
||yphi|| = 0.196887
||BtYp|| = 2.83049
||ru|| = 2.83091
||yu|| = 154.904
||GtYphi|| = 1.81283
||KtYu|| = 14.7707
||rj|| = 15.4513
||yj|| = 0.974198
||rphi|| = 0.00167473
||rp|| = 0.0898869
||y|| = 547.817
FGMRES iteration : 442 || r || = 0.00360226
||xi|| = 557.14
||eta|| = 0.495128
||yp|| = 613.286
||yphi|| = 0.23202
||BtYp|| = 3.17359
||ru|| = 3.17547
||yu|| = 167.521
||GtYphi|| = 2.26043
||KtYu|| = 13.7645
||rj|| = 14.4955
||yj|| = 0.844294
||rphi|| = 0.00216473
||rp|| = 0.0846995
||y|| = 635.754
FGMRES iteration : 443 || r || = 0.00345944
||xi|| = 549.181
||eta|| = 0.376267
||yp|| = 604.48
||yphi|| = 0.148933
||BtYp|| = 3.21199
||ru|| = 3.21353
||yu|| = 168.259
||GtYphi|| = 1.51632
||KtYu|| = 15.6216
||rj|| = 16.3378
||yj|| = 1.01455
||rphi|| = 0.00135993
||rp|| = 0.0914065
||y|| = 627.461
FGMRES iteration : 444 || r || = 0.00325898
||xi|| = 590.668
||eta|| = 0.409907
||yp|| = 650.078
||yphi|| = 0.136998
||BtYp|| = 3.52937
||ru|| = 3.52983
||yu|| = 172.689
||GtYphi|| = 1.57044
||KtYu|| = 15.1287
||rj|| = 15.8174
||yj|| = 0.941104
||rphi|| = 0.00117616
||rp|| = 0.0932015
||y|| = 672.625
FGMRES iteration : 445 || r || = 0.00294123
||xi|| = 506.133
||eta|| = 0.480988
||yp|| = 557.09
||yphi|| = 0.174959
||BtYp|| = 2.74272
||ru|| = 2.74395
||yu|| = 131.766
||GtYphi|| = 1.75306
||KtYu|| = 12.127
||rj|| = 12.8172
||yj|| = 0.723282
||rphi|| = 0.00133127
||rp|| = 0.0713759
||y|| = 572.461
FGMRES iteration : 446 || r || = 0.00272756
||xi|| = 596.624
||eta|| = 0.349558
||yp|| = 656.697
||yphi|| = 0.1149
||BtYp|| = 3.5615
||ru|| = 3.56214
||yu|| = 176.946
||GtYphi|| = 1.33484
||KtYu|| = 15.213
||rj|| = 15.9666
||yj|| = 0.9904
||rphi|| = 0.000969625
||rp|| = 0.0931952
||y|| = 680.119
FGMRES iteration : 447 || r || = 0.00256144
||xi|| = 665.061
||eta|| = 0.659801
||yp|| = 731.948
||yphi|| = 0.197313
||BtYp|| = 4.13414
||ru|| = 4.13527
||yu|| = 189.208
||GtYphi|| = 1.68903
||KtYu|| = 15.4812
||rj|| = 16.1031
||yj|| = 0.975792
||rphi|| = 0.00164547
||rp|| = 0.104504
||y|| = 756.008
FGMRES iteration : 448 || r || = 0.00249015
||xi|| = 635.216
||eta|| = 0.755564
||yp|| = 699.222
||yphi|| = 0.187377
||BtYp|| = 3.74237
||ru|| = 3.74238
||yu|| = 194.493
||GtYphi|| = 2.00847
||KtYu|| = 13.704
||rj|| = 14.386
||yj|| = 0.832736
||rphi|| = 0.00183273
||rp|| = 0.103327
||y|| = 725.768
FGMRES iteration : 449 || r || = 0.00246864
||xi|| = 644.934
||eta|| = 0.652004
||yp|| = 709.974
||yphi|| = 0.170507
||BtYp|| = 3.68275
||ru|| = 3.68451
||yu|| = 204.089
||GtYphi|| = 1.50131
||KtYu|| = 17.8503
||rj|| = 18.5756
||yj|| = 1.19803
||rphi|| = 0.00142554
||rp|| = 0.098617
||y|| = 738.727
FGMRES iteration : 450 || r || = 0.00245797
||xi|| = 653.004
||eta|| = 0.668067
||yp|| = 718.778
||yphi|| = 0.206541
||BtYp|| = 3.9655
||ru|| = 3.96796
||yu|| = 186.38
||GtYphi|| = 1.85594
||KtYu|| = 14.5182
||rj|| = 15.1584
||yj|| = 0.919751
||rphi|| = 0.00194179
||rp|| = 0.0959164
||y|| = 742.55
FGMRES iteration : 451 || r || = 0.00245382
||xi|| = 635.929
||eta|| = 0.758928
||yp|| = 699.824
||yphi|| = 0.171372
||BtYp|| = 3.84608
||ru|| = 3.84748
||yu|| = 184.453
||GtYphi|| = 1.7664
||KtYu|| = 14.2445
||rj|| = 14.8095
||yj|| = 0.862822
||rphi|| = 0.00139686
||rp|| = 0.0973787
||y|| = 723.725
FGMRES iteration : 452 || r || = 0.00245317
||xi|| = 734.83
||eta|| = 0.569236
||yp|| = 808.755
||yphi|| = 0.159324
||BtYp|| = 4.60532
||ru|| = 4.60622
||yu|| = 215.404
||GtYphi|| = 1.45898
||KtYu|| = 17.9046
||rj|| = 18.6342
||yj|| = 1.19878
||rphi|| = 0.00137273
||rp|| = 0.116069
||y|| = 836.95
FGMRES iteration : 453 || r || = 0.00245004
||xi|| = 581.928
||eta|| = 0.537345
||yp|| = 640.481
||yphi|| = 0.183587
||BtYp|| = 3.21274
||ru|| = 3.21335
||yu|| = 172.225
||GtYphi|| = 1.84169
||KtYu|| = 15.167
||rj|| = 15.7283
||yj|| = 0.952917
||rphi|| = 0.00150666
||rp|| = 0.088672
||y|| = 663.233
FGMRES iteration : 454 || r || = 0.00244933
||xi|| = 658.695
||eta|| = 0.746366
||yp|| = 725.197
||yphi|| = 0.140763
||BtYp|| = 3.88021
||ru|| = 3.88096
||yu|| = 225.754
||GtYphi|| = 1.93277
||KtYu|| = 14.7462
||rj|| = 15.4269
||yj|| = 0.917643
||rphi|| = 0.00116924
||rp|| = 0.103765
||y|| = 759.524
FGMRES iteration : 455 || r || = 0.00244807
||xi|| = 958.326
||eta|| = 0.683973
||yp|| = 1054.91
||yphi|| = 0.141376
||BtYp|| = 5.95928
||ru|| = 5.96097
||yu|| = 308.942
||GtYphi|| = 1.50374
||KtYu|| = 20.2838
||rj|| = 20.8924
||yj|| = 1.29852
||rphi|| = 0.0012167
||rp|| = 0.14788
||y|| = 1099.22
FGMRES iteration : 456 || r || = 0.00244748
||xi|| = 684.932
||eta|| = 0.56765
||yp|| = 753.952
||yphi|| = 0.229801
||BtYp|| = 3.86783
||ru|| = 3.869
||yu|| = 219.41
||GtYphi|| = 2.15964
||KtYu|| = 16.2275
||rj|| = 16.8918
||yj|| = 0.975575
||rphi|| = 0.00209151
||rp|| = 0.103871
||y|| = 785.23
FGMRES iteration : 457 || r || = 0.0024412
||xi|| = 742.995
||eta|| = 0.461038
||yp|| = 817.755
||yphi|| = 0.178872
||BtYp|| = 4.74598
||ru|| = 4.74645
||yu|| = 224.645
||GtYphi|| = 1.75385
||KtYu|| = 15.8733
||rj|| = 16.6449
||yj|| = 0.978947
||rphi|| = 0.00130988
||rp|| = 0.118366
||y|| = 848.05
FGMRES iteration : 458 || r || = 0.00243036
||xi|| = 685.686
||eta|| = 0.420376
||yp|| = 754.643
||yphi|| = 0.226293
||BtYp|| = 4.454
||ru|| = 4.45451
||yu|| = 201.573
||GtYphi|| = 1.65207
||KtYu|| = 16.1773
||rj|| = 16.8607
||yj|| = 1.05557
||rphi|| = 0.00176814
||rp|| = 0.112306
||y|| = 781.101
FGMRES iteration : 459 || r || = 0.002418
||xi|| = 564.857
||eta|| = 0.829249
||yp|| = 621.86
||yphi|| = 0.166711
||BtYp|| = 2.6973
||ru|| = 2.69842
||yu|| = 156.398
||GtYphi|| = 2.01792
||KtYu|| = 13.9963
||rj|| = 14.8234
||yj|| = 0.839009
||rphi|| = 0.00132359
||rp|| = 0.0724159
||y|| = 641.226
FGMRES iteration : 460 || r || = 0.00238531
||xi|| = 782.202
||eta|| = 0.578278
||yp|| = 860.892
||yphi|| = 0.166896
||BtYp|| = 4.80661
||ru|| = 4.8053
||yu|| = 230.954
||GtYphi|| = 1.73323
||KtYu|| = 17.5455
||rj|| = 18.2053
||yj|| = 1.11985
||rphi|| = 0.00132195
||rp|| = 0.119886
||y|| = 891.333
FGMRES iteration : 461 || r || = 0.00231219
||xi|| = 758.229
||eta|| = 0.511209
||yp|| = 834.563
||yphi|| = 0.15099
||BtYp|| = 4.67066
||ru|| = 4.67146
||yu|| = 233.925
||GtYphi|| = 1.61655
||KtYu|| = 16.5701
||rj|| = 17.2311
||yj|| = 1.06794
||rphi|| = 0.00128682
||rp|| = 0.122746
||y|| = 866.728
FGMRES iteration : 462 || r || = 0.00216659
||xi|| = 539.695
||eta|| = 0.484466
||yp|| = 594.054
||yphi|| = 0.182274
||BtYp|| = 2.92652
||ru|| = 2.92715
||yu|| = 146.815
||GtYphi|| = 1.89475
||KtYu|| = 12.5987
||rj|| = 13.307
||yj|| = 0.742964
||rphi|| = 0.00142642
||rp|| = 0.0769587
||y|| = 611.928
FGMRES iteration : 463 || r || = 0.00198015
FGMRES iteration : 463 || r || = 0.00198015
Relative L2 Norm for current density: 0.0048911
Relative L2 Norm for electric potential: 0.00214793
Relative L2 Norm for velocity: 0.00116046
Relative L2 Norm for pressure: 0.00337138
Time step 2, time = 0.1, time elapsed = 618.704
FGMRES iteration : 0 || r || = 20.6178
||xi|| = 0.657581
||eta|| = 0.000483203
||yp|| = 0.72366
||yphi|| = 0.000453796
||BtYp|| = 0.00407012
||ru|| = 1.00001
||yu|| = 1.32568
||GtYphi|| = 0.00258325
||KtYu|| = 0.205315
||rj|| = 0.20563
||yj|| = 0.0095883
||rphi|| = 3.64798e-06
||rp|| = 0.000104865
||y|| = 1.51037
FGMRES iteration : 1 || r || = 1.8655
||xi|| = 71.0567
||eta|| = 0.54333
||yp|| = 78.6172
||yphi|| = 0.966768
||BtYp|| = 0.417698
||ru|| = 0.417772
||yu|| = 21.1435
||GtYphi|| = 3.23155
||KtYu|| = 2.44928
||rj|| = 4.26047
||yj|| = 0.165318
||rphi|| = 0.00620775
||rp|| = 0.0114817
||y|| = 81.4167
FGMRES iteration : 2 || r || = 1.54349
||xi|| = 295.373
||eta|| = 0.299961
||yp|| = 325.022
||yphi|| = 0.28562
||BtYp|| = 2.01999
||ru|| = 2.02052
||yu|| = 94.4321
||GtYphi|| = 1.38462
||KtYu|| = 7.96188
||rj|| = 8.572
||yj|| = 0.498877
||rphi|| = 0.00172716
||rp|| = 0.0507334
||y|| = 338.462
FGMRES iteration : 3 || r || = 1.37907
||xi|| = 618.523
||eta|| = 0.278951
||yp|| = 680.652
||yphi|| = 0.162563
||BtYp|| = 4.2789
||ru|| = 4.27974
||yu|| = 196.196
||GtYphi|| = 0.601306
||KtYu|| = 15.2053
||rj|| = 15.9845
||yj|| = 0.904219
||rphi|| = 0.00110835
||rp|| = 0.106119
||y|| = 708.365
FGMRES iteration : 4 || r || = 1.34037
||xi|| = 545.554
||eta|| = 0.256995
||yp|| = 600.36
||yphi|| = 0.584128
||BtYp|| = 3.90722
||ru|| = 3.90755
||yu|| = 171.298
||GtYphi|| = 2.9885
||KtYu|| = 12.0688
||rj|| = 13.0221
||yj|| = 0.61857
||rphi|| = 0.00452054
||rp|| = 0.0947247
||y|| = 624.321
FGMRES iteration : 5 || r || = 1.22624
||xi|| = 398.177
||eta|| = 0.268273
||yp|| = 438.201
||yphi|| = 0.423122
||BtYp|| = 2.89717
||ru|| = 2.89822
||yu|| = 132.294
||GtYphi|| = 1.69082
||KtYu|| = 13.0927
||rj|| = 14.0193
||yj|| = 0.890259
||rphi|| = 0.00337889
||rp|| = 0.0732184
||y|| = 457.736
FGMRES iteration : 6 || r || = 1.02241
||xi|| = 377.94
||eta|| = 0.306318
||yp|| = 415.902
||yphi|| = 0.289256
||BtYp|| = 2.75833
||ru|| = 2.75903
||yu|| = 122.549
||GtYphi|| = 1.90326
||KtYu|| = 11.0893
||rj|| = 11.9343
||yj|| = 0.725656
||rphi|| = 0.00225001
||rp|| = 0.0697543
||y|| = 433.582
FGMRES iteration : 7 || r || = 0.890116
||xi|| = 406.014
||eta|| = 0.322146
||yp|| = 446.792
||yphi|| = 0.126751
||BtYp|| = 2.94216
||ru|| = 2.94291
||yu|| = 131.838
||GtYphi|| = 0.984495
||KtYu|| = 11.2429
||rj|| = 11.9775
||yj|| = 0.685025
||rphi|| = 0.00101313
||rp|| = 0.075048
||y|| = 465.837
FGMRES iteration : 8 || r || = 0.871728
||xi|| = 557.525
||eta|| = 0.346462
||yp|| = 613.509
||yphi|| = 0.278931
||BtYp|| = 4.22986
||ru|| = 4.23036
||yu|| = 181.202
||GtYphi|| = 1.97348
||KtYu|| = 12.181
||rj|| = 12.9714
||yj|| = 0.747563
||rphi|| = 0.00250507
||rp|| = 0.105632
||y|| = 639.709
FGMRES iteration : 9 || r || = 0.87161
||xi|| = 391.283
||eta|| = 0.27734
||yp|| = 430.604
||yphi|| = 0.30974
||BtYp|| = 2.81755
||ru|| = 2.81865
||yu|| = 131.321
||GtYphi|| = 1.88799
||KtYu|| = 13.1233
||rj|| = 14.0607
||yj|| = 0.904574
||rphi|| = 0.00226581
||rp|| = 0.0755104
||y|| = 450.185
FGMRES iteration : 10 || r || = 0.865537
||xi|| = 312.491
||eta|| = 0.250182
||yp|| = 343.948
||yphi|| = 0.815457
||BtYp|| = 2.09737
||ru|| = 2.09846
||yu|| = 97.5453
||GtYphi|| = 2.87554
||KtYu|| = 10.3658
||rj|| = 11.3497
||yj|| = 0.723887
||rphi|| = 0.00605813
||rp|| = 0.0557785
||y|| = 357.514
FGMRES iteration : 11 || r || = 0.863478
||xi|| = 427.143
||eta|| = 0.252011
||yp|| = 470.08
||yphi|| = 0.923276
||BtYp|| = 3.15988
||ru|| = 3.16085
||yu|| = 136.092
||GtYphi|| = 2.76639
||KtYu|| = 12.0832
||rj|| = 13.0069
||yj|| = 0.887248
||rphi|| = 0.0072147
||rp|| = 0.0797431
||y|| = 489.385
FGMRES iteration : 12 || r || = 0.862455
||xi|| = 452.286
||eta|| = 0.246284
||yp|| = 497.697
||yphi|| = 0.775957
||BtYp|| = 3.39732
||ru|| = 3.39812
||yu|| = 141.667
||GtYphi|| = 2.28984
||KtYu|| = 11.837
||rj|| = 12.7511
||yj|| = 0.789218
||rphi|| = 0.00625316
||rp|| = 0.0849731
||y|| = 517.468
FGMRES iteration : 13 || r || = 0.837587
||xi|| = 411.855
||eta|| = 0.243568
||yp|| = 453.25
||yphi|| = 0.616037
||BtYp|| = 3.02228
||ru|| = 3.02333
||yu|| = 136.117
||GtYphi|| = 2.2429
||KtYu|| = 12.1724
||rj|| = 13.0396
||yj|| = 0.812343
||rphi|| = 0.00483019
||rp|| = 0.0802461
||y|| = 473.248
FGMRES iteration : 14 || r || = 0.797092
||xi|| = 453.844
||eta|| = 0.269903
||yp|| = 499.452
||yphi|| = 0.565147
||BtYp|| = 3.36681
||ru|| = 3.3675
||yu|| = 143.999
||GtYphi|| = 2.19491
||KtYu|| = 11.0888
||rj|| = 11.9601
||yj|| = 0.770667
||rphi|| = 0.00401853
||rp|| = 0.0865374
||y|| = 519.797
FGMRES iteration : 15 || r || = 0.772166
||xi|| = 414.746
||eta|| = 0.286076
||yp|| = 456.474
||yphi|| = 0.496523
||BtYp|| = 2.80955
||ru|| = 2.81071
||yu|| = 129.553
||GtYphi|| = 2.25738
||KtYu|| = 12.2183
||rj|| = 13.113
||yj|| = 0.836526
||rphi|| = 0.00339296
||rp|| = 0.0715967
||y|| = 474.504
FGMRES iteration : 16 || r || = 0.757446
||xi|| = 412.085
||eta|| = 0.248963
||yp|| = 453.502
||yphi|| = 0.245916
||BtYp|| = 3.08943
||ru|| = 3.09055
||yu|| = 133.252
||GtYphi|| = 1.99449
||KtYu|| = 12.4733
||rj|| = 13.3359
||yj|| = 0.875433
||rphi|| = 0.00167793
||rp|| = 0.0802727
||y|| = 472.674
FGMRES iteration : 17 || r || = 0.754833
||xi|| = 378.546
||eta|| = 0.229151
||yp|| = 416.616
||yphi|| = 0.344758
||BtYp|| = 2.59735
||ru|| = 2.59875
||yu|| = 117.384
||GtYphi|| = 1.77127
||KtYu|| = 12.2059
||rj|| = 13.0624
||yj|| = 0.868775
||rphi|| = 0.00272032
||rp|| = 0.0680879
||y|| = 432.838
FGMRES iteration : 18 || r || = 0.753927
||xi|| = 384.31
||eta|| = 0.275042
||yp|| = 422.922
||yphi|| = 0.330876
||BtYp|| = 2.94643
||ru|| = 2.94716
||yu|| = 125.35
||GtYphi|| = 1.72882
||KtYu|| = 10.8948
||rj|| = 11.7248
||yj|| = 0.740436
||rphi|| = 0.00231604
||rp|| = 0.0756751
||y|| = 441.108
FGMRES iteration : 19 || r || = 0.744964
||xi|| = 384.004
||eta|| = 0.256226
||yp|| = 422.604
||yphi|| = 0.27323
||BtYp|| = 2.86357
||ru|| = 2.86498
||yu|| = 130.44
||GtYphi|| = 1.37886
||KtYu|| = 12.7877
||rj|| = 13.6081
||yj|| = 0.872994
||rphi|| = 0.00209298
||rp|| = 0.0778757
||y|| = 442.277
FGMRES iteration : 20 || r || = 0.729013
||xi|| = 438.961
||eta|| = 0.229042
||yp|| = 483.074
||yphi|| = 0.471872
||BtYp|| = 3.3362
||ru|| = 3.33701
||yu|| = 145.904
||GtYphi|| = 1.94026
||KtYu|| = 12.28
||rj|| = 13.1553
||yj|| = 0.850277
||rphi|| = 0.00385355
||rp|| = 0.0889923
||y|| = 504.628
FGMRES iteration : 21 || r || = 0.718528
||xi|| = 541.376
||eta|| = 0.248095
||yp|| = 595.765
||yphi|| = 0.255269
||BtYp|| = 4.07385
||ru|| = 4.07466
||yu|| = 173.713
||GtYphi|| = 1.82348
||KtYu|| = 11.7139
||rj|| = 12.517
||yj|| = 0.747446
||rphi|| = 0.00200779
||rp|| = 0.103307
||y|| = 620.574
FGMRES iteration : 22 || r || = 0.712098
||xi|| = 536.333
||eta|| = 0.279702
||yp|| = 590.159
||yphi|| = 0.402262
||BtYp|| = 4.2557
||ru|| = 4.25644
||yu|| = 175.822
||GtYphi|| = 1.81954
||KtYu|| = 12.8694
||rj|| = 13.7669
||yj|| = 0.876366
||rphi|| = 0.00305079
||rp|| = 0.10828
||y|| = 615.794
FGMRES iteration : 23 || r || = 0.701809
||xi|| = 576.145
||eta|| = 0.289919
||yp|| = 633.986
||yphi|| = 0.229102
||BtYp|| = 4.44218
||ru|| = 4.44276
||yu|| = 182.868
||GtYphi|| = 1.89494
||KtYu|| = 12.5612
||rj|| = 13.4584
||yj|| = 0.795888
||rphi|| = 0.00175637
||rp|| = 0.110595
||y|| = 659.833
FGMRES iteration : 24 || r || = 0.677252
||xi|| = 605.084
||eta|| = 0.282708
||yp|| = 665.828
||yphi|| = 0.319598
||BtYp|| = 4.70658
||ru|| = 4.70722
||yu|| = 191.241
||GtYphi|| = 1.93132
||KtYu|| = 12.5398
||rj|| = 13.4793
||yj|| = 0.821756
||rphi|| = 0.00248172
||rp|| = 0.116777
||y|| = 692.749
FGMRES iteration : 25 || r || = 0.623493
||xi|| = 570.663
||eta|| = 0.313711
||yp|| = 627.951
||yphi|| = 0.177822
||BtYp|| = 4.51961
||ru|| = 4.52007
||yu|| = 184.872
||GtYphi|| = 1.61449
||KtYu|| = 12.4046
||rj|| = 13.2082
||yj|| = 0.827693
||rphi|| = 0.00143949
||rp|| = 0.112694
||y|| = 654.6
FGMRES iteration : 26 || r || = 0.536269
||xi|| = 493.741
||eta|| = 0.241302
||yp|| = 543.334
||yphi|| = 0.179692
||BtYp|| = 3.6901
||ru|| = 3.69037
||yu|| = 155.473
||GtYphi|| = 1.52781
||KtYu|| = 11.9702
||rj|| = 12.7601
||yj|| = 0.820663
||rphi|| = 0.00128625
||rp|| = 0.0937657
||y|| = 565.141
FGMRES iteration : 27 || r || = 0.464183
||xi|| = 433.066
||eta|| = 0.24087
||yp|| = 476.573
||yphi|| = 0.227624
||BtYp|| = 3.32034
||ru|| = 3.32168
||yu|| = 141.982
||GtYphi|| = 1.70697
||KtYu|| = 11.3531
||rj|| = 12.1507
||yj|| = 0.794698
||rphi|| = 0.00168777
||rp|| = 0.0856591
||y|| = 497.274
FGMRES iteration : 28 || r || = 0.416925
||xi|| = 387.141
||eta|| = 0.245629
||yp|| = 426.054
||yphi|| = 0.229655
||BtYp|| = 2.84698
||ru|| = 2.84744
||yu|| = 130.781
||GtYphi|| = 1.36583
||KtYu|| = 12.2898
||rj|| = 13.1218
||yj|| = 0.855204
||rphi|| = 0.00170811
||rp|| = 0.0775121
||y|| = 445.675
FGMRES iteration : 29 || r || = 0.381439
||xi|| = 346.395
||eta|| = 0.235761
||yp|| = 381.214
||yphi|| = 0.31083
||BtYp|| = 2.41059
||ru|| = 2.41164
||yu|| = 110.158
||GtYphi|| = 1.80326
||KtYu|| = 10.8174
||rj|| = 11.641
||yj|| = 0.721052
||rphi|| = 0.0022545
||rp|| = 0.0639844
||y|| = 396.812
FGMRES iteration : 30 || r || = 0.365934
||xi|| = 449.234
||eta|| = 0.233735
||yp|| = 494.367
||yphi|| = 0.313762
||BtYp|| = 3.33516
||ru|| = 3.33628
||yu|| = 145.05
||GtYphi|| = 2.11505
||KtYu|| = 12.3063
||rj|| = 13.1899
||yj|| = 0.802048
||rphi|| = 0.00237405
||rp|| = 0.0843437
||y|| = 515.207
FGMRES iteration : 31 || r || = 0.352912
||xi|| = 472.988
||eta|| = 0.295846
||yp|| = 520.54
||yphi|| = 0.227663
||BtYp|| = 3.43039
||ru|| = 3.43081
||yu|| = 153.617
||GtYphi|| = 1.96739
||KtYu|| = 12.5867
||rj|| = 13.4558
||yj|| = 0.799981
||rphi|| = 0.00175754
||rp|| = 0.0879581
||y|| = 542.735
FGMRES iteration : 32 || r || = 0.346431
||xi|| = 440.357
||eta|| = 0.291653
||yp|| = 484.62
||yphi|| = 0.218713
||BtYp|| = 3.18809
||ru|| = 3.18959
||yu|| = 144.274
||GtYphi|| = 1.63684
||KtYu|| = 11.6543
||rj|| = 12.4843
||yj|| = 0.757617
||rphi|| = 0.00148716
||rp|| = 0.0825405
||y|| = 505.64
FGMRES iteration : 33 || r || = 0.338332
||xi|| = 461.341
||eta|| = 0.252816
||yp|| = 507.719
||yphi|| = 0.324225
||BtYp|| = 3.3941
||ru|| = 3.39495
||yu|| = 149.195
||GtYphi|| = 1.73478
||KtYu|| = 12.6732
||rj|| = 13.492
||yj|| = 0.847576
||rphi|| = 0.00236558
||rp|| = 0.0856098
||y|| = 529.187
FGMRES iteration : 34 || r || = 0.33306
||xi|| = 392.719
||eta|| = 0.217899
||yp|| = 432.194
||yphi|| = 0.189036
||BtYp|| = 2.86876
||ru|| = 2.87
||yu|| = 127.866
||GtYphi|| = 1.43155
||KtYu|| = 12.0295
||rj|| = 12.824
||yj|| = 0.834696
||rphi|| = 0.00141179
||rp|| = 0.0739502
||y|| = 450.713
FGMRES iteration : 35 || r || = 0.32872
||xi|| = 347.447
||eta|| = 0.243912
||yp|| = 382.375
||yphi|| = 0.20986
||BtYp|| = 2.43011
||ru|| = 2.43099
||yu|| = 109.698
||GtYphi|| = 1.69759
||KtYu|| = 10.9192
||rj|| = 11.7593
||yj|| = 0.728799
||rphi|| = 0.00159969
||rp|| = 0.062319
||y|| = 397.8
FGMRES iteration : 36 || r || = 0.32769
||xi|| = 449.935
||eta|| = 0.259927
||yp|| = 495.152
||yphi|| = 0.413995
||BtYp|| = 3.27
||ru|| = 3.27096
||yu|| = 143.198
||GtYphi|| = 1.98455
||KtYu|| = 12.9985
||rj|| = 13.9039
||yj|| = 0.842335
||rphi|| = 0.00333741
||rp|| = 0.0829559
||y|| = 515.444
FGMRES iteration : 37 || r || = 0.326636
||xi|| = 455.482
||eta|| = 0.302317
||yp|| = 501.269
||yphi|| = 0.19387
||BtYp|| = 3.20325
||ru|| = 3.20426
||yu|| = 145.587
||GtYphi|| = 1.57038
||KtYu|| = 13.0348
||rj|| = 13.8605
||yj|| = 0.846648
||rphi|| = 0.00177975
||rp|| = 0.083844
||y|| = 521.983
FGMRES iteration : 38 || r || = 0.326481
||xi|| = 465.264
||eta|| = 0.318721
||yp|| = 512.021
||yphi|| = 0.497862
||BtYp|| = 3.4824
||ru|| = 3.48268
||yu|| = 146.2
||GtYphi|| = 2.11179
||KtYu|| = 10.8759
||rj|| = 11.5896
||yj|| = 0.714665
||rphi|| = 0.00399084
||rp|| = 0.0867866
||y|| = 532.485
FGMRES iteration : 39 || r || = 0.326447
||xi|| = 339.037
||eta|| = 0.244057
||yp|| = 373.186
||yphi|| = 0.446245
||BtYp|| = 2.21776
||ru|| = 2.21974
||yu|| = 113.78
||GtYphi|| = 1.83506
||KtYu|| = 12.7807
||rj|| = 13.6771
||yj|| = 0.923237
||rphi|| = 0.00367057
||rp|| = 0.0620412
||y|| = 390.147
FGMRES iteration : 40 || r || = 0.326338
||xi|| = 393.864
||eta|| = 0.306699
||yp|| = 433.499
||yphi|| = 0.270344
||BtYp|| = 2.54826
||ru|| = 2.54895
||yu|| = 121.154
||GtYphi|| = 1.94867
||KtYu|| = 12.4513
||rj|| = 13.2986
||yj|| = 0.833581
||rphi|| = 0.00251544
||rp|| = 0.0689098
||y|| = 450.111
FGMRES iteration : 41 || r || = 0.32611
||xi|| = 265.28
||eta|| = 0.251182
||yp|| = 291.999
||yphi|| = 0.45208
||BtYp|| = 1.71007
||ru|| = 1.71183
||yu|| = 90.3111
||GtYphi|| = 2.4233
||KtYu|| = 11.6186
||rj|| = 12.6028
||yj|| = 0.766411
||rphi|| = 0.00388798
||rp|| = 0.0498802
||y|| = 305.647
FGMRES iteration : 42 || r || = 0.324382
||xi|| = 327.148
||eta|| = 0.264731
||yp|| = 360.096
||yphi|| = 0.298861
||BtYp|| = 1.93466
||ru|| = 1.93592
||yu|| = 103.069
||GtYphi|| = 1.8325
||KtYu|| = 11.8262
||rj|| = 12.6898
||yj|| = 0.778199
||rphi|| = 0.00272964
||rp|| = 0.056775
||y|| = 374.557
FGMRES iteration : 43 || r || = 0.319057
||xi|| = 392.791
||eta|| = 0.264214
||yp|| = 432.29
||yphi|| = 0.241177
||BtYp|| = 2.72005
||ru|| = 2.72117
||yu|| = 125.425
||GtYphi|| = 1.79092
||KtYu|| = 12.2104
||rj|| = 13.0424
||yj|| = 0.788947
||rphi|| = 0.00217064
||rp|| = 0.0712772
||y|| = 450.119
FGMRES iteration : 44 || r || = 0.315385
||xi|| = 392.651
||eta|| = 0.259234
||yp|| = 432.137
||yphi|| = 0.257804
||BtYp|| = 2.66329
||ru|| = 2.66418
||yu|| = 117.898
||GtYphi|| = 1.4701
||KtYu|| = 11.0875
||rj|| = 11.8402
||yj|| = 0.732071
||rphi|| = 0.002034
||rp|| = 0.0683968
||y|| = 447.932
FGMRES iteration : 45 || r || = 0.314915
||xi|| = 359.64
||eta|| = 0.3322
||yp|| = 395.853
||yphi|| = 0.433497
||BtYp|| = 2.40033
||ru|| = 2.40151
||yu|| = 123.047
||GtYphi|| = 1.90619
||KtYu|| = 12.6691
||rj|| = 13.5463
||yj|| = 0.894002
||rphi|| = 0.00337763
||rp|| = 0.0699226
||y|| = 414.538
FGMRES iteration : 46 || r || = 0.314781
||xi|| = 377.045
||eta|| = 0.262831
||yp|| = 414.981
||yphi|| = 0.335313
||BtYp|| = 2.50732
||ru|| = 2.50843
||yu|| = 121.572
||GtYphi|| = 2.33222
||KtYu|| = 11.9269
||rj|| = 12.8701
||yj|| = 0.749643
||rphi|| = 0.00304913
||rp|| = 0.0701206
||y|| = 432.423
FGMRES iteration : 47 || r || = 0.314232
||xi|| = 411.509
||eta|| = 0.242976
||yp|| = 452.886
||yphi|| = 0.285257
||BtYp|| = 2.83284
||ru|| = 2.83371
||yu|| = 135.741
||GtYphi|| = 1.91477
||KtYu|| = 13.0509
||rj|| = 13.8491
||yj|| = 0.881026
||rphi|| = 0.0027013
||rp|| = 0.0774763
||y|| = 472.792
FGMRES iteration : 48 || r || = 0.311168
||xi|| = 398.989
||eta|| = 0.24413
||yp|| = 439.106
||yphi|| = 0.618824
||BtYp|| = 2.72403
||ru|| = 2.72514
||yu|| = 127.894
||GtYphi|| = 2.66377
||KtYu|| = 12.7115
||rj|| = 13.6654
||yj|| = 0.846133
||rphi|| = 0.00540825
||rp|| = 0.0733754
||y|| = 457.353
FGMRES iteration : 49 || r || = 0.29617
||xi|| = 320.155
||eta|| = 0.218193
||yp|| = 352.361
||yphi|| = 0.56526
||BtYp|| = 2.10498
||ru|| = 2.10601
||yu|| = 102.565
||GtYphi|| = 2.81673
||KtYu|| = 11.119
||rj|| = 12.1265
||yj|| = 0.706017
||rphi|| = 0.00546284
||rp|| = 0.0578288
||y|| = 366.986
FGMRES iteration : 50 || r || = 0.266033
||xi|| = 370.93
||eta|| = 0.303228
||yp|| = 408.239
||yphi|| = 0.598598
||BtYp|| = 2.49481
||ru|| = 2.49581
||yu|| = 120.104
||GtYphi|| = 2.39042
||KtYu|| = 12.0942
||rj|| = 13.002
||yj|| = 0.81578
||rphi|| = 0.00535059
||rp|| = 0.0670787
||y|| = 425.541
FGMRES iteration : 51 || r || = 0.233768
||xi|| = 348.733
||eta|| = 0.243038
||yp|| = 383.815
||yphi|| = 0.446606
||BtYp|| = 2.35758
||ru|| = 2.35881
||yu|| = 118.15
||GtYphi|| = 2.17411
||KtYu|| = 12.0742
||rj|| = 12.941
||yj|| = 0.824178
||rphi|| = 0.00431261
||rp|| = 0.0661104
||y|| = 401.59
FGMRES iteration : 52 || r || = 0.210715
||xi|| = 345.997
||eta|| = 0.252609
||yp|| = 380.813
||yphi|| = 0.544177
||BtYp|| = 2.31792
||ru|| = 2.31902
||yu|| = 115.89
||GtYphi|| = 2.18236
||KtYu|| = 12.3721
||rj|| = 13.2988
||yj|| = 0.831031
||rphi|| = 0.00458312
||rp|| = 0.0639476
||y|| = 398.058
FGMRES iteration : 53 || r || = 0.194291
||xi|| = 393.183
||eta|| = 0.246317
||yp|| = 432.729
||yphi|| = 0.279154
||BtYp|| = 2.53592
||ru|| = 2.53701
||yu|| = 121.664
||GtYphi|| = 1.87622
||KtYu|| = 12.0851
||rj|| = 12.8833
||yj|| = 0.812692
||rphi|| = 0.00239633
||rp|| = 0.0653856
||y|| = 449.508
FGMRES iteration : 54 || r || = 0.177781
||xi|| = 375.202
||eta|| = 0.225372
||yp|| = 412.943
||yphi|| = 0.375448
||BtYp|| = 2.39674
||ru|| = 2.39792
||yu|| = 114.289
||GtYphi|| = 2.09428
||KtYu|| = 11.906
||rj|| = 12.8043
||yj|| = 0.815937
||rphi|| = 0.003545
||rp|| = 0.0619251
||y|| = 428.468
FGMRES iteration : 55 || r || = 0.165749
||xi|| = 332.862
||eta|| = 0.228664
||yp|| = 366.352
||yphi|| = 0.396818
||BtYp|| = 2.13092
||ru|| = 2.13201
||yu|| = 102.965
||GtYphi|| = 2.00137
||KtYu|| = 11.5791
||rj|| = 12.4157
||yj|| = 0.779991
||rphi|| = 0.00353165
||rp|| = 0.0577561
||y|| = 380.548
FGMRES iteration : 56 || r || = 0.159477
||xi|| = 350.706
||eta|| = 0.246325
||yp|| = 386
||yphi|| = 0.448771
||BtYp|| = 2.14683
||ru|| = 2.14818
||yu|| = 109.038
||GtYphi|| = 2.38494
||KtYu|| = 12.416
||rj|| = 13.2969
||yj|| = 0.827008
||rphi|| = 0.00421835
||rp|| = 0.0600066
||y|| = 401.106
FGMRES iteration : 57 || r || = 0.155819
||xi|| = 345.329
||eta|| = 0.234708
||yp|| = 380.088
||yphi|| = 0.334379
||BtYp|| = 2.35302
||ru|| = 2.35418
||yu|| = 112.372
||GtYphi|| = 1.98775
||KtYu|| = 12.3363
||rj|| = 13.2301
||yj|| = 0.809532
||rphi|| = 0.00319214
||rp|| = 0.0661705
||y|| = 396.352
FGMRES iteration : 58 || r || = 0.15345
||xi|| = 406.129
||eta|| = 0.258322
||yp|| = 446.989
||yphi|| = 0.450875
||BtYp|| = 2.81538
||ru|| = 2.81645
||yu|| = 134.39
||GtYphi|| = 2.42669
||KtYu|| = 11.7631
||rj|| = 12.6434
||yj|| = 0.756253
||rphi|| = 0.00361058
||rp|| = 0.0778679
||y|| = 466.755
FGMRES iteration : 59 || r || = 0.15065
||xi|| = 401.888
||eta|| = 0.254932
||yp|| = 442.31
||yphi|| = 0.30843
||BtYp|| = 2.90808
||ru|| = 2.90913
||yu|| = 132.78
||GtYphi|| = 2.25435
||KtYu|| = 12.2358
||rj|| = 13.1788
||yj|| = 0.848028
||rphi|| = 0.00285998
||rp|| = 0.0803183
||y|| = 461.811
FGMRES iteration : 60 || r || = 0.147912
||xi|| = 391.641
||eta|| = 0.303094
||yp|| = 431.016
||yphi|| = 0.328002
||BtYp|| = 2.87158
||ru|| = 2.87257
||yu|| = 127.108
||GtYphi|| = 1.88687
||KtYu|| = 11.7417
||rj|| = 12.6063
||yj|| = 0.814891
||rphi|| = 0.00265104
||rp|| = 0.0773277
||y|| = 449.368
FGMRES iteration : 61 || r || = 0.145601
||xi|| = 365.467
||eta|| = 0.296579
||yp|| = 402.186
||yphi|| = 0.216564
||BtYp|| = 2.66153
||ru|| = 2.66267
||yu|| = 121.285
||GtYphi|| = 1.85077
||KtYu|| = 12.0458
||rj|| = 12.8331
||yj|| = 0.826918
||rphi|| = 0.00199514
||rp|| = 0.0737365
||y|| = 420.076
FGMRES iteration : 62 || r || = 0.144385
||xi|| = 376.56
||eta|| = 0.249654
||yp|| = 414.427
||yphi|| = 0.224904
||BtYp|| = 2.77056
||ru|| = 2.77155
||yu|| = 125.563
||GtYphi|| = 2.20156
||KtYu|| = 11.7292
||rj|| = 12.6276
||yj|| = 0.766464
||rphi|| = 0.00178326
||rp|| = 0.0772106
||y|| = 433.031
FGMRES iteration : 63 || r || = 0.144313
||xi|| = 566.499
||eta|| = 0.26697
||yp|| = 623.387
||yphi|| = 0.296189
||BtYp|| = 4.26498
||ru|| = 4.26547
||yu|| = 183.444
||GtYphi|| = 2.21225
||KtYu|| = 13.7728
||rj|| = 14.7078
||yj|| = 0.895238
||rphi|| = 0.00245318
||rp|| = 0.111788
||y|| = 649.819
FGMRES iteration : 64 || r || = 0.144287
||xi|| = 473.043
||eta|| = 0.331236
||yp|| = 520.563
||yphi|| = 0.511318
||BtYp|| = 3.60812
||ru|| = 3.60931
||yu|| = 154.606
||GtYphi|| = 3.30516
||KtYu|| = 12.1613
||rj|| = 13.2317
||yj|| = 0.802444
||rphi|| = 0.00452921
||rp|| = 0.0948084
||y|| = 543.038
FGMRES iteration : 65 || r || = 0.144283
||xi|| = 521.324
||eta|| = 0.248823
||yp|| = 573.663
||yphi|| = 0.40446
||BtYp|| = 3.93188
||ru|| = 3.93222
||yu|| = 167.44
||GtYphi|| = 2.77822
||KtYu|| = 12.3689
||rj|| = 13.3733
||yj|| = 0.792214
||rphi|| = 0.00356306
||rp|| = 0.102842
||y|| = 597.6
FGMRES iteration : 66 || r || = 0.143867
||xi|| = 521.427
||eta|| = 0.300879
||yp|| = 573.786
||yphi|| = 0.3201
||BtYp|| = 3.96901
||ru|| = 3.9701
||yu|| = 166.894
||GtYphi|| = 2.31493
||KtYu|| = 12.8908
||rj|| = 13.8062
||yj|| = 0.874579
||rphi|| = 0.00293778
||rp|| = 0.102297
||y|| = 597.566
FGMRES iteration : 67 || r || = 0.142037
||xi|| = 523.362
||eta|| = 0.389885
||yp|| = 575.912
||yphi|| = 0.315775
||BtYp|| = 3.97781
||ru|| = 3.97824
||yu|| = 167.349
||GtYphi|| = 2.59554
||KtYu|| = 12.8315
||rj|| = 13.7541
||yj|| = 0.786092
||rphi|| = 0.00279652
||rp|| = 0.101252
||y|| = 599.734
FGMRES iteration : 68 || r || = 0.140495
||xi|| = 518.993
||eta|| = 0.347824
||yp|| = 571.111
||yphi|| = 0.343878
||BtYp|| = 3.98433
||ru|| = 3.9849
||yu|| = 169.792
||GtYphi|| = 2.11074
||KtYu|| = 12.6308
||rj|| = 13.5436
||yj|| = 0.810903
||rphi|| = 0.00281316
||rp|| = 0.103453
||y|| = 595.817
FGMRES iteration : 69 || r || = 0.138827
||xi|| = 483.753
||eta|| = 0.305788
||yp|| = 532.351
||yphi|| = 0.353405
||BtYp|| = 3.63025
||ru|| = 3.63089
||yu|| = 155.788
||GtYphi|| = 2.11736
||KtYu|| = 12.2268
||rj|| = 13.1141
||yj|| = 0.807678
||rphi|| = 0.00249684
||rp|| = 0.0947497
||y|| = 554.679
FGMRES iteration : 70 || r || = 0.136938
||xi|| = 529.998
||eta|| = 0.345961
||yp|| = 583.239
||yphi|| = 0.365377
||BtYp|| = 3.91584
||ru|| = 3.91638
||yu|| = 167.642
||GtYphi|| = 2.08837
||KtYu|| = 12.368
||rj|| = 13.2426
||yj|| = 0.810638
||rphi|| = 0.00261677
||rp|| = 0.0978714
||y|| = 606.854
FGMRES iteration : 71 || r || = 0.13496
||xi|| = 465.862
||eta|| = 0.3112
||yp|| = 512.718
||yphi|| = 0.520367
||BtYp|| = 3.38938
||ru|| = 3.39083
||yu|| = 153.755
||GtYphi|| = 2.03118
||KtYu|| = 12.8272
||rj|| = 13.7134
||yj|| = 0.870579
||rphi|| = 0.00409914
||rp|| = 0.087465
||y|| = 535.277
FGMRES iteration : 72 || r || = 0.130995
||xi|| = 417.784
||eta|| = 0.232021
||yp|| = 459.777
||yphi|| = 0.252797
||BtYp|| = 3.03657
||ru|| = 3.03584
||yu|| = 134.035
||GtYphi|| = 1.8141
||KtYu|| = 11.4305
||rj|| = 12.3349
||yj|| = 0.713392
||rphi|| = 0.00212501
||rp|| = 0.0775472
||y|| = 478.916
FGMRES iteration : 73 || r || = 0.125931
||xi|| = 461.724
||eta|| = 0.248015
||yp|| = 508.124
||yphi|| = 0.35795
||BtYp|| = 3.32421
||ru|| = 3.32569
||yu|| = 147.847
||GtYphi|| = 1.9646
||KtYu|| = 12.7073
||rj|| = 13.5408
||yj|| = 0.787624
||rphi|| = 0.00273555
||rp|| = 0.0840743
||y|| = 529.197
FGMRES iteration : 74 || r || = 0.11853
||xi|| = 469.302
||eta|| = 0.27211
||yp|| = 516.488
||yphi|| = 0.408399
||BtYp|| = 3.37308
||ru|| = 3.37329
||yu|| = 152.285
||GtYphi|| = 1.70843
||KtYu|| = 13.2336
||rj|| = 14.0877
||yj|| = 0.850629
||rphi|| = 0.00317915
||rp|| = 0.0867489
||y|| = 538.472
FGMRES iteration : 75 || r || = 0.101738
||xi|| = 420.043
||eta|| = 0.304033
||yp|| = 462.258
||yphi|| = 0.226494
||BtYp|| = 3.02039
||ru|| = 3.02096
||yu|| = 142.986
||GtYphi|| = 1.71922
||KtYu|| = 12.2203
||rj|| = 13.0264
||yj|| = 0.764993
||rphi|| = 0.00182178
||rp|| = 0.081378
||y|| = 483.868
FGMRES iteration : 76 || r || = 0.0905151
||xi|| = 459.596
||eta|| = 0.276373
||yp|| = 505.815
||yphi|| = 0.15445
||BtYp|| = 3.32963
||ru|| = 3.33064
||yu|| = 153.66
||GtYphi|| = 1.55729
||KtYu|| = 13.0286
||rj|| = 13.8735
||yj|| = 0.847987
||rphi|| = 0.00127623
||rp|| = 0.0886043
||y|| = 528.64
FGMRES iteration : 77 || r || = 0.0824062
||xi|| = 369.316
||eta|| = 0.266475
||yp|| = 406.515
||yphi|| = 0.171181
||BtYp|| = 2.34259
||ru|| = 2.3432
||yu|| = 123.2
||GtYphi|| = 1.5627
||KtYu|| = 12.1471
||rj|| = 13.0041
||yj|| = 0.79467
||rphi|| = 0.00129089
||rp|| = 0.0662509
||y|| = 424.775
FGMRES iteration : 78 || r || = 0.0772154
||xi|| = 341.363
||eta|| = 0.239854
||yp|| = 375.74
||yphi|| = 0.283257
||BtYp|| = 2.27137
||ru|| = 2.27281
||yu|| = 115.294
||GtYphi|| = 1.99222
||KtYu|| = 11.0429
||rj|| = 11.8826
||yj|| = 0.689474
||rphi|| = 0.00225066
||rp|| = 0.0630883
||y|| = 393.032
FGMRES iteration : 79 || r || = 0.0756093
||xi|| = 418.295
||eta|| = 0.265505
||yp|| = 460.363
||yphi|| = 0.32799
||BtYp|| = 2.91177
||ru|| = 2.91337
||yu|| = 139.543
||GtYphi|| = 1.90591
||KtYu|| = 13.3996
||rj|| = 14.3512
||yj|| = 0.876144
||rphi|| = 0.00254824
||rp|| = 0.0783351
||y|| = 481.048
FGMRES iteration : 80 || r || = 0.0748943
||xi|| = 416.347
||eta|| = 0.293215
||yp|| = 458.218
||yphi|| = 0.234209
||BtYp|| = 2.92045
||ru|| = 2.92083
||yu|| = 137.185
||GtYphi|| = 1.80041
||KtYu|| = 12.6177
||rj|| = 13.4503
||yj|| = 0.797013
||rphi|| = 0.00180537
||rp|| = 0.0814258
||y|| = 478.314
FGMRES iteration : 81 || r || = 0.0744087
||xi|| = 415.79
||eta|| = 0.266635
||yp|| = 457.604
||yphi|| = 0.257134
||BtYp|| = 2.83528
||ru|| = 2.83654
||yu|| = 135.023
||GtYphi|| = 1.97718
||KtYu|| = 12.6125
||rj|| = 13.4521
||yj|| = 0.765303
||rphi|| = 0.00195558
||rp|| = 0.076372
||y|| = 477.109
FGMRES iteration : 82 || r || = 0.0739349
||xi|| = 441.748
||eta|| = 0.243067
||yp|| = 486.151
||yphi|| = 0.298602
||BtYp|| = 3.22072
||ru|| = 3.22102
||yu|| = 143.524
||GtYphi|| = 1.71067
||KtYu|| = 12.6211
||rj|| = 13.4523
||yj|| = 0.80966
||rphi|| = 0.00242731
||rp|| = 0.0840097
||y|| = 506.895
FGMRES iteration : 83 || r || = 0.0735505
||xi|| = 440.22
||eta|| = 0.241299
||yp|| = 484.494
||yphi|| = 0.226807
||BtYp|| = 3.09372
||ru|| = 3.09488
||yu|| = 138.105
||GtYphi|| = 1.60098
||KtYu|| = 12.4525
||rj|| = 13.2779
||yj|| = 0.815706
||rphi|| = 0.0016414
||rp|| = 0.0792862
||y|| = 503.794
FGMRES iteration : 84 || r || = 0.0733659
||xi|| = 583.385
||eta|| = 0.328017
||yp|| = 642.017
||yphi|| = 0.223371
||BtYp|| = 4.03621
||ru|| = 4.03682
||yu|| = 176.596
||GtYphi|| = 1.95025
||KtYu|| = 13.5269
||rj|| = 14.3182
||yj|| = 0.847057
||rphi|| = 0.0015388
||rp|| = 0.101191
||y|| = 665.862
FGMRES iteration : 85 || r || = 0.0731667
||xi|| = 508.564
||eta|| = 0.296523
||yp|| = 559.649
||yphi|| = 0.188501
||BtYp|| = 3.68011
||ru|| = 3.68132
||yu|| = 159.441
||GtYphi|| = 1.6697
||KtYu|| = 13.7296
||rj|| = 14.5973
||yj|| = 0.895101
||rphi|| = 0.0014809
||rp|| = 0.0938665
||y|| = 581.918
FGMRES iteration : 86 || r || = 0.0729254
||xi|| = 488.495
||eta|| = 0.299802
||yp|| = 537.548
||yphi|| = 0.178111
||BtYp|| = 3.52223
||ru|| = 3.5221
||yu|| = 153.224
||GtYphi|| = 1.80217
||KtYu|| = 12.8145
||rj|| = 13.6177
||yj|| = 0.764985
||rphi|| = 0.00136845
||rp|| = 0.091654
||y|| = 558.96
FGMRES iteration : 87 || r || = 0.0728208
||xi|| = 475.16
||eta|| = 0.239873
||yp|| = 522.916
||yphi|| = 0.160032
||BtYp|| = 3.32018
||ru|| = 3.32176
||yu|| = 143.305
||GtYphi|| = 1.72664
||KtYu|| = 12.1355
||rj|| = 12.9131
||yj|| = 0.76657
||rphi|| = 0.00119557
||rp|| = 0.0844917
||y|| = 542.198
FGMRES iteration : 88 || r || = 0.0728155
||xi|| = 563.499
||eta|| = 0.232331
||yp|| = 620.095
||yphi|| = 0.206795
||BtYp|| = 4.25645
||ru|| = 4.25651
||yu|| = 176.576
||GtYphi|| = 1.67102
||KtYu|| = 13.6577
||rj|| = 14.522
||yj|| = 0.88273
||rphi|| = 0.0016444
||rp|| = 0.105683
||y|| = 644.746
FGMRES iteration : 89 || r || = 0.0728066
||xi|| = 466.048
||eta|| = 0.260389
||yp|| = 512.852
||yphi|| = 0.237264
||BtYp|| = 3.47616
||ru|| = 3.47774
||yu|| = 150.368
||GtYphi|| = 1.93566
||KtYu|| = 11.8417
||rj|| = 12.6479
||yj|| = 0.698288
||rphi|| = 0.00178427
||rp|| = 0.0945595
||y|| = 534.442
FGMRES iteration : 90 || r || = 0.0727988
||xi|| = 444.801
||eta|| = 0.285677
||yp|| = 489.523
||yphi|| = 0.346798
||BtYp|| = 3.21883
||ru|| = 3.21981
||yu|| = 146.916
||GtYphi|| = 1.83439
||KtYu|| = 13.152
||rj|| = 14.0227
||yj|| = 0.853986
||rphi|| = 0.00269087
||rp|| = 0.0887115
||y|| = 511.095
FGMRES iteration : 91 || r || = 0.0727469
||xi|| = 527.126
||eta|| = 0.275531
||yp|| = 580.083
||yphi|| = 0.292079
||BtYp|| = 3.75241
||ru|| = 3.75345
||yu|| = 158.221
||GtYphi|| = 1.94961
||KtYu|| = 12.9822
||rj|| = 13.8571
||yj|| = 0.839665
||rphi|| = 0.0021908
||rp|| = 0.0951949
||y|| = 601.274
FGMRES iteration : 92 || r || = 0.0721969
||xi|| = 393.498
||eta|| = 0.232012
||yp|| = 433.096
||yphi|| = 0.201963
||BtYp|| = 2.45767
||ru|| = 2.45863
||yu|| = 123.369
||GtYphi|| = 1.97984
||KtYu|| = 12.1052
||rj|| = 12.9941
||yj|| = 0.722546
||rphi|| = 0.00162897
||rp|| = 0.0698203
||y|| = 450.325
FGMRES iteration : 93 || r || = 0.0712067
||xi|| = 533.502
||eta|| = 0.253569
||yp|| = 587.07
||yphi|| = 0.181366
||BtYp|| = 4.04387
||ru|| = 4.04382
||yu|| = 172.176
||GtYphi|| = 1.58889
||KtYu|| = 13.8939
||rj|| = 14.7162
||yj|| = 0.897557
||rphi|| = 0.00141654
||rp|| = 0.106357
||y|| = 611.798
FGMRES iteration : 94 || r || = 0.0696299
||xi|| = 468.668
||eta|| = 0.243144
||yp|| = 515.794
||yphi|| = 0.367553
||BtYp|| = 3.38531
||ru|| = 3.38646
||yu|| = 151.842
||GtYphi|| = 1.84346
||KtYu|| = 13.0755
||rj|| = 13.9374
||yj|| = 0.789332
||rphi|| = 0.00284913
||rp|| = 0.0914958
||y|| = 537.68
FGMRES iteration : 95 || r || = 0.0673927
||xi|| = 434.488
||eta|| = 0.293055
||yp|| = 478.207
||yphi|| = 0.331007
||BtYp|| = 2.88637
||ru|| = 2.88682
||yu|| = 140.864
||GtYphi|| = 2.09428
||KtYu|| = 12.5289
||rj|| = 13.3721
||yj|| = 0.758951
||rphi|| = 0.00267963
||rp|| = 0.0793282
||y|| = 498.523
FGMRES iteration : 96 || r || = 0.0646566
||xi|| = 429.826
||eta|| = 0.252843
||yp|| = 473.054
||yphi|| = 0.358862
||BtYp|| = 2.89289
||ru|| = 2.89393
||yu|| = 135.932
||GtYphi|| = 1.89055
||KtYu|| = 13.4552
||rj|| = 14.3578
||yj|| = 0.877667
||rphi|| = 0.00258788
||rp|| = 0.0783255
||y|| = 492.197
FGMRES iteration : 97 || r || = 0.0597368
||xi|| = 406.423
||eta|| = 0.247326
||yp|| = 447.308
||yphi|| = 0.269927
||BtYp|| = 2.69317
||ru|| = 2.6938
||yu|| = 124.846
||GtYphi|| = 1.9428
||KtYu|| = 11.5276
||rj|| = 12.3402
||yj|| = 0.699666
||rphi|| = 0.00192815
||rp|| = 0.0724783
||y|| = 464.405
FGMRES iteration : 98 || r || = 0.0546869
||xi|| = 425.058
||eta|| = 0.276513
||yp|| = 467.808
||yphi|| = 0.14425
||BtYp|| = 2.69465
||ru|| = 2.69572
||yu|| = 127.97
||GtYphi|| = 1.2894
||KtYu|| = 12.7039
||rj|| = 13.458
||yj|| = 0.783563
||rphi|| = 0.00120114
||rp|| = 0.0700708
||y|| = 484.996
FGMRES iteration : 99 || r || = 0.0515862
||xi|| = 365.388
||eta|| = 0.277966
||yp|| = 402.164
||yphi|| = 0.212028
||BtYp|| = 2.35874
||ru|| = 2.36014
||yu|| = 114.096
||GtYphi|| = 1.71243
||KtYu|| = 12.9534
||rj|| = 13.8272
||yj|| = 0.838862
||rphi|| = 0.00165058
||rp|| = 0.0646915
||y|| = 418.037
FGMRES iteration : 100 || r || = 0.0485728
||xi|| = 364.733
||eta|| = 0.219961
||yp|| = 401.445
||yphi|| = 0.212541
||BtYp|| = 2.03817
||ru|| = 2.03908
||yu|| = 105.749
||GtYphi|| = 1.83972
||KtYu|| = 11.2504
||rj|| = 12.0367
||yj|| = 0.687747
||rphi|| = 0.00170361
||rp|| = 0.0562575
||y|| = 415.14
FGMRES iteration : 101 || r || = 0.0468315
||xi|| = 390.218
||eta|| = 0.209709
||yp|| = 429.473
||yphi|| = 0.152704
||BtYp|| = 2.44457
||ru|| = 2.44592
||yu|| = 120.92
||GtYphi|| = 1.34777
||KtYu|| = 13.2633
||rj|| = 14.0983
||yj|| = 0.896516
||rphi|| = 0.0012178
||rp|| = 0.0647349
||y|| = 446.172
FGMRES iteration : 102 || r || = 0.0455481
||xi|| = 330.412
||eta|| = 0.217029
||yp|| = 363.684
||yphi|| = 0.189228
||BtYp|| = 2.08533
||ru|| = 2.0866
||yu|| = 106.193
||GtYphi|| = 1.58051
||KtYu|| = 11.984
||rj|| = 12.7622
||yj|| = 0.788569
||rphi|| = 0.00163539
||rp|| = 0.0604544
||y|| = 378.872
FGMRES iteration : 103 || r || = 0.0450633
||xi|| = 384.878
||eta|| = 0.279458
||yp|| = 423.6
||yphi|| = 0.21936
||BtYp|| = 2.3377
||ru|| = 2.33876
||yu|| = 117.442
||GtYphi|| = 1.88983
||KtYu|| = 12.2769
||rj|| = 13.0942
||yj|| = 0.7534
||rphi|| = 0.00195397
||rp|| = 0.0662481
||y|| = 439.579
FGMRES iteration : 104 || r || = 0.044893
||xi|| = 423.149
||eta|| = 0.256146
||yp|| = 465.718
||yphi|| = 0.230672
||BtYp|| = 2.74192
||ru|| = 2.7432
||yu|| = 130.435
||GtYphi|| = 1.79558
||KtYu|| = 13.4389
||rj|| = 14.2932
||yj|| = 0.879316
||rphi|| = 0.00208823
||rp|| = 0.0742626
||y|| = 483.64
FGMRES iteration : 105 || r || = 0.0447915
||xi|| = 388.574
||eta|| = 0.309136
||yp|| = 427.72
||yphi|| = 0.378204
||BtYp|| = 2.28307
||ru|| = 2.28418
||yu|| = 121.195
||GtYphi|| = 2.32631
||KtYu|| = 12.2172
||rj|| = 13.1002
||yj|| = 0.769219
||rphi|| = 0.00307972
||rp|| = 0.0659033
||y|| = 444.56
FGMRES iteration : 106 || r || = 0.0447459
||xi|| = 388.345
||eta|| = 0.26108
||yp|| = 427.431
||yphi|| = 0.250592
||BtYp|| = 2.45327
||ru|| = 2.45468
||yu|| = 121.971
||GtYphi|| = 1.90133
||KtYu|| = 12.611
||rj|| = 13.4823
||yj|| = 0.808328
||rphi|| = 0.00208941
||rp|| = 0.0682649
||y|| = 444.494
FGMRES iteration : 107 || r || = 0.0446994
||xi|| = 383.688
||eta|| = 0.232328
||yp|| = 422.312
||yphi|| = 0.13469
||BtYp|| = 2.39107
||ru|| = 2.39345
||yu|| = 127.781
||GtYphi|| = 1.48936
||KtYu|| = 12.9025
||rj|| = 13.7362
||yj|| = 0.840073
||rphi|| = 0.00108671
||rp|| = 0.0713141
||y|| = 441.222
FGMRES iteration : 108 || r || = 0.0446191
||xi|| = 473.662
||eta|| = 0.284489
||yp|| = 521.293
||yphi|| = 0.219866
||BtYp|| = 3.41216
||ru|| = 3.41375
||yu|| = 151.972
||GtYphi|| = 1.62924
||KtYu|| = 13.1075
||rj|| = 13.9143
||yj|| = 0.783905
||rphi|| = 0.00193261
||rp|| = 0.0917217
||y|| = 542.994
FGMRES iteration : 109 || r || = 0.0445369
||xi|| = 379.341
||eta|| = 0.217178
||yp|| = 417.515
||yphi|| = 0.230175
||BtYp|| = 2.38337
||ru|| = 2.3845
||yu|| = 118.349
||GtYphi|| = 1.89965
||KtYu|| = 12.237
||rj|| = 13.1106
||yj|| = 0.786612
||rphi|| = 0.00176619
||rp|| = 0.0676956
||y|| = 433.966
FGMRES iteration : 110 || r || = 0.0445169
||xi|| = 421.098
||eta|| = 0.253528
||yp|| = 463.5
||yphi|| = 0.438227
||BtYp|| = 2.64207
||ru|| = 2.64319
||yu|| = 131.9
||GtYphi|| = 2.30612
||KtYu|| = 13.3598
||rj|| = 14.3401
||yj|| = 0.862385
||rphi|| = 0.0034471
||rp|| = 0.0741807
||y|| = 481.903
FGMRES iteration : 111 || r || = 0.04449
||xi|| = 452.822
||eta|| = 0.233127
||yp|| = 498.347
||yphi|| = 0.421555
||BtYp|| = 3.00799
||ru|| = 3.00868
||yu|| = 141.093
||GtYphi|| = 2.41915
||KtYu|| = 12.4294
||rj|| = 13.2849
||yj|| = 0.733009
||rphi|| = 0.0034707
||rp|| = 0.0795309
||y|| = 517.936
FGMRES iteration : 112 || r || = 0.0444596
||xi|| = 400.662
||eta|| = 0.269603
||yp|| = 440.973
||yphi|| = 0.247403
||BtYp|| = 2.59708
||ru|| = 2.59863
||yu|| = 127.504
||GtYphi|| = 1.9127
||KtYu|| = 13.0337
||rj|| = 13.9258
||yj|| = 0.878581
||rphi|| = 0.00221084
||rp|| = 0.0732346
||y|| = 459.037
FGMRES iteration : 113 || r || = 0.0444107
||xi|| = 420.567
||eta|| = 0.235301
||yp|| = 462.869
||yphi|| = 0.280731
||BtYp|| = 2.97271
||ru|| = 2.97441
||yu|| = 134.269
||GtYphi|| = 1.99394
||KtYu|| = 12.7863
||rj|| = 13.6432
||yj|| = 0.774058
||rphi|| = 0.00229995
||rp|| = 0.078829
||y|| = 481.95
FGMRES iteration : 114 || r || = 0.0443518
||xi|| = 471.428
||eta|| = 0.246477
||yp|| = 518.844
||yphi|| = 0.187727
||BtYp|| = 3.23427
||ru|| = 3.23487
||yu|| = 150.51
||GtYphi|| = 1.82161
||KtYu|| = 12.9537
||rj|| = 13.8055
||yj|| = 0.785777
||rphi|| = 0.00145875
||rp|| = 0.0820569
||y|| = 540.234
FGMRES iteration : 115 || r || = 0.0442767
||xi|| = 456.469
||eta|| = 0.245383
||yp|| = 502.374
||yphi|| = 0.247343
||BtYp|| = 3.3811
||ru|| = 3.38235
||yu|| = 146.243
||GtYphi|| = 1.78604
||KtYu|| = 13.0591
||rj|| = 13.9131
||yj|| = 0.87825
||rphi|| = 0.0018195
||rp|| = 0.0879674
||y|| = 523.227
FGMRES iteration : 116 || r || = 0.0441343
||xi|| = 508.403
||eta|| = 0.353434
||yp|| = 559.51
||yphi|| = 0.220115
||BtYp|| = 3.49327
||ru|| = 3.49373
||yu|| = 165.902
||GtYphi|| = 1.8465
||KtYu|| = 13.6309
||rj|| = 14.4151
||yj|| = 0.845697
||rphi|| = 0.00183889
||rp|| = 0.0921083
||y|| = 583.588
FGMRES iteration : 117 || r || = 0.0437493
||xi|| = 464.715
||eta|| = 0.293989
||yp|| = 511.45
||yphi|| = 0.296093
||BtYp|| = 3.10406
||ru|| = 3.10506
||yu|| = 140.75
||GtYphi|| = 2.11396
||KtYu|| = 12.5535
||rj|| = 13.4393
||yj|| = 0.845981
||rphi|| = 0.00243709
||rp|| = 0.0807033
||y|| = 530.464
FGMRES iteration : 118 || r || = 0.0429349
||xi|| = 495.183
||eta|| = 0.260482
||yp|| = 544.943
||yphi|| = 0.266452
||BtYp|| = 3.6415
||ru|| = 3.64176
||yu|| = 156.189
||GtYphi|| = 2.02523
||KtYu|| = 13.267
||rj|| = 14.1387
||yj|| = 0.888654
||rphi|| = 0.00215783
||rp|| = 0.0934362
||y|| = 566.885
FGMRES iteration : 119 || r || = 0.0412361
||xi|| = 472.094
||eta|| = 0.266724
||yp|| = 519.544
||yphi|| = 0.463397
||BtYp|| = 3.29404
||ru|| = 3.29584
||yu|| = 144.102
||GtYphi|| = 2.01581
||KtYu|| = 12.4732
||rj|| = 13.2675
||yj|| = 0.763667
||rphi|| = 0.00367385
||rp|| = 0.0841402
||y|| = 539.159
FGMRES iteration : 120 || r || = 0.0390108
||xi|| = 502.157
||eta|| = 0.239795
||yp|| = 552.624
||yphi|| = 0.459738
||BtYp|| = 3.66063
||ru|| = 3.66076
||yu|| = 159.484
||GtYphi|| = 2.16454
||KtYu|| = 13.2798
||rj|| = 14.1659
||yj|| = 0.860532
||rphi|| = 0.00340836
||rp|| = 0.0941883
||y|| = 575.178
FGMRES iteration : 121 || r || = 0.0373488
||xi|| = 511.752
||eta|| = 0.266581
||yp|| = 563.182
||yphi|| = 0.202702
||BtYp|| = 3.70398
||ru|| = 3.7048
||yu|| = 161.071
||GtYphi|| = 1.75835
||KtYu|| = 13.1324
||rj|| = 14.0078
||yj|| = 0.873944
||rphi|| = 0.00172888
||rp|| = 0.0957564
||y|| = 585.763
FGMRES iteration : 122 || r || = 0.0353424
||xi|| = 407.577
||eta|| = 0.34322
||yp|| = 448.582
||yphi|| = 0.25514
||BtYp|| = 2.71224
||ru|| = 2.71295
||yu|| = 126.869
||GtYphi|| = 2.00247
||KtYu|| = 11.969
||rj|| = 12.8081
||yj|| = 0.803473
||rphi|| = 0.00214898
||rp|| = 0.0756513
||y|| = 466.179
FGMRES iteration : 123 || r || = 0.0343138
||xi|| = 470.164
||eta|| = 0.282586
||yp|| = 517.404
||yphi|| = 0.235576
||BtYp|| = 3.41021
||ru|| = 3.41103
||yu|| = 148.105
||GtYphi|| = 1.64231
||KtYu|| = 13.6484
||rj|| = 14.4869
||yj|| = 0.908206
||rphi|| = 0.00206122
||rp|| = 0.088686
||y|| = 538.185
FGMRES iteration : 124 || r || = 0.0340518
||xi|| = 531.649
||eta|| = 0.273151
||yp|| = 585.112
||yphi|| = 0.193349
||BtYp|| = 3.588
||ru|| = 3.5893
||yu|| = 154.426
||GtYphi|| = 1.93116
||KtYu|| = 13.2027
||rj|| = 14.0924
||yj|| = 0.858497
||rphi|| = 0.00154219
||rp|| = 0.090155
||y|| = 605.148
FGMRES iteration : 125 || r || = 0.0339513
||xi|| = 477.72
||eta|| = 0.280491
||yp|| = 525.802
||yphi|| = 0.287684
||BtYp|| = 3.11515
||ru|| = 3.11495
||yu|| = 144.851
||GtYphi|| = 2.03105
||KtYu|| = 12.3674
||rj|| = 13.1782
||yj|| = 0.811329
||rphi|| = 0.00218208
||rp|| = 0.0806614
||y|| = 545.39
FGMRES iteration : 126 || r || = 0.0339271
||xi|| = 487.498
||eta|| = 0.264444
||yp|| = 536.505
||yphi|| = 0.399733
||BtYp|| = 3.44835
||ru|| = 3.44911
||yu|| = 160.43
||GtYphi|| = 1.92274
||KtYu|| = 14.4365
||rj|| = 15.2943
||yj|| = 0.966464
||rphi|| = 0.00300973
||rp|| = 0.0917202
||y|| = 559.979
FGMRES iteration : 127 || r || = 0.0339199
||xi|| = 436.252
||eta|| = 0.326715
||yp|| = 480.143
||yphi|| = 0.407475
||BtYp|| = 2.75727
||ru|| = 2.7576
||yu|| = 138.037
||GtYphi|| = 2.31782
||KtYu|| = 13.1263
||rj|| = 13.9965
||yj|| = 0.782266
||rphi|| = 0.00328979
||rp|| = 0.0774861
||y|| = 499.592
FGMRES iteration : 128 || r || = 0.0339177
||xi|| = 441.634
||eta|| = 0.266925
||yp|| = 486.069
||yphi|| = 0.443515
||BtYp|| = 2.82174
||ru|| = 2.82309
||yu|| = 137.447
||GtYphi|| = 2.212
||KtYu|| = 12.5324
||rj|| = 13.4758
||yj|| = 0.790661
||rphi|| = 0.00334034
||rp|| = 0.0778902
||y|| = 505.129
FGMRES iteration : 129 || r || = 0.0339177
||xi|| = 450.603
||eta|| = 0.319876
||yp|| = 495.984
||yphi|| = 0.287899
||BtYp|| = 2.72414
||ru|| = 2.725
||yu|| = 139.843
||GtYphi|| = 1.74211
||KtYu|| = 13.4016
||rj|| = 14.245
||yj|| = 0.901042
||rphi|| = 0.00224053
||rp|| = 0.0752924
||y|| = 515.322
FGMRES iteration : 130 || r || = 0.0339121
||xi|| = 472.165
||eta|| = 0.404958
||yp|| = 519.616
||yphi|| = 0.315286
||BtYp|| = 3.29048
||ru|| = 3.29206
||yu|| = 151.706
||GtYphi|| = 1.97967
||KtYu|| = 13.2896
||rj|| = 14.0568
||yj|| = 0.870473
||rphi|| = 0.00241389
||rp|| = 0.0853083
||y|| = 541.31
FGMRES iteration : 131 || r || = 0.0339108
||xi|| = 406.259
||eta|| = 0.273494
||yp|| = 447.142
||yphi|| = 0.200613
||BtYp|| = 2.55504
||ru|| = 2.55665
||yu|| = 126.843
||GtYphi|| = 1.84397
||KtYu|| = 13.1884
||rj|| = 14.0698
||yj|| = 0.870268
||rphi|| = 0.001605
||rp|| = 0.0721186
||y|| = 464.786
FGMRES iteration : 132 || r || = 0.0338984
||xi|| = 372.51
||eta|| = 0.248006
||yp|| = 410.006
||yphi|| = 0.203075
||BtYp|| = 2.33699
||ru|| = 2.33864
||yu|| = 114.388
||GtYphi|| = 1.94072
||KtYu|| = 13.1645
||rj|| = 14.0859
||yj|| = 0.861239
||rphi|| = 0.00154913
||rp|| = 0.0658163
||y|| = 425.664
FGMRES iteration : 133 || r || = 0.0338735
||xi|| = 384.276
||eta|| = 0.304979
||yp|| = 422.978
||yphi|| = 0.403525
||BtYp|| = 2.29902
||ru|| = 2.2996
||yu|| = 116.794
||GtYphi|| = 2.13547
||KtYu|| = 12.9075
||rj|| = 13.8229
||yj|| = 0.82501
||rphi|| = 0.00295716
||rp|| = 0.0660397
||y|| = 438.808
FGMRES iteration : 134 || r || = 0.0337747
||xi|| = 383.391
||eta|| = 0.310469
||yp|| = 421.995
||yphi|| = 0.29833
||BtYp|| = 2.52185
||ru|| = 2.52266
||yu|| = 121.011
||GtYphi|| = 2.09816
||KtYu|| = 12.628
||rj|| = 13.4378
||yj|| = 0.838281
||rphi|| = 0.00256759
||rp|| = 0.0693481
||y|| = 439.003
FGMRES iteration : 135 || r || = 0.0336403
||xi|| = 464.822
||eta|| = 0.254757
||yp|| = 511.559
||yphi|| = 0.211854
||BtYp|| = 3.03117
||ru|| = 3.03264
||yu|| = 141.583
||GtYphi|| = 1.91534
||KtYu|| = 13.3803
||rj|| = 14.2273
||yj|| = 0.849736
||rphi|| = 0.00194601
||rp|| = 0.0781315
||y|| = 530.791
FGMRES iteration : 136 || r || = 0.0334145
||xi|| = 412.107
||eta|| = 0.228769
||yp|| = 453.589
||yphi|| = 0.377062
||BtYp|| = 2.46339
||ru|| = 2.4644
||yu|| = 120.472
||GtYphi|| = 2.05529
||KtYu|| = 13.078
||rj|| = 14.0067
||yj|| = 0.821743
||rphi|| = 0.0029749
||rp|| = 0.0655358
||y|| = 469.316
FGMRES iteration : 137 || r || = 0.0328293
||xi|| = 384.332
||eta|| = 0.248673
||yp|| = 423.001
||yphi|| = 0.442119
||BtYp|| = 2.30973
||ru|| = 2.31067
||yu|| = 111.655
||GtYphi|| = 2.08865
||KtYu|| = 12.4646
||rj|| = 13.3733
||yj|| = 0.77691
||rphi|| = 0.00323538
||rp|| = 0.060405
||y|| = 437.49
FGMRES iteration : 138 || r || = 0.0316131
||xi|| = 473.169
||eta|| = 0.298351
||yp|| = 520.711
||yphi|| = 0.230512
||BtYp|| = 3.24095
||ru|| = 3.24211
||yu|| = 145.501
||GtYphi|| = 1.69033
||KtYu|| = 12.8067
||rj|| = 13.603
||yj|| = 0.787258
||rphi|| = 0.00185281
||rp|| = 0.0818466
||y|| = 540.658
FGMRES iteration : 139 || r || = 0.0303129
||xi|| = 387.414
||eta|| = 0.267011
||yp|| = 426.401
||yphi|| = 0.294038
||BtYp|| = 2.34005
||ru|| = 2.3414
||yu|| = 119.666
||GtYphi|| = 1.78865
||KtYu|| = 12.6855
||rj|| = 13.5469
||yj|| = 0.837683
||rphi|| = 0.00256424
||rp|| = 0.0640963
||y|| = 442.875
FGMRES iteration : 140 || r || = 0.0289166
||xi|| = 380.782
||eta|| = 0.25628
||yp|| = 419.092
||yphi|| = 0.246209
||BtYp|| = 2.11418
||ru|| = 2.11536
||yu|| = 109.308
||GtYphi|| = 1.91464
||KtYu|| = 12.0295
||rj|| = 12.9023
||yj|| = 0.729619
||rphi|| = 0.00182263
||rp|| = 0.0573965
||y|| = 433.113
FGMRES iteration : 141 || r || = 0.0279469
||xi|| = 351.691
||eta|| = 0.273144
||yp|| = 387.101
||yphi|| = 0.216414
||BtYp|| = 2.13552
||ru|| = 2.13718
||yu|| = 113.845
||GtYphi|| = 1.64794
||KtYu|| = 12.9987
||rj|| = 13.7987
||yj|| = 0.859546
||rphi|| = 0.00169046
||rp|| = 0.0623224
||y|| = 403.496
FGMRES iteration : 142 || r || = 0.0271827
||xi|| = 377.684
||eta|| = 0.288571
||yp|| = 415.699
||yphi|| = 0.22262
||BtYp|| = 2.31611
||ru|| = 2.31694
||yu|| = 116.869
||GtYphi|| = 1.89565
||KtYu|| = 12.2111
||rj|| = 13.0284
||yj|| = 0.779468
||rphi|| = 0.00206722
||rp|| = 0.0676424
||y|| = 431.815
FGMRES iteration : 143 || r || = 0.0268569
||xi|| = 419.835
||eta|| = 0.302742
||yp|| = 462.099
||yphi|| = 0.230418
||BtYp|| = 2.76243
||ru|| = 2.76376
||yu|| = 136.807
||GtYphi|| = 1.76975
||KtYu|| = 13.2193
||rj|| = 14.0763
||yj|| = 0.841404
||rphi|| = 0.00209286
||rp|| = 0.081359
||y|| = 481.926
FGMRES iteration : 144 || r || = 0.0267203
||xi|| = 375.878
||eta|| = 0.290807
||yp|| = 413.754
||yphi|| = 0.242854
||BtYp|| = 2.31617
||ru|| = 2.3179
||yu|| = 122.622
||GtYphi|| = 1.82989
||KtYu|| = 12.6015
||rj|| = 13.4695
||yj|| = 0.820251
||rphi|| = 0.0018292
||rp|| = 0.0694765
||y|| = 431.543
FGMRES iteration : 145 || r || = 0.0266384
||xi|| = 405.725
||eta|| = 0.269892
||yp|| = 446.574
||yphi|| = 0.390409
||BtYp|| = 2.71546
||ru|| = 2.71739
||yu|| = 134.486
||GtYphi|| = 2.06403
||KtYu|| = 12.698
||rj|| = 13.5111
||yj|| = 0.779753
||rphi|| = 0.0030373
||rp|| = 0.0799826
||y|| = 466.386
FGMRES iteration : 146 || r || = 0.0265967
||xi|| = 429.489
||eta|| = 0.269524
||yp|| = 472.721
||yphi|| = 0.359206
||BtYp|| = 2.75856
||ru|| = 2.76048
||yu|| = 143.515
||GtYphi|| = 1.84018
||KtYu|| = 13.8248
||rj|| = 14.684
||yj|| = 0.910201
||rphi|| = 0.00294911
||rp|| = 0.0822321
||y|| = 494.027
FGMRES iteration : 147 || r || = 0.0265806
||xi|| = 391.032
||eta|| = 0.328108
||yp|| = 430.384
||yphi|| = 0.168678
||BtYp|| = 2.56028
||ru|| = 2.56187
||yu|| = 124.682
||GtYphi|| = 1.79761
||KtYu|| = 12.3559
||rj|| = 13.2191
||yj|| = 0.794693
||rphi|| = 0.00150626
||rp|| = 0.0766093
||y|| = 448.081
FGMRES iteration : 148 || r || = 0.0265704
||xi|| = 411.646
||eta|| = 0.423501
||yp|| = 453.129
||yphi|| = 0.280593
||BtYp|| = 2.58454
||ru|| = 2.58518
||yu|| = 137.822
||GtYphi|| = 1.88285
||KtYu|| = 12.7935
||rj|| = 13.6095
||yj|| = 0.83593
||rphi|| = 0.00218071
||rp|| = 0.0802417
||y|| = 473.626
FGMRES iteration : 149 || r || = 0.0265624
||xi|| = 424.195
||eta|| = 0.342206
||yp|| = 466.896
||yphi|| = 0.175819
||BtYp|| = 2.59294
||ru|| = 2.5942
||yu|| = 133.829
||GtYphi|| = 1.7387
||KtYu|| = 12.8903
||rj|| = 13.7116
||yj|| = 0.844646
||rphi|| = 0.00129079
||rp|| = 0.0768884
||y|| = 485.698
FGMRES iteration : 150 || r || = 0.026548
||xi|| = 431.815
||eta|| = 0.338336
||yp|| = 475.252
||yphi|| = 0.167735
||BtYp|| = 2.8468
||ru|| = 2.84788
||yu|| = 138.666
||GtYphi|| = 1.72878
||KtYu|| = 13.3142
||rj|| = 14.1973
||yj|| = 0.807932
||rphi|| = 0.00137061
||rp|| = 0.0819746
||y|| = 495.069
FGMRES iteration : 151 || r || = 0.0265357
||xi|| = 468.404
||eta|| = 0.360368
||yp|| = 515.55
||yphi|| = 0.31472
||BtYp|| = 3.04653
||ru|| = 3.04655
||yu|| = 151.255
||GtYphi|| = 2.02503
||KtYu|| = 13.0094
||rj|| = 13.846
||yj|| = 0.803144
||rphi|| = 0.00231444
||rp|| = 0.0845307
||y|| = 537.281
FGMRES iteration : 152 || r || = 0.0265136
||xi|| = 516.55
||eta|| = 0.323638
||yp|| = 568.469
||yphi|| = 0.194225
||BtYp|| = 3.57205
||ru|| = 3.57301
||yu|| = 164.667
||GtYphi|| = 1.848
||KtYu|| = 13.7763
||rj|| = 14.5931
||yj|| = 0.857083
||rphi|| = 0.00150837
||rp|| = 0.0970136
||y|| = 591.839
FGMRES iteration : 153 || r || = 0.0264915
||xi|| = 465.396
||eta|| = 0.294012
||yp|| = 512.205
||yphi|| = 0.223188
||BtYp|| = 3.0454
||ru|| = 3.04616
||yu|| = 148.785
||GtYphi|| = 1.96762
||KtYu|| = 13.5622
||rj|| = 14.3939
||yj|| = 0.819361
||rphi|| = 0.00174501
||rp|| = 0.0834791
||y|| = 533.378
FGMRES iteration : 154 || r || = 0.0264137
||xi|| = 575.854
||eta|| = 0.289389
||yp|| = 633.748
||yphi|| = 0.396117
||BtYp|| = 3.96437
||ru|| = 3.96553
||yu|| = 180.674
||GtYphi|| = 1.97308
||KtYu|| = 14.0942
||rj|| = 14.8743
||yj|| = 0.900143
||rphi|| = 0.0030353
||rp|| = 0.101361
||y|| = 659
FGMRES iteration : 155 || r || = 0.0262882
||xi|| = 435.81
||eta|| = 0.276465
||yp|| = 479.624
||yphi|| = 0.397145
||BtYp|| = 2.98151
||ru|| = 2.98403
||yu|| = 140.328
||GtYphi|| = 1.95686
||KtYu|| = 13.4026
||rj|| = 14.2859
||yj|| = 0.882734
||rphi|| = 0.00334701
||rp|| = 0.0810193
||y|| = 499.731
FGMRES iteration : 156 || r || = 0.0259484
||xi|| = 403.116
||eta|| = 0.264359
||yp|| = 443.668
||yphi|| = 0.464629
||BtYp|| = 2.73325
||ru|| = 2.7333
||yu|| = 124.882
||GtYphi|| = 2.07596
||KtYu|| = 11.5213
||rj|| = 12.4024
||yj|| = 0.72545
||rphi|| = 0.00359751
||rp|| = 0.0726261
||y|| = 460.909
FGMRES iteration : 157 || r || = 0.0255018
||xi|| = 471.853
||eta|| = 0.3516
||yp|| = 519.32
||yphi|| = 0.185591
||BtYp|| = 3.255
||ru|| = 3.25701
||yu|| = 162.608
||GtYphi|| = 1.60951
||KtYu|| = 14.459
||rj|| = 15.2835
||yj|| = 0.929736
||rphi|| = 0.00165649
||rp|| = 0.0918615
||y|| = 544.184
FGMRES iteration : 158 || r || = 0.0248807
||xi|| = 446.338
||eta|| = 0.339713
||yp|| = 491.2
||yphi|| = 0.261226
||BtYp|| = 2.9987
||ru|| = 2.99952
||yu|| = 138.39
||GtYphi|| = 1.92294
||KtYu|| = 12.2419
||rj|| = 13.0469
||yj|| = 0.789525
||rphi|| = 0.00203605
||rp|| = 0.0778048
||y|| = 510.323
FGMRES iteration : 159 || r || = 0.024058
||xi|| = 461.166
||eta|| = 0.345281
||yp|| = 507.567
||yphi|| = 0.258102
||BtYp|| = 3.09703
||ru|| = 3.09758
||yu|| = 144.133
||GtYphi|| = 1.92082
||KtYu|| = 12.3885
||rj|| = 13.2641
||yj|| = 0.741954
||rphi|| = 0.00195509
||rp|| = 0.0814975
||y|| = 527.635
FGMRES iteration : 160 || r || = 0.023146
||xi|| = 462.851
||eta|| = 0.298127
||yp|| = 509.394
||yphi|| = 0.181528
||BtYp|| = 3.25261
||ru|| = 3.25449
||yu|| = 152.855
||GtYphi|| = 1.65078
||KtYu|| = 12.8828
||rj|| = 13.7392
||yj|| = 0.807176
||rphi|| = 0.00140549
||rp|| = 0.0912039
||y|| = 531.834
FGMRES iteration : 161 || r || = 0.0223977
||xi|| = 528.954
||eta|| = 0.376056
||yp|| = 582.118
||yphi|| = 0.241266
||BtYp|| = 3.75905
||ru|| = 3.75917
||yu|| = 171.374
||GtYphi|| = 1.75603
||KtYu|| = 13.8682
||rj|| = 14.6377
||yj|| = 0.811301
||rphi|| = 0.00233091
||rp|| = 0.0972331
||y|| = 606.82
FGMRES iteration : 162 || r || = 0.0220372
||xi|| = 520.236
||eta|| = 0.260345
||yp|| = 572.52
||yphi|| = 0.16448
||BtYp|| = 3.72489
||ru|| = 3.72617
||yu|| = 163.694
||GtYphi|| = 1.66418
||KtYu|| = 12.7229
||rj|| = 13.5482
||yj|| = 0.753361
||rphi|| = 0.00143676
||rp|| = 0.0961676
||y|| = 595.462
FGMRES iteration : 163 || r || = 0.0219008
||xi|| = 471.586
||eta|| = 0.318909
||yp|| = 519.005
||yphi|| = 0.161045
||BtYp|| = 3.24975
||ru|| = 3.25091
||yu|| = 149.866
||GtYphi|| = 1.68264
||KtYu|| = 13.3087
||rj|| = 14.137
||yj|| = 0.854308
||rphi|| = 0.00130545
||rp|| = 0.0892364
||y|| = 540.21
FGMRES iteration : 164 || r || = 0.0217864
||xi|| = 462.035
||eta|| = 0.455879
||yp|| = 508.521
||yphi|| = 0.207398
||BtYp|| = 2.98609
||ru|| = 2.98657
||yu|| = 147.596
||GtYphi|| = 1.91335
||KtYu|| = 12.9501
||rj|| = 13.7839
||yj|| = 0.817909
||rphi|| = 0.00189962
||rp|| = 0.0820611
||y|| = 529.508
FGMRES iteration : 165 || r || = 0.0217021
||xi|| = 460.22
||eta|| = 0.376126
||yp|| = 506.565
||yphi|| = 0.437963
||BtYp|| = 3.0815
||ru|| = 3.08326
||yu|| = 147.643
||GtYphi|| = 2.28109
||KtYu|| = 13.2035
||rj|| = 14.0826
||yj|| = 0.844313
||rphi|| = 0.00341749
||rp|| = 0.0848249
||y|| = 527.643
FGMRES iteration : 166 || r || = 0.0216548
||xi|| = 451.225
||eta|| = 0.339898
||yp|| = 496.658
||yphi|| = 0.194729
||BtYp|| = 2.91987
||ru|| = 2.92043
||yu|| = 149.66
||GtYphi|| = 1.62059
||KtYu|| = 13.8065
||rj|| = 14.5834
||yj|| = 0.866729
||rphi|| = 0.00135584
||rp|| = 0.0814031
||y|| = 518.718
FGMRES iteration : 167 || r || = 0.0216347
||xi|| = 427.917
||eta|| = 0.359261
||yp|| = 470.948
||yphi|| = 0.192163
||BtYp|| = 2.86894
||ru|| = 2.86949
||yu|| = 129.796
||GtYphi|| = 1.99736
||KtYu|| = 12.1406
||rj|| = 12.9991
||yj|| = 0.736928
||rphi|| = 0.00145816
||rp|| = 0.0759448
||y|| = 488.507
FGMRES iteration : 168 || r || = 0.021626
||xi|| = 414.073
||eta|| = 0.391276
||yp|| = 455.767
||yphi|| = 0.231729
||BtYp|| = 2.68285
||ru|| = 2.6838
||yu|| = 132.912
||GtYphi|| = 1.87989
||KtYu|| = 13.8679
||rj|| = 14.7418
||yj|| = 0.852778
||rphi|| = 0.0021043
||rp|| = 0.0743823
||y|| = 474.752
FGMRES iteration : 169 || r || = 0.0216158
||xi|| = 489.581
||eta|| = 0.396406
||yp|| = 538.784
||yphi|| = 0.212731
||BtYp|| = 3.52176
||ru|| = 3.52175
||yu|| = 159.227
||GtYphi|| = 1.73939
||KtYu|| = 14.0247
||rj|| = 14.8032
||yj|| = 0.870441
||rphi|| = 0.00156767
||rp|| = 0.0940379
||y|| = 561.82
FGMRES iteration : 170 || r || = 0.0215997
||xi|| = 380.763
||eta|| = 0.317928
||yp|| = 419.117
||yphi|| = 0.340498
||BtYp|| = 2.39348
||ru|| = 2.39455
||yu|| = 116.322
||GtYphi|| = 2.03729
||KtYu|| = 11.9657
||rj|| = 12.7846
||yj|| = 0.741724
||rphi|| = 0.00268104
||rp|| = 0.063978
||y|| = 434.96
FGMRES iteration : 171 || r || = 0.021586
||xi|| = 419.34
||eta|| = 0.295711
||yp|| = 461.56
||yphi|| = 0.197724
||BtYp|| = 2.68564
||ru|| = 2.68613
||yu|| = 132.8
||GtYphi|| = 1.74337
||KtYu|| = 13.6806
||rj|| = 14.5577
||yj|| = 0.904176
||rphi|| = 0.00172152
||rp|| = 0.0747147
||y|| = 480.286
FGMRES iteration : 172 || r || = 0.0215785
||xi|| = 392.947
||eta|| = 0.301596
||yp|| = 432.502
||yphi|| = 0.24679
||BtYp|| = 2.16674
||ru|| = 2.16806
||yu|| = 112.463
||GtYphi|| = 2.05453
||KtYu|| = 12.6411
||rj|| = 13.5321
||yj|| = 0.806919
||rphi|| = 0.0022056
||rp|| = 0.0615479
||y|| = 446.885
FGMRES iteration : 173 || r || = 0.0215652
||xi|| = 351.098
||eta|| = 0.34381
||yp|| = 386.478
||yphi|| = 0.373248
||BtYp|| = 2.12758
||ru|| = 2.12881
||yu|| = 111.247
||GtYphi|| = 2.32093
||KtYu|| = 12.1118
||rj|| = 13.0491
||yj|| = 0.75569
||rphi|| = 0.00340317
||rp|| = 0.060599
||y|| = 402.172
FGMRES iteration : 174 || r || = 0.0215385
||xi|| = 382.441
||eta|| = 0.29714
||yp|| = 420.944
||yphi|| = 0.199532
||BtYp|| = 2.4023
||ru|| = 2.40324
||yu|| = 121.606
||GtYphi|| = 1.70431
||KtYu|| = 13.3639
||rj|| = 14.2094
||yj|| = 0.85216
||rphi|| = 0.00155512
||rp|| = 0.0678643
||y|| = 438.159
FGMRES iteration : 175 || r || = 0.0214568
||xi|| = 416.343
||eta|| = 0.374365
||yp|| = 458.262
||yphi|| = 0.288761
||BtYp|| = 2.71547
||ru|| = 2.71735
||yu|| = 128.792
||GtYphi|| = 2.00874
||KtYu|| = 12.6984
||rj|| = 13.5436
||yj|| = 0.809925
||rphi|| = 0.00234576
||rp|| = 0.0709463
||y|| = 476.017
FGMRES iteration : 176 || r || = 0.0213247
||xi|| = 451.451
||eta|| = 0.347511
||yp|| = 496.887
||yphi|| = 0.226803
||BtYp|| = 2.92104
||ru|| = 2.92115
||yu|| = 138.538
||GtYphi|| = 1.78456
||KtYu|| = 13.2774
||rj|| = 14.0721
||yj|| = 0.869468
||rphi|| = 0.00185901
||rp|| = 0.0765661
||y|| = 515.839
FGMRES iteration : 177 || r || = 0.0210346
||xi|| = 461.107
||eta|| = 0.369411
||yp|| = 507.539
||yphi|| = 0.168655
||BtYp|| = 2.96129
||ru|| = 2.96213
||yu|| = 151.839
||GtYphi|| = 1.69189
||KtYu|| = 14.4947
||rj|| = 15.3037
||yj|| = 0.976345
||rphi|| = 0.00153514
||rp|| = 0.0830381
||y|| = 529.766
FGMRES iteration : 178 || r || = 0.0202053
||xi|| = 431.358
||eta|| = 0.300546
||yp|| = 474.753
||yphi|| = 0.158402
||BtYp|| = 2.74348
||ru|| = 2.7442
||yu|| = 133.385
||GtYphi|| = 1.84996
||KtYu|| = 11.8265
||rj|| = 12.6217
||yj|| = 0.736147
||rphi|| = 0.00134524
||rp|| = 0.0724607
||y|| = 493.135
FGMRES iteration : 179 || r || = 0.0193012
||xi|| = 428.418
||eta|| = 0.262027
||yp|| = 471.492
||yphi|| = 0.310341
||BtYp|| = 2.87718
||ru|| = 2.87846
||yu|| = 138.221
||GtYphi|| = 1.65159
||KtYu|| = 13.7385
||rj|| = 14.5887
||yj|| = 0.905351
||rphi|| = 0.00252995
||rp|| = 0.0767833
||y|| = 491.336
FGMRES iteration : 180 || r || = 0.0184864
||xi|| = 405.553
||eta|| = 0.246852
||yp|| = 446.343
||yphi|| = 0.29062
||BtYp|| = 2.58146
||ru|| = 2.58218
||yu|| = 123.261
||GtYphi|| = 1.82794
||KtYu|| = 11.798
||rj|| = 12.6438
||yj|| = 0.744645
||rphi|| = 0.00229344
||rp|| = 0.0687574
||y|| = 463.051
FGMRES iteration : 181 || r || = 0.0179968
||xi|| = 464.847
||eta|| = 0.297909
||yp|| = 511.586
||yphi|| = 0.28326
||BtYp|| = 2.99276
||ru|| = 2.99305
||yu|| = 140.697
||GtYphi|| = 2.02295
||KtYu|| = 12.041
||rj|| = 12.8428
||yj|| = 0.772931
||rphi|| = 0.00250177
||rp|| = 0.0808655
||y|| = 530.581
FGMRES iteration : 182 || r || = 0.0177799
||xi|| = 518.2
||eta|| = 0.267663
||yp|| = 570.28
||yphi|| = 0.244956
||BtYp|| = 3.47243
||ru|| = 3.47381
||yu|| = 162.81
||GtYphi|| = 1.68344
||KtYu|| = 14.4195
||rj|| = 15.2943
||yj|| = 0.937316
||rphi|| = 0.00231584
||rp|| = 0.0913401
||y|| = 593.066
FGMRES iteration : 183 || r || = 0.0175999
||xi|| = 529.094
||eta|| = 0.438734
||yp|| = 582.328
||yphi|| = 0.270764
||BtYp|| = 3.66322
||ru|| = 3.66364
||yu|| = 173.931
||GtYphi|| = 2.22448
||KtYu|| = 13.1664
||rj|| = 13.9289
||yj|| = 0.818014
||rphi|| = 0.00241136
||rp|| = 0.0970545
||y|| = 607.749
FGMRES iteration : 184 || r || = 0.0174947
||xi|| = 462.556
||eta|| = 0.406952
||yp|| = 509.134
||yphi|| = 0.268253
||BtYp|| = 2.98718
||ru|| = 2.98943
||yu|| = 149.484
||GtYphi|| = 1.79529
||KtYu|| = 13.5697
||rj|| = 14.3313
||yj|| = 0.90112
||rphi|| = 0.00220437
||rp|| = 0.0831584
||y|| = 530.626
FGMRES iteration : 185 || r || = 0.0174528
||xi|| = 384.804
||eta|| = 0.21864
||yp|| = 423.537
||yphi|| = 0.272826
||BtYp|| = 2.2815
||ru|| = 2.2827
||yu|| = 118.082
||GtYphi|| = 1.80514
||KtYu|| = 12.9422
||rj|| = 13.7731
||yj|| = 0.873987
||rphi|| = 0.00224027
||rp|| = 0.0624491
||y|| = 439.69
FGMRES iteration : 186 || r || = 0.0174348
||xi|| = 371.226
||eta|| = 0.313099
||yp|| = 408.599
||yphi|| = 0.239086
||BtYp|| = 2.34291
||ru|| = 2.34414
||yu|| = 117.318
||GtYphi|| = 1.99074
||KtYu|| = 12.153
||rj|| = 13.0196
||yj|| = 0.764143
||rphi|| = 0.0020095
||rp|| = 0.0653658
||y|| = 425.108
FGMRES iteration : 187 || r || = 0.0174275
||xi|| = 393.202
||eta|| = 0.340993
||yp|| = 432.794
||yphi|| = 0.221065
||BtYp|| = 2.47647
||ru|| = 2.47726
||yu|| = 122.322
||GtYphi|| = 1.73028
||KtYu|| = 13.4764
||rj|| = 14.3309
||yj|| = 0.913027
||rphi|| = 0.00170691
||rp|| = 0.070775
||y|| = 449.749
FGMRES iteration : 188 || r || = 0.0174248
||xi|| = 401.558
||eta|| = 0.394164
||yp|| = 442.062
||yphi|| = 0.268432
||BtYp|| = 2.43485
||ru|| = 2.43674
||yu|| = 126.229
||GtYphi|| = 1.9506
||KtYu|| = 13.2607
||rj|| = 14.0973
||yj|| = 0.883194
||rphi|| = 0.00220027
||rp|| = 0.0701518
||y|| = 459.732
FGMRES iteration : 189 || r || = 0.0174216
||xi|| = 501.105
||eta|| = 0.261058
||yp|| = 551.477
||yphi|| = 0.203879
||BtYp|| = 3.36034
||ru|| = 3.3613
||yu|| = 154.241
||GtYphi|| = 1.83708
||KtYu|| = 13.426
||rj|| = 14.2084
||yj|| = 0.849745
||rphi|| = 0.00165474
||rp|| = 0.0861875
||y|| = 572.642
FGMRES iteration : 190 || r || = 0.0174193
||xi|| = 398.791
||eta|| = 0.350051
||yp|| = 438.951
||yphi|| = 0.330413
||BtYp|| = 2.59422
||ru|| = 2.59583
||yu|| = 130.037
||GtYphi|| = 2.15139
||KtYu|| = 13.445
||rj|| = 14.2909
||yj|| = 0.870244
||rphi|| = 0.00315678
||rp|| = 0.0747252
||y|| = 457.809
FGMRES iteration : 191 || r || = 0.0174183
||xi|| = 448.596
||eta|| = 0.326561
||yp|| = 493.778
||yphi|| = 0.187602
||BtYp|| = 2.8756
||ru|| = 2.8765
||yu|| = 144.884
||GtYphi|| = 1.80706
||KtYu|| = 12.8418
||rj|| = 13.7021
||yj|| = 0.841763
||rphi|| = 0.00162964
||rp|| = 0.0797803
||y|| = 514.596
FGMRES iteration : 192 || r || = 0.0174177
||xi|| = 430.41
||eta|| = 0.413826
||yp|| = 473.779
||yphi|| = 0.283021
||BtYp|| = 2.75946
||ru|| = 2.76041
||yu|| = 142.296
||GtYphi|| = 2.10173
||KtYu|| = 13.3053
||rj|| = 14.224
||yj|| = 0.876372
||rphi|| = 0.00216615
||rp|| = 0.0798622
||y|| = 494.688
FGMRES iteration : 193 || r || = 0.017414
||xi|| = 467.864
||eta|| = 0.423911
||yp|| = 514.946
||yphi|| = 0.393102
||BtYp|| = 3.25665
||ru|| = 3.25746
||yu|| = 156.614
||GtYphi|| = 1.87788
||KtYu|| = 14.1935
||rj|| = 14.9381
||yj|| = 0.930177
||rphi|| = 0.00295606
||rp|| = 0.0929837
||y|| = 538.236
FGMRES iteration : 194 || r || = 0.0174052
||xi|| = 438.103
||eta|| = 0.326416
||yp|| = 482.174
||yphi|| = 0.268019
||BtYp|| = 2.99151
||ru|| = 2.99272
||yu|| = 134.783
||GtYphi|| = 1.85242
||KtYu|| = 12.9571
||rj|| = 13.7807
||yj|| = 0.823834
||rphi|| = 0.00235455
||rp|| = 0.0813633
||y|| = 500.658
FGMRES iteration : 195 || r || = 0.0173681
||xi|| = 376.118
||eta|| = 0.531008
||yp|| = 414.092
||yphi|| = 0.381571
||BtYp|| = 2.42889
||ru|| = 2.42962
||yu|| = 133.695
||GtYphi|| = 2.244
||KtYu|| = 12.6012
||rj|| = 13.4729
||yj|| = 0.802797
||rphi|| = 0.00371446
||rp|| = 0.0749992
||y|| = 435.141
FGMRES iteration : 196 || r || = 0.0172701
||xi|| = 426.703
||eta|| = 0.378415
||yp|| = 469.726
||yphi|| = 0.198202
||BtYp|| = 2.74956
||ru|| = 2.75103
||yu|| = 156.877
||GtYphi|| = 1.94018
||KtYu|| = 13.7385
||rj|| = 14.5704
||yj|| = 0.907446
||rphi|| = 0.0017292
||rp|| = 0.091248
||y|| = 495.231
FGMRES iteration : 197 || r || = 0.0170031
||xi|| = 374.796
||eta|| = 0.320245
||yp|| = 412.561
||yphi|| = 0.252593
||BtYp|| = 2.32836
||ru|| = 2.32955
||yu|| = 124.829
||GtYphi|| = 1.97344
||KtYu|| = 12.3488
||rj|| = 13.2455
||yj|| = 0.814211
||rphi|| = 0.00211696
||rp|| = 0.0746496
||y|| = 431.033
FGMRES iteration : 198 || r || = 0.0164871
||xi|| = 368.536
||eta|| = 0.386098
||yp|| = 405.679
||yphi|| = 0.210514
||BtYp|| = 2.37027
||ru|| = 2.37167
||yu|| = 125.114
||GtYphi|| = 1.57001
||KtYu|| = 12.7515
||rj|| = 13.5257
||yj|| = 0.849071
||rphi|| = 0.00199159
||rp|| = 0.0713014
||y|| = 424.534
FGMRES iteration : 199 || r || = 0.0158457
||xi|| = 362.769
||eta|| = 0.291885
||yp|| = 399.34
||yphi|| = 0.28693
||BtYp|| = 2.18782
||ru|| = 2.18844
||yu|| = 120.145
||GtYphi|| = 1.77666
||KtYu|| = 12.9419
||rj|| = 13.8025
||yj|| = 0.856401
||rphi|| = 0.00243366
||rp|| = 0.0671399
||y|| = 417.023
FGMRES iteration : 200 || r || = 0.015257
||xi|| = 423.028
||eta|| = 0.329065
||yp|| = 465.676
||yphi|| = 0.387719
||BtYp|| = 2.68831
||ru|| = 2.68938
||yu|| = 143.496
||GtYphi|| = 2.24118
||KtYu|| = 12.9272
||rj|| = 13.8191
||yj|| = 0.819648
||rphi|| = 0.00348061
||rp|| = 0.0809723
||y|| = 487.284
FGMRES iteration : 201 || r || = 0.0146791
||xi|| = 350.809
||eta|| = 0.298295
||yp|| = 386.171
||yphi|| = 0.237112
||BtYp|| = 2.28737
||ru|| = 2.2892
||yu|| = 126.967
||GtYphi|| = 1.87489
||KtYu|| = 13.1562
||rj|| = 13.9875
||yj|| = 0.890728
||rphi|| = 0.00188698
||rp|| = 0.0745858
||y|| = 406.509
FGMRES iteration : 202 || r || = 0.0140839
||xi|| = 431.052
||eta|| = 0.357819
||yp|| = 474.452
||yphi|| = 0.214616
||BtYp|| = 2.65408
||ru|| = 2.65526
||yu|| = 139.027
||GtYphi|| = 1.67214
||KtYu|| = 13.0783
||rj|| = 13.8708
||yj|| = 0.883908
||rphi|| = 0.00177736
||rp|| = 0.0761116
||y|| = 494.402
FGMRES iteration : 203 || r || = 0.0136398
||xi|| = 321.573
||eta|| = 0.281886
||yp|| = 353.984
||yphi|| = 0.271166
||BtYp|| = 2.03749
||ru|| = 2.03836
||yu|| = 108.277
||GtYphi|| = 1.96744
||KtYu|| = 11.152
||rj|| = 11.9352
||yj|| = 0.716476
||rphi|| = 0.00222277
||rp|| = 0.0655688
||y|| = 370.175
FGMRES iteration : 204 || r || = 0.0135068
||xi|| = 401.607
||eta|| = 0.350683
||yp|| = 442.033
||yphi|| = 0.235228
||BtYp|| = 2.7927
||ru|| = 2.79389
||yu|| = 133.777
||GtYphi|| = 1.83893
||KtYu|| = 13.577
||rj|| = 14.4794
||yj|| = 0.914621
||rphi|| = 0.00211509
||rp|| = 0.08165
||y|| = 461.833
FGMRES iteration : 205 || r || = 0.0134621
||xi|| = 409.704
||eta|| = 0.510523
||yp|| = 451.009
||yphi|| = 0.443848
||BtYp|| = 2.54594
||ru|| = 2.5468
||yu|| = 144.207
||GtYphi|| = 2.34037
||KtYu|| = 13.2058
||rj|| = 14.0424
||yj|| = 0.884199
||rphi|| = 0.00372154
||rp|| = 0.079303
||y|| = 473.504
FGMRES iteration : 206 || r || = 0.0134439
||xi|| = 406.041
||eta|| = 0.382174
||yp|| = 446.991
||yphi|| = 0.192931
||BtYp|| = 2.76367
||ru|| = 2.76437
||yu|| = 147.545
||GtYphi|| = 1.93857
||KtYu|| = 13.0185
||rj|| = 13.8221
||yj|| = 0.849871
||rphi|| = 0.00161492
||rp|| = 0.0886774
||y|| = 470.713
FGMRES iteration : 207 || r || = 0.0134404
||xi|| = 431.965
||eta|| = 0.349838
||yp|| = 475.464
||yphi|| = 0.294386
||BtYp|| = 2.86663
||ru|| = 2.86739
||yu|| = 147.423
||GtYphi|| = 2.04071
||KtYu|| = 14.5037
||rj|| = 15.3711
||yj|| = 0.960791
||rphi|| = 0.00227107
||rp|| = 0.0837931
||y|| = 497.796
FGMRES iteration : 208 || r || = 0.0134381
||xi|| = 436.823
||eta|| = 0.306776
||yp|| = 480.756
||yphi|| = 0.293251
||BtYp|| = 2.86079
||ru|| = 2.86215
||yu|| = 125.681
||GtYphi|| = 2.16229
||KtYu|| = 11.8596
||rj|| = 12.736
||yj|| = 0.744007
||rphi|| = 0.00265363
||rp|| = 0.0752057
||y|| = 496.913
FGMRES iteration : 209 || r || = 0.0134329
||xi|| = 421.824
||eta|| = 0.342821
||yp|| = 464.278
||yphi|| = 0.2193
||BtYp|| = 2.68734
||ru|| = 2.68914
||yu|| = 132.991
||GtYphi|| = 1.87637
||KtYu|| = 13.1587
||rj|| = 13.9647
||yj|| = 0.864914
||rphi|| = 0.00170864
||rp|| = 0.0753347
||y|| = 482.951
FGMRES iteration : 210 || r || = 0.0134272
||xi|| = 430.006
||eta|| = 0.39242
||yp|| = 473.333
||yphi|| = 0.333152
||BtYp|| = 2.74283
||ru|| = 2.7437
||yu|| = 144.859
||GtYphi|| = 1.86861
||KtYu|| = 13.8732
||rj|| = 14.7054
||yj|| = 0.939779
||rphi|| = 0.00259031
||rp|| = 0.0805952
||y|| = 495.004
FGMRES iteration : 211 || r || = 0.0134248
||xi|| = 364.605
||eta|| = 0.373451
||yp|| = 401.33
||yphi|| = 0.229987
||BtYp|| = 1.99351
||ru|| = 1.99438
||yu|| = 109.814
||GtYphi|| = 2.02395
||KtYu|| = 12.6866
||rj|| = 13.5244
||yj|| = 0.818675
||rphi|| = 0.0017366
||rp|| = 0.0584416
||y|| = 416.083
FGMRES iteration : 212 || r || = 0.0134237
||xi|| = 389.191
||eta|| = 0.33475
||yp|| = 428.418
||yphi|| = 0.245657
||BtYp|| = 2.27686
||ru|| = 2.27845
||yu|| = 123.284
||GtYphi|| = 1.8522
||KtYu|| = 13.5735
||rj|| = 14.4278
||yj|| = 0.907278
||rphi|| = 0.00217039
||rp|| = 0.0669576
||y|| = 445.805
FGMRES iteration : 213 || r || = 0.0134213
||xi|| = 452.625
||eta|| = 0.389726
||yp|| = 498.135
||yphi|| = 0.269263
||BtYp|| = 2.82373
||ru|| = 2.8241
||yu|| = 143.332
||GtYphi|| = 2.0625
||KtYu|| = 13.9195
||rj|| = 14.732
||yj|| = 0.883417
||rphi|| = 0.00263791
||rp|| = 0.077254
||y|| = 518.347
FGMRES iteration : 214 || r || = 0.0134101
||xi|| = 458.094
||eta|| = 0.380913
||yp|| = 504.204
||yphi|| = 0.32303
||BtYp|| = 2.98602
||ru|| = 2.9863
||yu|| = 141.375
||GtYphi|| = 2.15205
||KtYu|| = 14.1966
||rj|| = 15.0691
||yj|| = 0.870869
||rphi|| = 0.00235246
||rp|| = 0.0798455
||y|| = 523.65
FGMRES iteration : 215 || r || = 0.0133576
||xi|| = 427.258
||eta|| = 0.313879
||yp|| = 470.273
||yphi|| = 0.199342
||BtYp|| = 2.60777
||ru|| = 2.60893
||yu|| = 137.697
||GtYphi|| = 1.93317
||KtYu|| = 13.6165
||rj|| = 14.4424
||yj|| = 0.889651
||rphi|| = 0.00153445
||rp|| = 0.0772021
||y|| = 490.018
FGMRES iteration : 216 || r || = 0.0132425
||xi|| = 484.92
||eta|| = 0.446266
||yp|| = 533.719
||yphi|| = 0.286588
||BtYp|| = 2.79204
||ru|| = 2.79301
||yu|| = 148.475
||GtYphi|| = 2.08541
||KtYu|| = 13.2131
||rj|| = 14.051
||yj|| = 0.802434
||rphi|| = 0.00230587
||rp|| = 0.0738264
||y|| = 553.987
FGMRES iteration : 217 || r || = 0.0129618
||xi|| = 420.015
||eta|| = 0.362821
||yp|| = 462.299
||yphi|| = 0.199523
||BtYp|| = 2.60855
||ru|| = 2.60962
||yu|| = 134.762
||GtYphi|| = 1.63849
||KtYu|| = 13.0816
||rj|| = 13.9243
||yj|| = 0.873838
||rphi|| = 0.0017836
||rp|| = 0.0720679
||y|| = 481.542
FGMRES iteration : 218 || r || = 0.0124766
||xi|| = 370.299
||eta|| = 0.304035
||yp|| = 407.609
||yphi|| = 0.181135
||BtYp|| = 2.23444
||ru|| = 2.23471
||yu|| = 125.14
||GtYphi|| = 1.62324
||KtYu|| = 12.3242
||rj|| = 13.1208
||yj|| = 0.805941
||rphi|| = 0.00147103
||rp|| = 0.0700238
||y|| = 426.387
FGMRES iteration : 219 || r || = 0.0118999
||xi|| = 407.488
||eta|| = 0.379148
||yp|| = 448.521
||yphi|| = 0.186056
||BtYp|| = 2.51222
||ru|| = 2.51402
||yu|| = 135.196
||GtYphi|| = 1.8574
||KtYu|| = 13.2754
||rj|| = 14.1286
||yj|| = 0.780561
||rphi|| = 0.00160891
||rp|| = 0.0750493
||y|| = 468.454
FGMRES iteration : 220 || r || = 0.0110749
||xi|| = 410.238
||eta|| = 0.417752
||yp|| = 451.555
||yphi|| = 0.272382
||BtYp|| = 2.50719
||ru|| = 2.50857
||yu|| = 125.665
||GtYphi|| = 2.02941
||KtYu|| = 12.6953
||rj|| = 13.5139
||yj|| = 0.788534
||rphi|| = 0.00199825
||rp|| = 0.0684058
||y|| = 468.715
FGMRES iteration : 221 || r || = 0.0104656
||xi|| = 478.099
||eta|| = 0.298627
||yp|| = 526.185
||yphi|| = 0.172414
||BtYp|| = 2.88397
||ru|| = 2.88486
||yu|| = 149.185
||GtYphi|| = 1.54487
||KtYu|| = 13.512
||rj|| = 14.2733
||yj|| = 0.856777
||rphi|| = 0.00132395
||rp|| = 0.0820369
||y|| = 546.925
FGMRES iteration : 222 || r || = 0.00997566
||xi|| = 437.318
||eta|| = 0.304317
||yp|| = 481.305
||yphi|| = 0.249534
||BtYp|| = 2.63083
||ru|| = 2.63188
||yu|| = 136.146
||GtYphi|| = 1.85557
||KtYu|| = 12.6877
||rj|| = 13.521
||yj|| = 0.754452
||rphi|| = 0.00186295
||rp|| = 0.0726991
||y|| = 500.191
FGMRES iteration : 223 || r || = 0.00974313
||xi|| = 398.52
||eta|| = 0.482928
||yp|| = 438.669
||yphi|| = 0.205525
||BtYp|| = 2.42149
||ru|| = 2.42234
||yu|| = 135.501
||GtYphi|| = 1.82413
||KtYu|| = 13.8702
||rj|| = 14.5996
||yj|| = 0.946989
||rphi|| = 0.00194656
||rp|| = 0.0731654
||y|| = 459.121
FGMRES iteration : 224 || r || = 0.00965219
||xi|| = 398.827
||eta|| = 0.449271
||yp|| = 439.036
||yphi|| = 0.228033
||BtYp|| = 2.55727
||ru|| = 2.55801
||yu|| = 134.619
||GtYphi|| = 1.904
||KtYu|| = 14.3695
||rj|| = 15.2153
||yj|| = 0.925794
||rphi|| = 0.00167193
||rp|| = 0.0752431
||y|| = 459.212
FGMRES iteration : 225 || r || = 0.00961708
||xi|| = 384.266
||eta|| = 0.350634
||yp|| = 422.973
||yphi|| = 0.284689
||BtYp|| = 2.21729
||ru|| = 2.21801
||yu|| = 122.875
||GtYphi|| = 2.16114
||KtYu|| = 12.1668
||rj|| = 12.9863
||yj|| = 0.780792
||rphi|| = 0.00223966
||rp|| = 0.067495
||y|| = 440.46
FGMRES iteration : 226 || r || = 0.00960272
||xi|| = 407.685
||eta|| = 0.353893
||yp|| = 448.742
||yphi|| = 0.227315
||BtYp|| = 2.43702
||ru|| = 2.43814
||yu|| = 129.568
||GtYphi|| = 2.0773
||KtYu|| = 14.2422
||rj|| = 15.0736
||yj|| = 0.942019
||rphi|| = 0.00181124
||rp|| = 0.0690748
||y|| = 467.074
FGMRES iteration : 227 || r || = 0.0095997
||xi|| = 432.205
||eta|| = 0.304821
||yp|| = 475.697
||yphi|| = 0.319337
||BtYp|| = 2.65692
||ru|| = 2.65831
||yu|| = 136.033
||GtYphi|| = 2.20228
||KtYu|| = 13.1815
||rj|| = 14.0264
||yj|| = 0.815428
||rphi|| = 0.00256226
||rp|| = 0.0721298
||y|| = 494.766
FGMRES iteration : 228 || r || = 0.00959688
||xi|| = 393.263
||eta|| = 0.368143
||yp|| = 432.85
||yphi|| = 0.342021
||BtYp|| = 2.44443
||ru|| = 2.44537
||yu|| = 122.72
||GtYphi|| = 1.99348
||KtYu|| = 12.5353
||rj|| = 13.2907
||yj|| = 0.771045
||rphi|| = 0.00255747
||rp|| = 0.0681351
||y|| = 449.911
FGMRES iteration : 229 || r || = 0.00959365
||xi|| = 414.739
||eta|| = 0.285038
||yp|| = 456.516
||yphi|| = 0.252438
||BtYp|| = 2.52696
||ru|| = 2.52846
||yu|| = 136.473
||GtYphi|| = 1.5907
||KtYu|| = 14.9465
||rj|| = 15.8345
||yj|| = 1.00308
||rphi|| = 0.00187574
||rp|| = 0.0745529
||y|| = 476.48
FGMRES iteration : 230 || r || = 0.00958833
||xi|| = 372.945
||eta|| = 0.441504
||yp|| = 410.514
||yphi|| = 0.220511
||BtYp|| = 2.19041
||ru|| = 2.19213
||yu|| = 117.189
||GtYphi|| = 1.96473
||KtYu|| = 12.6691
||rj|| = 13.3303
||yj|| = 0.816736
||rphi|| = 0.00171846
||rp|| = 0.0631668
||y|| = 426.914
FGMRES iteration : 231 || r || = 0.00958354
||xi|| = 413.569
||eta|| = 0.426806
||yp|| = 455.259
||yphi|| = 0.248487
||BtYp|| = 2.48196
||ru|| = 2.48356
||yu|| = 127.509
||GtYphi|| = 1.92201
||KtYu|| = 13.2416
||rj|| = 14.0483
||yj|| = 0.878525
||rphi|| = 0.00194887
||rp|| = 0.0678025
||y|| = 472.779
FGMRES iteration : 232 || r || = 0.00957866
||xi|| = 419.163
||eta|| = 0.373133
||yp|| = 461.365
||yphi|| = 0.212293
||BtYp|| = 2.55606
||ru|| = 2.55855
||yu|| = 133.693
||GtYphi|| = 1.81533
||KtYu|| = 15.1598
||rj|| = 15.9858
||yj|| = 1.04559
||rphi|| = 0.00171469
||rp|| = 0.0715603
||y|| = 480.346
FGMRES iteration : 233 || r || = 0.00956387
||xi|| = 435.985
||eta|| = 0.390758
||yp|| = 479.886
||yphi|| = 0.227063
||BtYp|| = 2.5766
||ru|| = 2.57735
||yu|| = 124.455
||GtYphi|| = 2.0846
||KtYu|| = 13.0483
||rj|| = 13.7344
||yj|| = 0.800591
||rphi|| = 0.00173547
||rp|| = 0.0687322
||y|| = 495.762
FGMRES iteration : 234 || r || = 0.00953549
||xi|| = 457.201
||eta|| = 0.323139
||yp|| = 503.22
||yphi|| = 0.253936
||BtYp|| = 2.98482
||ru|| = 2.9854
||yu|| = 149.994
||GtYphi|| = 1.98111
||KtYu|| = 14.4256
||rj|| = 15.2665
||yj|| = 0.947028
||rphi|| = 0.00202858
||rp|| = 0.0831313
||y|| = 525.1
FGMRES iteration : 235 || r || = 0.00946736
||xi|| = 463.502
||eta|| = 0.300425
||yp|| = 510.133
||yphi|| = 0.25161
||BtYp|| = 2.90364
||ru|| = 2.9052
||yu|| = 137.81
||GtYphi|| = 1.81507
||KtYu|| = 13.3807
||rj|| = 14.1916
||yj|| = 0.889072
||rphi|| = 0.00197316
||rp|| = 0.0759634
||y|| = 528.42
FGMRES iteration : 236 || r || = 0.00928161
||xi|| = 506.113
||eta|| = 0.438638
||yp|| = 557.053
||yphi|| = 0.20418
||BtYp|| = 3.08008
||ru|| = 3.08063
||yu|| = 152.778
||GtYphi|| = 1.91047
||KtYu|| = 12.8264
||rj|| = 13.6171
||yj|| = 0.81523
||rphi|| = 0.00160975
||rp|| = 0.0809289
||y|| = 577.624
FGMRES iteration : 237 || r || = 0.00898377
||xi|| = 450.692
||eta|| = 0.341746
||yp|| = 496.048
||yphi|| = 0.181662
||BtYp|| = 3.07796
||ru|| = 3.07916
||yu|| = 147.128
||GtYphi|| = 1.71578
||KtYu|| = 13.5256
||rj|| = 14.3484
||yj|| = 0.927684
||rphi|| = 0.00152967
||rp|| = 0.0827275
||y|| = 517.408
FGMRES iteration : 238 || r || = 0.00850803
||xi|| = 426.251
||eta|| = 0.4135
||yp|| = 469.123
||yphi|| = 0.254139
||BtYp|| = 2.79248
||ru|| = 2.79367
||yu|| = 139.975
||GtYphi|| = 1.72269
||KtYu|| = 13.3111
||rj|| = 14.0705
||yj|| = 0.869333
||rphi|| = 0.0020202
||rp|| = 0.0785881
||y|| = 489.561
FGMRES iteration : 239 || r || = 0.00793353
||xi|| = 446.028
||eta|| = 0.360492
||yp|| = 490.902
||yphi|| = 0.195364
||BtYp|| = 2.83278
||ru|| = 2.83369
||yu|| = 131.978
||GtYphi|| = 1.57745
||KtYu|| = 12.2866
||rj|| = 13.036
||yj|| = 0.723035
||rphi|| = 0.0016323
||rp|| = 0.0730901
||y|| = 508.334
FGMRES iteration : 240 || r || = 0.00755093
||xi|| = 463.662
||eta|| = 0.312572
||yp|| = 510.308
||yphi|| = 0.176
||BtYp|| = 3.10137
||ru|| = 3.10272
||yu|| = 144.727
||GtYphi|| = 1.7452
||KtYu|| = 13.5886
||rj|| = 14.4499
||yj|| = 0.905413
||rphi|| = 0.00144852
||rp|| = 0.0824848
||y|| = 530.435
FGMRES iteration : 241 || r || = 0.00726307
||xi|| = 431.944
||eta|| = 0.449663
||yp|| = 475.436
||yphi|| = 0.188307
||BtYp|| = 2.79357
||ru|| = 2.79445
||yu|| = 137.722
||GtYphi|| = 1.7628
||KtYu|| = 12.8567
||rj|| = 13.6162
||yj|| = 0.816402
||rphi|| = 0.00155803
||rp|| = 0.0742893
||y|| = 494.982
FGMRES iteration : 242 || r || = 0.00712013
||xi|| = 488.476
||eta|| = 0.34553
||yp|| = 537.599
||yphi|| = 0.265731
||BtYp|| = 3.27246
||ru|| = 3.27359
||yu|| = 149.557
||GtYphi|| = 1.94513
||KtYu|| = 13.5344
||rj|| = 14.3527
||yj|| = 0.853635
||rphi|| = 0.00224344
||rp|| = 0.085169
||y|| = 558.015
FGMRES iteration : 243 || r || = 0.00706711
||xi|| = 462.646
||eta|| = 0.362222
||yp|| = 509.221
||yphi|| = 0.170574
||BtYp|| = 3.00842
||ru|| = 3.01051
||yu|| = 145.042
||GtYphi|| = 1.73031
||KtYu|| = 13.801
||rj|| = 14.5711
||yj|| = 0.874002
||rphi|| = 0.00152957
||rp|| = 0.079561
||y|| = 529.476
FGMRES iteration : 244 || r || = 0.00704047
||xi|| = 460.32
||eta|| = 0.413143
||yp|| = 506.627
||yphi|| = 0.23919
||BtYp|| = 2.91631
||ru|| = 2.9175
||yu|| = 152.093
||GtYphi|| = 1.97089
||KtYu|| = 13.765
||rj|| = 14.6173
||yj|| = 0.86118
||rphi|| = 0.00208062
||rp|| = 0.0808526
||y|| = 528.965
FGMRES iteration : 245 || r || = 0.00702202
||xi|| = 472.235
||eta|| = 0.330438
||yp|| = 519.768
||yphi|| = 0.246128
||BtYp|| = 3.00084
||ru|| = 3.00217
||yu|| = 145.996
||GtYphi|| = 1.89619
||KtYu|| = 13.1169
||rj|| = 13.9151
||yj|| = 0.843037
||rphi|| = 0.00181799
||rp|| = 0.0794248
||y|| = 539.883
FGMRES iteration : 246 || r || = 0.00701449
||xi|| = 441.491
||eta|| = 0.417537
||yp|| = 485.909
||yphi|| = 0.247581
||BtYp|| = 2.92152
||ru|| = 2.92245
||yu|| = 137.376
||GtYphi|| = 1.91628
||KtYu|| = 13.2863
||rj|| = 14.1115
||yj|| = 0.86185
||rphi|| = 0.00202732
||rp|| = 0.0768366
||y|| = 504.956
FGMRES iteration : 247 || r || = 0.00700988
||xi|| = 414.128
||eta|| = 0.483861
||yp|| = 455.843
||yphi|| = 0.269817
||BtYp|| = 2.47106
||ru|| = 2.4725
||yu|| = 129.927
||GtYphi|| = 2.12749
||KtYu|| = 12.9631
||rj|| = 13.7911
||yj|| = 0.82141
||rphi|| = 0.00208859
||rp|| = 0.0693936
||y|| = 473.999
FGMRES iteration : 248 || r || = 0.00700729
||xi|| = 411.6
||eta|| = 0.319458
||yp|| = 453.037
||yphi|| = 0.308543
||BtYp|| = 2.58193
||ru|| = 2.58239
||yu|| = 136.648
||GtYphi|| = 2.12504
||KtYu|| = 13.2653
||rj|| = 14.0824
||yj|| = 0.845427
||rphi|| = 0.0025899
||rp|| = 0.0755134
||y|| = 473.197
FGMRES iteration : 249 || r || = 0.00700355
||xi|| = 423.853
||eta|| = 0.493424
||yp|| = 466.558
||yphi|| = 0.250633
||BtYp|| = 2.57474
||ru|| = 2.57611
||yu|| = 137.552
||GtYphi|| = 1.92783
||KtYu|| = 13.9001
||rj|| = 14.764
||yj|| = 0.835277
||rphi|| = 0.0020219
||rp|| = 0.0742286
||y|| = 486.414
FGMRES iteration : 250 || r || = 0.00700169
||xi|| = 431.148
||eta|| = 0.369504
||yp|| = 474.548
||yphi|| = 0.247782
||BtYp|| = 2.6213
||ru|| = 2.62259
||yu|| = 134.16
||GtYphi|| = 1.94664
||KtYu|| = 12.3106
||rj|| = 13.0575
||yj|| = 0.754876
||rphi|| = 0.00194087
||rp|| = 0.0729227
||y|| = 493.148
FGMRES iteration : 251 || r || = 0.00699895
||xi|| = 424.737
||eta|| = 0.418597
||yp|| = 467.513
||yphi|| = 0.187181
||BtYp|| = 2.63127
||ru|| = 2.63361
||yu|| = 139.787
||GtYphi|| = 1.78996
||KtYu|| = 15.0672
||rj|| = 15.9231
||yj|| = 1.00014
||rphi|| = 0.00160163
||rp|| = 0.0768146
||y|| = 487.965
FGMRES iteration : 252 || r || = 0.00699075
||xi|| = 431.374
||eta|| = 0.516649
||yp|| = 474.79
||yphi|| = 0.20722
||BtYp|| = 2.75814
||ru|| = 2.75921
||yu|| = 130.365
||GtYphi|| = 2.17155
||KtYu|| = 12.0317
||rj|| = 12.8107
||yj|| = 0.753225
||rphi|| = 0.00164495
||rp|| = 0.0748354
||y|| = 492.363
FGMRES iteration : 253 || r || = 0.00697674
||xi|| = 402.227
||eta|| = 0.352044
||yp|| = 442.752
||yphi|| = 0.277043
||BtYp|| = 2.47395
||ru|| = 2.47524
||yu|| = 131.864
||GtYphi|| = 2.07742
||KtYu|| = 13.3213
||rj|| = 14.1733
||yj|| = 0.866961
||rphi|| = 0.00217701
||rp|| = 0.0748232
||y|| = 461.973
FGMRES iteration : 254 || r || = 0.00695747
||xi|| = 391.099
||eta|| = 0.387258
||yp|| = 430.531
||yphi|| = 0.186947
||BtYp|| = 2.60263
||ru|| = 2.60305
||yu|| = 137.994
||GtYphi|| = 1.75806
||KtYu|| = 14.7026
||rj|| = 15.5084
||yj|| = 0.996425
||rphi|| = 0.00151675
||rp|| = 0.0798317
||y|| = 452.106
FGMRES iteration : 255 || r || = 0.00692474
||xi|| = 422.528
||eta|| = 0.536096
||yp|| = 465.142
||yphi|| = 0.226971
||BtYp|| = 2.55001
||ru|| = 2.551
||yu|| = 136.877
||GtYphi|| = 1.97891
||KtYu|| = 12.6276
||rj|| = 13.3578
||yj|| = 0.792692
||rphi|| = 0.00193261
||rp|| = 0.0727762
||y|| = 484.864
FGMRES iteration : 256 || r || = 0.00686497
||xi|| = 375.466
||eta|| = 0.417838
||yp|| = 413.324
||yphi|| = 0.211601
||BtYp|| = 2.32721
||ru|| = 2.32871
||yu|| = 122.467
||GtYphi|| = 2.03446
||KtYu|| = 13.3312
||rj|| = 14.1668
||yj|| = 0.883469
||rphi|| = 0.00189183
||rp|| = 0.0681629
||y|| = 431.087
FGMRES iteration : 257 || r || = 0.00676921
||xi|| = 381.614
||eta|| = 0.347383
||yp|| = 420.094
||yphi|| = 0.162672
||BtYp|| = 2.28102
||ru|| = 2.28322
||yu|| = 127.027
||GtYphi|| = 1.54423
||KtYu|| = 13.6892
||rj|| = 14.5041
||yj|| = 0.93218
||rphi|| = 0.00138465
||rp|| = 0.0710809
||y|| = 438.88
FGMRES iteration : 258 || r || = 0.00658521
||xi|| = 358.57
||eta|| = 0.427878
||yp|| = 394.747
||yphi|| = 0.233489
||BtYp|| = 2.12269
||ru|| = 2.12425
||yu|| = 110.591
||GtYphi|| = 2.04864
||KtYu|| = 11.6448
||rj|| = 12.3874
||yj|| = 0.716715
||rphi|| = 0.00204908
||rp|| = 0.0626522
||y|| = 409.947
FGMRES iteration : 259 || r || = 0.00640278
||xi|| = 401.746
||eta|| = 0.322281
||yp|| = 442.209
||yphi|| = 0.176444
||BtYp|| = 2.52779
||ru|| = 2.52854
||yu|| = 136.826
||GtYphi|| = 1.65768
||KtYu|| = 14.5483
||rj|| = 15.4163
||yj|| = 0.96628
||rphi|| = 0.00146762
||rp|| = 0.0762885
||y|| = 462.895
FGMRES iteration : 260 || r || = 0.00608847
||xi|| = 333.73
||eta|| = 0.273131
||yp|| = 367.373
||yphi|| = 0.167424
||BtYp|| = 1.82071
||ru|| = 1.82249
||yu|| = 103.295
||GtYphi|| = 1.58348
||KtYu|| = 11.9001
||rj|| = 12.6281
||yj|| = 0.769482
||rphi|| = 0.00142399
||rp|| = 0.0553483
||y|| = 381.62
FGMRES iteration : 261 || r || = 0.00589831
||xi|| = 488.067
||eta|| = 0.33184
||yp|| = 537.16
||yphi|| = 0.185369
||BtYp|| = 3.01711
||ru|| = 3.01721
||yu|| = 146.773
||GtYphi|| = 1.83093
||KtYu|| = 12.778
||rj|| = 13.6606
||yj|| = 0.728823
||rphi|| = 0.00153137
||rp|| = 0.0780611
||y|| = 556.851
FGMRES iteration : 262 || r || = 0.00582388
||xi|| = 396.086
||eta|| = 0.426028
||yp|| = 435.975
||yphi|| = 0.171112
||BtYp|| = 2.30214
||ru|| = 2.30282
||yu|| = 128.591
||GtYphi|| = 1.66641
||KtYu|| = 14.0312
||rj|| = 14.8173
||yj|| = 0.911566
||rphi|| = 0.00152569
||rp|| = 0.0699921
||y|| = 454.544
FGMRES iteration : 263 || r || = 0.00579283
||xi|| = 402.126
||eta|| = 0.334155
||yp|| = 442.659
||yphi|| = 0.260407
||BtYp|| = 2.35845
||ru|| = 2.36095
||yu|| = 131.413
||GtYphi|| = 1.98999
||KtYu|| = 13.7062
||rj|| = 14.5671
||yj|| = 0.899089
||rphi|| = 0.00201506
||rp|| = 0.0697043
||y|| = 461.754
FGMRES iteration : 264 || r || = 0.00577589
||xi|| = 422.163
||eta|| = 0.331879
||yp|| = 464.693
||yphi|| = 0.211688
||BtYp|| = 2.42446
||ru|| = 2.42546
||yu|| = 133.773
||GtYphi|| = 2.01309
||KtYu|| = 13.6035
||rj|| = 14.4272
||yj|| = 0.77258
||rphi|| = 0.00157791
||rp|| = 0.0703473
||y|| = 483.565
FGMRES iteration : 265 || r || = 0.00576617
||xi|| = 409.186
||eta|| = 0.431143
||yp|| = 450.45
||yphi|| = 0.185778
||BtYp|| = 2.36586
||ru|| = 2.36793
||yu|| = 133.994
||GtYphi|| = 1.67482
||KtYu|| = 13.8306
||rj|| = 14.5476
||yj|| = 0.958163
||rphi|| = 0.00152124
||rp|| = 0.071438
||y|| = 469.958
FGMRES iteration : 266 || r || = 0.00576191
||xi|| = 430.546
||eta|| = 0.399814
||yp|| = 473.923
||yphi|| = 0.342533
||BtYp|| = 2.5426
||ru|| = 2.54404
||yu|| = 142.517
||GtYphi|| = 2.06515
||KtYu|| = 14.4622
||rj|| = 15.4236
||yj|| = 0.943881
||rphi|| = 0.00259531
||rp|| = 0.0750601
||y|| = 494.889
FGMRES iteration : 267 || r || = 0.00575652
||xi|| = 443.911
||eta|| = 0.528094
||yp|| = 488.595
||yphi|| = 0.328851
||BtYp|| = 2.63671
||ru|| = 2.63827
||yu|| = 138.695
||GtYphi|| = 2.03472
||KtYu|| = 13.1967
||rj|| = 13.9479
||yj|| = 0.81126
||rphi|| = 0.002437
||rp|| = 0.0751442
||y|| = 507.9
FGMRES iteration : 268 || r || = 0.00575441
||xi|| = 422.407
||eta|| = 0.457905
||yp|| = 464.982
||yphi|| = 0.250434
||BtYp|| = 2.53672
||ru|| = 2.53808
||yu|| = 134.808
||GtYphi|| = 1.73151
||KtYu|| = 14.6712
||rj|| = 15.4402
||yj|| = 0.995901
||rphi|| = 0.00192519
||rp|| = 0.0728937
||y|| = 484.131
FGMRES iteration : 269 || r || = 0.0057526
||xi|| = 439.272
||eta|| = 0.459689
||yp|| = 483.509
||yphi|| = 0.369153
||BtYp|| = 2.5153
||ru|| = 2.51608
||yu|| = 130.333
||GtYphi|| = 2.12942
||KtYu|| = 13
||rj|| = 13.8374
||yj|| = 0.818818
||rphi|| = 0.00275692
||rp|| = 0.0699152
||y|| = 500.768
FGMRES iteration : 270 || r || = 0.00575053
||xi|| = 496.112
||eta|| = 0.606197
||yp|| = 546.035
||yphi|| = 0.358555
||BtYp|| = 2.99837
||ru|| = 2.99945
||yu|| = 149.444
||GtYphi|| = 2.3683
||KtYu|| = 13.7731
||rj|| = 14.6482
||yj|| = 0.874063
||rphi|| = 0.00294065
||rp|| = 0.0835821
||y|| = 566.117
FGMRES iteration : 271 || r || = 0.005746
||xi|| = 455.291
||eta|| = 0.626343
||yp|| = 501.172
||yphi|| = 0.168131
||BtYp|| = 2.66413
||ru|| = 2.66518
||yu|| = 141.096
||GtYphi|| = 1.86012
||KtYu|| = 14.1086
||rj|| = 14.9336
||yj|| = 0.920417
||rphi|| = 0.00130863
||rp|| = 0.0748138
||y|| = 520.656
FGMRES iteration : 272 || r || = 0.00573547
||xi|| = 450.604
||eta|| = 0.347322
||yp|| = 495.946
||yphi|| = 0.230953
||BtYp|| = 2.59401
||ru|| = 2.59481
||yu|| = 127.809
||GtYphi|| = 2.08116
||KtYu|| = 12.2654
||rj|| = 13.0491
||yj|| = 0.731074
||rphi|| = 0.00186675
||rp|| = 0.065636
||y|| = 512.151
FGMRES iteration : 273 || r || = 0.00570907
||xi|| = 441.521
||eta|| = 0.302636
||yp|| = 485.938
||yphi|| = 0.178323
||BtYp|| = 2.58383
||ru|| = 2.58471
||yu|| = 133.631
||GtYphi|| = 1.6568
||KtYu|| = 14.4713
||rj|| = 15.2339
||yj|| = 0.920159
||rphi|| = 0.00140539
||rp|| = 0.068896
||y|| = 503.978
FGMRES iteration : 274 || r || = 0.00566346
||xi|| = 516.587
||eta|| = 0.354659
||yp|| = 568.556
||yphi|| = 0.178354
||BtYp|| = 3.20019
||ru|| = 3.20132
||yu|| = 154.742
||GtYphi|| = 1.6522
||KtYu|| = 14.0764
||rj|| = 14.8314
||yj|| = 0.882887
||rphi|| = 0.00149594
||rp|| = 0.0827996
||y|| = 589.238
FGMRES iteration : 275 || r || = 0.00554913
||xi|| = 469.824
||eta|| = 0.37812
||yp|| = 517.161
||yphi|| = 0.352347
||BtYp|| = 2.7758
||ru|| = 2.77712
||yu|| = 144.287
||GtYphi|| = 2.00514
||KtYu|| = 12.9627
||rj|| = 13.7787
||yj|| = 0.766863
||rphi|| = 0.00261809
||rp|| = 0.0739613
||y|| = 536.912
FGMRES iteration : 276 || r || = 0.00536756
||xi|| = 441.168
||eta|| = 0.28328
||yp|| = 485.563
||yphi|| = 0.160092
||BtYp|| = 2.48506
||ru|| = 2.4864
||yu|| = 129.325
||GtYphi|| = 1.67591
||KtYu|| = 13.6609
||rj|| = 14.5183
||yj|| = 0.908201
||rphi|| = 0.00137703
||rp|| = 0.0660124
||y|| = 502.491
FGMRES iteration : 277 || r || = 0.00500977
||xi|| = 423.019
||eta|| = 0.352682
||yp|| = 465.598
||yphi|| = 0.150159
||BtYp|| = 2.36666
||ru|| = 2.36751
||yu|| = 121.316
||GtYphi|| = 1.65569
||KtYu|| = 12.4152
||rj|| = 13.2154
||yj|| = 0.775839
||rphi|| = 0.00117087
||rp|| = 0.0644695
||y|| = 481.144
FGMRES iteration : 278 || r || = 0.00467731
||xi|| = 427.749
||eta|| = 0.398985
||yp|| = 470.818
||yphi|| = 0.177324
||BtYp|| = 2.44495
||ru|| = 2.4457
||yu|| = 125.583
||GtYphi|| = 1.64617
||KtYu|| = 13.7161
||rj|| = 14.4408
||yj|| = 0.828766
||rphi|| = 0.00149549
||rp|| = 0.0651278
||y|| = 487.279
FGMRES iteration : 279 || r || = 0.00449843
||xi|| = 411.366
||eta|| = 0.310174
||yp|| = 452.794
||yphi|| = 0.186029
||BtYp|| = 2.19332
||ru|| = 2.19507
||yu|| = 119.228
||GtYphi|| = 1.64711
||KtYu|| = 13.5936
||rj|| = 14.4294
||yj|| = 0.907401
||rphi|| = 0.0014173
||rp|| = 0.0628113
||y|| = 468.229
FGMRES iteration : 280 || r || = 0.00437867
||xi|| = 390.985
||eta|| = 0.469515
||yp|| = 430.446
||yphi|| = 0.175754
||BtYp|| = 2.0821
||ru|| = 2.08194
||yu|| = 117.103
||GtYphi|| = 1.74481
||KtYu|| = 12.2166
||rj|| = 12.9184
||yj|| = 0.758079
||rphi|| = 0.00152001
||rp|| = 0.0613511
||y|| = 446.092
FGMRES iteration : 281 || r || = 0.00433725
||xi|| = 437.229
||eta|| = 0.519918
||yp|| = 481.29
||yphi|| = 0.188794
||BtYp|| = 2.37751
||ru|| = 2.37865
||yu|| = 135.501
||GtYphi|| = 1.65957
||KtYu|| = 14.5595
||rj|| = 15.3951
||yj|| = 0.909981
||rphi|| = 0.00143574
||rp|| = 0.0687057
||y|| = 500.001
FGMRES iteration : 282 || r || = 0.00431984
||xi|| = 502.553
||eta|| = 0.53756
||yp|| = 553.141
||yphi|| = 0.206114
||BtYp|| = 2.72847
||ru|| = 2.72971
||yu|| = 147.248
||GtYphi|| = 1.79736
||KtYu|| = 14.2776
||rj|| = 15.0542
||yj|| = 0.921875
||rphi|| = 0.00157602
||rp|| = 0.075406
||y|| = 572.406
FGMRES iteration : 283 || r || = 0.00431118
||xi|| = 415.164
||eta|| = 0.401264
||yp|| = 457.024
||yphi|| = 0.202201
||BtYp|| = 2.52282
||ru|| = 2.52324
||yu|| = 137.174
||GtYphi|| = 1.91825
||KtYu|| = 13.1496
||rj|| = 14.0499
||yj|| = 0.795152
||rphi|| = 0.00145061
||rp|| = 0.0758482
||y|| = 477.167
FGMRES iteration : 284 || r || = 0.00430755
||xi|| = 426.804
||eta|| = 0.367485
||yp|| = 469.792
||yphi|| = 0.371866
||BtYp|| = 2.37553
||ru|| = 2.37756
||yu|| = 136.897
||GtYphi|| = 1.97348
||KtYu|| = 12.915
||rj|| = 13.673
||yj|| = 0.855913
||rphi|| = 0.00275988
||rp|| = 0.077973
||y|| = 489.333
FGMRES iteration : 285 || r || = 0.00430478
||xi|| = 410.789
||eta|| = 0.552174
||yp|| = 452.217
||yphi|| = 0.223323
||BtYp|| = 2.25967
||ru|| = 2.26195
||yu|| = 133.936
||GtYphi|| = 1.8009
||KtYu|| = 13.7027
||rj|| = 14.5432
||yj|| = 0.865184
||rphi|| = 0.0015501
||rp|| = 0.0713836
||y|| = 471.635
FGMRES iteration : 286 || r || = 0.004303
||xi|| = 446.435
||eta|| = 0.463871
||yp|| = 491.417
||yphi|| = 0.244196
||BtYp|| = 2.54939
||ru|| = 2.55078
||yu|| = 136.872
||GtYphi|| = 1.93175
||KtYu|| = 12.881
||rj|| = 13.707
||yj|| = 0.759559
||rphi|| = 0.00187073
||rp|| = 0.075095
||y|| = 510.123
FGMRES iteration : 287 || r || = 0.00430157
||xi|| = 399.52
||eta|| = 0.374859
||yp|| = 439.862
||yphi|| = 0.357168
||BtYp|| = 2.34048
||ru|| = 2.34201
||yu|| = 147.785
||GtYphi|| = 1.90143
||KtYu|| = 14.1186
||rj|| = 14.9611
||yj|| = 0.931539
||rphi|| = 0.00272557
||rp|| = 0.0841261
||y|| = 464.026
FGMRES iteration : 288 || r || = 0.00429971
||xi|| = 402.867
||eta|| = 0.439499
||yp|| = 443.532
||yphi|| = 0.197996
||BtYp|| = 2.59456
||ru|| = 2.59524
||yu|| = 149.296
||GtYphi|| = 1.60626
||KtYu|| = 12.9057
||rj|| = 13.7284
||yj|| = 0.852071
||rphi|| = 0.00178204
||rp|| = 0.0895397
||y|| = 467.986
FGMRES iteration : 289 || r || = 0.00429675
||xi|| = 433.861
||eta|| = 0.407575
||yp|| = 477.631
||yphi|| = 0.192918
||BtYp|| = 2.61761
||ru|| = 2.6199
||yu|| = 152.692
||GtYphi|| = 1.83973
||KtYu|| = 13.3912
||rj|| = 14.1613
||yj|| = 0.822996
||rphi|| = 0.00142479
||rp|| = 0.0880104
||y|| = 501.445
FGMRES iteration : 290 || r || = 0.00429358
||xi|| = 491.688
||eta|| = 0.440416
||yp|| = 541.277
||yphi|| = 0.177589
||BtYp|| = 3.07922
||ru|| = 3.07929
||yu|| = 185.173
||GtYphi|| = 1.59287
||KtYu|| = 15.4182
||rj|| = 16.2015
||yj|| = 1.00956
||rphi|| = 0.0014534
||rp|| = 0.1064
||y|| = 572.076
FGMRES iteration : 291 || r || = 0.00428084
||xi|| = 485.146
||eta|| = 0.505694
||yp|| = 534.004
||yphi|| = 0.188153
||BtYp|| = 2.97394
||ru|| = 2.97587
||yu|| = 168.604
||GtYphi|| = 1.78781
||KtYu|| = 13.8929
||rj|| = 14.5966
||yj|| = 0.842461
||rphi|| = 0.00135315
||rp|| = 0.096106
||y|| = 559.989
FGMRES iteration : 292 || r || = 0.00425257
||xi|| = 457.596
||eta|| = 0.391564
||yp|| = 503.745
||yphi|| = 0.20084
||BtYp|| = 2.68966
||ru|| = 2.69111
||yu|| = 155.948
||GtYphi|| = 1.79969
||KtYu|| = 13.8508
||rj|| = 14.6777
||yj|| = 0.837582
||rphi|| = 0.00154964
||rp|| = 0.0873757
||y|| = 527.332
FGMRES iteration : 293 || r || = 0.00420134
||xi|| = 474.89
||eta|| = 0.417865
||yp|| = 522.798
||yphi|| = 0.147383
||BtYp|| = 2.89079
||ru|| = 2.89069
||yu|| = 174.397
||GtYphi|| = 1.53838
||KtYu|| = 14.7191
||rj|| = 15.5097
||yj|| = 0.942995
||rphi|| = 0.00117504
||rp|| = 0.0969178
||y|| = 551.12
FGMRES iteration : 294 || r || = 0.00409563
||xi|| = 421.951
||eta|| = 0.540153
||yp|| = 464.57
||yphi|| = 0.133336
||BtYp|| = 2.25234
||ru|| = 2.25445
||yu|| = 143.575
||GtYphi|| = 1.63492
||KtYu|| = 12.6528
||rj|| = 13.4375
||yj|| = 0.729879
||rphi|| = 0.0010426
||rp|| = 0.0777068
||y|| = 486.251
FGMRES iteration : 295 || r || = 0.00392776
||xi|| = 413.032
||eta|| = 0.391416
||yp|| = 454.652
||yphi|| = 0.148388
||BtYp|| = 2.50636
||ru|| = 2.50678
||yu|| = 141.406
||GtYphi|| = 1.6294
||KtYu|| = 13.0445
||rj|| = 13.8702
||yj|| = 0.818041
||rphi|| = 0.00119543
||rp|| = 0.0831041
||y|| = 476.136
FGMRES iteration : 296 || r || = 0.00372684
||xi|| = 404.276
||eta|| = 0.469121
||yp|| = 445.058
||yphi|| = 0.148161
||BtYp|| = 2.1725
||ru|| = 2.17461
||yu|| = 139.399
||GtYphi|| = 1.58156
||KtYu|| = 13.5011
||rj|| = 14.2664
||yj|| = 0.887628
||rphi|| = 0.00117979
||rp|| = 0.0768287
||y|| = 466.379
FGMRES iteration : 297 || r || = 0.00354109
||xi|| = 456.52
||eta|| = 0.388613
||yp|| = 502.481
||yphi|| = 0.202008
||BtYp|| = 2.43384
||ru|| = 2.43485
||yu|| = 138.943
||GtYphi|| = 1.77555
||KtYu|| = 13.4851
||rj|| = 14.3413
||yj|| = 0.774371
||rphi|| = 0.00154195
||rp|| = 0.0745787
||y|| = 521.337
FGMRES iteration : 298 || r || = 0.00336726
||xi|| = 394.539
||eta|| = 0.511915
||yp|| = 434.339
||yphi|| = 0.184939
||BtYp|| = 2.11845
||ru|| = 2.12031
||yu|| = 134.049
||GtYphi|| = 1.77616
||KtYu|| = 11.6029
||rj|| = 12.3031
||yj|| = 0.713091
||rphi|| = 0.00166295
||rp|| = 0.0737907
||y|| = 454.554
FGMRES iteration : 299 || r || = 0.00330416
||xi|| = 437.86
||eta|| = 0.436835
||yp|| = 482.076
||yphi|| = 0.20533
||BtYp|| = 2.78204
||ru|| = 2.78347
||yu|| = 173.613
||GtYphi|| = 1.53865
||KtYu|| = 15.3497
||rj|| = 16.1791
||yj|| = 1.02403
||rphi|| = 0.0017098
||rp|| = 0.0961343
||y|| = 512.386
FGMRES iteration : 300 || r || = 0.00326627
||xi|| = 414.409
||eta|| = 0.447644
||yp|| = 456.183
||yphi|| = 0.172651
||BtYp|| = 2.27634
||ru|| = 2.2774
||yu|| = 126.754
||GtYphi|| = 1.96877
||KtYu|| = 11.9628
||rj|| = 12.7183
||yj|| = 0.715658
||rphi|| = 0.00140637
||rp|| = 0.0722437
||y|| = 473.466
FGMRES iteration : 301 || r || = 0.00325096
||xi|| = 398.36
||eta|| = 0.477931
||yp|| = 438.536
||yphi|| = 0.363327
||BtYp|| = 2.33552
||ru|| = 2.33751
||yu|| = 143.398
||GtYphi|| = 1.88848
||KtYu|| = 13.3617
||rj|| = 14.18
||yj|| = 0.905456
||rphi|| = 0.00277988
||rp|| = 0.0800746
||y|| = 461.387
FGMRES iteration : 302 || r || = 0.00324446
||xi|| = 425.158
||eta|| = 0.439235
||yp|| = 468.059
||yphi|| = 0.229121
||BtYp|| = 2.52748
||ru|| = 2.52807
||yu|| = 152.942
||GtYphi|| = 1.78119
||KtYu|| = 14.5359
||rj|| = 15.334
||yj|| = 0.979025
||rphi|| = 0.00182247
||rp|| = 0.0854196
||y|| = 492.414
FGMRES iteration : 303 || r || = 0.00324244
||xi|| = 486.278
||eta|| = 0.512072
||yp|| = 535.316
||yphi|| = 0.149164
||BtYp|| = 2.76739
||ru|| = 2.7712
||yu|| = 155.818
||GtYphi|| = 1.88478
||KtYu|| = 13.33
||rj|| = 14.0329
||yj|| = 0.766976
||rphi|| = 0.00128582
||rp|| = 0.0823675
||y|| = 557.533
FGMRES iteration : 304 || r || = 0.00324169
||xi|| = 459.92
||eta|| = 0.436795
||yp|| = 506.273
||yphi|| = 0.276667
||BtYp|| = 2.81393
||ru|| = 2.81461
||yu|| = 161.98
||GtYphi|| = 1.51348
||KtYu|| = 15.5034
||rj|| = 16.2621
||yj|| = 1.02758
||rphi|| = 0.00220547
||rp|| = 0.0907709
||y|| = 531.556
FGMRES iteration : 305 || r || = 0.0032414
||xi|| = 375.638
||eta|| = 0.506028
||yp|| = 413.562
||yphi|| = 0.238827
||BtYp|| = 2.27332
||ru|| = 2.2745
||yu|| = 139.524
||GtYphi|| = 1.9974
||KtYu|| = 12.7337
||rj|| = 13.5047
||yj|| = 0.844823
||rphi|| = 0.00194181
||rp|| = 0.0766638
||y|| = 436.464
FGMRES iteration : 306 || r || = 0.00324093
||xi|| = 477.745
||eta|| = 0.344137
||yp|| = 525.9
||yphi|| = 0.281833
||BtYp|| = 2.68165
||ru|| = 2.6822
||yu|| = 158.981
||GtYphi|| = 1.78973
||KtYu|| = 14.0043
||rj|| = 14.7894
||yj|| = 0.901718
||rphi|| = 0.00222674
||rp|| = 0.0836107
||y|| = 549.406
FGMRES iteration : 307 || r || = 0.00324054
||xi|| = 386.426
||eta|| = 0.391599
||yp|| = 425.447
||yphi|| = 0.16772
||BtYp|| = 2.21261
||ru|| = 2.21526
||yu|| = 140.206
||GtYphi|| = 1.66916
||KtYu|| = 14.2971
||rj|| = 15.1005
||yj|| = 0.951754
||rphi|| = 0.00131629
||rp|| = 0.0751273
||y|| = 447.956
FGMRES iteration : 308 || r || = 0.00324024
||xi|| = 425.96
||eta|| = 0.324346
||yp|| = 468.871
||yphi|| = 0.211711
||BtYp|| = 2.19167
||ru|| = 2.19329
||yu|| = 118.847
||GtYphi|| = 1.8732
||KtYu|| = 13.0135
||rj|| = 13.7771
||yj|| = 0.847993
||rphi|| = 0.00174902
||rp|| = 0.0637084
||y|| = 483.699
FGMRES iteration : 309 || r || = 0.0032377
||xi|| = 420.736
||eta|| = 0.461015
||yp|| = 463.116
||yphi|| = 0.197327
||BtYp|| = 2.41318
||ru|| = 2.4144
||yu|| = 133.002
||GtYphi|| = 1.80365
||KtYu|| = 13.7889
||rj|| = 14.5542
||yj|| = 0.921166
||rphi|| = 0.00151094
||rp|| = 0.0712559
||y|| = 481.837
FGMRES iteration : 310 || r || = 0.00323189
||xi|| = 425.588
||eta|| = 0.422512
||yp|| = 468.468
||yphi|| = 0.209005
||BtYp|| = 2.29832
||ru|| = 2.2991
||yu|| = 130.877
||GtYphi|| = 1.74394
||KtYu|| = 13.4649
||rj|| = 14.2645
||yj|| = 0.882922
||rphi|| = 0.00146224
||rp|| = 0.0698071
||y|| = 486.407
FGMRES iteration : 311 || r || = 0.00322174
||xi|| = 413.603
||eta|| = 0.528295
||yp|| = 455.334
||yphi|| = 0.163498
||BtYp|| = 2.07059
||ru|| = 2.07224
||yu|| = 125.444
||GtYphi|| = 1.74495
||KtYu|| = 13.1105
||rj|| = 13.9559
||yj|| = 0.845669
||rphi|| = 0.00141568
||rp|| = 0.0673411
||y|| = 472.298
FGMRES iteration : 312 || r || = 0.00319425
||xi|| = 403.729
||eta|| = 0.398742
||yp|| = 444.423
||yphi|| = 0.253338
||BtYp|| = 2.2864
||ru|| = 2.28828
||yu|| = 133.231
||GtYphi|| = 1.77894
||KtYu|| = 13.6877
||rj|| = 14.5008
||yj|| = 0.924752
||rphi|| = 0.00204251
||rp|| = 0.0725571
||y|| = 463.965
FGMRES iteration : 313 || r || = 0.00314332
||xi|| = 451.993
||eta|| = 0.42688
||yp|| = 497.538
||yphi|| = 0.243414
||BtYp|| = 2.44819
||ru|| = 2.4488
||yu|| = 127.339
||GtYphi|| = 1.8819
||KtYu|| = 13.2696
||rj|| = 14.037
||yj|| = 0.862411
||rphi|| = 0.00207993
||rp|| = 0.0658915
||y|| = 513.575
FGMRES iteration : 314 || r || = 0.00305803
||xi|| = 426.8
||eta|| = 0.509001
||yp|| = 469.804
||yphi|| = 0.212338
||BtYp|| = 2.56212
||ru|| = 2.56333
||yu|| = 136.787
||GtYphi|| = 1.74206
||KtYu|| = 13.4558
||rj|| = 14.259
||yj|| = 0.873718
||rphi|| = 0.00164388
||rp|| = 0.071811
||y|| = 489.313
FGMRES iteration : 315 || r || = 0.00294697
||xi|| = 475.069
||eta|| = 0.384251
||yp|| = 522.887
||yphi|| = 0.270344
||BtYp|| = 2.7985
||ru|| = 2.8
||yu|| = 143.356
||GtYphi|| = 1.65067
||KtYu|| = 13.8939
||rj|| = 14.6742
||yj|| = 0.911998
||rphi|| = 0.00216018
||rp|| = 0.0784371
||y|| = 542.183
FGMRES iteration : 316 || r || = 0.00282752
||xi|| = 394.861
||eta|| = 0.398587
||yp|| = 434.693
||yphi|| = 0.193473
||BtYp|| = 2.08435
||ru|| = 2.08542
||yu|| = 121.003
||GtYphi|| = 1.93067
||KtYu|| = 11.2507
||rj|| = 12.0005
||yj|| = 0.706404
||rphi|| = 0.00149958
||rp|| = 0.062192
||y|| = 451.22
FGMRES iteration : 317 || r || = 0.00277556
||xi|| = 456.987
||eta|| = 0.432652
||yp|| = 503.02
||yphi|| = 0.12715
||BtYp|| = 2.69061
||ru|| = 2.69147
||yu|| = 146.12
||GtYphi|| = 1.44946
||KtYu|| = 14.8071
||rj|| = 15.6307
||yj|| = 1.00265
||rphi|| = 0.00100574
||rp|| = 0.0761119
||y|| = 523.814
FGMRES iteration : 318 || r || = 0.00274188
||xi|| = 444.292
||eta|| = 0.39574
||yp|| = 489.009
||yphi|| = 0.197305
||BtYp|| = 2.73548
||ru|| = 2.73768
||yu|| = 141.234
||GtYphi|| = 1.77299
||KtYu|| = 12.7167
||rj|| = 13.4823
||yj|| = 0.848698
||rphi|| = 0.00188075
||rp|| = 0.0757748
||y|| = 508.997
FGMRES iteration : 319 || r || = 0.00272677
||xi|| = 431.306
||eta|| = 0.376538
||yp|| = 474.724
||yphi|| = 0.20357
||BtYp|| = 2.44792
||ru|| = 2.44817
||yu|| = 122.11
||GtYphi|| = 1.86309
||KtYu|| = 12.1321
||rj|| = 12.9332
||yj|| = 0.76712
||rphi|| = 0.00168267
||rp|| = 0.0663408
||y|| = 490.178
FGMRES iteration : 320 || r || = 0.00272187
||xi|| = 491.75
||eta|| = 0.458177
||yp|| = 541.245
||yphi|| = 0.128698
||BtYp|| = 3.13719
||ru|| = 3.1387
||yu|| = 157.589
||GtYphi|| = 1.52968
||KtYu|| = 14.951
||rj|| = 15.7596
||yj|| = 1.01978
||rphi|| = 0.00111397
||rp|| = 0.0882117
||y|| = 563.721
FGMRES iteration : 321 || r || = 0.00271739
||xi|| = 455.834
||eta|| = 0.456851
||yp|| = 501.732
||yphi|| = 0.198666
||BtYp|| = 2.50143
||ru|| = 2.502
||yu|| = 136.314
||GtYphi|| = 2.01199
||KtYu|| = 13.492
||rj|| = 14.2252
||yj|| = 0.853212
||rphi|| = 0.00164501
||rp|| = 0.0767573
||y|| = 519.921
FGMRES iteration : 322 || r || = 0.00271493
||xi|| = 518.178
||eta|| = 0.485071
||yp|| = 570.357
||yphi|| = 0.208214
||BtYp|| = 3.27766
||ru|| = 3.27875
||yu|| = 172.045
||GtYphi|| = 1.86656
||KtYu|| = 14.5306
||rj|| = 15.3162
||yj|| = 0.949962
||rphi|| = 0.00176748
||rp|| = 0.09367
||y|| = 595.741
FGMRES iteration : 323 || r || = 0.00271354
||xi|| = 470.39
||eta|| = 0.48101
||yp|| = 517.761
||yphi|| = 0.167241
||BtYp|| = 2.61143
||ru|| = 2.61267
||yu|| = 139.876
||GtYphi|| = 1.58514
||KtYu|| = 14.1569
||rj|| = 14.939
||yj|| = 0.953614
||rphi|| = 0.00137632
||rp|| = 0.0756126
||y|| = 536.323
FGMRES iteration : 324 || r || = 0.00271281
||xi|| = 451.202
||eta|| = 0.41806
||yp|| = 496.641
||yphi|| = 0.191166
||BtYp|| = 2.42004
||ru|| = 2.42152
||yu|| = 133.862
||GtYphi|| = 1.89115
||KtYu|| = 12.7526
||rj|| = 13.5193
||yj|| = 0.779954
||rphi|| = 0.00139951
||rp|| = 0.0747989
||y|| = 514.366
FGMRES iteration : 325 || r || = 0.0027125
||xi|| = 468.365
||eta|| = 0.428612
||yp|| = 515.599
||yphi|| = 0.174281
||BtYp|| = 2.72403
||ru|| = 2.72415
||yu|| = 165.596
||GtYphi|| = 1.61106
||KtYu|| = 15.5405
||rj|| = 16.3311
||yj|| = 1.03679
||rphi|| = 0.00146241
||rp|| = 0.0872006
||y|| = 541.54
FGMRES iteration : 326 || r || = 0.0027119
||xi|| = 434.764
||eta|| = 0.504145
||yp|| = 478.614
||yphi|| = 0.20585
||BtYp|| = 2.49705
||ru|| = 2.49859
||yu|| = 138.151
||GtYphi|| = 1.8734
||KtYu|| = 13.9398
||rj|| = 14.7247
||yj|| = 0.904036
||rphi|| = 0.00166187
||rp|| = 0.0750622
||y|| = 498.154
FGMRES iteration : 327 || r || = 0.00271163
||xi|| = 460.389
||eta|| = 0.558618
||yp|| = 506.851
||yphi|| = 0.329285
||BtYp|| = 2.61735
||ru|| = 2.61757
||yu|| = 143.332
||GtYphi|| = 2.17527
||KtYu|| = 13.67
||rj|| = 14.5589
||yj|| = 0.813441
||rphi|| = 0.00249797
||rp|| = 0.0749816
||y|| = 526.729
FGMRES iteration : 328 || r || = 0.00270829
||xi|| = 512.159
||eta|| = 0.552508
||yp|| = 563.801
||yphi|| = 0.140006
||BtYp|| = 3.03067
||ru|| = 3.03274
||yu|| = 172.101
||GtYphi|| = 1.58063
||KtYu|| = 15.3852
||rj|| = 16.125
||yj|| = 1.03615
||rphi|| = 0.0011338
||rp|| = 0.0891541
||y|| = 589.484
FGMRES iteration : 329 || r || = 0.00270073
||xi|| = 418.317
||eta|| = 0.530021
||yp|| = 460.542
||yphi|| = 0.194721
||BtYp|| = 2.37907
||ru|| = 2.38099
||yu|| = 141.752
||GtYphi|| = 1.84446
||KtYu|| = 14.5467
||rj|| = 15.3584
||yj|| = 0.938048
||rphi|| = 0.0014242
||rp|| = 0.0765839
||y|| = 481.865
FGMRES iteration : 330 || r || = 0.00268533
||xi|| = 423.246
||eta|| = 0.480885
||yp|| = 465.895
||yphi|| = 0.204658
||BtYp|| = 2.32935
||ru|| = 2.33225
||yu|| = 131.823
||GtYphi|| = 1.96765
||KtYu|| = 14.2953
||rj|| = 15.0464
||yj|| = 0.918341
||rphi|| = 0.00169488
||rp|| = 0.0713731
||y|| = 484.187
FGMRES iteration : 331 || r || = 0.00265385
||xi|| = 440.428
||eta|| = 0.611394
||yp|| = 484.907
||yphi|| = 0.174027
||BtYp|| = 2.56716
||ru|| = 2.56907
||yu|| = 157.641
||GtYphi|| = 1.6994
||KtYu|| = 14.7724
||rj|| = 15.5645
||yj|| = 0.979667
||rphi|| = 0.00154269
||rp|| = 0.0832335
||y|| = 509.889
FGMRES iteration : 332 || r || = 0.00259019
||xi|| = 435.016
||eta|| = 0.426223
||yp|| = 478.878
||yphi|| = 0.160895
||BtYp|| = 2.41758
||ru|| = 2.41915
||yu|| = 143.741
||GtYphi|| = 1.77728
||KtYu|| = 12.866
||rj|| = 13.6447
||yj|| = 0.8064
||rphi|| = 0.00122411
||rp|| = 0.0763179
||y|| = 499.986
FGMRES iteration : 333 || r || = 0.00248363
||xi|| = 414.75
||eta|| = 0.410927
||yp|| = 456.569
||yphi|| = 0.230778
||BtYp|| = 2.14512
||ru|| = 2.1465
||yu|| = 128.665
||GtYphi|| = 1.86269
||KtYu|| = 13.7381
||rj|| = 14.5685
||yj|| = 0.826719
||rphi|| = 0.00177006
||rp|| = 0.0676311
||y|| = 474.353
FGMRES iteration : 334 || r || = 0.00236986
||xi|| = 443.436
||eta|| = 0.53647
||yp|| = 488.17
||yphi|| = 0.224712
||BtYp|| = 2.47758
||ru|| = 2.47871
||yu|| = 143.59
||GtYphi|| = 1.53085
||KtYu|| = 14.6972
||rj|| = 15.4384
||yj|| = 0.963078
||rphi|| = 0.00183876
||rp|| = 0.0757143
||y|| = 508.85
FGMRES iteration : 335 || r || = 0.00228472
||xi|| = 454.985
||eta|| = 0.331817
||yp|| = 500.863
||yphi|| = 0.143347
||BtYp|| = 2.34041
||ru|| = 2.34234
||yu|| = 138.876
||GtYphi|| = 1.67303
||KtYu|| = 13.884
||rj|| = 14.6555
||yj|| = 0.817257
||rphi|| = 0.00103601
||rp|| = 0.0688809
||y|| = 519.76
FGMRES iteration : 336 || r || = 0.00223811
||xi|| = 438.156
||eta|| = 0.389069
||yp|| = 482.326
||yphi|| = 0.160634
||BtYp|| = 2.21393
||ru|| = 2.2146
||yu|| = 127.043
||GtYphi|| = 1.78678
||KtYu|| = 12.8575
||rj|| = 13.6783
||yj|| = 0.770528
||rphi|| = 0.00120226
||rp|| = 0.0636382
||y|| = 498.777
FGMRES iteration : 337 || r || = 0.00220585
||xi|| = 433.186
||eta|| = 0.485517
||yp|| = 476.851
||yphi|| = 0.19227
||BtYp|| = 2.45257
||ru|| = 2.45434
||yu|| = 139.894
||GtYphi|| = 1.55358
||KtYu|| = 14.1141
||rj|| = 14.8497
||yj|| = 0.963892
||rphi|| = 0.00147496
||rp|| = 0.0731254
||y|| = 496.949
FGMRES iteration : 338 || r || = 0.0021912
||xi|| = 546.275
||eta|| = 0.502122
||yp|| = 601.356
||yphi|| = 0.151649
||BtYp|| = 3.30256
||ru|| = 3.30296
||yu|| = 185.62
||GtYphi|| = 1.54628
||KtYu|| = 16.4161
||rj|| = 17.1151
||yj|| = 1.03966
||rphi|| = 0.00111903
||rp|| = 0.0940487
||y|| = 629.353
FGMRES iteration : 339 || r || = 0.0021886
||xi|| = 480.771
||eta|| = 0.519675
||yp|| = 529.192
||yphi|| = 0.181209
||BtYp|| = 2.65807
||ru|| = 2.65932
||yu|| = 140.088
||GtYphi|| = 2.03178
||KtYu|| = 14.2437
||rj|| = 14.8876
||yj|| = 0.856693
||rphi|| = 0.00144523
||rp|| = 0.0740357
||y|| = 547.421
FGMRES iteration : 340 || r || = 0.00218809
||xi|| = 478.803
||eta|| = 0.37402
||yp|| = 526.995
||yphi|| = 0.165573
||BtYp|| = 2.8492
||ru|| = 2.85087
||yu|| = 150.719
||GtYphi|| = 1.68273
||KtYu|| = 15.9732
||rj|| = 16.857
||yj|| = 1.06222
||rphi|| = 0.00131943
||rp|| = 0.080079
||y|| = 548.125
FGMRES iteration : 341 || r || = 0.00218722
||xi|| = 426.065
||eta|| = 0.488057
||yp|| = 469.003
||yphi|| = 0.186221
||BtYp|| = 2.38575
||ru|| = 2.38627
||yu|| = 130.518
||GtYphi|| = 1.93337
||KtYu|| = 13.7096
||rj|| = 14.4094
||yj|| = 0.855939
||rphi|| = 0.00164609
||rp|| = 0.0712099
||y|| = 486.826
FGMRES iteration : 342 || r || = 0.00218716
||xi|| = 428.124
||eta|| = 0.389405
||yp|| = 471.233
||yphi|| = 0.199967
||BtYp|| = 2.29794
||ru|| = 2.29888
||yu|| = 126.918
||GtYphi|| = 2.04945
||KtYu|| = 13.3478
||rj|| = 14.1654
||yj|| = 0.8089
||rphi|| = 0.00155481
||rp|| = 0.0673974
||y|| = 488.026
FGMRES iteration : 343 || r || = 0.00218707
||xi|| = 458.327
||eta|| = 0.360941
||yp|| = 504.45
||yphi|| = 0.168565
||BtYp|| = 2.9091
||ru|| = 2.91058
||yu|| = 149.229
||GtYphi|| = 1.56807
||KtYu|| = 15.5652
||rj|| = 16.3949
||yj|| = 1.00576
||rphi|| = 0.00130929
||rp|| = 0.0821662
||y|| = 526.061
FGMRES iteration : 344 || r || = 0.00218624
||xi|| = 395.831
||eta|| = 0.438329
||yp|| = 435.742
||yphi|| = 0.22165
||BtYp|| = 2.1924
||ru|| = 2.19473
||yu|| = 115.569
||GtYphi|| = 2.12569
||KtYu|| = 11.9652
||rj|| = 12.7734
||yj|| = 0.69858
||rphi|| = 0.00174339
||rp|| = 0.0619582
||y|| = 450.808
FGMRES iteration : 345 || r || = 0.00218566
||xi|| = 480.285
||eta|| = 0.377432
||yp|| = 528.604
||yphi|| = 0.150477
||BtYp|| = 2.94129
||ru|| = 2.94107
||yu|| = 148.795
||GtYphi|| = 1.67162
||KtYu|| = 14.0304
||rj|| = 14.8245
||yj|| = 0.882796
||rphi|| = 0.00120119
||rp|| = 0.0799048
||y|| = 549.148
FGMRES iteration : 346 || r || = 0.0021848
||xi|| = 429.21
||eta|| = 0.274736
||yp|| = 472.421
||yphi|| = 0.132973
||BtYp|| = 2.56154
||ru|| = 2.56344
||yu|| = 130.889
||GtYphi|| = 1.69473
||KtYu|| = 14.4143
||rj|| = 15.2542
||yj|| = 0.91154
||rphi|| = 0.00101551
||rp|| = 0.072802
||y|| = 490.219
FGMRES iteration : 347 || r || = 0.00217929
||xi|| = 546.928
||eta|| = 0.550047
||yp|| = 601.934
||yphi|| = 0.176085
||BtYp|| = 3.17584
||ru|| = 3.17544
||yu|| = 161.817
||GtYphi|| = 2.01551
||KtYu|| = 12.7511
||rj|| = 13.5425
||yj|| = 0.699029
||rphi|| = 0.00130704
||rp|| = 0.0841713
||y|| = 623.306
FGMRES iteration : 348 || r || = 0.0021719
||xi|| = 425.594
||eta|| = 0.440982
||yp|| = 468.446
||yphi|| = 0.190586
||BtYp|| = 2.35838
||ru|| = 2.35946
||yu|| = 127.019
||GtYphi|| = 1.75358
||KtYu|| = 14.8823
||rj|| = 15.7357
||yj|| = 0.900825
||rphi|| = 0.001401
||rp|| = 0.0649376
||y|| = 485.362
FGMRES iteration : 349 || r || = 0.00215777
||xi|| = 452.024
||eta|| = 0.638271
||yp|| = 497.587
||yphi|| = 0.175498
||BtYp|| = 2.27176
||ru|| = 2.27324
||yu|| = 136.228
||GtYphi|| = 1.81838
||KtYu|| = 14.5435
||rj|| = 15.3392
||yj|| = 0.900453
||rphi|| = 0.00141102
||rp|| = 0.0681568
||y|| = 515.899
FGMRES iteration : 350 || r || = 0.00212204
||xi|| = 428.795
||eta|| = 0.513789
||yp|| = 471.979
||yphi|| = 0.233186
||BtYp|| = 2.21548
||ru|| = 2.21602
||yu|| = 133.044
||GtYphi|| = 2.1114
||KtYu|| = 12.9197
||rj|| = 13.7325
||yj|| = 0.710672
||rphi|| = 0.00185471
||rp|| = 0.0648611
||y|| = 490.372
FGMRES iteration : 351 || r || = 0.00206428
||xi|| = 461.614
||eta|| = 0.437007
||yp|| = 508.13
||yphi|| = 0.163817
||BtYp|| = 2.22765
||ru|| = 2.22973
||yu|| = 133.117
||GtYphi|| = 1.69405
||KtYu|| = 13.9156
||rj|| = 14.7319
||yj|| = 0.922062
||rphi|| = 0.00118882
||rp|| = 0.0653166
||y|| = 525.278
FGMRES iteration : 352 || r || = 0.00194608
FGMRES iteration : 352 || r || = 0.00194608
Relative L2 Norm for current density: 0.00474864
Relative L2 Norm for electric potential: 0.00220161
Relative L2 Norm for velocity: 0.000822447
Relative L2 Norm for pressure: 0.00215622
Time step 3, time = 0.15, time elapsed = 900.247
FGMRES iteration : 0 || r || = 20.6177
||xi|| = 0.554834
||eta|| = 0.000503579
||yp|| = 0.610652
||yphi|| = 0.000238158
||BtYp|| = 0.00339071
||ru|| = 1
||yu|| = 1.33679
||GtYphi|| = 0.00234419
||KtYu|| = 0.210244
||rj|| = 0.210197
||yj|| = 0.0098194
||rphi|| = 1.90647e-06
||rp|| = 9.83972e-05
||y|| = 1.4697
FGMRES iteration : 1 || r || = 1.90381
||xi|| = 61.54
||eta|| = 0.545326
||yp|| = 67.9781
||yphi|| = 0.969593
||BtYp|| = 0.365805
||ru|| = 0.365979
||yu|| = 20.2458
||GtYphi|| = 3.22402
||KtYu|| = 2.12662
||rj|| = 4.18096
||yj|| = 0.155538
||rphi|| = 0.0062399
||rp|| = 0.0120987
||y|| = 70.9357
FGMRES iteration : 2 || r || = 1.46012
||xi|| = 264.936
||eta|| = 0.343058
||yp|| = 291.623
||yphi|| = 0.293302
||BtYp|| = 1.85042
||ru|| = 1.85076
||yu|| = 91.8064
||GtYphi|| = 1.52883
||KtYu|| = 7.01457
||rj|| = 7.50207
||yj|| = 0.450035
||rphi|| = 0.00175706
||rp|| = 0.0496819
||y|| = 305.733
FGMRES iteration : 3 || r || = 1.43909
||xi|| = 664.728
||eta|| = 0.297984
||yp|| = 731.535
||yphi|| = 0.233224
||BtYp|| = 4.69079
||ru|| = 4.69162
||yu|| = 228.959
||GtYphi|| = 1.06399
||KtYu|| = 17.4132
||rj|| = 18.3049
||yj|| = 1.07468
||rphi|| = 0.00161817
||rp|| = 0.122902
||y|| = 766.529
FGMRES iteration : 4 || r || = 1.34328
||xi|| = 276.498
||eta|| = 0.177323
||yp|| = 304.284
||yphi|| = 0.317952
||BtYp|| = 1.71124
||ru|| = 1.71223
||yu|| = 83.0702
||GtYphi|| = 1.8603
||KtYu|| = 9.03219
||rj|| = 9.78995
||yj|| = 0.5344
||rphi|| = 0.00242831
||rp|| = 0.0429925
||y|| = 315.421
FGMRES iteration : 5 || r || = 1.26687
||xi|| = 395.956
||eta|| = 0.354667
||yp|| = 435.782
||yphi|| = 0.702276
||BtYp|| = 2.75096
||ru|| = 2.75165
||yu|| = 128.908
||GtYphi|| = 2.79638
||KtYu|| = 13.0954
||rj|| = 14.1295
||yj|| = 0.856719
||rphi|| = 0.00549648
||rp|| = 0.0702596
||y|| = 454.45
FGMRES iteration : 6 || r || = 1.00537
||xi|| = 534.336
||eta|| = 0.284355
||yp|| = 587.95
||yphi|| = 0.348098
||BtYp|| = 3.95862
||ru|| = 3.95906
||yu|| = 167.738
||GtYphi|| = 2.244
||KtYu|| = 11.211
||rj|| = 12.0926
||yj|| = 0.71949
||rphi|| = 0.00262562
||rp|| = 0.0969428
||y|| = 611.409
FGMRES iteration : 7 || r || = 0.904861
||xi|| = 579.289
||eta|| = 0.313168
||yp|| = 637.501
||yphi|| = 0.154797
||BtYp|| = 4.39286
||ru|| = 4.39354
||yu|| = 188.084
||GtYphi|| = 0.846063
||KtYu|| = 12.3036
||rj|| = 13.0331
||yj|| = 0.780374
||rphi|| = 0.00131825
||rp|| = 0.108962
||y|| = 664.668
FGMRES iteration : 8 || r || = 0.871664
||xi|| = 384.894
||eta|| = 0.314227
||yp|| = 423.563
||yphi|| = 0.243126
||BtYp|| = 2.72531
||ru|| = 2.72614
||yu|| = 128.184
||GtYphi|| = 1.71227
||KtYu|| = 11.139
||rj|| = 11.9679
||yj|| = 0.730101
||rphi|| = 0.00192051
||rp|| = 0.0746816
||y|| = 442.535
FGMRES iteration : 9 || r || = 0.87003
||xi|| = 416.251
||eta|| = 0.410911
||yp|| = 458.133
||yphi|| = 0.326092
||BtYp|| = 3.03063
||ru|| = 3.03134
||yu|| = 150.11
||GtYphi|| = 1.94166
||KtYu|| = 12.4812
||rj|| = 13.3006
||yj|| = 0.83691
||rphi|| = 0.00291244
||rp|| = 0.0859837
||y|| = 482.099
FGMRES iteration : 10 || r || = 0.865167
||xi|| = 391.167
||eta|| = 0.301107
||yp|| = 430.522
||yphi|| = 0.811251
||BtYp|| = 2.5721
||ru|| = 2.57331
||yu|| = 131.399
||GtYphi|| = 2.8478
||KtYu|| = 12.1905
||rj|| = 13.219
||yj|| = 0.84243
||rphi|| = 0.00598912
||rp|| = 0.0745266
||y|| = 450.129
FGMRES iteration : 11 || r || = 0.860377
||xi|| = 366.649
||eta|| = 0.323712
||yp|| = 403.522
||yphi|| = 1.08994
||BtYp|| = 2.767
||ru|| = 2.76774
||yu|| = 128.233
||GtYphi|| = 3.21333
||KtYu|| = 11.8477
||rj|| = 12.8763
||yj|| = 0.837322
||rphi|| = 0.00836122
||rp|| = 0.0755206
||y|| = 423.409
FGMRES iteration : 12 || r || = 0.858178
||xi|| = 491.428
||eta|| = 0.271753
||yp|| = 540.852
||yphi|| = 0.678482
||BtYp|| = 3.53338
||ru|| = 3.53442
||yu|| = 153.111
||GtYphi|| = 2.25312
||KtYu|| = 11.9025
||rj|| = 12.7296
||yj|| = 0.842345
||rphi|| = 0.00562116
||rp|| = 0.0895294
||y|| = 562.108
FGMRES iteration : 13 || r || = 0.840545
||xi|| = 544.698
||eta|| = 0.253233
||yp|| = 599.407
||yphi|| = 0.51371
||BtYp|| = 4.24389
||ru|| = 4.24454
||yu|| = 178.076
||GtYphi|| = 1.96894
||KtYu|| = 12.8438
||rj|| = 13.7359
||yj|| = 0.816006
||rphi|| = 0.00409935
||rp|| = 0.108136
||y|| = 625.3
FGMRES iteration : 14 || r || = 0.811547
||xi|| = 310.107
||eta|| = 0.323917
||yp|| = 341.344
||yphi|| = 0.951182
||BtYp|| = 2.21416
||ru|| = 2.21545
||yu|| = 115.177
||GtYphi|| = 2.86013
||KtYu|| = 12.2333
||rj|| = 13.2631
||yj|| = 0.869995
||rphi|| = 0.00723254
||rp|| = 0.0656456
||y|| = 360.255
FGMRES iteration : 15 || r || = 0.77064
||xi|| = 368.013
||eta|| = 0.320871
||yp|| = 405.051
||yphi|| = 0.358613
||BtYp|| = 2.54467
||ru|| = 2.54555
||yu|| = 117.84
||GtYphi|| = 2.17142
||KtYu|| = 11.2034
||rj|| = 12.0488
||yj|| = 0.748721
||rphi|| = 0.00235728
||rp|| = 0.0689078
||y|| = 421.845
FGMRES iteration : 16 || r || = 0.755459
||xi|| = 393.673
||eta|| = 0.233945
||yp|| = 433.296
||yphi|| = 0.27548
||BtYp|| = 2.63692
||ru|| = 2.63822
||yu|| = 128.087
||GtYphi|| = 1.93172
||KtYu|| = 13.1095
||rj|| = 13.9991
||yj|| = 0.895863
||rphi|| = 0.00246564
||rp|| = 0.0713992
||y|| = 451.833
FGMRES iteration : 17 || r || = 0.751808
||xi|| = 441.885
||eta|| = 0.242523
||yp|| = 486.285
||yphi|| = 0.252301
||BtYp|| = 3.34875
||ru|| = 3.34962
||yu|| = 144.011
||GtYphi|| = 1.76315
||KtYu|| = 12.4118
||rj|| = 13.2706
||yj|| = 0.83312
||rphi|| = 0.00187328
||rp|| = 0.0863283
||y|| = 507.162
FGMRES iteration : 18 || r || = 0.748935
||xi|| = 320.097
||eta|| = 0.258359
||yp|| = 352.319
||yphi|| = 0.27028
||BtYp|| = 2.21463
||ru|| = 2.21607
||yu|| = 106.679
||GtYphi|| = 1.64707
||KtYu|| = 11.9183
||rj|| = 12.781
||yj|| = 0.777049
||rphi|| = 0.00188588
||rp|| = 0.0619864
||y|| = 368.117
FGMRES iteration : 19 || r || = 0.741162
||xi|| = 415.29
||eta|| = 0.271389
||yp|| = 457.072
||yphi|| = 0.510576
||BtYp|| = 2.97655
||ru|| = 2.97739
||yu|| = 136.563
||GtYphi|| = 1.82707
||KtYu|| = 12.251
||rj|| = 13.1124
||yj|| = 0.820048
||rphi|| = 0.00399496
||rp|| = 0.0796251
||y|| = 477.038
FGMRES iteration : 20 || r || = 0.729092
||xi|| = 397.388
||eta|| = 0.23513
||yp|| = 437.356
||yphi|| = 0.696789
||BtYp|| = 2.83346
||ru|| = 2.83501
||yu|| = 136.017
||GtYphi|| = 2.29718
||KtYu|| = 13.273
||rj|| = 14.1448
||yj|| = 0.939784
||rphi|| = 0.00571975
||rp|| = 0.0782581
||y|| = 458.02
FGMRES iteration : 21 || r || = 0.710925
||xi|| = 349.849
||eta|| = 0.216772
||yp|| = 385.037
||yphi|| = 0.416107
||BtYp|| = 2.58353
||ru|| = 2.58452
||yu|| = 117.36
||GtYphi|| = 1.86763
||KtYu|| = 11.4784
||rj|| = 12.2948
||yj|| = 0.748109
||rphi|| = 0.00349142
||rp|| = 0.070283
||y|| = 402.527
FGMRES iteration : 22 || r || = 0.699583
||xi|| = 422.902
||eta|| = 0.225677
||yp|| = 465.395
||yphi|| = 0.300288
||BtYp|| = 3.12921
||ru|| = 3.13037
||yu|| = 137.915
||GtYphi|| = 1.85075
||KtYu|| = 12.3796
||rj|| = 13.2457
||yj|| = 0.889333
||rphi|| = 0.00223186
||rp|| = 0.0829994
||y|| = 485.401
FGMRES iteration : 23 || r || = 0.690747
||xi|| = 470.841
||eta|| = 0.29042
||yp|| = 518.125
||yphi|| = 0.330111
||BtYp|| = 3.63481
||ru|| = 3.6355
||yu|| = 153.448
||GtYphi|| = 1.69476
||KtYu|| = 12.2903
||rj|| = 13.1461
||yj|| = 0.81551
||rphi|| = 0.00254169
||rp|| = 0.0921796
||y|| = 540.371
FGMRES iteration : 24 || r || = 0.674097
||xi|| = 559.162
||eta|| = 0.342993
||yp|| = 615.33
||yphi|| = 0.185518
||BtYp|| = 4.05329
||ru|| = 4.05399
||yu|| = 171.73
||GtYphi|| = 1.74624
||KtYu|| = 13.6043
||rj|| = 14.4699
||yj|| = 0.864382
||rphi|| = 0.00127844
||rp|| = 0.102232
||y|| = 638.845
FGMRES iteration : 25 || r || = 0.619439
||xi|| = 560.907
||eta|| = 0.318433
||yp|| = 617.238
||yphi|| = 0.22963
||BtYp|| = 4.26269
||ru|| = 4.26304
||yu|| = 177.326
||GtYphi|| = 2.1017
||KtYu|| = 13.005
||rj|| = 13.869
||yj|| = 0.856692
||rphi|| = 0.0016294
||rp|| = 0.107807
||y|| = 642.205
FGMRES iteration : 26 || r || = 0.536385
||xi|| = 619.294
||eta|| = 0.258854
||yp|| = 681.462
||yphi|| = 0.168436
||BtYp|| = 4.58052
||ru|| = 4.58115
||yu|| = 185.906
||GtYphi|| = 1.5426
||KtYu|| = 11.9546
||rj|| = 12.7451
||yj|| = 0.72686
||rphi|| = 0.0012638
||rp|| = 0.113324
||y|| = 706.365
FGMRES iteration : 27 || r || = 0.460291
||xi|| = 561.514
||eta|| = 0.250529
||yp|| = 617.874
||yphi|| = 0.187474
||BtYp|| = 4.25748
||ru|| = 4.25789
||yu|| = 173.643
||GtYphi|| = 1.70946
||KtYu|| = 11.6406
||rj|| = 12.4419
||yj|| = 0.742556
||rphi|| = 0.00136843
||rp|| = 0.106794
||y|| = 641.811
FGMRES iteration : 28 || r || = 0.419032
||xi|| = 510.826
||eta|| = 0.219487
||yp|| = 562.111
||yphi|| = 0.148083
||BtYp|| = 3.92415
||ru|| = 3.92484
||yu|| = 160.822
||GtYphi|| = 1.42947
||KtYu|| = 12.5169
||rj|| = 13.338
||yj|| = 0.846185
||rphi|| = 0.00114893
||rp|| = 0.0982506
||y|| = 584.665
FGMRES iteration : 29 || r || = 0.381983
||xi|| = 404.464
||eta|| = 0.249683
||yp|| = 445.108
||yphi|| = 0.273174
||BtYp|| = 2.66754
||ru|| = 2.66844
||yu|| = 114.483
||GtYphi|| = 1.7219
||KtYu|| = 10.3901
||rj|| = 11.215
||yj|| = 0.688314
||rphi|| = 0.00200603
||rp|| = 0.0687151
||y|| = 459.595
FGMRES iteration : 30 || r || = 0.36469
||xi|| = 479.43
||eta|| = 0.216159
||yp|| = 527.564
||yphi|| = 0.211071
||BtYp|| = 3.71361
||ru|| = 3.71419
||yu|| = 155.233
||GtYphi|| = 1.92734
||KtYu|| = 12.5003
||rj|| = 13.3604
||yj|| = 0.803537
||rphi|| = 0.00167408
||rp|| = 0.0942521
||y|| = 549.929
FGMRES iteration : 31 || r || = 0.356637
||xi|| = 524.845
||eta|| = 0.338852
||yp|| = 577.536
||yphi|| = 0.21389
||BtYp|| = 3.90148
||ru|| = 3.90254
||yu|| = 166.831
||GtYphi|| = 2.03145
||KtYu|| = 12.8924
||rj|| = 13.7674
||yj|| = 0.853981
||rphi|| = 0.00167167
||rp|| = 0.0998363
||y|| = 601.15
FGMRES iteration : 32 || r || = 0.345605
||xi|| = 480.284
||eta|| = 0.323047
||yp|| = 528.577
||yphi|| = 0.252845
||BtYp|| = 3.57118
||ru|| = 3.57216
||yu|| = 154.836
||GtYphi|| = 1.70281
||KtYu|| = 12.2582
||rj|| = 13.07
||yj|| = 0.791713
||rphi|| = 0.00179648
||rp|| = 0.0898566
||y|| = 550.789
FGMRES iteration : 33 || r || = 0.338046
||xi|| = 428.993
||eta|| = 0.243829
||yp|| = 472.09
||yphi|| = 0.156952
||BtYp|| = 3.1961
||ru|| = 3.19712
||yu|| = 143.605
||GtYphi|| = 1.46958
||KtYu|| = 12.8831
||rj|| = 13.7018
||yj|| = 0.788288
||rphi|| = 0.00120519
||rp|| = 0.0842141
||y|| = 493.449
FGMRES iteration : 34 || r || = 0.331502
||xi|| = 402.558
||eta|| = 0.208878
||yp|| = 443.02
||yphi|| = 0.444935
||BtYp|| = 2.93138
||ru|| = 2.93289
||yu|| = 128.121
||GtYphi|| = 1.99408
||KtYu|| = 12.4868
||rj|| = 13.3505
||yj|| = 0.788953
||rphi|| = 0.00333141
||rp|| = 0.0745546
||y|| = 461.175
FGMRES iteration : 35 || r || = 0.328445
||xi|| = 368.72
||eta|| = 0.229512
||yp|| = 405.796
||yphi|| = 0.273949
||BtYp|| = 2.63282
||ru|| = 2.63323
||yu|| = 117.493
||GtYphi|| = 2.0815
||KtYu|| = 12.3561
||rj|| = 13.2976
||yj|| = 0.782462
||rphi|| = 0.00224452
||rp|| = 0.0686984
||y|| = 422.464
FGMRES iteration : 36 || r || = 0.325876
||xi|| = 349.914
||eta|| = 0.227161
||yp|| = 385.099
||yphi|| = 0.613783
||BtYp|| = 2.38986
||ru|| = 2.39097
||yu|| = 110.89
||GtYphi|| = 2.36188
||KtYu|| = 11.8942
||rj|| = 12.8386
||yj|| = 0.787955
||rphi|| = 0.00466241
||rp|| = 0.0641086
||y|| = 400.748
FGMRES iteration : 37 || r || = 0.325435
||xi|| = 452.736
||eta|| = 0.283377
||yp|| = 498.229
||yphi|| = 0.162718
||BtYp|| = 3.23591
||ru|| = 3.23673
||yu|| = 144.237
||GtYphi|| = 1.71001
||KtYu|| = 13.1735
||rj|| = 14.0731
||yj|| = 0.820544
||rphi|| = 0.00146796
||rp|| = 0.0844069
||y|| = 518.688
FGMRES iteration : 38 || r || = 0.324974
||xi|| = 359.786
||eta|| = 0.363474
||yp|| = 395.997
||yphi|| = 0.520286
||BtYp|| = 2.34457
||ru|| = 2.3457
||yu|| = 124.329
||GtYphi|| = 2.19856
||KtYu|| = 11.8744
||rj|| = 12.689
||yj|| = 0.75984
||rphi|| = 0.00389287
||rp|| = 0.0680904
||y|| = 415.057
FGMRES iteration : 39 || r || = 0.324902
||xi|| = 474.978
||eta|| = 0.26672
||yp|| = 522.741
||yphi|| = 0.333538
||BtYp|| = 3.35285
||ru|| = 3.35352
||yu|| = 149.557
||GtYphi|| = 1.95882
||KtYu|| = 12.688
||rj|| = 13.4937
||yj|| = 0.789439
||rphi|| = 0.00279319
||rp|| = 0.0877293
||y|| = 543.715
FGMRES iteration : 40 || r || = 0.324902
||xi|| = 346.152
||eta|| = 0.238827
||yp|| = 380.995
||yphi|| = 0.265465
||BtYp|| = 2.01653
||ru|| = 2.01843
||yu|| = 103.537
||GtYphi|| = 2.16023
||KtYu|| = 12.7655
||rj|| = 13.7423
||yj|| = 0.86047
||rphi|| = 0.00250802
||rp|| = 0.0569676
||y|| = 394.814
FGMRES iteration : 41 || r || = 0.324891
||xi|| = 380.019
||eta|| = 0.227236
||yp|| = 418.27
||yphi|| = 0.353327
||BtYp|| = 2.18004
||ru|| = 2.18092
||yu|| = 110.265
||GtYphi|| = 2.10943
||KtYu|| = 12.1222
||rj|| = 12.9337
||yj|| = 0.814788
||rphi|| = 0.00343313
||rp|| = 0.0589369
||y|| = 432.561
FGMRES iteration : 42 || r || = 0.32396
||xi|| = 431.11
||eta|| = 0.286422
||yp|| = 474.485
||yphi|| = 0.507404
||BtYp|| = 2.91526
||ru|| = 2.91642
||yu|| = 131.521
||GtYphi|| = 2.53942
||KtYu|| = 13.0501
||rj|| = 13.9514
||yj|| = 0.845501
||rphi|| = 0.00458293
||rp|| = 0.0729729
||y|| = 492.376
FGMRES iteration : 43 || r || = 0.319158
||xi|| = 310.527
||eta|| = 0.294444
||yp|| = 341.805
||yphi|| = 0.403639
||BtYp|| = 1.98337
||ru|| = 1.98449
||yu|| = 102.842
||GtYphi|| = 2.16208
||KtYu|| = 12.3203
||rj|| = 13.2969
||yj|| = 0.795167
||rphi|| = 0.00365574
||rp|| = 0.0564881
||y|| = 356.943
FGMRES iteration : 44 || r || = 0.313076
||xi|| = 313.3
||eta|| = 0.286165
||yp|| = 344.835
||yphi|| = 0.308976
||BtYp|| = 1.93609
||ru|| = 1.93713
||yu|| = 99.4633
||GtYphi|| = 1.94637
||KtYu|| = 11.158
||rj|| = 11.9621
||yj|| = 0.697174
||rphi|| = 0.00269759
||rp|| = 0.0530324
||y|| = 358.894
FGMRES iteration : 45 || r || = 0.311106
||xi|| = 381.207
||eta|| = 0.294117
||yp|| = 419.538
||yphi|| = 0.255378
||BtYp|| = 2.57394
||ru|| = 2.57486
||yu|| = 118.949
||GtYphi|| = 1.70381
||KtYu|| = 13.0266
||rj|| = 13.8801
||yj|| = 0.796811
||rphi|| = 0.00202554
||rp|| = 0.0671611
||y|| = 436.075
FGMRES iteration : 46 || r || = 0.310719
||xi|| = 294.383
||eta|| = 0.234322
||yp|| = 324.007
||yphi|| = 0.244897
||BtYp|| = 1.79296
||ru|| = 1.7942
||yu|| = 90.39
||GtYphi|| = 2.22158
||KtYu|| = 11.615
||rj|| = 12.589
||yj|| = 0.743375
||rphi|| = 0.00215386
||rp|| = 0.0492917
||y|| = 336.38
FGMRES iteration : 47 || r || = 0.310491
||xi|| = 344.754
||eta|| = 0.239096
||yp|| = 379.447
||yphi|| = 0.418096
||BtYp|| = 2.07826
||ru|| = 2.07954
||yu|| = 104.488
||GtYphi|| = 2.24931
||KtYu|| = 11.6463
||rj|| = 12.5582
||yj|| = 0.705154
||rphi|| = 0.00385677
||rp|| = 0.0558588
||y|| = 393.572
FGMRES iteration : 48 || r || = 0.308463
||xi|| = 372.171
||eta|| = 0.216623
||yp|| = 409.604
||yphi|| = 0.462743
||BtYp|| = 2.45047
||ru|| = 2.45167
||yu|| = 122.381
||GtYphi|| = 2.41697
||KtYu|| = 13.1628
||rj|| = 14.0574
||yj|| = 0.841401
||rphi|| = 0.00428423
||rp|| = 0.0679359
||y|| = 427.497
FGMRES iteration : 49 || r || = 0.29865
||xi|| = 364.179
||eta|| = 0.217424
||yp|| = 400.826
||yphi|| = 0.485911
||BtYp|| = 2.22013
||ru|| = 2.22123
||yu|| = 108.759
||GtYphi|| = 2.43828
||KtYu|| = 12.2508
||rj|| = 13.1627
||yj|| = 0.780356
||rphi|| = 0.00462414
||rp|| = 0.0609352
||y|| = 415.32
FGMRES iteration : 50 || r || = 0.272596
||xi|| = 363.333
||eta|| = 0.222677
||yp|| = 399.882
||yphi|| = 0.576857
||BtYp|| = 2.24403
||ru|| = 2.24495
||yu|| = 109.774
||GtYphi|| = 2.67102
||KtYu|| = 11.7748
||rj|| = 12.7591
||yj|| = 0.703765
||rphi|| = 0.0054491
||rp|| = 0.0597422
||y|| = 414.676
FGMRES iteration : 51 || r || = 0.24021
||xi|| = 324.779
||eta|| = 0.244438
||yp|| = 357.455
||yphi|| = 0.384479
||BtYp|| = 2.06805
||ru|| = 2.06937
||yu|| = 103.958
||GtYphi|| = 1.91654
||KtYu|| = 11.9683
||rj|| = 12.847
||yj|| = 0.766429
||rphi|| = 0.00366466
||rp|| = 0.0574537
||y|| = 372.266
FGMRES iteration : 52 || r || = 0.209201
||xi|| = 343.287
||eta|| = 0.23594
||yp|| = 377.834
||yphi|| = 0.245666
||BtYp|| = 2.1675
||ru|| = 2.16856
||yu|| = 108.146
||GtYphi|| = 1.84344
||KtYu|| = 11.5418
||rj|| = 12.3681
||yj|| = 0.741567
||rphi|| = 0.00217012
||rp|| = 0.0589014
||y|| = 393.007
FGMRES iteration : 53 || r || = 0.189671
||xi|| = 434.517
||eta|| = 0.213691
||yp|| = 478.207
||yphi|| = 0.212013
||BtYp|| = 2.8352
||ru|| = 2.83615
||yu|| = 134.413
||GtYphi|| = 1.71426
||KtYu|| = 12.7626
||rj|| = 13.6522
||yj|| = 0.790183
||rphi|| = 0.00161297
||rp|| = 0.0729297
||y|| = 496.739
FGMRES iteration : 54 || r || = 0.175834
||xi|| = 377.532
||eta|| = 0.243335
||yp|| = 415.481
||yphi|| = 0.249289
||BtYp|| = 2.50224
||ru|| = 2.50319
||yu|| = 119.671
||GtYphi|| = 1.99735
||KtYu|| = 12.4163
||rj|| = 13.2552
||yj|| = 0.814221
||rphi|| = 0.00217339
||rp|| = 0.0652714
||y|| = 432.373
FGMRES iteration : 55 || r || = 0.166173
||xi|| = 377.226
||eta|| = 0.202456
||yp|| = 415.168
||yphi|| = 0.376928
||BtYp|| = 2.29105
||ru|| = 2.29209
||yu|| = 112.284
||GtYphi|| = 2.04089
||KtYu|| = 12.2038
||rj|| = 13.125
||yj|| = 0.744378
||rphi|| = 0.00314898
||rp|| = 0.0601195
||y|| = 430.085
FGMRES iteration : 56 || r || = 0.156697
||xi|| = 426.367
||eta|| = 0.272875
||yp|| = 469.271
||yphi|| = 0.472217
||BtYp|| = 2.74141
||ru|| = 2.7421
||yu|| = 127.607
||GtYphi|| = 2.19557
||KtYu|| = 12.3561
||rj|| = 13.177
||yj|| = 0.744824
||rphi|| = 0.00361608
||rp|| = 0.0712297
||y|| = 486.312
FGMRES iteration : 57 || r || = 0.151758
||xi|| = 436.21
||eta|| = 0.22837
||yp|| = 480.048
||yphi|| = 0.2927
||BtYp|| = 2.96458
||ru|| = 2.96556
||yu|| = 140.617
||GtYphi|| = 1.71549
||KtYu|| = 13.527
||rj|| = 14.404
||yj|| = 0.876399
||rphi|| = 0.00284057
||rp|| = 0.0785883
||y|| = 500.22
FGMRES iteration : 58 || r || = 0.148389
||xi|| = 379.178
||eta|| = 0.265224
||yp|| = 417.27
||yphi|| = 0.453753
||BtYp|| = 2.59498
||ru|| = 2.59595
||yu|| = 116.923
||GtYphi|| = 2.12906
||KtYu|| = 11.4269
||rj|| = 12.3383
||yj|| = 0.686551
||rphi|| = 0.00401322
||rp|| = 0.0663436
||y|| = 433.343
FGMRES iteration : 59 || r || = 0.145984
||xi|| = 392.798
||eta|| = 0.269985
||yp|| = 432.302
||yphi|| = 0.264416
||BtYp|| = 2.64225
||ru|| = 2.64297
||yu|| = 119.274
||GtYphi|| = 1.81109
||KtYu|| = 10.8761
||rj|| = 11.6291
||yj|| = 0.691346
||rphi|| = 0.00260637
||rp|| = 0.0670407
||y|| = 448.455
FGMRES iteration : 60 || r || = 0.145356
||xi|| = 548.517
||eta|| = 0.343979
||yp|| = 603.649
||yphi|| = 0.263153
||BtYp|| = 3.89612
||ru|| = 3.89673
||yu|| = 170.524
||GtYphi|| = 1.70064
||KtYu|| = 14.5724
||rj|| = 15.4768
||yj|| = 0.949474
||rphi|| = 0.00242981
||rp|| = 0.0973486
||y|| = 627.273
FGMRES iteration : 61 || r || = 0.144726
||xi|| = 441.508
||eta|| = 0.379307
||yp|| = 485.873
||yphi|| = 0.360193
||BtYp|| = 3.11176
||ru|| = 3.11283
||yu|| = 141.072
||GtYphi|| = 2.24971
||KtYu|| = 13.0183
||rj|| = 13.9372
||yj|| = 0.805089
||rphi|| = 0.00308132
||rp|| = 0.0817722
||y|| = 505.939
FGMRES iteration : 62 || r || = 0.143779
||xi|| = 452.255
||eta|| = 0.283284
||yp|| = 497.663
||yphi|| = 0.290775
||BtYp|| = 3.22313
||ru|| = 3.22343
||yu|| = 136.343
||GtYphi|| = 2.3572
||KtYu|| = 11.3072
||rj|| = 12.1758
||yj|| = 0.686131
||rphi|| = 0.00243483
||rp|| = 0.0810501
||y|| = 516.003
FGMRES iteration : 63 || r || = 0.143482
||xi|| = 483.855
||eta|| = 0.245606
||yp|| = 532.46
||yphi|| = 0.26661
||BtYp|| = 3.53177
||ru|| = 3.53313
||yu|| = 152.418
||GtYphi|| = 2.11712
||KtYu|| = 13.8273
||rj|| = 14.7882
||yj|| = 0.910981
||rphi|| = 0.00245812
||rp|| = 0.0914014
||y|| = 553.846
FGMRES iteration : 64 || r || = 0.143349
||xi|| = 461.223
||eta|| = 0.246186
||yp|| = 507.561
||yphi|| = 0.428347
||BtYp|| = 3.28732
||ru|| = 3.28777
||yu|| = 139.07
||GtYphi|| = 2.81011
||KtYu|| = 11.6633
||rj|| = 12.6398
||yj|| = 0.74932
||rphi|| = 0.00380676
||rp|| = 0.0841944
||y|| = 526.269
FGMRES iteration : 65 || r || = 0.143213
||xi|| = 437.612
||eta|| = 0.241189
||yp|| = 481.562
||yphi|| = 0.428152
||BtYp|| = 3.30551
||ru|| = 3.30642
||yu|| = 137.767
||GtYphi|| = 2.81844
||KtYu|| = 12.1598
||rj|| = 13.1529
||yj|| = 0.810403
||rphi|| = 0.0038456
||rp|| = 0.0844604
||y|| = 500.882
FGMRES iteration : 66 || r || = 0.142423
||xi|| = 467.708
||eta|| = 0.30896
||yp|| = 514.673
||yphi|| = 0.303456
||BtYp|| = 3.37074
||ru|| = 3.37122
||yu|| = 139.257
||GtYphi|| = 2.31919
||KtYu|| = 12.1971
||rj|| = 13.1526
||yj|| = 0.746792
||rphi|| = 0.00261305
||rp|| = 0.0852449
||y|| = 533.18
FGMRES iteration : 67 || r || = 0.140556
||xi|| = 504.181
||eta|| = 0.390557
||yp|| = 554.829
||yphi|| = 0.209898
||BtYp|| = 3.89373
||ru|| = 3.8942
||yu|| = 159.991
||GtYphi|| = 2.02956
||KtYu|| = 13.0136
||rj|| = 13.8113
||yj|| = 0.812161
||rphi|| = 0.00170841
||rp|| = 0.0979305
||y|| = 577.436
FGMRES iteration : 68 || r || = 0.139267
||xi|| = 503.335
||eta|| = 0.382108
||yp|| = 553.919
||yphi|| = 0.307198
||BtYp|| = 3.5621
||ru|| = 3.56274
||yu|| = 153.338
||GtYphi|| = 1.99399
||KtYu|| = 13.0156
||rj|| = 13.9084
||yj|| = 0.859218
||rphi|| = 0.00242925
||rp|| = 0.0915955
||y|| = 574.752
FGMRES iteration : 69 || r || = 0.138298
||xi|| = 540.94
||eta|| = 0.262957
||yp|| = 595.287
||yphi|| = 0.442246
||BtYp|| = 3.86104
||ru|| = 3.86165
||yu|| = 157.724
||GtYphi|| = 2.51564
||KtYu|| = 12.6253
||rj|| = 13.6114
||yj|| = 0.771836
||rphi|| = 0.00341779
||rp|| = 0.0955061
||y|| = 615.828
FGMRES iteration : 70 || r || = 0.136665
||xi|| = 459.353
||eta|| = 0.375331
||yp|| = 505.497
||yphi|| = 0.267477
||BtYp|| = 3.56122
||ru|| = 3.56152
||yu|| = 149.186
||GtYphi|| = 2.01933
||KtYu|| = 12.6713
||rj|| = 13.5087
||yj|| = 0.80885
||rphi|| = 0.00206448
||rp|| = 0.091293
||y|| = 527.052
FGMRES iteration : 71 || r || = 0.134041
||xi|| = 451.363
||eta|| = 0.315876
||yp|| = 496.687
||yphi|| = 0.379049
||BtYp|| = 3.31319
||ru|| = 3.31458
||yu|| = 142.263
||GtYphi|| = 2.20627
||KtYu|| = 11.8674
||rj|| = 12.7549
||yj|| = 0.770838
||rphi|| = 0.00300363
||rp|| = 0.0847274
||y|| = 516.66
FGMRES iteration : 72 || r || = 0.130273
||xi|| = 469.003
||eta|| = 0.31034
||yp|| = 516.169
||yphi|| = 0.502314
||BtYp|| = 3.3843
||ru|| = 3.38519
||yu|| = 149.722
||GtYphi|| = 2.48164
||KtYu|| = 12.7355
||rj|| = 13.7377
||yj|| = 0.754902
||rphi|| = 0.00427697
||rp|| = 0.0873222
||y|| = 537.445
FGMRES iteration : 73 || r || = 0.123023
||xi|| = 463.354
||eta|| = 0.249722
||yp|| = 509.892
||yphi|| = 0.312962
||BtYp|| = 3.46062
||ru|| = 3.46113
||yu|| = 144.259
||GtYphi|| = 1.89085
||KtYu|| = 11.8771
||rj|| = 12.7039
||yj|| = 0.762986
||rphi|| = 0.00237006
||rp|| = 0.0875307
||y|| = 529.907
FGMRES iteration : 74 || r || = 0.115792
||xi|| = 518.728
||eta|| = 0.31897
||yp|| = 570.822
||yphi|| = 0.444999
||BtYp|| = 3.88102
||ru|| = 3.8824
||yu|| = 172.3
||GtYphi|| = 1.79358
||KtYu|| = 13.8126
||rj|| = 14.6627
||yj|| = 0.901222
||rphi|| = 0.00339526
||rp|| = 0.0999065
||y|| = 596.26
FGMRES iteration : 75 || r || = 0.103583
||xi|| = 394.317
||eta|| = 0.235227
||yp|| = 433.971
||yphi|| = 0.145509
||BtYp|| = 2.51948
||ru|| = 2.51983
||yu|| = 115.241
||GtYphi|| = 1.55699
||KtYu|| = 11.9273
||rj|| = 12.7227
||yj|| = 0.730177
||rphi|| = 0.00122508
||rp|| = 0.0649783
||y|| = 449.012
FGMRES iteration : 76 || r || = 0.0887383
||xi|| = 415.896
||eta|| = 0.231557
||yp|| = 457.712
||yphi|| = 0.208475
||BtYp|| = 2.87921
||ru|| = 2.88099
||yu|| = 131.603
||GtYphi|| = 1.6435
||KtYu|| = 13.019
||rj|| = 13.8306
||yj|| = 0.853056
||rphi|| = 0.00173152
||rp|| = 0.0756698
||y|| = 476.257
FGMRES iteration : 77 || r || = 0.0799527
||xi|| = 466.864
||eta|| = 0.233986
||yp|| = 513.775
||yphi|| = 0.165897
||BtYp|| = 3.39186
||ru|| = 3.39216
||yu|| = 149.439
||GtYphi|| = 1.54963
||KtYu|| = 12.8715
||rj|| = 13.7026
||yj|| = 0.829252
||rphi|| = 0.00149419
||rp|| = 0.0874324
||y|| = 535.068
FGMRES iteration : 78 || r || = 0.074586
||xi|| = 362.427
||eta|| = 0.231302
||yp|| = 398.873
||yphi|| = 0.19333
||BtYp|| = 2.32637
||ru|| = 2.32696
||yu|| = 105.667
||GtYphi|| = 1.96072
||KtYu|| = 11.1587
||rj|| = 11.9736
||yj|| = 0.671457
||rphi|| = 0.00140001
||rp|| = 0.059004
||y|| = 412.633
FGMRES iteration : 79 || r || = 0.0726837
||xi|| = 434.135
||eta|| = 0.230775
||yp|| = 477.786
||yphi|| = 0.185335
||BtYp|| = 2.86085
||ru|| = 2.86228
||yu|| = 133.81
||GtYphi|| = 1.4011
||KtYu|| = 13.5549
||rj|| = 14.4132
||yj|| = 0.884005
||rphi|| = 0.00153368
||rp|| = 0.0753761
||y|| = 496.171
FGMRES iteration : 80 || r || = 0.0720148
||xi|| = 411.312
||eta|| = 0.302047
||yp|| = 452.672
||yphi|| = 0.208796
||BtYp|| = 2.70557
||ru|| = 2.70626
||yu|| = 128.927
||GtYphi|| = 2.12465
||KtYu|| = 13.1969
||rj|| = 14.0357
||yj|| = 0.847896
||rphi|| = 0.00175202
||rp|| = 0.0727654
||y|| = 470.675
FGMRES iteration : 81 || r || = 0.0716936
||xi|| = 444.883
||eta|| = 0.271925
||yp|| = 489.597
||yphi|| = 0.201991
||BtYp|| = 2.99263
||ru|| = 2.99335
||yu|| = 136.359
||GtYphi|| = 1.88492
||KtYu|| = 12.913
||rj|| = 13.7676
||yj|| = 0.798867
||rphi|| = 0.00166449
||rp|| = 0.0773637
||y|| = 508.232
FGMRES iteration : 82 || r || = 0.0713642
||xi|| = 418.483
||eta|| = 0.332163
||yp|| = 460.598
||yphi|| = 0.145725
||BtYp|| = 2.86115
||ru|| = 2.86227
||yu|| = 144.801
||GtYphi|| = 1.39945
||KtYu|| = 13.9541
||rj|| = 14.7336
||yj|| = 0.936687
||rphi|| = 0.00121545
||rp|| = 0.0795465
||y|| = 482.824
FGMRES iteration : 83 || r || = 0.0706214
||xi|| = 372.992
||eta|| = 0.338479
||yp|| = 410.501
||yphi|| = 0.20784
||BtYp|| = 2.4062
||ru|| = 2.40695
||yu|| = 118.82
||GtYphi|| = 1.57752
||KtYu|| = 12.259
||rj|| = 12.9674
||yj|| = 0.743946
||rphi|| = 0.00149559
||rp|| = 0.066029
||y|| = 427.353
FGMRES iteration : 84 || r || = 0.0703334
||xi|| = 404.23
||eta|| = 0.297027
||yp|| = 444.873
||yphi|| = 0.17546
||BtYp|| = 2.68387
||ru|| = 2.68506
||yu|| = 127.279
||GtYphi|| = 1.66108
||KtYu|| = 13.0983
||rj|| = 13.9351
||yj|| = 0.868374
||rphi|| = 0.0012659
||rp|| = 0.0730569
||y|| = 462.723
FGMRES iteration : 85 || r || = 0.0701971
||xi|| = 506.591
||eta|| = 0.325155
||yp|| = 557.519
||yphi|| = 0.197511
||BtYp|| = 3.2221
||ru|| = 3.2226
||yu|| = 151.794
||GtYphi|| = 1.88636
||KtYu|| = 13.8564
||rj|| = 14.6432
||yj|| = 0.877599
||rphi|| = 0.00157516
||rp|| = 0.0824038
||y|| = 577.815
FGMRES iteration : 86 || r || = 0.0699257
||xi|| = 480.399
||eta|| = 0.254547
||yp|| = 528.71
||yphi|| = 0.184885
||BtYp|| = 3.21947
||ru|| = 3.22048
||yu|| = 149.398
||GtYphi|| = 1.84144
||KtYu|| = 12.2767
||rj|| = 13.1758
||yj|| = 0.725995
||rphi|| = 0.00151124
||rp|| = 0.0804775
||y|| = 549.413
FGMRES iteration : 87 || r || = 0.0698722
||xi|| = 547.557
||eta|| = 0.271672
||yp|| = 602.559
||yphi|| = 0.148584
||BtYp|| = 3.8594
||ru|| = 3.85933
||yu|| = 172.189
||GtYphi|| = 1.54244
||KtYu|| = 14.0997
||rj|| = 14.8029
||yj|| = 0.917063
||rphi|| = 0.00113109
||rp|| = 0.0971898
||y|| = 626.68
FGMRES iteration : 88 || r || = 0.0698661
||xi|| = 467.495
||eta|| = 0.256987
||yp|| = 514.479
||yphi|| = 0.263885
||BtYp|| = 2.92626
||ru|| = 2.92783
||yu|| = 137.122
||GtYphi|| = 1.88202
||KtYu|| = 13.2352
||rj|| = 14.092
||yj|| = 0.837412
||rphi|| = 0.00207117
||rp|| = 0.0758786
||y|| = 532.439
FGMRES iteration : 89 || r || = 0.0698495
||xi|| = 455.252
||eta|| = 0.265989
||yp|| = 501.045
||yphi|| = 0.245244
||BtYp|| = 2.98538
||ru|| = 2.9857
||yu|| = 138.202
||GtYphi|| = 1.85879
||KtYu|| = 13.1058
||rj|| = 13.8986
||yj|| = 0.794357
||rphi|| = 0.00181158
||rp|| = 0.074083
||y|| = 519.756
FGMRES iteration : 90 || r || = 0.0698492
||xi|| = 424.388
||eta|| = 0.2832
||yp|| = 467.04
||yphi|| = 0.147594
||BtYp|| = 2.77359
||ru|| = 2.77473
||yu|| = 129.151
||GtYphi|| = 1.49757
||KtYu|| = 12.9646
||rj|| = 13.7386
||yj|| = 0.82952
||rphi|| = 0.0011288
||rp|| = 0.0721184
||y|| = 484.568
FGMRES iteration : 91 || r || = 0.0698488
||xi|| = 399.374
||eta|| = 0.28343
||yp|| = 439.551
||yphi|| = 0.172639
||BtYp|| = 2.55173
||ru|| = 2.55255
||yu|| = 116.722
||GtYphi|| = 1.70254
||KtYu|| = 11.6491
||rj|| = 12.4672
||yj|| = 0.745212
||rphi|| = 0.00137287
||rp|| = 0.0641632
||y|| = 454.785
FGMRES iteration : 92 || r || = 0.0696504
||xi|| = 564.826
||eta|| = 0.270489
||yp|| = 621.563
||yphi|| = 0.248573
||BtYp|| = 3.85393
||ru|| = 3.85433
||yu|| = 167.597
||GtYphi|| = 1.76377
||KtYu|| = 13.5134
||rj|| = 14.2718
||yj|| = 0.845929
||rphi|| = 0.0019732
||rp|| = 0.0956736
||y|| = 643.763
FGMRES iteration : 93 || r || = 0.0688942
||xi|| = 384.037
||eta|| = 0.252649
||yp|| = 422.679
||yphi|| = 0.162686
||BtYp|| = 2.54289
||ru|| = 2.54373
||yu|| = 126.2
||GtYphi|| = 1.77737
||KtYu|| = 13.0953
||rj|| = 13.9298
||yj|| = 0.866983
||rphi|| = 0.00142325
||rp|| = 0.0720854
||y|| = 441.118
FGMRES iteration : 94 || r || = 0.0672486
||xi|| = 376.273
||eta|| = 0.274863
||yp|| = 414.132
||yphi|| = 0.228019
||BtYp|| = 2.3698
||ru|| = 2.3706
||yu|| = 120.96
||GtYphi|| = 1.75722
||KtYu|| = 12.6845
||rj|| = 13.5177
||yj|| = 0.802795
||rphi|| = 0.0018546
||rp|| = 0.0686551
||y|| = 431.436
FGMRES iteration : 95 || r || = 0.0645807
||xi|| = 507.514
||eta|| = 0.3155
||yp|| = 558.521
||yphi|| = 0.272843
||BtYp|| = 3.61342
||ru|| = 3.61448
||yu|| = 159.886
||GtYphi|| = 1.60447
||KtYu|| = 13.4804
||rj|| = 14.2771
||yj|| = 0.893609
||rphi|| = 0.00217785
||rp|| = 0.0961104
||y|| = 580.957
FGMRES iteration : 96 || r || = 0.0600978
||xi|| = 353.155
||eta|| = 0.333928
||yp|| = 388.717
||yphi|| = 0.210095
||BtYp|| = 2.1793
||ru|| = 2.18041
||yu|| = 119.103
||GtYphi|| = 1.7868
||KtYu|| = 11.9007
||rj|| = 12.6811
||yj|| = 0.79058
||rphi|| = 0.00155542
||rp|| = 0.0665237
||y|| = 406.555
FGMRES iteration : 97 || r || = 0.0555037
||xi|| = 426.76
||eta|| = 0.274009
||yp|| = 469.674
||yphi|| = 0.186287
||BtYp|| = 2.99391
||ru|| = 2.99512
||yu|| = 137.489
||GtYphi|| = 1.59832
||KtYu|| = 13.2841
||rj|| = 14.163
||yj|| = 0.866665
||rphi|| = 0.00136888
||rp|| = 0.0824836
||y|| = 489.385
FGMRES iteration : 98 || r || = 0.0503333
||xi|| = 364.928
||eta|| = 0.238817
||yp|| = 401.631
||yphi|| = 0.269969
||BtYp|| = 2.53605
||ru|| = 2.53717
||yu|| = 117.642
||GtYphi|| = 1.6361
||KtYu|| = 11.1705
||rj|| = 11.9265
||yj|| = 0.711924
||rphi|| = 0.00223439
||rp|| = 0.0694372
||y|| = 418.506
FGMRES iteration : 99 || r || = 0.0475692
||xi|| = 372.243
||eta|| = 0.282064
||yp|| = 409.711
||yphi|| = 0.236512
||BtYp|| = 2.50423
||ru|| = 2.50528
||yu|| = 122.459
||GtYphi|| = 1.68907
||KtYu|| = 12.9036
||rj|| = 13.7807
||yj|| = 0.831403
||rphi|| = 0.00194733
||rp|| = 0.0690697
||y|| = 427.622
FGMRES iteration : 100 || r || = 0.0447334
||xi|| = 357.554
||eta|| = 0.230494
||yp|| = 393.514
||yphi|| = 0.179948
||BtYp|| = 2.39914
||ru|| = 2.39989
||yu|| = 106.324
||GtYphi|| = 1.8896
||KtYu|| = 11.3553
||rj|| = 12.2054
||yj|| = 0.713419
||rphi|| = 0.00134904
||rp|| = 0.0629545
||y|| = 407.625
FGMRES iteration : 101 || r || = 0.0426141
||xi|| = 373.078
||eta|| = 0.212233
||yp|| = 410.601
||yphi|| = 0.162687
||BtYp|| = 2.39054
||ru|| = 2.39209
||yu|| = 118.388
||GtYphi|| = 1.56112
||KtYu|| = 12.6176
||rj|| = 13.4053
||yj|| = 0.829932
||rphi|| = 0.00134629
||rp|| = 0.0642866
||y|| = 427.329
FGMRES iteration : 102 || r || = 0.0415956
||xi|| = 488.175
||eta|| = 0.22126
||yp|| = 537.211
||yphi|| = 0.160158
||BtYp|| = 3.65025
||ru|| = 3.65124
||yu|| = 152.019
||GtYphi|| = 1.42515
||KtYu|| = 13.3206
||rj|| = 14.1301
||yj|| = 0.868296
||rphi|| = 0.00129937
||rp|| = 0.0927966
||y|| = 558.307
FGMRES iteration : 103 || r || = 0.0409636
||xi|| = 409.725
||eta|| = 0.223218
||yp|| = 450.901
||yphi|| = 0.160433
||BtYp|| = 2.48922
||ru|| = 2.4901
||yu|| = 115.013
||GtYphi|| = 1.83265
||KtYu|| = 11.1907
||rj|| = 11.9547
||yj|| = 0.68512
||rphi|| = 0.00138215
||rp|| = 0.063851
||y|| = 465.339
FGMRES iteration : 104 || r || = 0.0406632
||xi|| = 401.202
||eta|| = 0.231506
||yp|| = 441.534
||yphi|| = 0.170453
||BtYp|| = 2.61937
||ru|| = 2.62039
||yu|| = 122.543
||GtYphi|| = 1.43369
||KtYu|| = 13.5245
||rj|| = 14.3451
||yj|| = 0.922198
||rphi|| = 0.00143429
||rp|| = 0.0704174
||y|| = 458.225
FGMRES iteration : 105 || r || = 0.0405498
||xi|| = 368.498
||eta|| = 0.233311
||yp|| = 405.574
||yphi|| = 0.196216
||BtYp|| = 2.20498
||ru|| = 2.20615
||yu|| = 110.38
||GtYphi|| = 1.83193
||KtYu|| = 11.9189
||rj|| = 12.7446
||yj|| = 0.750704
||rphi|| = 0.00146443
||rp|| = 0.0602406
||y|| = 420.326
FGMRES iteration : 106 || r || = 0.0405364
||xi|| = 445.453
||eta|| = 0.287963
||yp|| = 490.271
||yphi|| = 0.171865
||BtYp|| = 2.3493
||ru|| = 2.35099
||yu|| = 124.634
||GtYphi|| = 1.8926
||KtYu|| = 13.5239
||rj|| = 14.3612
||yj|| = 0.886811
||rphi|| = 0.00133561
||rp|| = 0.0655422
||y|| = 505.865
FGMRES iteration : 107 || r || = 0.0405347
||xi|| = 428.422
||eta|| = 0.264268
||yp|| = 471.487
||yphi|| = 0.2552
||BtYp|| = 2.65521
||ru|| = 2.65668
||yu|| = 125.048
||GtYphi|| = 1.94679
||KtYu|| = 13.3664
||rj|| = 14.1798
||yj|| = 0.885736
||rphi|| = 0.00188229
||rp|| = 0.0699358
||y|| = 487.789
FGMRES iteration : 108 || r || = 0.0405342
||xi|| = 364.596
||eta|| = 0.279569
||yp|| = 401.333
||yphi|| = 0.26645
||BtYp|| = 1.88425
||ru|| = 1.88584
||yu|| = 100.488
||GtYphi|| = 1.91078
||KtYu|| = 12.0004
||rj|| = 12.8773
||yj|| = 0.749075
||rphi|| = 0.00192489
||rp|| = 0.0512255
||y|| = 413.723
FGMRES iteration : 109 || r || = 0.0405244
||xi|| = 411.566
||eta|| = 0.261291
||yp|| = 452.949
||yphi|| = 0.164808
||BtYp|| = 2.77105
||ru|| = 2.77234
||yu|| = 129.37
||GtYphi|| = 1.5898
||KtYu|| = 13.0876
||rj|| = 13.863
||yj|| = 0.862201
||rphi|| = 0.00135259
||rp|| = 0.073513
||y|| = 471.063
FGMRES iteration : 110 || r || = 0.0404775
||xi|| = 401.659
||eta|| = 0.231032
||yp|| = 442.044
||yphi|| = 0.15378
||BtYp|| = 2.50299
||ru|| = 2.50442
||yu|| = 121.844
||GtYphi|| = 1.79967
||KtYu|| = 12.169
||rj|| = 13.0259
||yj|| = 0.772238
||rphi|| = 0.00125996
||rp|| = 0.0678227
||y|| = 458.53
FGMRES iteration : 111 || r || = 0.0404649
||xi|| = 398.531
||eta|| = 0.27105
||yp|| = 438.614
||yphi|| = 0.205568
||BtYp|| = 2.50965
||ru|| = 2.51079
||yu|| = 124.815
||GtYphi|| = 1.85283
||KtYu|| = 12.5069
||rj|| = 13.3557
||yj|| = 0.778019
||rphi|| = 0.00175096
||rp|| = 0.0684149
||y|| = 456.028
FGMRES iteration : 112 || r || = 0.0404569
||xi|| = 459.443
||eta|| = 0.246806
||yp|| = 505.647
||yphi|| = 0.288274
||BtYp|| = 2.96589
||ru|| = 2.9665
||yu|| = 143.725
||GtYphi|| = 1.73187
||KtYu|| = 13.3599
||rj|| = 14.1913
||yj|| = 0.851962
||rphi|| = 0.00221311
||rp|| = 0.0772117
||y|| = 525.678
FGMRES iteration : 113 || r || = 0.040441
||xi|| = 369.839
||eta|| = 0.274938
||yp|| = 407.07
||yphi|| = 0.231232
||BtYp|| = 2.19145
||ru|| = 2.19341
||yu|| = 112.589
||GtYphi|| = 2.05244
||KtYu|| = 12.9877
||rj|| = 13.8498
||yj|| = 0.813788
||rphi|| = 0.001847
||rp|| = 0.0603723
||y|| = 422.354
FGMRES iteration : 114 || r || = 0.0404018
||xi|| = 389.238
||eta|| = 0.297525
||yp|| = 428.438
||yphi|| = 0.252687
||BtYp|| = 2.46121
||ru|| = 2.46223
||yu|| = 129.894
||GtYphi|| = 1.79847
||KtYu|| = 13.5319
||rj|| = 14.4025
||yj|| = 0.896757
||rphi|| = 0.00190869
||rp|| = 0.0703921
||y|| = 447.697
FGMRES iteration : 115 || r || = 0.0403008
||xi|| = 449.49
||eta|| = 0.235509
||yp|| = 494.718
||yphi|| = 0.171986
||BtYp|| = 2.82961
||ru|| = 2.83108
||yu|| = 131.228
||GtYphi|| = 1.75543
||KtYu|| = 13.0107
||rj|| = 13.8491
||yj|| = 0.812526
||rphi|| = 0.00134204
||rp|| = 0.0707358
||y|| = 511.828
FGMRES iteration : 116 || r || = 0.0400168
||xi|| = 383.566
||eta|| = 0.240607
||yp|| = 422.172
||yphi|| = 0.230895
||BtYp|| = 2.46816
||ru|| = 2.46865
||yu|| = 120.251
||GtYphi|| = 1.95131
||KtYu|| = 11.7278
||rj|| = 12.6047
||yj|| = 0.72832
||rphi|| = 0.00193358
||rp|| = 0.0669152
||y|| = 438.965
FGMRES iteration : 117 || r || = 0.0394411
||xi|| = 472.133
||eta|| = 0.261727
||yp|| = 519.592
||yphi|| = 0.269881
||BtYp|| = 3.10075
||ru|| = 3.10208
||yu|| = 144.409
||GtYphi|| = 1.73336
||KtYu|| = 13.7369
||rj|| = 14.5494
||yj|| = 0.908663
||rphi|| = 0.00226168
||rp|| = 0.083112
||y|| = 539.287
FGMRES iteration : 118 || r || = 0.0383422
||xi|| = 414.356
||eta|| = 0.261077
||yp|| = 456.048
||yphi|| = 0.259092
||BtYp|| = 2.76314
||ru|| = 2.76417
||yu|| = 124.084
||GtYphi|| = 2.01011
||KtYu|| = 12.3296
||rj|| = 13.2204
||yj|| = 0.798178
||rphi|| = 0.00217129
||rp|| = 0.0724189
||y|| = 472.628
FGMRES iteration : 119 || r || = 0.036375
||xi|| = 441.795
||eta|| = 0.260477
||yp|| = 486.229
||yphi|| = 0.30868
||BtYp|| = 2.94551
||ru|| = 2.94673
||yu|| = 132.56
||GtYphi|| = 1.75145
||KtYu|| = 12.7985
||rj|| = 13.6203
||yj|| = 0.789961
||rphi|| = 0.00244769
||rp|| = 0.0770344
||y|| = 503.976
FGMRES iteration : 120 || r || = 0.033374
||xi|| = 410.169
||eta|| = 0.305642
||yp|| = 451.408
||yphi|| = 0.227769
||BtYp|| = 2.84823
||ru|| = 2.84929
||yu|| = 129.387
||GtYphi|| = 1.64462
||KtYu|| = 11.7408
||rj|| = 12.526
||yj|| = 0.764824
||rphi|| = 0.00172709
||rp|| = 0.0756628
||y|| = 469.586
FGMRES iteration : 121 || r || = 0.0312752
||xi|| = 469.595
||eta|| = 0.278816
||yp|| = 516.8
||yphi|| = 0.410606
||BtYp|| = 3.19577
||ru|| = 3.19653
||yu|| = 145.75
||GtYphi|| = 2.01775
||KtYu|| = 13.0313
||rj|| = 13.9316
||yj|| = 0.849201
||rphi|| = 0.00320366
||rp|| = 0.0851585
||y|| = 536.96
FGMRES iteration : 122 || r || = 0.0301523
||xi|| = 462.295
||eta|| = 0.319289
||yp|| = 508.786
||yphi|| = 0.237993
||BtYp|| = 3.21298
||ru|| = 3.21381
||yu|| = 141.832
||GtYphi|| = 1.84649
||KtYu|| = 12.3085
||rj|| = 13.1206
||yj|| = 0.802112
||rphi|| = 0.00194932
||rp|| = 0.0828242
||y|| = 528.186
FGMRES iteration : 123 || r || = 0.0297672
||xi|| = 465.863
||eta|| = 0.263717
||yp|| = 512.722
||yphi|| = 0.311031
||BtYp|| = 3.2831
||ru|| = 3.28453
||yu|| = 146.43
||GtYphi|| = 2.11257
||KtYu|| = 13.2967
||rj|| = 14.1831
||yj|| = 0.900141
||rphi|| = 0.00242195
||rp|| = 0.0862197
||y|| = 533.223
FGMRES iteration : 124 || r || = 0.0295696
||xi|| = 420.444
||eta|| = 0.243421
||yp|| = 462.722
||yphi|| = 0.303915
||BtYp|| = 2.82551
||ru|| = 2.82621
||yu|| = 127.039
||GtYphi|| = 1.9614
||KtYu|| = 12.8844
||rj|| = 13.8038
||yj|| = 0.8549
||rphi|| = 0.00247142
||rp|| = 0.07314
||y|| = 479.845
FGMRES iteration : 125 || r || = 0.029534
||xi|| = 481.186
||eta|| = 0.272765
||yp|| = 529.544
||yphi|| = 0.315025
||BtYp|| = 3.40319
||ru|| = 3.40387
||yu|| = 145.453
||GtYphi|| = 2.21714
||KtYu|| = 12.6
||rj|| = 13.5407
||yj|| = 0.794241
||rphi|| = 0.00248742
||rp|| = 0.0863453
||y|| = 549.158
FGMRES iteration : 126 || r || = 0.0295261
||xi|| = 473.838
||eta|| = 0.387805
||yp|| = 521.518
||yphi|| = 0.292544
||BtYp|| = 3.39208
||ru|| = 3.3931
||yu|| = 157.296
||GtYphi|| = 1.90466
||KtYu|| = 14.1787
||rj|| = 15.0175
||yj|| = 0.941948
||rphi|| = 0.00224874
||rp|| = 0.088573
||y|| = 544.724
FGMRES iteration : 127 || r || = 0.0295101
||xi|| = 446.418
||eta|| = 0.260277
||yp|| = 491.259
||yphi|| = 0.471208
||BtYp|| = 3.07781
||ru|| = 3.07854
||yu|| = 132.996
||GtYphi|| = 2.1078
||KtYu|| = 11.4481
||rj|| = 12.2632
||yj|| = 0.74882
||rphi|| = 0.00349999
||rp|| = 0.0767483
||y|| = 508.944
FGMRES iteration : 128 || r || = 0.0295025
||xi|| = 493.191
||eta|| = 0.271844
||yp|| = 542.753
||yphi|| = 0.242778
||BtYp|| = 3.36505
||ru|| = 3.36552
||yu|| = 149.808
||GtYphi|| = 2.03965
||KtYu|| = 12.9646
||rj|| = 13.8291
||yj|| = 0.816154
||rphi|| = 0.00189116
||rp|| = 0.0859129
||y|| = 563.049
FGMRES iteration : 129 || r || = 0.029502
||xi|| = 568.981
||eta|| = 0.282167
||yp|| = 626.14
||yphi|| = 0.202896
||BtYp|| = 3.98818
||ru|| = 3.98974
||yu|| = 174.757
||GtYphi|| = 1.85275
||KtYu|| = 14.9244
||rj|| = 15.8215
||yj|| = 0.978271
||rphi|| = 0.00150806
||rp|| = 0.100955
||y|| = 650.071
FGMRES iteration : 130 || r || = 0.0294976
||xi|| = 431.099
||eta|| = 0.369392
||yp|| = 474.56
||yphi|| = 0.387134
||BtYp|| = 2.77632
||ru|| = 2.77615
||yu|| = 128.758
||GtYphi|| = 2.52604
||KtYu|| = 11.9296
||rj|| = 12.875
||yj|| = 0.762013
||rphi|| = 0.00311562
||rp|| = 0.0704408
||y|| = 491.718
FGMRES iteration : 131 || r || = 0.0294914
||xi|| = 526.541
||eta|| = 0.324867
||yp|| = 579.444
||yphi|| = 0.478462
||BtYp|| = 3.64128
||ru|| = 3.64307
||yu|| = 163.003
||GtYphi|| = 2.46819
||KtYu|| = 13.9967
||rj|| = 14.8865
||yj|| = 0.886716
||rphi|| = 0.00376806
||rp|| = 0.0928637
||y|| = 601.935
FGMRES iteration : 132 || r || = 0.0294824
||xi|| = 473.183
||eta|| = 0.258723
||yp|| = 520.77
||yphi|| = 0.317692
||BtYp|| = 3.28941
||ru|| = 3.28899
||yu|| = 150.866
||GtYphi|| = 2.16197
||KtYu|| = 13.3233
||rj|| = 14.1928
||yj|| = 0.917174
||rphi|| = 0.00253487
||rp|| = 0.0846034
||y|| = 542.183
FGMRES iteration : 133 || r || = 0.0294034
||xi|| = 474.205
||eta|| = 0.234331
||yp|| = 521.888
||yphi|| = 0.416625
||BtYp|| = 3.14252
||ru|| = 3.14499
||yu|| = 139.409
||GtYphi|| = 2.33437
||KtYu|| = 12.8704
||rj|| = 13.7652
||yj|| = 0.805645
||rphi|| = 0.00330213
||rp|| = 0.079376
||y|| = 540.187
FGMRES iteration : 134 || r || = 0.0292832
||xi|| = 407.132
||eta|| = 0.298065
||yp|| = 448.103
||yphi|| = 0.2577
||BtYp|| = 2.68985
||ru|| = 2.69011
||yu|| = 134.878
||GtYphi|| = 2.11796
||KtYu|| = 12.9998
||rj|| = 13.8489
||yj|| = 0.834654
||rphi|| = 0.00212797
||rp|| = 0.075615
||y|| = 467.962
FGMRES iteration : 135 || r || = 0.0291668
||xi|| = 373.331
||eta|| = 0.253022
||yp|| = 410.916
||yphi|| = 0.240633
||BtYp|| = 2.27584
||ru|| = 2.27737
||yu|| = 115.01
||GtYphi|| = 1.94827
||KtYu|| = 12.9547
||rj|| = 13.8625
||yj|| = 0.863834
||rphi|| = 0.00203748
||rp|| = 0.0644167
||y|| = 426.708
FGMRES iteration : 136 || r || = 0.0288593
||xi|| = 488.218
||eta|| = 0.308192
||yp|| = 537.27
||yphi|| = 0.388112
||BtYp|| = 3.3247
||ru|| = 3.3258
||yu|| = 149.773
||GtYphi|| = 2.23243
||KtYu|| = 13.2536
||rj|| = 14.091
||yj|| = 0.850311
||rphi|| = 0.0028589
||rp|| = 0.0849974
||y|| = 557.756
FGMRES iteration : 137 || r || = 0.0281467
||xi|| = 472.381
||eta|| = 0.2507
||yp|| = 519.899
||yphi|| = 0.220101
||BtYp|| = 2.95137
||ru|| = 2.95224
||yu|| = 136.624
||GtYphi|| = 1.81803
||KtYu|| = 13.4882
||rj|| = 14.3977
||yj|| = 0.867183
||rphi|| = 0.00174478
||rp|| = 0.0746637
||y|| = 537.552
FGMRES iteration : 138 || r || = 0.0264361
||xi|| = 370.729
||eta|| = 0.224854
||yp|| = 408.021
||yphi|| = 0.272921
||BtYp|| = 2.28408
||ru|| = 2.28565
||yu|| = 108.784
||GtYphi|| = 1.96809
||KtYu|| = 11.8724
||rj|| = 12.7123
||yj|| = 0.776515
||rphi|| = 0.00221256
||rp|| = 0.0589135
||y|| = 422.274
FGMRES iteration : 139 || r || = 0.0247059
||xi|| = 438.396
||eta|| = 0.258881
||yp|| = 482.444
||yphi|| = 0.225191
||BtYp|| = 2.70547
||ru|| = 2.70591
||yu|| = 124.773
||GtYphi|| = 1.55981
||KtYu|| = 12.5648
||rj|| = 13.383
||yj|| = 0.805359
||rphi|| = 0.00166949
||rp|| = 0.0684308
||y|| = 498.318
FGMRES iteration : 140 || r || = 0.0233884
||xi|| = 405.238
||eta|| = 0.240061
||yp|| = 446.001
||yphi|| = 0.291158
||BtYp|| = 2.45291
||ru|| = 2.45404
||yu|| = 116.07
||GtYphi|| = 1.90643
||KtYu|| = 12.7345
||rj|| = 13.6222
||yj|| = 0.821107
||rphi|| = 0.00237695
||rp|| = 0.0634786
||y|| = 460.858
FGMRES iteration : 141 || r || = 0.0226027
||xi|| = 349.275
||eta|| = 0.256772
||yp|| = 384.423
||yphi|| = 0.293379
||BtYp|| = 2.14665
||ru|| = 2.14772
||yu|| = 105.159
||GtYphi|| = 2.00201
||KtYu|| = 12.1566
||rj|| = 13.0354
||yj|| = 0.785354
||rphi|| = 0.00244645
||rp|| = 0.058276
||y|| = 398.548
FGMRES iteration : 142 || r || = 0.0221528
||xi|| = 436.673
||eta|| = 0.271657
||yp|| = 480.583
||yphi|| = 0.275895
||BtYp|| = 2.6721
||ru|| = 2.67348
||yu|| = 124.858
||GtYphi|| = 1.94935
||KtYu|| = 12.5025
||rj|| = 13.3796
||yj|| = 0.787097
||rphi|| = 0.00206415
||rp|| = 0.0704908
||y|| = 496.538
FGMRES iteration : 143 || r || = 0.0219382
||xi|| = 439.814
||eta|| = 0.283223
||yp|| = 484.031
||yphi|| = 0.237617
||BtYp|| = 2.91092
||ru|| = 2.9107
||yu|| = 134.013
||GtYphi|| = 2.02135
||KtYu|| = 13.2926
||rj|| = 14.181
||yj|| = 0.851189
||rphi|| = 0.00186843
||rp|| = 0.0760472
||y|| = 502.242
FGMRES iteration : 144 || r || = 0.0218377
||xi|| = 364.059
||eta|| = 0.323076
||yp|| = 400.725
||yphi|| = 0.438954
||BtYp|| = 2.10398
||ru|| = 2.1055
||yu|| = 111.269
||GtYphi|| = 2.20201
||KtYu|| = 12.4587
||rj|| = 13.3809
||yj|| = 0.816886
||rphi|| = 0.00346503
||rp|| = 0.0612712
||y|| = 415.887
FGMRES iteration : 145 || r || = 0.0217976
||xi|| = 333.462
||eta|| = 0.247874
||yp|| = 367.073
||yphi|| = 0.373589
||BtYp|| = 1.95846
||ru|| = 1.96035
||yu|| = 109.901
||GtYphi|| = 1.95797
||KtYu|| = 12.4594
||rj|| = 13.2355
||yj|| = 0.860092
||rphi|| = 0.00296696
||rp|| = 0.0582229
||y|| = 383.173
FGMRES iteration : 146 || r || = 0.0217888
||xi|| = 431.019
||eta|| = 0.291417
||yp|| = 474.39
||yphi|| = 0.205662
||BtYp|| = 2.7175
||ru|| = 2.71904
||yu|| = 133.542
||GtYphi|| = 1.85003
||KtYu|| = 13.8415
||rj|| = 14.7347
||yj|| = 0.878458
||rphi|| = 0.00170068
||rp|| = 0.0750197
||y|| = 492.829
FGMRES iteration : 147 || r || = 0.0217819
||xi|| = 376.282
||eta|| = 0.322475
||yp|| = 414.182
||yphi|| = 0.341612
||BtYp|| = 2.21535
||ru|| = 2.21676
||yu|| = 112.148
||GtYphi|| = 1.97995
||KtYu|| = 12.2962
||rj|| = 13.1631
||yj|| = 0.815684
||rphi|| = 0.00251506
||rp|| = 0.0638058
||y|| = 429.097
FGMRES iteration : 148 || r || = 0.021776
||xi|| = 381.676
||eta|| = 0.346273
||yp|| = 420.101
||yphi|| = 0.199418
||BtYp|| = 2.34701
||ru|| = 2.34864
||yu|| = 120.49
||GtYphi|| = 1.89392
||KtYu|| = 13.4367
||rj|| = 14.3413
||yj|| = 0.87299
||rphi|| = 0.00174259
||rp|| = 0.0669915
||y|| = 437.04
FGMRES iteration : 149 || r || = 0.0217727
||xi|| = 392.441
||eta|| = 0.320941
||yp|| = 431.95
||yphi|| = 0.192433
||BtYp|| = 2.1884
||ru|| = 2.19015
||yu|| = 119.753
||GtYphi|| = 1.89662
||KtYu|| = 12.1673
||rj|| = 12.9998
||yj|| = 0.769034
||rphi|| = 0.00159462
||rp|| = 0.0655622
||y|| = 448.243
FGMRES iteration : 150 || r || = 0.0217691
||xi|| = 392.667
||eta|| = 0.287615
||yp|| = 432.216
||yphi|| = 0.274648
||BtYp|| = 2.16622
||ru|| = 2.16688
||yu|| = 120.475
||GtYphi|| = 1.74109
||KtYu|| = 12.7677
||rj|| = 13.6142
||yj|| = 0.877866
||rphi|| = 0.00223636
||rp|| = 0.065347
||y|| = 448.693
FGMRES iteration : 151 || r || = 0.021755
||xi|| = 392.099
||eta|| = 0.351045
||yp|| = 431.58
||yphi|| = 0.207902
||BtYp|| = 2.3115
||ru|| = 2.31305
||yu|| = 123.726
||GtYphi|| = 1.83199
||KtYu|| = 13.6072
||rj|| = 14.4063
||yj|| = 0.892189
||rphi|| = 0.00178866
||rp|| = 0.0700908
||y|| = 448.965
FGMRES iteration : 152 || r || = 0.0217373
||xi|| = 408.354
||eta|| = 0.284462
||yp|| = 449.43
||yphi|| = 0.259997
||BtYp|| = 2.52448
||ru|| = 2.52549
||yu|| = 125.38
||GtYphi|| = 1.91123
||KtYu|| = 12.5256
||rj|| = 13.3313
||yj|| = 0.827778
||rphi|| = 0.00204245
||rp|| = 0.0735035
||y|| = 466.592
FGMRES iteration : 153 || r || = 0.0216956
||xi|| = 390.533
||eta|| = 0.291538
||yp|| = 429.805
||yphi|| = 0.267879
||BtYp|| = 2.52172
||ru|| = 2.52282
||yu|| = 125.486
||GtYphi|| = 1.95597
||KtYu|| = 13.0303
||rj|| = 13.9022
||yj|| = 0.854247
||rphi|| = 0.00222124
||rp|| = 0.0717658
||y|| = 447.75
FGMRES iteration : 154 || r || = 0.0215927
||xi|| = 490.956
||eta|| = 0.333248
||yp|| = 540.327
||yphi|| = 0.332384
||BtYp|| = 3.15223
||ru|| = 3.15309
||yu|| = 152.465
||GtYphi|| = 1.9111
||KtYu|| = 13.0968
||rj|| = 13.9103
||yj|| = 0.833316
||rphi|| = 0.00243302
||rp|| = 0.0859561
||y|| = 561.426
FGMRES iteration : 155 || r || = 0.0214098
||xi|| = 447.902
||eta|| = 0.260729
||yp|| = 492.957
||yphi|| = 0.396177
||BtYp|| = 2.91437
||ru|| = 2.91518
||yu|| = 148.5
||GtYphi|| = 1.9121
||KtYu|| = 13.216
||rj|| = 14.0356
||yj|| = 0.872947
||rphi|| = 0.00299647
||rp|| = 0.0825683
||y|| = 514.839
FGMRES iteration : 156 || r || = 0.0210498
||xi|| = 431.669
||eta|| = 0.229933
||yp|| = 475.09
||yphi|| = 0.336578
||BtYp|| = 2.62802
||ru|| = 2.62922
||yu|| = 123.552
||GtYphi|| = 2.05892
||KtYu|| = 11.7347
||rj|| = 12.6359
||yj|| = 0.741181
||rphi|| = 0.00254072
||rp|| = 0.0706426
||y|| = 490.893
FGMRES iteration : 157 || r || = 0.0203584
||xi|| = 445.746
||eta|| = 0.232488
||yp|| = 490.548
||yphi|| = 0.216702
||BtYp|| = 3.08844
||ru|| = 3.08951
||yu|| = 140.828
||GtYphi|| = 1.54875
||KtYu|| = 13.3083
||rj|| = 14.1196
||yj|| = 0.870027
||rphi|| = 0.00176399
||rp|| = 0.0816529
||y|| = 510.363
FGMRES iteration : 158 || r || = 0.0193151
||xi|| = 418.814
||eta|| = 0.226809
||yp|| = 460.929
||yphi|| = 0.226793
||BtYp|| = 2.62387
||ru|| = 2.62504
||yu|| = 125.376
||GtYphi|| = 1.74828
||KtYu|| = 11.8195
||rj|| = 12.6188
||yj|| = 0.76951
||rphi|| = 0.00186066
||rp|| = 0.0704081
||y|| = 477.677
FGMRES iteration : 159 || r || = 0.0184118
||xi|| = 453.72
||eta|| = 0.228622
||yp|| = 499.332
||yphi|| = 0.18411
||BtYp|| = 2.9949
||ru|| = 2.99559
||yu|| = 137.481
||GtYphi|| = 1.68447
||KtYu|| = 12.1839
||rj|| = 12.9978
||yj|| = 0.762025
||rphi|| = 0.00141609
||rp|| = 0.0762968
||y|| = 517.913
FGMRES iteration : 160 || r || = 0.0177191
||xi|| = 519.555
||eta|| = 0.28942
||yp|| = 571.742
||yphi|| = 0.181668
||BtYp|| = 3.49668
||ru|| = 3.49752
||yu|| = 156.028
||GtYphi|| = 1.60525
||KtYu|| = 13.5313
||rj|| = 14.3345
||yj|| = 0.859384
||rphi|| = 0.00132469
||rp|| = 0.0878869
||y|| = 592.65
FGMRES iteration : 161 || r || = 0.0172785
||xi|| = 438.043
||eta|| = 0.325697
||yp|| = 482.109
||yphi|| = 0.216531
||BtYp|| = 2.89132
||ru|| = 2.89214
||yu|| = 139.384
||GtYphi|| = 1.85589
||KtYu|| = 12.6124
||rj|| = 13.4481
||yj|| = 0.784407
||rphi|| = 0.00177573
||rp|| = 0.0792048
||y|| = 501.854
FGMRES iteration : 162 || r || = 0.0170205
||xi|| = 493.187
||eta|| = 0.329872
||yp|| = 542.753
||yphi|| = 0.214605
||BtYp|| = 3.2074
||ru|| = 3.20874
||yu|| = 150.738
||GtYphi|| = 1.7905
||KtYu|| = 13.7156
||rj|| = 14.5046
||yj|| = 0.871517
||rphi|| = 0.00179228
||rp|| = 0.0844508
||y|| = 563.297
FGMRES iteration : 163 || r || = 0.0168744
||xi|| = 445.386
||eta|| = 0.251842
||yp|| = 490.137
||yphi|| = 0.189701
||BtYp|| = 3.05523
||ru|| = 3.05643
||yu|| = 139.731
||GtYphi|| = 1.71705
||KtYu|| = 12.6485
||rj|| = 13.4691
||yj|| = 0.828191
||rphi|| = 0.00150247
||rp|| = 0.0792491
||y|| = 509.666
FGMRES iteration : 164 || r || = 0.0167561
||xi|| = 463.299
||eta|| = 0.267583
||yp|| = 509.872
||yphi|| = 0.173292
||BtYp|| = 3.0295
||ru|| = 3.03017
||yu|| = 136.409
||GtYphi|| = 1.57564
||KtYu|| = 12.2208
||rj|| = 13.0213
||yj|| = 0.76549
||rphi|| = 0.00129946
||rp|| = 0.0785179
||y|| = 527.804
FGMRES iteration : 165 || r || = 0.0166818
||xi|| = 467.942
||eta|| = 0.297574
||yp|| = 514.973
||yphi|| = 0.224047
||BtYp|| = 3.22295
||ru|| = 3.22407
||yu|| = 147.144
||GtYphi|| = 1.88976
||KtYu|| = 12.9513
||rj|| = 13.7442
||yj|| = 0.786824
||rphi|| = 0.00174756
||rp|| = 0.0836642
||y|| = 535.583
FGMRES iteration : 166 || r || = 0.0166515
||xi|| = 480.244
||eta|| = 0.293071
||yp|| = 528.541
||yphi|| = 0.215763
||BtYp|| = 3.07657
||ru|| = 3.07779
||yu|| = 147.984
||GtYphi|| = 1.7186
||KtYu|| = 13.0852
||rj|| = 13.9511
||yj|| = 0.817689
||rphi|| = 0.00196018
||rp|| = 0.0830901
||y|| = 548.868
FGMRES iteration : 167 || r || = 0.0166416
||xi|| = 549.01
||eta|| = 0.278505
||yp|| = 604.198
||yphi|| = 0.171221
||BtYp|| = 3.81902
||ru|| = 3.81929
||yu|| = 173.594
||GtYphi|| = 1.82069
||KtYu|| = 13.2423
||rj|| = 14.0007
||yj|| = 0.77481
||rphi|| = 0.00131547
||rp|| = 0.0971944
||y|| = 628.642
FGMRES iteration : 168 || r || = 0.0166399
||xi|| = 474.407
||eta|| = 0.316726
||yp|| = 522.088
||yphi|| = 0.321638
||BtYp|| = 3.12977
||ru|| = 3.13063
||yu|| = 147.479
||GtYphi|| = 2.02943
||KtYu|| = 13.1095
||rj|| = 13.9787
||yj|| = 0.824013
||rphi|| = 0.00257783
||rp|| = 0.0845932
||y|| = 542.518
FGMRES iteration : 169 || r || = 0.0166399
||xi|| = 432.84
||eta|| = 0.326174
||yp|| = 476.384
||yphi|| = 0.308995
||BtYp|| = 2.83356
||ru|| = 2.83504
||yu|| = 134.901
||GtYphi|| = 1.68973
||KtYu|| = 13.4736
||rj|| = 14.3627
||yj|| = 0.883528
||rphi|| = 0.00231176
||rp|| = 0.0770873
||y|| = 495.117
FGMRES iteration : 170 || r || = 0.0166395
||xi|| = 427.89
||eta|| = 0.389452
||yp|| = 470.901
||yphi|| = 0.414874
||BtYp|| = 2.82153
||ru|| = 2.82209
||yu|| = 135.222
||GtYphi|| = 2.24841
||KtYu|| = 12.2603
||rj|| = 13.007
||yj|| = 0.731311
||rphi|| = 0.0032867
||rp|| = 0.0757926
||y|| = 489.932
FGMRES iteration : 171 || r || = 0.0166361
||xi|| = 422.583
||eta|| = 0.283046
||yp|| = 465.106
||yphi|| = 0.374907
||BtYp|| = 2.69118
||ru|| = 2.69246
||yu|| = 128.989
||GtYphi|| = 2.01372
||KtYu|| = 13.9891
||rj|| = 14.9086
||yj|| = 0.893043
||rphi|| = 0.00345291
||rp|| = 0.0710557
||y|| = 482.662
FGMRES iteration : 172 || r || = 0.0166236
||xi|| = 421.602
||eta|| = 0.280353
||yp|| = 464.014
||yphi|| = 0.197315
||BtYp|| = 2.69734
||ru|| = 2.6986
||yu|| = 131.342
||GtYphi|| = 1.9412
||KtYu|| = 12.851
||rj|| = 13.6366
||yj|| = 0.78054
||rphi|| = 0.00155951
||rp|| = 0.0734052
||y|| = 482.245
FGMRES iteration : 173 || r || = 0.0165985
||xi|| = 411.925
||eta|| = 0.304004
||yp|| = 453.383
||yphi|| = 0.301432
||BtYp|| = 2.53861
||ru|| = 2.53959
||yu|| = 117.749
||GtYphi|| = 2.0734
||KtYu|| = 12.4651
||rj|| = 13.3248
||yj|| = 0.801444
||rphi|| = 0.00270215
||rp|| = 0.0656549
||y|| = 468.425
FGMRES iteration : 174 || r || = 0.0165491
||xi|| = 338.471
||eta|| = 0.25903
||yp|| = 372.575
||yphi|| = 0.254225
||BtYp|| = 1.89341
||ru|| = 1.89551
||yu|| = 103.05
||GtYphi|| = 1.84394
||KtYu|| = 13.3617
||rj|| = 14.2049
||yj|| = 0.890709
||rphi|| = 0.00201756
||rp|| = 0.0550563
||y|| = 386.564
FGMRES iteration : 175 || r || = 0.0164382
||xi|| = 389.857
||eta|| = 0.32417
||yp|| = 429.118
||yphi|| = 0.263193
||BtYp|| = 2.48366
||ru|| = 2.48522
||yu|| = 127.002
||GtYphi|| = 2.11706
||KtYu|| = 12.1992
||rj|| = 13.0018
||yj|| = 0.806841
||rphi|| = 0.00227839
||rp|| = 0.070894
||y|| = 447.518
FGMRES iteration : 176 || r || = 0.0162879
||xi|| = 374.107
||eta|| = 0.30203
||yp|| = 411.81
||yphi|| = 0.366403
||BtYp|| = 2.13916
||ru|| = 2.14063
||yu|| = 118.043
||GtYphi|| = 2.04244
||KtYu|| = 13.1444
||rj|| = 14.0206
||yj|| = 0.873532
||rphi|| = 0.00337111
||rp|| = 0.0633913
||y|| = 428.395
FGMRES iteration : 177 || r || = 0.0159235
||xi|| = 393.767
||eta|| = 0.284151
||yp|| = 433.369
||yphi|| = 0.184186
||BtYp|| = 2.28234
||ru|| = 2.28359
||yu|| = 114.605
||GtYphi|| = 1.63983
||KtYu|| = 13.5528
||rj|| = 14.3544
||yj|| = 0.868468
||rphi|| = 0.00145143
||rp|| = 0.0614636
||y|| = 448.268
FGMRES iteration : 178 || r || = 0.0150204
||xi|| = 370.557
||eta|| = 0.378439
||yp|| = 407.912
||yphi|| = 0.183237
||BtYp|| = 2.29316
||ru|| = 2.29408
||yu|| = 127.392
||GtYphi|| = 1.80499
||KtYu|| = 13.0321
||rj|| = 13.8137
||yj|| = 0.817933
||rphi|| = 0.00159718
||rp|| = 0.0688737
||y|| = 427.343
FGMRES iteration : 179 || r || = 0.0141528
||xi|| = 385.897
||eta|| = 0.295585
||yp|| = 424.75
||yphi|| = 0.226735
||BtYp|| = 2.29671
||ru|| = 2.29819
||yu|| = 125.303
||GtYphi|| = 1.73088
||KtYu|| = 13.1704
||rj|| = 13.9432
||yj|| = 0.855359
||rphi|| = 0.00180775
||rp|| = 0.068197
||y|| = 442.848
FGMRES iteration : 180 || r || = 0.0135603
||xi|| = 400.778
||eta|| = 0.332908
||yp|| = 441.13
||yphi|| = 0.248267
||BtYp|| = 2.66201
||ru|| = 2.66345
||yu|| = 125.154
||GtYphi|| = 1.86888
||KtYu|| = 12.5447
||rj|| = 13.4068
||yj|| = 0.804983
||rphi|| = 0.00218109
||rp|| = 0.0705588
||y|| = 458.541
FGMRES iteration : 181 || r || = 0.0130497
||xi|| = 385.2
||eta|| = 0.312884
||yp|| = 423.933
||yphi|| = 0.411872
||BtYp|| = 2.48417
||ru|| = 2.48468
||yu|| = 119.539
||GtYphi|| = 2.04028
||KtYu|| = 11.4185
||rj|| = 12.1698
||yj|| = 0.713362
||rphi|| = 0.00345843
||rp|| = 0.0714698
||y|| = 440.465
FGMRES iteration : 182 || r || = 0.0128207
||xi|| = 412.387
||eta|| = 0.291705
||yp|| = 453.916
||yphi|| = 0.391835
||BtYp|| = 2.67854
||ru|| = 2.68019
||yu|| = 139.786
||GtYphi|| = 1.8005
||KtYu|| = 14.1537
||rj|| = 15.0151
||yj|| = 0.935088
||rphi|| = 0.00306705
||rp|| = 0.0789798
||y|| = 474.953
FGMRES iteration : 183 || r || = 0.012725
||xi|| = 408.66
||eta|| = 0.467434
||yp|| = 449.877
||yphi|| = 0.206782
||BtYp|| = 2.35896
||ru|| = 2.35995
||yu|| = 131.81
||GtYphi|| = 1.79783
||KtYu|| = 12.5937
||rj|| = 13.4114
||yj|| = 0.776175
||rphi|| = 0.00151656
||rp|| = 0.0714114
||y|| = 468.79
FGMRES iteration : 184 || r || = 0.0126847
||xi|| = 450.519
||eta|| = 0.432604
||yp|| = 495.871
||yphi|| = 0.325333
||BtYp|| = 2.90038
||ru|| = 2.90125
||yu|| = 145.968
||GtYphi|| = 2.03721
||KtYu|| = 13.1993
||rj|| = 13.9668
||yj|| = 0.847236
||rphi|| = 0.00249122
||rp|| = 0.0818655
||y|| = 516.91
FGMRES iteration : 185 || r || = 0.0126653
||xi|| = 435.758
||eta|| = 0.313782
||yp|| = 479.577
||yphi|| = 0.253462
||BtYp|| = 3.09963
||ru|| = 3.10147
||yu|| = 138.086
||GtYphi|| = 1.77225
||KtYu|| = 13.8231
||rj|| = 14.6848
||yj|| = 0.940943
||rphi|| = 0.00243003
||rp|| = 0.0860192
||y|| = 499.062
FGMRES iteration : 186 || r || = 0.0126556
||xi|| = 408.419
||eta|| = 0.296592
||yp|| = 449.509
||yphi|| = 0.315136
||BtYp|| = 2.71751
||ru|| = 2.71812
||yu|| = 128.233
||GtYphi|| = 2.22133
||KtYu|| = 10.999
||rj|| = 11.824
||yj|| = 0.645744
||rphi|| = 0.00309486
||rp|| = 0.0777398
||y|| = 467.443
FGMRES iteration : 187 || r || = 0.0126505
||xi|| = 489.578
||eta|| = 0.266108
||yp|| = 538.815
||yphi|| = 0.291567
||BtYp|| = 3.3305
||ru|| = 3.33154
||yu|| = 153.774
||GtYphi|| = 1.81545
||KtYu|| = 13.6939
||rj|| = 14.5474
||yj|| = 0.866155
||rphi|| = 0.00255141
||rp|| = 0.092148
||y|| = 560.33
FGMRES iteration : 188 || r || = 0.0126474
||xi|| = 456.974
||eta|| = 0.310421
||yp|| = 502.979
||yphi|| = 0.295981
||BtYp|| = 2.85241
||ru|| = 2.85333
||yu|| = 148.157
||GtYphi|| = 2.01786
||KtYu|| = 13.1062
||rj|| = 13.9373
||yj|| = 0.803604
||rphi|| = 0.00252466
||rp|| = 0.0831395
||y|| = 524.346
FGMRES iteration : 189 || r || = 0.0126447
||xi|| = 444.412
||eta|| = 0.270418
||yp|| = 489.088
||yphi|| = 0.269196
||BtYp|| = 2.86486
||ru|| = 2.86544
||yu|| = 133.686
||GtYphi|| = 2.02111
||KtYu|| = 12.9535
||rj|| = 13.7999
||yj|| = 0.735935
||rphi|| = 0.0021126
||rp|| = 0.0757157
||y|| = 507.03
FGMRES iteration : 190 || r || = 0.0126435
||xi|| = 398.037
||eta|| = 0.241366
||yp|| = 438.081
||yphi|| = 0.275371
||BtYp|| = 2.66118
||ru|| = 2.66295
||yu|| = 122.318
||GtYphi|| = 1.68619
||KtYu|| = 12.818
||rj|| = 13.6062
||yj|| = 0.854558
||rphi|| = 0.00232195
||rp|| = 0.0695103
||y|| = 454.838
FGMRES iteration : 191 || r || = 0.0126426
||xi|| = 411.401
||eta|| = 0.308263
||yp|| = 452.798
||yphi|| = 0.27913
||BtYp|| = 2.56189
||ru|| = 2.56241
||yu|| = 120.054
||GtYphi|| = 2.07739
||KtYu|| = 12.2929
||rj|| = 13.1853
||yj|| = 0.764584
||rphi|| = 0.00232222
||rp|| = 0.0666473
||y|| = 468.444
FGMRES iteration : 192 || r || = 0.0126385
||xi|| = 442.79
||eta|| = 0.410531
||yp|| = 487.409
||yphi|| = 0.201353
||BtYp|| = 2.76362
||ru|| = 2.76474
||yu|| = 142.546
||GtYphi|| = 1.93989
||KtYu|| = 13.3992
||rj|| = 14.2879
||yj|| = 0.842662
||rphi|| = 0.0018179
||rp|| = 0.0755353
||y|| = 507.826
FGMRES iteration : 193 || r || = 0.0126278
||xi|| = 418.445
||eta|| = 0.363239
||yp|| = 460.553
||yphi|| = 0.442597
||BtYp|| = 2.38766
||ru|| = 2.38898
||yu|| = 123.192
||GtYphi|| = 2.27505
||KtYu|| = 13.7968
||rj|| = 14.6443
||yj|| = 0.88527
||rphi|| = 0.00382816
||rp|| = 0.0652311
||y|| = 476.746
FGMRES iteration : 194 || r || = 0.0126055
||xi|| = 425.342
||eta|| = 0.325217
||yp|| = 468.153
||yphi|| = 0.206525
||BtYp|| = 2.67082
||ru|| = 2.67079
||yu|| = 132.794
||GtYphi|| = 1.77874
||KtYu|| = 13.2731
||rj|| = 14.0838
||yj|| = 0.840587
||rphi|| = 0.00180598
||rp|| = 0.0744332
||y|| = 486.623
FGMRES iteration : 195 || r || = 0.0125542
||xi|| = 404.518
||eta|| = 0.390049
||yp|| = 445.297
||yphi|| = 0.179448
||BtYp|| = 2.59205
||ru|| = 2.59362
||yu|| = 130.124
||GtYphi|| = 1.92291
||KtYu|| = 12.6365
||rj|| = 13.4543
||yj|| = 0.806992
||rphi|| = 0.00150292
||rp|| = 0.0730793
||y|| = 463.92
FGMRES iteration : 196 || r || = 0.0124665
||xi|| = 414.738
||eta|| = 0.381981
||yp|| = 456.487
||yphi|| = 0.234874
||BtYp|| = 2.66579
||ru|| = 2.66674
||yu|| = 130.609
||GtYphi|| = 1.89974
||KtYu|| = 13.0776
||rj|| = 13.8939
||yj|| = 0.836706
||rphi|| = 0.00194116
||rp|| = 0.0744988
||y|| = 474.805
FGMRES iteration : 197 || r || = 0.0122819
||xi|| = 476.004
||eta|| = 0.295362
||yp|| = 523.877
||yphi|| = 0.298191
||BtYp|| = 3.00562
||ru|| = 3.00645
||yu|| = 141.613
||GtYphi|| = 1.90871
||KtYu|| = 13.4907
||rj|| = 14.3372
||yj|| = 0.820509
||rphi|| = 0.00231596
||rp|| = 0.0795545
||y|| = 542.681
FGMRES iteration : 198 || r || = 0.0118144
||xi|| = 424.146
||eta|| = 0.246033
||yp|| = 466.793
||yphi|| = 0.32679
||BtYp|| = 2.91779
||ru|| = 2.91902
||yu|| = 133.626
||GtYphi|| = 2.08791
||KtYu|| = 12.4188
||rj|| = 13.2622
||yj|| = 0.791971
||rphi|| = 0.00292334
||rp|| = 0.0801698
||y|| = 485.544
FGMRES iteration : 199 || r || = 0.0112119
||xi|| = 422.77
||eta|| = 0.302765
||yp|| = 465.345
||yphi|| = 0.250496
||BtYp|| = 2.69299
||ru|| = 2.69355
||yu|| = 145
||GtYphi|| = 1.58531
||KtYu|| = 12.9222
||rj|| = 13.6798
||yj|| = 0.853372
||rphi|| = 0.00210279
||rp|| = 0.0835305
||y|| = 487.413
FGMRES iteration : 200 || r || = 0.0106514
||xi|| = 449.631
||eta|| = 0.281834
||yp|| = 494.895
||yphi|| = 0.237515
||BtYp|| = 2.71168
||ru|| = 2.71295
||yu|| = 137.211
||GtYphi|| = 1.91705
||KtYu|| = 11.9527
||rj|| = 12.7658
||yj|| = 0.754187
||rphi|| = 0.00205018
||rp|| = 0.0782205
||y|| = 513.564
FGMRES iteration : 201 || r || = 0.0102922
||xi|| = 422.319
||eta|| = 0.336783
||yp|| = 464.839
||yphi|| = 0.218958
||BtYp|| = 2.69786
||ru|| = 2.69902
||yu|| = 138.254
||GtYphi|| = 1.73975
||KtYu|| = 13.4441
||rj|| = 14.2849
||yj|| = 0.890962
||rphi|| = 0.00182594
||rp|| = 0.0815276
||y|| = 484.964
FGMRES iteration : 202 || r || = 0.00997894
||xi|| = 469.162
||eta|| = 0.263361
||yp|| = 516.335
||yphi|| = 0.199987
||BtYp|| = 3.15645
||ru|| = 3.15648
||yu|| = 148.045
||GtYphi|| = 1.55432
||KtYu|| = 12.7133
||rj|| = 13.5037
||yj|| = 0.778719
||rphi|| = 0.0015385
||rp|| = 0.0883655
||y|| = 537.14
FGMRES iteration : 203 || r || = 0.00977929
||xi|| = 459.898
||eta|| = 0.258187
||yp|| = 506.139
||yphi|| = 0.221669
||BtYp|| = 3.21002
||ru|| = 3.21086
||yu|| = 144.736
||GtYphi|| = 1.76533
||KtYu|| = 11.6732
||rj|| = 12.4437
||yj|| = 0.725202
||rphi|| = 0.00170269
||rp|| = 0.0867466
||y|| = 526.427
FGMRES iteration : 204 || r || = 0.0097282
||xi|| = 413.477
||eta|| = 0.361624
||yp|| = 455.208
||yphi|| = 0.155794
||BtYp|| = 2.63287
||ru|| = 2.63422
||yu|| = 152.066
||GtYphi|| = 1.62009
||KtYu|| = 13.7283
||rj|| = 14.5948
||yj|| = 0.95473
||rphi|| = 0.00121787
||rp|| = 0.0861644
||y|| = 479.937
FGMRES iteration : 205 || r || = 0.00970924
||xi|| = 395.609
||eta|| = 0.289739
||yp|| = 435.476
||yphi|| = 0.205998
||BtYp|| = 2.38051
||ru|| = 2.38169
||yu|| = 129.573
||GtYphi|| = 2.16204
||KtYu|| = 12.3243
||rj|| = 13.2373
||yj|| = 0.803172
||rphi|| = 0.00159371
||rp|| = 0.0749517
||y|| = 454.345
FGMRES iteration : 206 || r || = 0.00969945
||xi|| = 370.003
||eta|| = 0.345083
||yp|| = 407.29
||yphi|| = 0.161701
||BtYp|| = 2.30253
||ru|| = 2.30354
||yu|| = 123.207
||GtYphi|| = 1.69192
||KtYu|| = 12.082
||rj|| = 12.8524
||yj|| = 0.78322
||rphi|| = 0.00150148
||rp|| = 0.0707059
||y|| = 425.518
FGMRES iteration : 207 || r || = 0.0096955
||xi|| = 397.005
||eta|| = 0.299228
||yp|| = 436.987
||yphi|| = 0.205764
||BtYp|| = 2.62788
||ru|| = 2.62896
||yu|| = 135.3
||GtYphi|| = 1.67351
||KtYu|| = 13.577
||rj|| = 14.4122
||yj|| = 0.910344
||rphi|| = 0.00167285
||rp|| = 0.0787962
||y|| = 457.455
FGMRES iteration : 208 || r || = 0.0096922
||xi|| = 438.334
||eta|| = 0.326067
||yp|| = 482.437
||yphi|| = 0.214848
||BtYp|| = 2.87064
||ru|| = 2.87174
||yu|| = 134.387
||GtYphi|| = 2.04439
||KtYu|| = 11.5592
||rj|| = 12.3414
||yj|| = 0.732944
||rphi|| = 0.00179394
||rp|| = 0.077651
||y|| = 500.805
FGMRES iteration : 209 || r || = 0.00968854
||xi|| = 459.42
||eta|| = 0.350257
||yp|| = 505.643
||yphi|| = 0.329647
||BtYp|| = 2.94767
||ru|| = 2.94868
||yu|| = 143.208
||GtYphi|| = 2.15215
||KtYu|| = 13.8595
||rj|| = 14.7943
||yj|| = 0.876471
||rphi|| = 0.0023913
||rp|| = 0.0826623
||y|| = 525.533
FGMRES iteration : 210 || r || = 0.00968228
||xi|| = 446.055
||eta|| = 0.361849
||yp|| = 490.953
||yphi|| = 0.239044
||BtYp|| = 2.79784
||ru|| = 2.79971
||yu|| = 137.583
||GtYphi|| = 2.16198
||KtYu|| = 13.2269
||rj|| = 14.0674
||yj|| = 0.832661
||rphi|| = 0.00205509
||rp|| = 0.0759151
||y|| = 509.867
FGMRES iteration : 211 || r || = 0.0096744
||xi|| = 470.332
||eta|| = 0.332432
||yp|| = 517.643
||yphi|| = 0.231418
||BtYp|| = 3.08331
||ru|| = 3.0847
||yu|| = 142.401
||GtYphi|| = 2.11593
||KtYu|| = 12.2158
||rj|| = 13.035
||yj|| = 0.756592
||rphi|| = 0.0020188
||rp|| = 0.0800998
||y|| = 536.873
FGMRES iteration : 212 || r || = 0.00966484
||xi|| = 493.996
||eta|| = 0.374374
||yp|| = 543.681
||yphi|| = 0.228671
||BtYp|| = 3.11449
||ru|| = 3.11637
||yu|| = 157.087
||GtYphi|| = 1.77441
||KtYu|| = 14.8403
||rj|| = 15.6671
||yj|| = 0.947769
||rphi|| = 0.00174444
||rp|| = 0.0821732
||y|| = 565.921
FGMRES iteration : 213 || r || = 0.00964802
||xi|| = 412.83
||eta|| = 0.299113
||yp|| = 454.336
||yphi|| = 0.257232
||BtYp|| = 2.94634
||ru|| = 2.94796
||yu|| = 130.136
||GtYphi|| = 2.04796
||KtYu|| = 13.2643
||rj|| = 14.0513
||yj|| = 0.841189
||rphi|| = 0.00195302
||rp|| = 0.0780837
||y|| = 472.607
FGMRES iteration : 214 || r || = 0.00961427
||xi|| = 448.021
||eta|| = 0.294407
||yp|| = 493.115
||yphi|| = 0.238668
||BtYp|| = 2.70887
||ru|| = 2.70964
||yu|| = 135.22
||GtYphi|| = 1.88011
||KtYu|| = 12.7374
||rj|| = 13.569
||yj|| = 0.77484
||rphi|| = 0.00181074
||rp|| = 0.0735436
||y|| = 511.319
FGMRES iteration : 215 || r || = 0.00955932
||xi|| = 499.925
||eta|| = 0.315101
||yp|| = 550.186
||yphi|| = 0.176726
||BtYp|| = 3.49392
||ru|| = 3.49439
||yu|| = 150.38
||GtYphi|| = 1.72746
||KtYu|| = 13.8812
||rj|| = 14.7191
||yj|| = 0.876265
||rphi|| = 0.00139981
||rp|| = 0.0877136
||y|| = 570.368
FGMRES iteration : 216 || r || = 0.00941564
||xi|| = 433.636
||eta|| = 0.306193
||yp|| = 477.305
||yphi|| = 0.30744
||BtYp|| = 2.45723
||ru|| = 2.45897
||yu|| = 129.36
||GtYphi|| = 1.99162
||KtYu|| = 12.9031
||rj|| = 13.7623
||yj|| = 0.814249
||rphi|| = 0.00258331
||rp|| = 0.0707747
||y|| = 494.525
FGMRES iteration : 217 || r || = 0.00910862
||xi|| = 470.81
||eta|| = 0.332646
||yp|| = 518.265
||yphi|| = 0.187537
||BtYp|| = 2.84243
||ru|| = 2.84311
||yu|| = 156.359
||GtYphi|| = 1.76922
||KtYu|| = 13.1469
||rj|| = 14.0261
||yj|| = 0.857025
||rphi|| = 0.00142553
||rp|| = 0.0848458
||y|| = 541.338
FGMRES iteration : 218 || r || = 0.00853774
||xi|| = 460.725
||eta|| = 0.329718
||yp|| = 507.094
||yphi|| = 0.158303
||BtYp|| = 2.98911
||ru|| = 2.99067
||yu|| = 146.807
||GtYphi|| = 1.48869
||KtYu|| = 12.9356
||rj|| = 13.6809
||yj|| = 0.832842
||rphi|| = 0.00136072
||rp|| = 0.0842455
||y|| = 527.918
FGMRES iteration : 219 || r || = 0.00804417
||xi|| = 431.124
||eta|| = 0.300783
||yp|| = 474.531
||yphi|| = 0.227475
||BtYp|| = 2.56454
||ru|| = 2.56549
||yu|| = 136.458
||GtYphi|| = 1.85027
||KtYu|| = 13.2583
||rj|| = 14.0996
||yj|| = 0.804775
||rphi|| = 0.00191797
||rp|| = 0.0742283
||y|| = 493.762
FGMRES iteration : 220 || r || = 0.00761409
||xi|| = 429.77
||eta|| = 0.380574
||yp|| = 473.029
||yphi|| = 0.200401
||BtYp|| = 2.76934
||ru|| = 2.77035
||yu|| = 137.306
||GtYphi|| = 1.79769
||KtYu|| = 12.3231
||rj|| = 13.1444
||yj|| = 0.762334
||rphi|| = 0.00184005
||rp|| = 0.0800333
||y|| = 492.555
FGMRES iteration : 221 || r || = 0.00731057
||xi|| = 448.084
||eta|| = 0.420172
||yp|| = 493.188
||yphi|| = 0.220607
||BtYp|| = 2.82113
||ru|| = 2.82208
||yu|| = 140.875
||GtYphi|| = 1.86477
||KtYu|| = 12.6349
||rj|| = 13.4813
||yj|| = 0.810759
||rphi|| = 0.00198128
||rp|| = 0.0835456
||y|| = 512.914
FGMRES iteration : 222 || r || = 0.00718271
||xi|| = 442.531
||eta|| = 0.337777
||yp|| = 487.114
||yphi|| = 0.302325
||BtYp|| = 2.77745
||ru|| = 2.77842
||yu|| = 149.453
||GtYphi|| = 2.10373
||KtYu|| = 13.1177
||rj|| = 13.9849
||yj|| = 0.806634
||rphi|| = 0.00265429
||rp|| = 0.0855593
||y|| = 509.527
FGMRES iteration : 223 || r || = 0.00711588
||xi|| = 413.859
||eta|| = 0.401849
||yp|| = 455.549
||yphi|| = 0.348038
||BtYp|| = 2.51712
||ru|| = 2.51873
||yu|| = 136.35
||GtYphi|| = 2.14541
||KtYu|| = 12.5271
||rj|| = 13.3907
||yj|| = 0.813937
||rphi|| = 0.00300465
||rp|| = 0.0783769
||y|| = 475.518
FGMRES iteration : 224 || r || = 0.00707885
||xi|| = 404.744
||eta|| = 0.438126
||yp|| = 445.544
||yphi|| = 0.265366
||BtYp|| = 2.50169
||ru|| = 2.50335
||yu|| = 133.821
||GtYphi|| = 1.88484
||KtYu|| = 13.8027
||rj|| = 14.5985
||yj|| = 0.92222
||rphi|| = 0.00230141
||rp|| = 0.073995
||y|| = 465.208
FGMRES iteration : 225 || r || = 0.00705677
||xi|| = 543.473
||eta|| = 0.353779
||yp|| = 598.121
||yphi|| = 0.263648
||BtYp|| = 3.74888
||ru|| = 3.74946
||yu|| = 171.213
||GtYphi|| = 1.91067
||KtYu|| = 13.2006
||rj|| = 13.9513
||yj|| = 0.827729
||rphi|| = 0.00207772
||rp|| = 0.0993936
||y|| = 622.145
FGMRES iteration : 226 || r || = 0.00704643
||xi|| = 453.876
||eta|| = 0.291754
||yp|| = 499.542
||yphi|| = 0.203807
||BtYp|| = 2.94314
||ru|| = 2.94398
||yu|| = 147.608
||GtYphi|| = 1.83646
||KtYu|| = 14.2627
||rj|| = 15.0823
||yj|| = 0.916056
||rphi|| = 0.00168691
||rp|| = 0.0828571
||y|| = 520.895
FGMRES iteration : 227 || r || = 0.00703988
||xi|| = 431.368
||eta|| = 0.292779
||yp|| = 474.775
||yphi|| = 0.261621
||BtYp|| = 2.89711
||ru|| = 2.89769
||yu|| = 140.374
||GtYphi|| = 1.852
||KtYu|| = 13.0563
||rj|| = 13.8357
||yj|| = 0.875018
||rphi|| = 0.00204502
||rp|| = 0.0815377
||y|| = 495.093
FGMRES iteration : 228 || r || = 0.00703617
||xi|| = 398.817
||eta|| = 0.377475
||yp|| = 439.014
||yphi|| = 0.338178
||BtYp|| = 2.2878
||ru|| = 2.28945
||yu|| = 119.857
||GtYphi|| = 2.2863
||KtYu|| = 12.5923
||rj|| = 13.4464
||yj|| = 0.801844
||rphi|| = 0.00259103
||rp|| = 0.0648504
||y|| = 455.082
FGMRES iteration : 229 || r || = 0.00703438
||xi|| = 408.846
||eta|| = 0.329741
||yp|| = 450.03
||yphi|| = 0.191896
||BtYp|| = 2.62973
||ru|| = 2.63128
||yu|| = 129.922
||GtYphi|| = 1.79632
||KtYu|| = 14.0551
||rj|| = 14.9647
||yj|| = 0.951036
||rphi|| = 0.00150278
||rp|| = 0.0738961
||y|| = 468.41
FGMRES iteration : 230 || r || = 0.00703166
||xi|| = 375.208
||eta|| = 0.393884
||yp|| = 413.037
||yphi|| = 0.205794
||BtYp|| = 2.20828
||ru|| = 2.21056
||yu|| = 112.505
||GtYphi|| = 1.9971
||KtYu|| = 12.5792
||rj|| = 13.3932
||yj|| = 0.794454
||rphi|| = 0.00179797
||rp|| = 0.0610213
||y|| = 428.086
FGMRES iteration : 231 || r || = 0.00703086
||xi|| = 394.252
||eta|| = 0.384394
||yp|| = 433.925
||yphi|| = 0.277472
||BtYp|| = 2.34088
||ru|| = 2.34107
||yu|| = 115.65
||GtYphi|| = 1.99221
||KtYu|| = 12.1604
||rj|| = 12.9438
||yj|| = 0.758528
||rphi|| = 0.00258592
||rp|| = 0.0631651
||y|| = 449.073
FGMRES iteration : 232 || r || = 0.0070289
||xi|| = 465.153
||eta|| = 0.281171
||yp|| = 511.978
||yphi|| = 0.213484
||BtYp|| = 3.01679
||ru|| = 3.01896
||yu|| = 144.949
||GtYphi|| = 1.68048
||KtYu|| = 14.9428
||rj|| = 15.8359
||yj|| = 0.989838
||rphi|| = 0.00176812
||rp|| = 0.0782899
||y|| = 532.102
FGMRES iteration : 233 || r || = 0.00700682
||xi|| = 410.26
||eta|| = 0.405037
||yp|| = 451.573
||yphi|| = 0.194436
||BtYp|| = 2.30533
||ru|| = 2.3065
||yu|| = 119.551
||GtYphi|| = 1.92273
||KtYu|| = 12.7301
||rj|| = 13.5355
||yj|| = 0.773662
||rphi|| = 0.00155228
||rp|| = 0.0646727
||y|| = 467.131
FGMRES iteration : 234 || r || = 0.00695333
||xi|| = 434.628
||eta|| = 0.365344
||yp|| = 478.382
||yphi|| = 0.201363
||BtYp|| = 2.83764
||ru|| = 2.84025
||yu|| = 135.952
||GtYphi|| = 1.87782
||KtYu|| = 13.3856
||rj|| = 14.2371
||yj|| = 0.848356
||rphi|| = 0.00158942
||rp|| = 0.0737826
||y|| = 497.326
FGMRES iteration : 235 || r || = 0.00685849
||xi|| = 428.884
||eta|| = 0.282978
||yp|| = 472.042
||yphi|| = 0.23176
||BtYp|| = 2.50239
||ru|| = 2.50321
||yu|| = 119.985
||GtYphi|| = 1.85313
||KtYu|| = 13.4515
||rj|| = 14.3181
||yj|| = 0.899198
||rphi|| = 0.00183868
||rp|| = 0.0653893
||y|| = 487.053
FGMRES iteration : 236 || r || = 0.00661687
||xi|| = 406.759
||eta|| = 0.275332
||yp|| = 447.707
||yphi|| = 0.207833
||BtYp|| = 2.22067
||ru|| = 2.22222
||yu|| = 112.866
||GtYphi|| = 1.98452
||KtYu|| = 12.5069
||rj|| = 13.3973
||yj|| = 0.749861
||rphi|| = 0.00158676
||rp|| = 0.0595935
||y|| = 461.715
FGMRES iteration : 237 || r || = 0.00623468
||xi|| = 395.145
||eta|| = 0.375913
||yp|| = 434.935
||yphi|| = 0.20252
||BtYp|| = 2.38775
||ru|| = 2.38893
||yu|| = 120.141
||GtYphi|| = 1.73842
||KtYu|| = 12.9457
||rj|| = 13.7504
||yj|| = 0.864475
||rphi|| = 0.0016405
||rp|| = 0.0659916
||y|| = 451.224
FGMRES iteration : 238 || r || = 0.0057951
||xi|| = 433.531
||eta|| = 0.355091
||yp|| = 477.127
||yphi|| = 0.267307
||BtYp|| = 2.67161
||ru|| = 2.67282
||yu|| = 128.702
||GtYphi|| = 1.85039
||KtYu|| = 13.9226
||rj|| = 14.7629
||yj|| = 0.910504
||rphi|| = 0.00223723
||rp|| = 0.0700038
||y|| = 494.181
FGMRES iteration : 239 || r || = 0.00538216
||xi|| = 413.816
||eta|| = 0.266412
||yp|| = 455.452
||yphi|| = 0.304697
||BtYp|| = 2.42637
||ru|| = 2.42761
||yu|| = 113.425
||GtYphi|| = 1.89915
||KtYu|| = 11.7621
||rj|| = 12.6243
||yj|| = 0.743866
||rphi|| = 0.00240246
||rp|| = 0.0615657
||y|| = 469.364
FGMRES iteration : 240 || r || = 0.00513459
||xi|| = 419.55
||eta|| = 0.343267
||yp|| = 461.766
||yphi|| = 0.191948
||BtYp|| = 2.61683
||ru|| = 2.61814
||yu|| = 124.804
||GtYphi|| = 1.69681
||KtYu|| = 13.1064
||rj|| = 13.9424
||yj|| = 0.85531
||rphi|| = 0.00172597
||rp|| = 0.0682497
||y|| = 478.335
FGMRES iteration : 241 || r || = 0.00499096
||xi|| = 488.657
||eta|| = 0.409068
||yp|| = 537.797
||yphi|| = 0.220316
||BtYp|| = 3.14651
||ru|| = 3.14724
||yu|| = 153.544
||GtYphi|| = 1.76248
||KtYu|| = 13.7385
||rj|| = 14.5133
||yj|| = 0.896555
||rphi|| = 0.0021192
||rp|| = 0.0844485
||y|| = 559.287
FGMRES iteration : 242 || r || = 0.004918
||xi|| = 416.985
||eta|| = 0.312701
||yp|| = 458.962
||yphi|| = 0.201245
||BtYp|| = 2.38814
||ru|| = 2.38958
||yu|| = 123.28
||GtYphi|| = 1.91884
||KtYu|| = 12.0842
||rj|| = 12.8871
||yj|| = 0.769939
||rphi|| = 0.00202525
||rp|| = 0.0672076
||y|| = 475.231
FGMRES iteration : 243 || r || = 0.00490035
||xi|| = 507.509
||eta|| = 0.364765
||yp|| = 558.555
||yphi|| = 0.188855
||BtYp|| = 3.14484
||ru|| = 3.14594
||yu|| = 150.594
||GtYphi|| = 1.59277
||KtYu|| = 14.5731
||rj|| = 15.4347
||yj|| = 0.942528
||rphi|| = 0.00143901
||rp|| = 0.0826688
||y|| = 578.501
FGMRES iteration : 244 || r || = 0.00488917
||xi|| = 520.859
||eta|| = 0.465222
||yp|| = 573.25
||yphi|| = 0.232013
||BtYp|| = 3.49914
||ru|| = 3.50045
||yu|| = 150.883
||GtYphi|| = 2.03413
||KtYu|| = 13.0664
||rj|| = 13.8715
||yj|| = 0.798954
||rphi|| = 0.00190956
||rp|| = 0.0861169
||y|| = 592.774
FGMRES iteration : 245 || r || = 0.00488171
||xi|| = 483.044
||eta|| = 0.406233
||yp|| = 531.629
||yphi|| = 0.174329
||BtYp|| = 3.05432
||ru|| = 3.05566
||yu|| = 137.498
||GtYphi|| = 1.65121
||KtYu|| = 13.3162
||rj|| = 14.1283
||yj|| = 0.862778
||rphi|| = 0.0012586
||rp|| = 0.078139
||y|| = 549.123
FGMRES iteration : 246 || r || = 0.00487846
||xi|| = 416.005
||eta|| = 0.354615
||yp|| = 457.893
||yphi|| = 0.177326
||BtYp|| = 2.48987
||ru|| = 2.49092
||yu|| = 130.388
||GtYphi|| = 1.82662
||KtYu|| = 13.4269
||rj|| = 14.2968
||yj|| = 0.876628
||rphi|| = 0.00172943
||rp|| = 0.0719541
||y|| = 476.097
FGMRES iteration : 247 || r || = 0.0048772
||xi|| = 403.579
||eta|| = 0.31836
||yp|| = 444.208
||yphi|| = 0.214637
||BtYp|| = 2.37608
||ru|| = 2.37695
||yu|| = 118.828
||GtYphi|| = 1.90236
||KtYu|| = 12.7886
||rj|| = 13.6532
||yj|| = 0.782989
||rphi|| = 0.00168859
||rp|| = 0.0656932
||y|| = 459.828
FGMRES iteration : 248 || r || = 0.00487351
||xi|| = 441.875
||eta|| = 0.308275
||yp|| = 486.349
||yphi|| = 0.244872
||BtYp|| = 2.78809
||ru|| = 2.78967
||yu|| = 130.823
||GtYphi|| = 1.95944
||KtYu|| = 13.1048
||rj|| = 13.9658
||yj|| = 0.870397
||rphi|| = 0.0018718
||rp|| = 0.0742818
||y|| = 503.637
FGMRES iteration : 249 || r || = 0.00487107
||xi|| = 420.833
||eta|| = 0.35533
||yp|| = 463.216
||yphi|| = 0.275152
||BtYp|| = 2.44817
||ru|| = 2.44927
||yu|| = 126.08
||GtYphi|| = 2.21674
||KtYu|| = 13.1006
||rj|| = 14.0322
||yj|| = 0.84671
||rphi|| = 0.00223221
||rp|| = 0.0680228
||y|| = 480.069
FGMRES iteration : 250 || r || = 0.00487066
||xi|| = 440.998
||eta|| = 0.373212
||yp|| = 485.36
||yphi|| = 0.242633
||BtYp|| = 2.78395
||ru|| = 2.78539
||yu|| = 137.949
||GtYphi|| = 2.01143
||KtYu|| = 13.7799
||rj|| = 14.6166
||yj|| = 0.852184
||rphi|| = 0.00192353
||rp|| = 0.0779683
||y|| = 504.584
FGMRES iteration : 251 || r || = 0.00486959
||xi|| = 418.59
||eta|| = 0.379754
||yp|| = 460.747
||yphi|| = 0.243887
||BtYp|| = 2.45832
||ru|| = 2.45996
||yu|| = 131.847
||GtYphi|| = 1.98362
||KtYu|| = 13.6886
||rj|| = 14.5093
||yj|| = 0.893365
||rphi|| = 0.0019223
||rp|| = 0.0712433
||y|| = 479.241
FGMRES iteration : 252 || r || = 0.00486421
||xi|| = 454.406
||eta|| = 0.379995
||yp|| = 500.131
||yphi|| = 0.254775
||BtYp|| = 2.78222
||ru|| = 2.78313
||yu|| = 136.304
||GtYphi|| = 1.84322
||KtYu|| = 13.6386
||rj|| = 14.4657
||yj|| = 0.83415
||rphi|| = 0.00215654
||rp|| = 0.0763511
||y|| = 518.373
FGMRES iteration : 253 || r || = 0.00485018
||xi|| = 420.982
||eta|| = 0.293804
||yp|| = 463.367
||yphi|| = 0.255594
||BtYp|| = 2.42191
||ru|| = 2.42339
||yu|| = 125.918
||GtYphi|| = 1.84719
||KtYu|| = 12.7401
||rj|| = 13.6174
||yj|| = 0.778159
||rphi|| = 0.00200934
||rp|| = 0.0698216
||y|| = 480.172
FGMRES iteration : 254 || r || = 0.00482453
||xi|| = 372.345
||eta|| = 0.370743
||yp|| = 409.883
||yphi|| = 0.208017
||BtYp|| = 2.3692
||ru|| = 2.371
||yu|| = 121.381
||GtYphi|| = 1.71778
||KtYu|| = 13.6751
||rj|| = 14.5192
||yj|| = 0.940244
||rphi|| = 0.00146437
||rp|| = 0.0708093
||y|| = 427.479
FGMRES iteration : 255 || r || = 0.00478715
||xi|| = 440.738
||eta|| = 0.412819
||yp|| = 485.111
||yphi|| = 0.261566
||BtYp|| = 2.38567
||ru|| = 2.38693
||yu|| = 129.531
||GtYphi|| = 2.13644
||KtYu|| = 12.7824
||rj|| = 13.6537
||yj|| = 0.812886
||rphi|| = 0.00199103
||rp|| = 0.0709915
||y|| = 502.108
FGMRES iteration : 256 || r || = 0.00469711
||xi|| = 456.896
||eta|| = 0.40017
||yp|| = 502.897
||yphi|| = 0.26491
||BtYp|| = 2.60912
||ru|| = 2.61131
||yu|| = 137.356
||GtYphi|| = 1.96159
||KtYu|| = 13.4241
||rj|| = 14.23
||yj|| = 0.841602
||rphi|| = 0.0020701
||rp|| = 0.0781466
||y|| = 521.319
FGMRES iteration : 257 || r || = 0.00454692
||xi|| = 379.574
||eta|| = 0.303532
||yp|| = 417.811
||yphi|| = 0.258449
||BtYp|| = 2.26666
||ru|| = 2.26856
||yu|| = 125.179
||GtYphi|| = 1.8217
||KtYu|| = 13.6722
||rj|| = 14.496
||yj|| = 0.907194
||rphi|| = 0.00191733
||rp|| = 0.0702974
||y|| = 436.162
FGMRES iteration : 258 || r || = 0.00433032
||xi|| = 406.031
||eta|| = 0.352678
||yp|| = 446.92
||yphi|| = 0.280649
||BtYp|| = 2.02634
||ru|| = 2.02769
||yu|| = 110.607
||GtYphi|| = 2.13198
||KtYu|| = 11.7798
||rj|| = 12.6206
||yj|| = 0.725821
||rphi|| = 0.00244961
||rp|| = 0.0598571
||y|| = 460.405
FGMRES iteration : 259 || r || = 0.0041612
||xi|| = 402.391
||eta|| = 0.297196
||yp|| = 442.925
||yphi|| = 0.283133
||BtYp|| = 2.4189
||ru|| = 2.42078
||yu|| = 126.653
||GtYphi|| = 2.05522
||KtYu|| = 13.6217
||rj|| = 14.4986
||yj|| = 0.857428
||rphi|| = 0.00212004
||rp|| = 0.0695574
||y|| = 460.678
FGMRES iteration : 260 || r || = 0.00403319
||xi|| = 436.139
||eta|| = 0.330917
||yp|| = 480.042
||yphi|| = 0.156073
||BtYp|| = 2.43695
||ru|| = 2.43891
||yu|| = 132.196
||GtYphi|| = 1.4659
||KtYu|| = 13.6488
||rj|| = 14.4304
||yj|| = 0.891624
||rphi|| = 0.00126564
||rp|| = 0.072603
||y|| = 497.913
FGMRES iteration : 261 || r || = 0.00394897
||xi|| = 440.483
||eta|| = 0.341991
||yp|| = 484.84
||yphi|| = 0.244042
||BtYp|| = 2.77377
||ru|| = 2.77605
||yu|| = 135.695
||GtYphi|| = 1.99349
||KtYu|| = 13.3173
||rj|| = 14.0964
||yj|| = 0.802298
||rphi|| = 0.0018071
||rp|| = 0.0773961
||y|| = 503.472
FGMRES iteration : 262 || r || = 0.00392416
||xi|| = 448.073
||eta|| = 0.327795
||yp|| = 493.186
||yphi|| = 0.235323
||BtYp|| = 2.56729
||ru|| = 2.56833
||yu|| = 140.026
||GtYphi|| = 1.9692
||KtYu|| = 13.9552
||rj|| = 14.8625
||yj|| = 0.870982
||rphi|| = 0.0019043
||rp|| = 0.0763302
||y|| = 512.68
FGMRES iteration : 263 || r || = 0.00391413
||xi|| = 422.477
||eta|| = 0.435789
||yp|| = 465.043
||yphi|| = 0.237953
||BtYp|| = 2.36419
||ru|| = 2.36603
||yu|| = 135.605
||GtYphi|| = 2.04421
||KtYu|| = 13.7366
||rj|| = 14.6041
||yj|| = 0.878768
||rphi|| = 0.00192395
||rp|| = 0.0723213
||y|| = 484.412
FGMRES iteration : 264 || r || = 0.00390458
||xi|| = 386.391
||eta|| = 0.335495
||yp|| = 425.321
||yphi|| = 0.24229
||BtYp|| = 2.20472
||ru|| = 2.20592
||yu|| = 115.981
||GtYphi|| = 2.047
||KtYu|| = 12.6692
||rj|| = 13.5001
||yj|| = 0.757834
||rphi|| = 0.00187964
||rp|| = 0.0622386
||y|| = 440.851
FGMRES iteration : 265 || r || = 0.00390138
||xi|| = 453.999
||eta|| = 0.290603
||yp|| = 499.691
||yphi|| = 0.178751
||BtYp|| = 2.64289
||ru|| = 2.64443
||yu|| = 138.1
||GtYphi|| = 1.76544
||KtYu|| = 13.787
||rj|| = 14.5758
||yj|| = 0.885254
||rphi|| = 0.00148345
||rp|| = 0.0744934
||y|| = 518.424
FGMRES iteration : 266 || r || = 0.00390027
||xi|| = 504.406
||eta|| = 0.409007
||yp|| = 555.159
||yphi|| = 0.223204
||BtYp|| = 3.05819
||ru|| = 3.05941
||yu|| = 159.163
||GtYphi|| = 1.82864
||KtYu|| = 14.6493
||rj|| = 15.3975
||yj|| = 0.953421
||rphi|| = 0.00198035
||rp|| = 0.0853635
||y|| = 577.525
FGMRES iteration : 267 || r || = 0.00389976
||xi|| = 476.525
||eta|| = 0.496986
||yp|| = 524.514
||yphi|| = 0.310673
||BtYp|| = 2.74221
||ru|| = 2.74387
||yu|| = 154.19
||GtYphi|| = 2.10752
||KtYu|| = 13.2768
||rj|| = 13.9908
||yj|| = 0.803504
||rphi|| = 0.00238778
||rp|| = 0.0806825
||y|| = 546.708
FGMRES iteration : 268 || r || = 0.00389968
||xi|| = 496.122
||eta|| = 0.427312
||yp|| = 546.088
||yphi|| = 0.305721
||BtYp|| = 2.95501
||ru|| = 2.95613
||yu|| = 157.371
||GtYphi|| = 1.81614
||KtYu|| = 15.2252
||rj|| = 16.0445
||yj|| = 1.02196
||rphi|| = 0.00227993
||rp|| = 0.0807004
||y|| = 568.312
FGMRES iteration : 269 || r || = 0.00389967
||xi|| = 519.081
||eta|| = 0.411299
||yp|| = 571.352
||yphi|| = 0.28878
||BtYp|| = 2.78789
||ru|| = 2.79039
||yu|| = 142.132
||GtYphi|| = 1.8874
||KtYu|| = 14.2175
||rj|| = 14.9215
||yj|| = 0.874049
||rphi|| = 0.00209144
||rp|| = 0.0717767
||y|| = 588.766
FGMRES iteration : 270 || r || = 0.00389822
||xi|| = 452.394
||eta|| = 0.458273
||yp|| = 497.896
||yphi|| = 0.270153
||BtYp|| = 2.52152
||ru|| = 2.52281
||yu|| = 133.935
||GtYphi|| = 2.28166
||KtYu|| = 13.6162
||rj|| = 14.4976
||yj|| = 0.772041
||rphi|| = 0.00207285
||rp|| = 0.0669617
||y|| = 515.597
FGMRES iteration : 271 || r || = 0.00389571
||xi|| = 457.481
||eta|| = 0.448315
||yp|| = 503.484
||yphi|| = 0.234803
||BtYp|| = 2.92602
||ru|| = 2.92679
||yu|| = 146.83
||GtYphi|| = 1.8453
||KtYu|| = 14.3452
||rj|| = 15.1678
||yj|| = 0.924818
||rphi|| = 0.00178238
||rp|| = 0.080117
||y|| = 524.458
FGMRES iteration : 272 || r || = 0.00388792
||xi|| = 558.115
||eta|| = 0.495065
||yp|| = 614.316
||yphi|| = 0.184627
||BtYp|| = 3.23468
||ru|| = 3.23539
||yu|| = 163.664
||GtYphi|| = 1.88659
||KtYu|| = 14.0698
||rj|| = 14.9136
||yj|| = 0.813168
||rphi|| = 0.0015653
||rp|| = 0.0832404
||y|| = 635.744
FGMRES iteration : 273 || r || = 0.00386038
||xi|| = 457.179
||eta|| = 0.518528
||yp|| = 503.197
||yphi|| = 0.304626
||BtYp|| = 2.58947
||ru|| = 2.59067
||yu|| = 139.329
||GtYphi|| = 2.03641
||KtYu|| = 13.5471
||rj|| = 14.37
||yj|| = 0.854873
||rphi|| = 0.00239823
||rp|| = 0.0727384
||y|| = 522.131
FGMRES iteration : 274 || r || = 0.00380287
||xi|| = 436.09
||eta|| = 0.383458
||yp|| = 480.011
||yphi|| = 0.191867
||BtYp|| = 2.58906
||ru|| = 2.59113
||yu|| = 134.173
||GtYphi|| = 1.68019
||KtYu|| = 14.6487
||rj|| = 15.4427
||yj|| = 0.985277
||rphi|| = 0.00154223
||rp|| = 0.070905
||y|| = 498.412
FGMRES iteration : 275 || r || = 0.0037078
||xi|| = 462.075
||eta|| = 0.472239
||yp|| = 508.612
||yphi|| = 0.210458
||BtYp|| = 2.63724
||ru|| = 2.63775
||yu|| = 134.544
||GtYphi|| = 2.08763
||KtYu|| = 12.6388
||rj|| = 13.5306
||yj|| = 0.770685
||rphi|| = 0.00182257
||rp|| = 0.0699513
||y|| = 526.107
FGMRES iteration : 276 || r || = 0.00352903
||xi|| = 445.945
||eta|| = 0.31678
||yp|| = 490.815
||yphi|| = 0.22411
||BtYp|| = 2.47452
||ru|| = 2.47588
||yu|| = 128.466
||GtYphi|| = 1.79356
||KtYu|| = 13.7112
||rj|| = 14.4795
||yj|| = 0.856904
||rphi|| = 0.00195544
||rp|| = 0.0684682
||y|| = 507.35
FGMRES iteration : 277 || r || = 0.00329009
||xi|| = 458.831
||eta|| = 0.394918
||yp|| = 505.007
||yphi|| = 0.148239
||BtYp|| = 2.86827
||ru|| = 2.86926
||yu|| = 144.342
||GtYphi|| = 1.47632
||KtYu|| = 14.3722
||rj|| = 15.1381
||yj|| = 0.936547
||rphi|| = 0.00122903
||rp|| = 0.0789039
||y|| = 525.231
FGMRES iteration : 278 || r || = 0.00304678
||xi|| = 407.01
||eta|| = 0.413291
||yp|| = 447.982
||yphi|| = 0.233284
||BtYp|| = 2.24224
||ru|| = 2.24309
||yu|| = 116.073
||GtYphi|| = 1.93774
||KtYu|| = 12.026
||rj|| = 12.8623
||yj|| = 0.715993
||rphi|| = 0.00181861
||rp|| = 0.0646684
||y|| = 462.776
FGMRES iteration : 279 || r || = 0.00290334
||xi|| = 411.249
||eta|| = 0.323681
||yp|| = 452.673
||yphi|| = 0.224947
||BtYp|| = 2.40934
||ru|| = 2.41074
||yu|| = 132.106
||GtYphi|| = 1.7225
||KtYu|| = 13.6453
||rj|| = 14.4353
||yj|| = 0.910594
||rphi|| = 0.00204068
||rp|| = 0.0716058
||y|| = 471.557
FGMRES iteration : 280 || r || = 0.00279657
||xi|| = 387.177
||eta|| = 0.310981
||yp|| = 426.151
||yphi|| = 0.164988
||BtYp|| = 2.14936
||ru|| = 2.15055
||yu|| = 118.671
||GtYphi|| = 1.69671
||KtYu|| = 12.6442
||rj|| = 13.3837
||yj|| = 0.823074
||rphi|| = 0.00145427
||rp|| = 0.0617699
||y|| = 442.366
FGMRES iteration : 281 || r || = 0.00275861
||xi|| = 547.117
||eta|| = 0.433434
||yp|| = 602.139
||yphi|| = 0.194456
||BtYp|| = 3.50221
||ru|| = 3.50342
||yu|| = 165.149
||GtYphi|| = 1.9549
||KtYu|| = 13.0012
||rj|| = 13.7938
||yj|| = 0.823556
||rphi|| = 0.00155025
||rp|| = 0.0910435
||y|| = 624.377
FGMRES iteration : 282 || r || = 0.00274761
||xi|| = 496.081
||eta|| = 0.315429
||yp|| = 545.993
||yphi|| = 0.195123
||BtYp|| = 2.9931
||ru|| = 2.99332
||yu|| = 154.458
||GtYphi|| = 1.74031
||KtYu|| = 14.0461
||rj|| = 14.8861
||yj|| = 0.887533
||rphi|| = 0.00150357
||rp|| = 0.0829443
||y|| = 567.42
FGMRES iteration : 283 || r || = 0.00274359
||xi|| = 448.196
||eta|| = 0.335875
||yp|| = 493.33
||yphi|| = 0.234472
||BtYp|| = 2.56058
||ru|| = 2.56196
||yu|| = 142.389
||GtYphi|| = 1.98586
||KtYu|| = 13.9069
||rj|| = 14.7532
||yj|| = 0.849075
||rphi|| = 0.00165588
||rp|| = 0.0765839
||y|| = 513.468
FGMRES iteration : 284 || r || = 0.00274061
||xi|| = 448.178
||eta|| = 0.414447
||yp|| = 493.341
||yphi|| = 0.267226
||BtYp|| = 2.76358
||ru|| = 2.76506
||yu|| = 148.249
||GtYphi|| = 1.73749
||KtYu|| = 13.4225
||rj|| = 14.0991
||yj|| = 0.854237
||rphi|| = 0.00208098
||rp|| = 0.0806691
||y|| = 515.135
FGMRES iteration : 285 || r || = 0.00273863
||xi|| = 477.84
||eta|| = 0.325044
||yp|| = 525.914
||yphi|| = 0.261225
||BtYp|| = 2.97976
||ru|| = 2.98078
||yu|| = 146.317
||GtYphi|| = 1.84487
||KtYu|| = 14.1044
||rj|| = 14.9055
||yj|| = 0.916668
||rphi|| = 0.00191162
||rp|| = 0.0837555
||y|| = 545.889
FGMRES iteration : 286 || r || = 0.00273727
||xi|| = 456.485
||eta|| = 0.441228
||yp|| = 502.493
||yphi|| = 0.265743
||BtYp|| = 2.40802
||ru|| = 2.40914
||yu|| = 135.215
||GtYphi|| = 2.20445
||KtYu|| = 13.6899
||rj|| = 14.59
||yj|| = 0.889241
||rphi|| = 0.00218702
||rp|| = 0.0735852
||y|| = 520.368
FGMRES iteration : 287 || r || = 0.00273485
||xi|| = 408.477
||eta|| = 0.452788
||yp|| = 449.658
||yphi|| = 0.303099
||BtYp|| = 2.48031
||ru|| = 2.48136
||yu|| = 134.324
||GtYphi|| = 1.95446
||KtYu|| = 14.0339
||rj|| = 14.8539
||yj|| = 0.896716
||rphi|| = 0.0022493
||rp|| = 0.0751345
||y|| = 469.293
FGMRES iteration : 288 || r || = 0.00273188
||xi|| = 433.994
||eta|| = 0.482962
||yp|| = 477.71
||yphi|| = 0.189055
||BtYp|| = 2.8283
||ru|| = 2.83004
||yu|| = 147.366
||GtYphi|| = 1.76112
||KtYu|| = 13.916
||rj|| = 14.6322
||yj|| = 0.903638
||rphi|| = 0.00166257
||rp|| = 0.0846024
||y|| = 499.924
FGMRES iteration : 289 || r || = 0.00272973
||xi|| = 429.584
||eta|| = 0.390275
||yp|| = 472.92
||yphi|| = 0.181424
||BtYp|| = 2.55377
||ru|| = 2.55516
||yu|| = 152.402
||GtYphi|| = 1.89792
||KtYu|| = 13.4422
||rj|| = 14.2339
||yj|| = 0.84696
||rphi|| = 0.00155511
||rp|| = 0.0833794
||y|| = 496.871
FGMRES iteration : 290 || r || = 0.00272667
||xi|| = 469.024
||eta|| = 0.373972
||yp|| = 516.288
||yphi|| = 0.206469
||BtYp|| = 2.86034
||ru|| = 2.86226
||yu|| = 164.431
||GtYphi|| = 1.78091
||KtYu|| = 14.5874
||rj|| = 15.429
||yj|| = 0.936848
||rphi|| = 0.00158671
||rp|| = 0.0910271
||y|| = 541.841
FGMRES iteration : 291 || r || = 0.00271711
||xi|| = 422.769
||eta|| = 0.407976
||yp|| = 465.379
||yphi|| = 0.202346
||BtYp|| = 2.54688
||ru|| = 2.54722
||yu|| = 133.108
||GtYphi|| = 1.98646
||KtYu|| = 13.3832
||rj|| = 14.2091
||yj|| = 0.861266
||rphi|| = 0.00152287
||rp|| = 0.0751714
||y|| = 484.042
FGMRES iteration : 292 || r || = 0.00269443
||xi|| = 394.88
||eta|| = 0.293659
||yp|| = 434.662
||yphi|| = 0.183869
||BtYp|| = 2.28132
||ru|| = 2.28279
||yu|| = 120.835
||GtYphi|| = 1.82591
||KtYu|| = 13.6283
||rj|| = 14.3938
||yj|| = 0.827571
||rphi|| = 0.00150084
||rp|| = 0.0672683
||y|| = 451.147
FGMRES iteration : 293 || r || = 0.00264695
||xi|| = 472.738
||eta|| = 0.340671
||yp|| = 520.37
||yphi|| = 0.169841
||BtYp|| = 2.98497
||ru|| = 2.98612
||yu|| = 158.282
||GtYphi|| = 1.55501
||KtYu|| = 14.2403
||rj|| = 15.0043
||yj|| = 0.933992
||rphi|| = 0.00128051
||rp|| = 0.0873857
||y|| = 543.911
FGMRES iteration : 294 || r || = 0.00253365
||xi|| = 461.733
||eta|| = 0.395513
||yp|| = 508.253
||yphi|| = 0.196502
||BtYp|| = 2.58511
||ru|| = 2.58694
||yu|| = 146.286
||GtYphi|| = 1.80581
||KtYu|| = 13.219
||rj|| = 14.013
||yj|| = 0.817411
||rphi|| = 0.00153325
||rp|| = 0.0781906
||y|| = 528.887
FGMRES iteration : 295 || r || = 0.00235757
||xi|| = 426.351
||eta|| = 0.463332
||yp|| = 469.33
||yphi|| = 0.18937
||BtYp|| = 2.52773
||ru|| = 2.52812
||yu|| = 147.011
||GtYphi|| = 1.70645
||KtYu|| = 13.6094
||rj|| = 14.3955
||yj|| = 0.84306
||rphi|| = 0.00167889
||rp|| = 0.0766282
||y|| = 491.817
FGMRES iteration : 296 || r || = 0.00215502
||xi|| = 456.253
||eta|| = 0.302989
||yp|| = 502.199
||yphi|| = 0.163392
||BtYp|| = 2.79751
||ru|| = 2.79839
||yu|| = 144.819
||GtYphi|| = 1.48111
||KtYu|| = 13.3617
||rj|| = 14.1226
||yj|| = 0.85897
||rphi|| = 0.00135281
||rp|| = 0.0820267
||y|| = 522.663
FGMRES iteration : 297 || r || = 0.00198509
FGMRES iteration : 297 || r || = 0.00198509
Relative L2 Norm for current density: 0.00365193
Relative L2 Norm for electric potential: 0.00259268
Relative L2 Norm for velocity: 0.000579097
Relative L2 Norm for pressure: 0.00138134
Time step 4, time = 0.2, time elapsed = 1134.69
FGMRES iteration : 0 || r || = 20.6177
||xi|| = 0.341278
||eta|| = 0.000468867
||yp|| = 0.375721
||yphi|| = 0.000216375
||BtYp|| = 0.00172244
||ru|| = 0.999998
||yu|| = 1.32327
||GtYphi|| = 0.00209141
||KtYu|| = 0.207809
||rj|| = 0.207888
||yj|| = 0.00969638
||rphi|| = 1.87594e-06
||rp|| = 5.5436e-05
||y|| = 1.37561
FGMRES iteration : 1 || r || = 1.88454
||xi|| = 46.5843
||eta|| = 0.543432
||yp|| = 51.7427
||yphi|| = 0.970548
||BtYp|| = 0.194655
||ru|| = 0.194903
||yu|| = 13.567
||GtYphi|| = 3.23751
||KtYu|| = 2.22178
||rj|| = 4.19312
||yj|| = 0.155781
||rphi|| = 0.00622792
||rp|| = 0.00819396
||y|| = 53.5008
FGMRES iteration : 2 || r || = 1.5034
||xi|| = 147.909
||eta|| = 0.311849
||yp|| = 162.805
||yphi|| = 0.305429
||BtYp|| = 0.891993
||ru|| = 0.892646
||yu|| = 50.5481
||GtYphi|| = 1.55841
||KtYu|| = 5.53293
||rj|| = 6.14204
||yj|| = 0.353837
||rphi|| = 0.00183265
||rp|| = 0.0260231
||y|| = 170.472
FGMRES iteration : 3 || r || = 1.4042
||xi|| = 436.475
||eta|| = 0.258068
||yp|| = 480.391
||yphi|| = 0.219129
||BtYp|| = 2.72502
||ru|| = 2.72621
||yu|| = 149.302
||GtYphi|| = 1.08484
||KtYu|| = 14.5206
||rj|| = 15.3237
||yj|| = 0.882173
||rphi|| = 0.00157959
||rp|| = 0.0771492
||y|| = 503.058
FGMRES iteration : 4 || r || = 1.34615
||xi|| = 396.468
||eta|| = 0.217886
||yp|| = 436.357
||yphi|| = 0.402406
||BtYp|| = 2.49077
||ru|| = 2.49174
||yu|| = 131.839
||GtYphi|| = 2.21853
||KtYu|| = 12.6196
||rj|| = 13.4753
||yj|| = 0.691451
||rphi|| = 0.00311724
||rp|| = 0.0686578
||y|| = 455.839
FGMRES iteration : 5 || r || = 1.22152
||xi|| = 242.734
||eta|| = 0.391238
||yp|| = 267.285
||yphi|| = 0.664334
||BtYp|| = 1.33617
||ru|| = 1.33767
||yu|| = 91.8918
||GtYphi|| = 2.412
||KtYu|| = 11.759
||rj|| = 12.7002
||yj|| = 0.765327
||rphi|| = 0.00524135
||rp|| = 0.0446775
||y|| = 282.642
FGMRES iteration : 6 || r || = 1.00757
||xi|| = 315.304
||eta|| = 0.341285
||yp|| = 347.05
||yphi|| = 0.290242
||BtYp|| = 2.10289
||ru|| = 2.10394
||yu|| = 108.75
||GtYphi|| = 1.76859
||KtYu|| = 11.3183
||rj|| = 12.1402
||yj|| = 0.78742
||rphi|| = 0.00218681
||rp|| = 0.0588776
||y|| = 363.691
FGMRES iteration : 7 || r || = 0.893703
||xi|| = 348
||eta|| = 0.270523
||yp|| = 382.988
||yphi|| = 0.242098
||BtYp|| = 2.34244
||ru|| = 2.34345
||yu|| = 115.492
||GtYphi|| = 1.03129
||KtYu|| = 11.3925
||rj|| = 12.1238
||yj|| = 0.765104
||rphi|| = 0.00199933
||rp|| = 0.0637735
||y|| = 400.024
FGMRES iteration : 8 || r || = 0.874708
||xi|| = 334.475
||eta|| = 0.377044
||yp|| = 368.129
||yphi|| = 0.343033
||BtYp|| = 2.32938
||ru|| = 2.33023
||yu|| = 120.18
||GtYphi|| = 2.16026
||KtYu|| = 11.1777
||rj|| = 12.0828
||yj|| = 0.670262
||rphi|| = 0.0029467
||rp|| = 0.0674432
||y|| = 387.25
FGMRES iteration : 9 || r || = 0.873717
||xi|| = 395.525
||eta|| = 0.307612
||yp|| = 435.305
||yphi|| = 0.250111
||BtYp|| = 2.71858
||ru|| = 2.71978
||yu|| = 142.207
||GtYphi|| = 1.70356
||KtYu|| = 14.0032
||rj|| = 14.9029
||yj|| = 0.919105
||rphi|| = 0.00212868
||rp|| = 0.0790723
||y|| = 457.946
FGMRES iteration : 10 || r || = 0.867721
||xi|| = 368.078
||eta|| = 0.205259
||yp|| = 405.103
||yphi|| = 0.830929
||BtYp|| = 2.22251
||ru|| = 2.22348
||yu|| = 103.29
||GtYphi|| = 2.96202
||KtYu|| = 10.3315
||rj|| = 11.3027
||yj|| = 0.688659
||rphi|| = 0.00620052
||rp|| = 0.0568798
||y|| = 418.065
FGMRES iteration : 11 || r || = 0.864313
||xi|| = 364.137
||eta|| = 0.308029
||yp|| = 400.775
||yphi|| = 1.13017
||BtYp|| = 2.56544
||ru|| = 2.56661
||yu|| = 122.96
||GtYphi|| = 3.26211
||KtYu|| = 12.1931
||rj|| = 13.229
||yj|| = 0.88323
||rphi|| = 0.00889259
||rp|| = 0.0694833
||y|| = 419.216
FGMRES iteration : 12 || r || = 0.863094
||xi|| = 400.172
||eta|| = 0.247266
||yp|| = 440.348
||yphi|| = 0.719464
||BtYp|| = 2.85046
||ru|| = 2.85132
||yu|| = 133.147
||GtYphi|| = 2.25063
||KtYu|| = 11.8802
||rj|| = 12.7607
||yj|| = 0.76705
||rphi|| = 0.00580655
||rp|| = 0.0790468
||y|| = 460.039
FGMRES iteration : 13 || r || = 0.833091
||xi|| = 387.509
||eta|| = 0.215763
||yp|| = 426.452
||yphi|| = 0.468245
||BtYp|| = 2.78828
||ru|| = 2.78906
||yu|| = 127.291
||GtYphi|| = 1.90462
||KtYu|| = 11.4289
||rj|| = 12.2713
||yj|| = 0.722555
||rphi|| = 0.00364281
||rp|| = 0.0739597
||y|| = 445.045
FGMRES iteration : 14 || r || = 0.801971
||xi|| = 438.559
||eta|| = 0.285444
||yp|| = 482.652
||yphi|| = 0.613331
||BtYp|| = 3.0186
||ru|| = 3.01961
||yu|| = 141.977
||GtYphi|| = 2.13737
||KtYu|| = 12.7077
||rj|| = 13.6304
||yj|| = 0.864552
||rphi|| = 0.00441952
||rp|| = 0.0798939
||y|| = 503.102
FGMRES iteration : 15 || r || = 0.770092
||xi|| = 358.422
||eta|| = 0.282435
||yp|| = 394.518
||yphi|| = 0.669601
||BtYp|| = 2.40901
||ru|| = 2.41003
||yu|| = 119.668
||GtYphi|| = 2.56568
||KtYu|| = 11.9441
||rj|| = 12.9377
||yj|| = 0.802931
||rphi|| = 0.0047003
||rp|| = 0.0666826
||y|| = 412.269
FGMRES iteration : 16 || r || = 0.756531
||xi|| = 463.984
||eta|| = 0.240547
||yp|| = 510.589
||yphi|| = 0.3213
||BtYp|| = 3.44508
||ru|| = 3.44594
||yu|| = 152.919
||GtYphi|| = 2.08042
||KtYu|| = 12.8703
||rj|| = 13.7171
||yj|| = 0.854213
||rphi|| = 0.00275754
||rp|| = 0.0892686
||y|| = 532.998
FGMRES iteration : 17 || r || = 0.754743
||xi|| = 369.872
||eta|| = 0.229591
||yp|| = 407.086
||yphi|| = 0.379965
||BtYp|| = 2.49412
||ru|| = 2.49553
||yu|| = 118.008
||GtYphi|| = 1.7872
||KtYu|| = 12.2765
||rj|| = 13.1917
||yj|| = 0.881507
||rphi|| = 0.00289056
||rp|| = 0.0673615
||y|| = 423.846
FGMRES iteration : 18 || r || = 0.75142
||xi|| = 354.168
||eta|| = 0.263298
||yp|| = 389.77
||yphi|| = 0.363104
||BtYp|| = 2.38239
||ru|| = 2.38325
||yu|| = 113.073
||GtYphi|| = 1.78583
||KtYu|| = 11.5132
||rj|| = 12.2895
||yj|| = 0.761559
||rphi|| = 0.00264112
||rp|| = 0.0638101
||y|| = 405.841
FGMRES iteration : 19 || r || = 0.74294
||xi|| = 375.606
||eta|| = 0.248069
||yp|| = 413.42
||yphi|| = 0.35874
||BtYp|| = 2.63611
||ru|| = 2.63763
||yu|| = 126.914
||GtYphi|| = 1.64833
||KtYu|| = 12.4604
||rj|| = 13.2959
||yj|| = 0.865084
||rphi|| = 0.00285112
||rp|| = 0.0742252
||y|| = 432.463
FGMRES iteration : 20 || r || = 0.725167
||xi|| = 450.637
||eta|| = 0.271392
||yp|| = 495.915
||yphi|| = 0.731514
||BtYp|| = 3.49858
||ru|| = 3.49916
||yu|| = 158.063
||GtYphi|| = 2.30477
||KtYu|| = 13.1693
||rj|| = 14.0745
||yj|| = 0.905716
||rphi|| = 0.00592872
||rp|| = 0.0960697
||y|| = 520.496
FGMRES iteration : 21 || r || = 0.714626
||xi|| = 298.456
||eta|| = 0.226263
||yp|| = 328.51
||yphi|| = 0.236604
||BtYp|| = 2.1275
||ru|| = 2.12878
||yu|| = 106.979
||GtYphi|| = 1.79802
||KtYu|| = 11.1833
||rj|| = 12.0468
||yj|| = 0.718921
||rphi|| = 0.00173999
||rp|| = 0.0632997
||y|| = 345.491
FGMRES iteration : 22 || r || = 0.699917
||xi|| = 445.635
||eta|| = 0.237311
||yp|| = 490.422
||yphi|| = 0.231236
||BtYp|| = 3.34112
||ru|| = 3.34197
||yu|| = 146.252
||GtYphi|| = 1.64383
||KtYu|| = 13.3332
||rj|| = 14.1662
||yj|| = 0.91152
||rphi|| = 0.00164129
||rp|| = 0.0870256
||y|| = 511.765
FGMRES iteration : 23 || r || = 0.692596
||xi|| = 421.45
||eta|| = 0.297707
||yp|| = 463.817
||yphi|| = 0.311814
||BtYp|| = 3.07893
||ru|| = 3.07983
||yu|| = 131.518
||GtYphi|| = 1.88824
||KtYu|| = 11.567
||rj|| = 12.4261
||yj|| = 0.772701
||rphi|| = 0.00229632
||rp|| = 0.0784376
||y|| = 482.104
FGMRES iteration : 24 || r || = 0.67002
||xi|| = 433.013
||eta|| = 0.28981
||yp|| = 476.538
||yphi|| = 0.30073
||BtYp|| = 3.08964
||ru|| = 3.09029
||yu|| = 131.538
||GtYphi|| = 1.91985
||KtYu|| = 12.7012
||rj|| = 13.6363
||yj|| = 0.837489
||rphi|| = 0.00233893
||rp|| = 0.0769008
||y|| = 494.36
FGMRES iteration : 25 || r || = 0.613465
||xi|| = 549.448
||eta|| = 0.291015
||yp|| = 604.637
||yphi|| = 0.18082
||BtYp|| = 4.14479
||ru|| = 4.14562
||yu|| = 169.982
||GtYphi|| = 1.77282
||KtYu|| = 13.9802
||rj|| = 14.7869
||yj|| = 0.893436
||rphi|| = 0.0014595
||rp|| = 0.102337
||y|| = 628.077
FGMRES iteration : 26 || r || = 0.517427
||xi|| = 379.479
||eta|| = 0.253306
||yp|| = 417.656
||yphi|| = 0.213203
||BtYp|| = 2.47679
||ru|| = 2.47784
||yu|| = 115.902
||GtYphi|| = 1.62181
||KtYu|| = 12.1574
||rj|| = 12.9698
||yj|| = 0.821556
||rphi|| = 0.00156528
||rp|| = 0.0684609
||y|| = 433.44
FGMRES iteration : 27 || r || = 0.452423
||xi|| = 331.013
||eta|| = 0.239702
||yp|| = 364.305
||yphi|| = 0.223644
||BtYp|| = 2.29906
||ru|| = 2.29975
||yu|| = 101.981
||GtYphi|| = 1.84902
||KtYu|| = 10.1933
||rj|| = 11.0061
||yj|| = 0.691689
||rphi|| = 0.00173768
||rp|| = 0.0614513
||y|| = 378.31
FGMRES iteration : 28 || r || = 0.411827
||xi|| = 566.699
||eta|| = 0.255223
||yp|| = 623.606
||yphi|| = 0.161446
||BtYp|| = 4.31256
||ru|| = 4.31328
||yu|| = 174.622
||GtYphi|| = 1.30043
||KtYu|| = 13.2913
||rj|| = 14.0959
||yj|| = 0.892909
||rphi|| = 0.00133819
||rp|| = 0.108579
||y|| = 647.594
FGMRES iteration : 29 || r || = 0.378049
||xi|| = 415.771
||eta|| = 0.259074
||yp|| = 457.553
||yphi|| = 0.314016
||BtYp|| = 3.03531
||ru|| = 3.03606
||yu|| = 126.66
||GtYphi|| = 1.80997
||KtYu|| = 11.1212
||rj|| = 11.9463
||yj|| = 0.71562
||rphi|| = 0.00231604
||rp|| = 0.0780849
||y|| = 474.762
FGMRES iteration : 30 || r || = 0.364619
||xi|| = 376.425
||eta|| = 0.278389
||yp|| = 414.256
||yphi|| = 0.26006
||BtYp|| = 2.62065
||ru|| = 2.62163
||yu|| = 116.352
||GtYphi|| = 2.10733
||KtYu|| = 12.1152
||rj|| = 13.0086
||yj|| = 0.78377
||rphi|| = 0.0019381
||rp|| = 0.06952
||y|| = 430.286
FGMRES iteration : 31 || r || = 0.354728
||xi|| = 488.849
||eta|| = 0.348431
||yp|| = 537.977
||yphi|| = 0.266607
||BtYp|| = 3.607
||ru|| = 3.60792
||yu|| = 155.337
||GtYphi|| = 1.85496
||KtYu|| = 13.0438
||rj|| = 13.948
||yj|| = 0.83602
||rphi|| = 0.00196979
||rp|| = 0.0948942
||y|| = 559.955
FGMRES iteration : 32 || r || = 0.34532
||xi|| = 424.072
||eta|| = 0.283761
||yp|| = 466.674
||yphi|| = 0.213811
||BtYp|| = 3.39943
||ru|| = 3.39987
||yu|| = 145.577
||GtYphi|| = 1.60346
||KtYu|| = 11.3721
||rj|| = 12.1974
||yj|| = 0.709628
||rphi|| = 0.00148049
||rp|| = 0.0894682
||y|| = 488.853
FGMRES iteration : 33 || r || = 0.337812
||xi|| = 404.12
||eta|| = 0.229992
||yp|| = 444.728
||yphi|| = 0.326507
||BtYp|| = 3.10757
||ru|| = 3.10857
||yu|| = 132.135
||GtYphi|| = 1.62577
||KtYu|| = 11.781
||rj|| = 12.6447
||yj|| = 0.795977
||rphi|| = 0.00240127
||rp|| = 0.0806208
||y|| = 463.943
FGMRES iteration : 34 || r || = 0.332368
||xi|| = 448.428
||eta|| = 0.210462
||yp|| = 493.48
||yphi|| = 0.115811
||BtYp|| = 3.34194
||ru|| = 3.34261
||yu|| = 143.767
||GtYphi|| = 1.25842
||KtYu|| = 12.2676
||rj|| = 12.9996
||yj|| = 0.818638
||rphi|| = 0.000840925
||rp|| = 0.0856053
||y|| = 513.996
FGMRES iteration : 35 || r || = 0.329125
||xi|| = 423.05
||eta|| = 0.241442
||yp|| = 465.544
||yphi|| = 0.278556
||BtYp|| = 3.17298
||ru|| = 3.17369
||yu|| = 134.289
||GtYphi|| = 1.86688
||KtYu|| = 11.5121
||rj|| = 12.3947
||yj|| = 0.714177
||rphi|| = 0.00218461
||rp|| = 0.0808467
||y|| = 484.526
FGMRES iteration : 36 || r || = 0.327385
||xi|| = 440.007
||eta|| = 0.254639
||yp|| = 484.195
||yphi|| = 0.348065
||BtYp|| = 3.31184
||ru|| = 3.3126
||yu|| = 140.925
||GtYphi|| = 2.06293
||KtYu|| = 12.1202
||rj|| = 13.0104
||yj|| = 0.800008
||rphi|| = 0.00279067
||rp|| = 0.0851785
||y|| = 504.287
FGMRES iteration : 37 || r || = 0.326988
||xi|| = 505.22
||eta|| = 0.295147
||yp|| = 555.963
||yphi|| = 0.179457
||BtYp|| = 3.91981
||ru|| = 3.92043
||yu|| = 169.872
||GtYphi|| = 1.66023
||KtYu|| = 13.3717
||rj|| = 14.2708
||yj|| = 0.817058
||rphi|| = 0.00162115
||rp|| = 0.10272
||y|| = 581.336
FGMRES iteration : 38 || r || = 0.326962
||xi|| = 460.449
||eta|| = 0.346787
||yp|| = 506.687
||yphi|| = 0.467329
||BtYp|| = 3.62541
||ru|| = 3.62631
||yu|| = 154.677
||GtYphi|| = 2.14735
||KtYu|| = 11.2622
||rj|| = 12.026
||yj|| = 0.719653
||rphi|| = 0.00366428
||rp|| = 0.0945291
||y|| = 529.771
FGMRES iteration : 39 || r || = 0.326798
||xi|| = 516.28
||eta|| = 0.277005
||yp|| = 568.152
||yphi|| = 0.35219
||BtYp|| = 3.71814
||ru|| = 3.71894
||yu|| = 167.85
||GtYphi|| = 1.76652
||KtYu|| = 12.4218
||rj|| = 13.2937
||yj|| = 0.815435
||rphi|| = 0.00300561
||rp|| = 0.0970626
||y|| = 592.429
FGMRES iteration : 40 || r || = 0.326676
||xi|| = 482.194
||eta|| = 0.270744
||yp|| = 530.657
||yphi|| = 0.263463
||BtYp|| = 3.44384
||ru|| = 3.44467
||yu|| = 153.01
||GtYphi|| = 1.70293
||KtYu|| = 12.7589
||rj|| = 13.5884
||yj|| = 0.82896
||rphi|| = 0.00253912
||rp|| = 0.0887023
||y|| = 552.277
FGMRES iteration : 41 || r || = 0.325895
||xi|| = 397.775
||eta|| = 0.219965
||yp|| = 437.721
||yphi|| = 0.338796
||BtYp|| = 2.9764
||ru|| = 2.97721
||yu|| = 125.652
||GtYphi|| = 1.92584
||KtYu|| = 11.528
||rj|| = 12.3147
||yj|| = 0.77639
||rphi|| = 0.00317014
||rp|| = 0.0744792
||y|| = 455.4
FGMRES iteration : 42 || r || = 0.323256
||xi|| = 424.214
||eta|| = 0.258395
||yp|| = 466.829
||yphi|| = 0.302912
||BtYp|| = 3.05467
||ru|| = 3.05551
||yu|| = 134.792
||GtYphi|| = 1.75424
||KtYu|| = 11.9269
||rj|| = 12.8003
||yj|| = 0.764954
||rphi|| = 0.00279548
||rp|| = 0.0783445
||y|| = 485.9
FGMRES iteration : 43 || r || = 0.317328
||xi|| = 499.219
||eta|| = 0.249488
||yp|| = 549.348
||yphi|| = 0.17688
||BtYp|| = 3.67283
||ru|| = 3.67335
||yu|| = 158.8
||GtYphi|| = 1.63985
||KtYu|| = 12.1726
||rj|| = 13.0012
||yj|| = 0.756287
||rphi|| = 0.00150069
||rp|| = 0.0912236
||y|| = 571.841
FGMRES iteration : 44 || r || = 0.315096
||xi|| = 550.351
||eta|| = 0.279793
||yp|| = 605.623
||yphi|| = 0.204972
||BtYp|| = 4.0863
||ru|| = 4.08697
||yu|| = 170.187
||GtYphi|| = 1.64463
||KtYu|| = 12.0613
||rj|| = 12.7351
||yj|| = 0.723712
||rphi|| = 0.00152564
||rp|| = 0.0982956
||y|| = 629.082
FGMRES iteration : 45 || r || = 0.314993
||xi|| = 436.598
||eta|| = 0.26838
||yp|| = 480.497
||yphi|| = 0.3466
||BtYp|| = 3.00622
||ru|| = 3.00699
||yu|| = 138.606
||GtYphi|| = 1.96878
||KtYu|| = 12.6332
||rj|| = 13.5304
||yj|| = 0.84795
||rphi|| = 0.00285103
||rp|| = 0.0763926
||y|| = 500.09
FGMRES iteration : 46 || r || = 0.314836
||xi|| = 391.236
||eta|| = 0.265481
||yp|| = 430.553
||yphi|| = 0.267668
||BtYp|| = 2.68541
||ru|| = 2.68625
||yu|| = 124.587
||GtYphi|| = 2.23687
||KtYu|| = 12.0151
||rj|| = 12.9167
||yj|| = 0.766144
||rphi|| = 0.00238599
||rp|| = 0.0692692
||y|| = 448.217
FGMRES iteration : 47 || r || = 0.314077
||xi|| = 455.403
||eta|| = 0.237676
||yp|| = 501.166
||yphi|| = 0.231934
||BtYp|| = 3.19074
||ru|| = 3.19154
||yu|| = 144.98
||GtYphi|| = 1.74533
||KtYu|| = 13.2957
||rj|| = 14.081
||yj|| = 0.841218
||rphi|| = 0.00214792
||rp|| = 0.0811128
||y|| = 521.716
FGMRES iteration : 48 || r || = 0.310439
||xi|| = 354.045
||eta|| = 0.22272
||yp|| = 389.666
||yphi|| = 0.454047
||BtYp|| = 2.32523
||ru|| = 2.32609
||yu|| = 112.824
||GtYphi|| = 2.58058
||KtYu|| = 11.7715
||rj|| = 12.7013
||yj|| = 0.819374
||rphi|| = 0.00405612
||rp|| = 0.0638695
||y|| = 405.672
FGMRES iteration : 49 || r || = 0.29565
||xi|| = 391.894
||eta|| = 0.249901
||yp|| = 431.325
||yphi|| = 0.417407
||BtYp|| = 2.43775
||ru|| = 2.43905
||yu|| = 119.925
||GtYphi|| = 2.18774
||KtYu|| = 12.646
||rj|| = 13.5116
||yj|| = 0.844072
||rphi|| = 0.00388299
||rp|| = 0.067062
||y|| = 447.688
FGMRES iteration : 50 || r || = 0.264149
||xi|| = 405.797
||eta|| = 0.279226
||yp|| = 446.62
||yphi|| = 0.446449
||BtYp|| = 2.78856
||ru|| = 2.78936
||yu|| = 128.114
||GtYphi|| = 2.11294
||KtYu|| = 11.8237
||rj|| = 12.7034
||yj|| = 0.787565
||rphi|| = 0.00413145
||rp|| = 0.073542
||y|| = 464.632
FGMRES iteration : 51 || r || = 0.22835
||xi|| = 361.519
||eta|| = 0.263301
||yp|| = 397.88
||yphi|| = 0.413394
||BtYp|| = 2.50019
||ru|| = 2.50131
||yu|| = 123.132
||GtYphi|| = 2.05971
||KtYu|| = 12.2011
||rj|| = 13.0479
||yj|| = 0.814834
||rphi|| = 0.00402949
||rp|| = 0.0709544
||y|| = 416.498
FGMRES iteration : 52 || r || = 0.206135
||xi|| = 309.005
||eta|| = 0.23756
||yp|| = 340.119
||yphi|| = 0.347101
||BtYp|| = 2.04592
||ru|| = 2.0471
||yu|| = 109.098
||GtYphi|| = 1.88649
||KtYu|| = 11.681
||rj|| = 12.575
||yj|| = 0.760603
||rphi|| = 0.00305195
||rp|| = 0.0622001
||y|| = 357.189
FGMRES iteration : 53 || r || = 0.19262
||xi|| = 368.764
||eta|| = 0.270659
||yp|| = 405.865
||yphi|| = 0.210624
||BtYp|| = 2.42704
||ru|| = 2.42818
||yu|| = 124.187
||GtYphi|| = 1.72443
||KtYu|| = 12.5653
||rj|| = 13.4203
||yj|| = 0.824288
||rphi|| = 0.0018224
||rp|| = 0.0695184
||y|| = 424.44
FGMRES iteration : 54 || r || = 0.180769
||xi|| = 377.093
||eta|| = 0.255019
||yp|| = 415.018
||yphi|| = 0.291248
||BtYp|| = 2.58359
||ru|| = 2.58471
||yu|| = 123.967
||GtYphi|| = 2.28696
||KtYu|| = 12.5914
||rj|| = 13.4689
||yj|| = 0.846999
||rphi|| = 0.00249072
||rp|| = 0.0714536
||y|| = 433.138
FGMRES iteration : 55 || r || = 0.169209
||xi|| = 360.894
||eta|| = 0.233616
||yp|| = 397.211
||yphi|| = 0.466374
||BtYp|| = 2.41435
||ru|| = 2.41542
||yu|| = 114.838
||GtYphi|| = 2.44242
||KtYu|| = 11.75
||rj|| = 12.7109
||yj|| = 0.784779
||rphi|| = 0.00422002
||rp|| = 0.0654546
||y|| = 413.479
FGMRES iteration : 56 || r || = 0.156287
||xi|| = 373.347
||eta|| = 0.241714
||yp|| = 410.91
||yphi|| = 0.55146
||BtYp|| = 2.41353
||ru|| = 2.41435
||yu|| = 113.942
||GtYphi|| = 2.47906
||KtYu|| = 11.0616
||rj|| = 11.9075
||yj|| = 0.718996
||rphi|| = 0.00505333
||rp|| = 0.0630918
||y|| = 426.416
FGMRES iteration : 57 || r || = 0.15198
||xi|| = 368.213
||eta|| = 0.228777
||yp|| = 405.26
||yphi|| = 0.45033
||BtYp|| = 2.37785
||ru|| = 2.37929
||yu|| = 118.25
||GtYphi|| = 2.1452
||KtYu|| = 13.0579
||rj|| = 13.9458
||yj|| = 0.853895
||rphi|| = 0.00440566
||rp|| = 0.0650941
||y|| = 422.16
FGMRES iteration : 58 || r || = 0.151065
||xi|| = 352.242
||eta|| = 0.267324
||yp|| = 387.703
||yphi|| = 0.551177
||BtYp|| = 2.27523
||ru|| = 2.27627
||yu|| = 111.397
||GtYphi|| = 2.81493
||KtYu|| = 11.8754
||rj|| = 12.8033
||yj|| = 0.768863
||rphi|| = 0.00479417
||rp|| = 0.0633934
||y|| = 403.39
FGMRES iteration : 59 || r || = 0.150469
||xi|| = 323.953
||eta|| = 0.221478
||yp|| = 356.568
||yphi|| = 0.362707
||BtYp|| = 1.99988
||ru|| = 2.00131
||yu|| = 104.238
||GtYphi|| = 2.57063
||KtYu|| = 12.4993
||rj|| = 13.4762
||yj|| = 0.843866
||rphi|| = 0.00338011
||rp|| = 0.0581138
||y|| = 371.493
FGMRES iteration : 60 || r || = 0.149357
||xi|| = 369.33
||eta|| = 0.271995
||yp|| = 406.487
||yphi|| = 0.327059
||BtYp|| = 2.4968
||ru|| = 2.49787
||yu|| = 117.248
||GtYphi|| = 2.52138
||KtYu|| = 11.984
||rj|| = 12.9472
||yj|| = 0.800981
||rphi|| = 0.00289975
||rp|| = 0.0662528
||y|| = 423.06
FGMRES iteration : 61 || r || = 0.146923
||xi|| = 379.979
||eta|| = 0.298776
||yp|| = 418.201
||yphi|| = 0.323328
||BtYp|| = 2.54094
||ru|| = 2.54222
||yu|| = 123.817
||GtYphi|| = 2.27284
||KtYu|| = 12.5485
||rj|| = 13.455
||yj|| = 0.838292
||rphi|| = 0.00294041
||rp|| = 0.0694574
||y|| = 436.146
FGMRES iteration : 62 || r || = 0.144363
||xi|| = 366.049
||eta|| = 0.296726
||yp|| = 402.854
||yphi|| = 0.352978
||BtYp|| = 2.48085
||ru|| = 2.48183
||yu|| = 118.6
||GtYphi|| = 2.39734
||KtYu|| = 11.7544
||rj|| = 12.6947
||yj|| = 0.77029
||rphi|| = 0.0032402
||rp|| = 0.066838
||y|| = 419.95
FGMRES iteration : 63 || r || = 0.143637
||xi|| = 347.811
||eta|| = 0.311996
||yp|| = 382.846
||yphi|| = 0.251932
||BtYp|| = 2.29971
||ru|| = 2.30077
||yu|| = 123.209
||GtYphi|| = 1.69066
||KtYu|| = 12.5326
||rj|| = 13.3178
||yj|| = 0.776365
||rphi|| = 0.00215536
||rp|| = 0.0676752
||y|| = 402.184
FGMRES iteration : 64 || r || = 0.143604
||xi|| = 403.162
||eta|| = 0.262895
||yp|| = 443.718
||yphi|| = 0.351813
||BtYp|| = 2.70325
||ru|| = 2.70418
||yu|| = 126.937
||GtYphi|| = 2.39052
||KtYu|| = 12.1516
||rj|| = 13.0521
||yj|| = 0.784349
||rphi|| = 0.0031702
||rp|| = 0.0702868
||y|| = 461.518
FGMRES iteration : 65 || r || = 0.143603
||xi|| = 441.51
||eta|| = 0.240146
||yp|| = 485.928
||yphi|| = 0.295346
||BtYp|| = 2.89839
||ru|| = 2.89947
||yu|| = 136.146
||GtYphi|| = 1.94298
||KtYu|| = 13.4532
||rj|| = 14.3735
||yj|| = 0.881653
||rphi|| = 0.00243869
||rp|| = 0.074715
||y|| = 504.641
FGMRES iteration : 66 || r || = 0.1431
||xi|| = 407.946
||eta|| = 0.296899
||yp|| = 448.969
||yphi|| = 0.326996
||BtYp|| = 2.7909
||ru|| = 2.79237
||yu|| = 126.623
||GtYphi|| = 2.57844
||KtYu|| = 11.9294
||rj|| = 12.8977
||yj|| = 0.786641
||rphi|| = 0.00299119
||rp|| = 0.0723392
||y|| = 466.484
FGMRES iteration : 67 || r || = 0.141938
||xi|| = 414.309
||eta|| = 0.34446
||yp|| = 455.96
||yphi|| = 0.310102
||BtYp|| = 2.92776
||ru|| = 2.92897
||yu|| = 138.978
||GtYphi|| = 2.38143
||KtYu|| = 12.9033
||rj|| = 13.851
||yj|| = 0.848808
||rphi|| = 0.00272925
||rp|| = 0.0795799
||y|| = 476.671
FGMRES iteration : 68 || r || = 0.140568
||xi|| = 439.228
||eta|| = 0.355423
||yp|| = 483.403
||yphi|| = 0.409834
||BtYp|| = 3.08984
||ru|| = 3.09074
||yu|| = 146.715
||GtYphi|| = 2.44151
||KtYu|| = 12.5244
||rj|| = 13.4677
||yj|| = 0.780547
||rphi|| = 0.00325315
||rp|| = 0.0835156
||y|| = 505.177
FGMRES iteration : 69 || r || = 0.139011
||xi|| = 438.864
||eta|| = 0.294452
||yp|| = 483.01
||yphi|| = 0.370852
||BtYp|| = 3.08256
||ru|| = 3.08331
||yu|| = 145.058
||GtYphi|| = 2.16352
||KtYu|| = 12.9019
||rj|| = 13.7976
||yj|| = 0.831255
||rphi|| = 0.0027958
||rp|| = 0.0826962
||y|| = 504.322
FGMRES iteration : 70 || r || = 0.137092
||xi|| = 418.888
||eta|| = 0.313641
||yp|| = 461.013
||yphi|| = 0.339192
||BtYp|| = 2.96594
||ru|| = 2.9669
||yu|| = 135.592
||GtYphi|| = 1.79515
||KtYu|| = 11.924
||rj|| = 12.761
||yj|| = 0.773682
||rphi|| = 0.00254345
||rp|| = 0.0771188
||y|| = 480.54
FGMRES iteration : 71 || r || = 0.134967
||xi|| = 453.768
||eta|| = 0.305694
||yp|| = 499.361
||yphi|| = 0.282289
||BtYp|| = 3.23124
||ru|| = 3.23186
||yu|| = 143.232
||GtYphi|| = 1.80794
||KtYu|| = 12.4835
||rj|| = 13.3545
||yj|| = 0.821477
||rphi|| = 0.00220509
||rp|| = 0.082528
||y|| = 519.498
FGMRES iteration : 72 || r || = 0.13133
||xi|| = 453.394
||eta|| = 0.23268
||yp|| = 498.941
||yphi|| = 0.231251
||BtYp|| = 3.21271
||ru|| = 3.21336
||yu|| = 137.96
||GtYphi|| = 1.56439
||KtYu|| = 11.2853
||rj|| = 12.0871
||yj|| = 0.731434
||rphi|| = 0.0020081
||rp|| = 0.0809322
||y|| = 517.663
FGMRES iteration : 73 || r || = 0.125586
||xi|| = 447.781
||eta|| = 0.260259
||yp|| = 492.758
||yphi|| = 0.393503
||BtYp|| = 3.24122
||ru|| = 3.24182
||yu|| = 142.838
||GtYphi|| = 2.19018
||KtYu|| = 12.4869
||rj|| = 13.3906
||yj|| = 0.756639
||rphi|| = 0.00287914
||rp|| = 0.0843727
||y|| = 513.044
FGMRES iteration : 74 || r || = 0.119422
||xi|| = 507.065
||eta|| = 0.269784
||yp|| = 557.96
||yphi|| = 0.436149
||BtYp|| = 3.87253
||ru|| = 3.87344
||yu|| = 164.02
||GtYphi|| = 1.73244
||KtYu|| = 13.6374
||rj|| = 14.559
||yj|| = 0.897548
||rphi|| = 0.0033053
||rp|| = 0.101058
||y|| = 581.569
FGMRES iteration : 75 || r || = 0.102427
||xi|| = 446.234
||eta|| = 0.225056
||yp|| = 491.061
||yphi|| = 0.179607
||BtYp|| = 3.37356
||ru|| = 3.37331
||yu|| = 144.728
||GtYphi|| = 1.73764
||KtYu|| = 11.8548
||rj|| = 12.5752
||yj|| = 0.750573
||rphi|| = 0.00141544
||rp|| = 0.0864575
||y|| = 511.945
FGMRES iteration : 76 || r || = 0.0922512
||xi|| = 549.836
||eta|| = 0.256629
||yp|| = 605.038
||yphi|| = 0.1518
||BtYp|| = 4.35144
||ru|| = 4.35223
||yu|| = 181.117
||GtYphi|| = 1.54124
||KtYu|| = 13.2496
||rj|| = 14.1278
||yj|| = 0.829993
||rphi|| = 0.00115519
||rp|| = 0.111958
||y|| = 631.566
FGMRES iteration : 77 || r || = 0.0835328
||xi|| = 476.53
||eta|| = 0.215962
||yp|| = 524.375
||yphi|| = 0.145772
||BtYp|| = 3.72044
||ru|| = 3.72111
||yu|| = 155.599
||GtYphi|| = 1.4649
||KtYu|| = 11.8728
||rj|| = 12.6536
||yj|| = 0.781009
||rphi|| = 0.00105088
||rp|| = 0.0971106
||y|| = 546.974
FGMRES iteration : 78 || r || = 0.0776677
||xi|| = 428.238
||eta|| = 0.288938
||yp|| = 471.272
||yphi|| = 0.180543
||BtYp|| = 3.16907
||ru|| = 3.16942
||yu|| = 140.089
||GtYphi|| = 1.84089
||KtYu|| = 11.494
||rj|| = 12.2137
||yj|| = 0.7023
||rphi|| = 0.00137665
||rp|| = 0.0834294
||y|| = 491.653
FGMRES iteration : 79 || r || = 0.0759117
||xi|| = 511.223
||eta|| = 0.238713
||yp|| = 562.547
||yphi|| = 0.215146
||BtYp|| = 3.88436
||ru|| = 3.88522
||yu|| = 165.979
||GtYphi|| = 1.54553
||KtYu|| = 13.7426
||rj|| = 14.6672
||yj|| = 0.871948
||rphi|| = 0.00176219
||rp|| = 0.100767
||y|| = 586.523
FGMRES iteration : 80 || r || = 0.0747396
||xi|| = 507.491
||eta|| = 0.27688
||yp|| = 558.447
||yphi|| = 0.191227
||BtYp|| = 3.92189
||ru|| = 3.92268
||yu|| = 163.711
||GtYphi|| = 1.93791
||KtYu|| = 12.1207
||rj|| = 12.9195
||yj|| = 0.788313
||rphi|| = 0.00152197
||rp|| = 0.100237
||y|| = 581.95
FGMRES iteration : 81 || r || = 0.0739984
||xi|| = 410.38
||eta|| = 0.252845
||yp|| = 451.654
||yphi|| = 0.159425
||BtYp|| = 2.89538
||ru|| = 2.89646
||yu|| = 130.583
||GtYphi|| = 1.41607
||KtYu|| = 12.5032
||rj|| = 13.322
||yj|| = 0.7826
||rphi|| = 0.00134304
||rp|| = 0.0767483
||y|| = 470.153
FGMRES iteration : 82 || r || = 0.0731564
||xi|| = 462.943
||eta|| = 0.229921
||yp|| = 509.459
||yphi|| = 0.258128
||BtYp|| = 3.55111
||ru|| = 3.55197
||yu|| = 151.405
||GtYphi|| = 1.55687
||KtYu|| = 12.5559
||rj|| = 13.4056
||yj|| = 0.809991
||rphi|| = 0.00199212
||rp|| = 0.0918794
||y|| = 531.481
FGMRES iteration : 83 || r || = 0.0724044
||xi|| = 514.736
||eta|| = 0.276075
||yp|| = 566.418
||yphi|| = 0.182643
||BtYp|| = 3.91218
||ru|| = 3.91279
||yu|| = 164.46
||GtYphi|| = 1.58789
||KtYu|| = 12.2449
||rj|| = 13.0413
||yj|| = 0.707331
||rphi|| = 0.00131732
||rp|| = 0.0990284
||y|| = 589.811
FGMRES iteration : 84 || r || = 0.0721298
||xi|| = 471.601
||eta|| = 0.322349
||yp|| = 519
||yphi|| = 0.17313
||BtYp|| = 3.40711
||ru|| = 3.4076
||yu|| = 152.093
||GtYphi|| = 1.84669
||KtYu|| = 12.8666
||rj|| = 13.7128
||yj|| = 0.822908
||rphi|| = 0.00131554
||rp|| = 0.0896526
||y|| = 540.827
FGMRES iteration : 85 || r || = 0.0719383
||xi|| = 468.736
||eta|| = 0.306173
||yp|| = 515.86
||yphi|| = 0.165174
||BtYp|| = 3.26152
||ru|| = 3.26239
||yu|| = 146.543
||GtYphi|| = 1.94374
||KtYu|| = 13.1482
||rj|| = 14.0154
||yj|| = 0.852345
||rphi|| = 0.00131464
||rp|| = 0.0855718
||y|| = 536.271
FGMRES iteration : 86 || r || = 0.0717844
||xi|| = 397.601
||eta|| = 0.242588
||yp|| = 437.576
||yphi|| = 0.192483
||BtYp|| = 2.77874
||ru|| = 2.77962
||yu|| = 126.014
||GtYphi|| = 1.71488
||KtYu|| = 12.3749
||rj|| = 13.2238
||yj|| = 0.74899
||rphi|| = 0.00146417
||rp|| = 0.0726202
||y|| = 455.361
FGMRES iteration : 87 || r || = 0.0717034
||xi|| = 475.565
||eta|| = 0.228391
||yp|| = 523.339
||yphi|| = 0.190857
||BtYp|| = 3.50944
||ru|| = 3.51022
||yu|| = 154.493
||GtYphi|| = 1.61303
||KtYu|| = 12.1179
||rj|| = 12.8491
||yj|| = 0.768717
||rphi|| = 0.00139887
||rp|| = 0.0907333
||y|| = 545.667
FGMRES iteration : 88 || r || = 0.0716913
||xi|| = 462.95
||eta|| = 0.252388
||yp|| = 509.513
||yphi|| = 0.171185
||BtYp|| = 3.22029
||ru|| = 3.2213
||yu|| = 150.258
||GtYphi|| = 1.5049
||KtYu|| = 13.6823
||rj|| = 14.5601
||yj|| = 0.859958
||rphi|| = 0.00132091
||rp|| = 0.0837403
||y|| = 531.208
FGMRES iteration : 89 || r || = 0.0716857
||xi|| = 363.25
||eta|| = 0.237652
||yp|| = 399.792
||yphi|| = 0.171687
||BtYp|| = 2.37647
||ru|| = 2.3774
||yu|| = 116.893
||GtYphi|| = 1.85753
||KtYu|| = 10.9074
||rj|| = 11.684
||yj|| = 0.689389
||rphi|| = 0.00144557
||rp|| = 0.0646861
||y|| = 416.531
FGMRES iteration : 90 || r || = 0.0716816
||xi|| = 427.348
||eta|| = 0.272244
||yp|| = 470.317
||yphi|| = 0.177808
||BtYp|| = 2.85687
||ru|| = 2.85757
||yu|| = 135.049
||GtYphi|| = 1.48182
||KtYu|| = 13.5744
||rj|| = 14.4199
||yj|| = 0.874774
||rphi|| = 0.00131405
||rp|| = 0.0753275
||y|| = 489.323
FGMRES iteration : 91 || r || = 0.0715502
||xi|| = 361.719
||eta|| = 0.230996
||yp|| = 398.114
||yphi|| = 0.264059
||BtYp|| = 2.36808
||ru|| = 2.36925
||yu|| = 114.085
||GtYphi|| = 1.89808
||KtYu|| = 12.2236
||rj|| = 13.0931
||yj|| = 0.785882
||rphi|| = 0.00201079
||rp|| = 0.0642074
||y|| = 414.138
FGMRES iteration : 92 || r || = 0.0712315
||xi|| = 439.13
||eta|| = 0.226646
||yp|| = 483.276
||yphi|| = 0.21017
||BtYp|| = 2.86354
||ru|| = 2.86453
||yu|| = 136.978
||GtYphi|| = 1.72918
||KtYu|| = 12.3957
||rj|| = 13.1927
||yj|| = 0.73453
||rphi|| = 0.00180852
||rp|| = 0.0739297
||y|| = 502.314
FGMRES iteration : 93 || r || = 0.0704797
||xi|| = 448.82
||eta|| = 0.259822
||yp|| = 493.937
||yphi|| = 0.17846
||BtYp|| = 3.01028
||ru|| = 3.0111
||yu|| = 142.757
||GtYphi|| = 1.8533
||KtYu|| = 13.3668
||rj|| = 14.2213
||yj|| = 0.851813
||rphi|| = 0.00148585
||rp|| = 0.0816151
||y|| = 514.153
FGMRES iteration : 94 || r || = 0.0693304
||xi|| = 467.437
||eta|| = 0.2411
||yp|| = 514.415
||yphi|| = 0.208109
||BtYp|| = 3.14703
||ru|| = 3.14806
||yu|| = 145.691
||GtYphi|| = 1.68608
||KtYu|| = 12.9214
||rj|| = 13.723
||yj|| = 0.771823
||rphi|| = 0.00177383
||rp|| = 0.0822387
||y|| = 534.649
FGMRES iteration : 95 || r || = 0.0680856
||xi|| = 474.685
||eta|| = 0.30189
||yp|| = 522.401
||yphi|| = 0.439315
||BtYp|| = 3.34257
||ru|| = 3.3427
||yu|| = 152.177
||GtYphi|| = 2.02271
||KtYu|| = 12.8709
||rj|| = 13.6503
||yj|| = 0.787773
||rphi|| = 0.00332143
||rp|| = 0.0865585
||y|| = 544.115
FGMRES iteration : 96 || r || = 0.0666453
||xi|| = 423.018
||eta|| = 0.222938
||yp|| = 465.549
||yphi|| = 0.171457
||BtYp|| = 2.71264
||ru|| = 2.71367
||yu|| = 132.555
||GtYphi|| = 1.64729
||KtYu|| = 12.8562
||rj|| = 13.6957
||yj|| = 0.826576
||rphi|| = 0.00133774
||rp|| = 0.0738138
||y|| = 484.054
FGMRES iteration : 97 || r || = 0.0634777
||xi|| = 443.775
||eta|| = 0.28142
||yp|| = 488.419
||yphi|| = 0.179689
||BtYp|| = 2.86373
||ru|| = 2.86452
||yu|| = 135.977
||GtYphi|| = 1.67264
||KtYu|| = 12.9195
||rj|| = 13.7272
||yj|| = 0.817595
||rphi|| = 0.0014213
||rp|| = 0.0756736
||y|| = 506.994
FGMRES iteration : 98 || r || = 0.0594491
||xi|| = 381.444
||eta|| = 0.283005
||yp|| = 419.807
||yphi|| = 0.321575
||BtYp|| = 2.63645
||ru|| = 2.63757
||yu|| = 122.559
||GtYphi|| = 1.89915
||KtYu|| = 11.7788
||rj|| = 12.6207
||yj|| = 0.732633
||rphi|| = 0.00251676
||rp|| = 0.072138
||y|| = 437.332
FGMRES iteration : 99 || r || = 0.0561327
||xi|| = 463.742
||eta|| = 0.29244
||yp|| = 510.336
||yphi|| = 0.18216
||BtYp|| = 3.15962
||ru|| = 3.16067
||yu|| = 146.947
||GtYphi|| = 1.54272
||KtYu|| = 13.7586
||rj|| = 14.6329
||yj|| = 0.859037
||rphi|| = 0.00146302
||rp|| = 0.0833438
||y|| = 531.072
FGMRES iteration : 100 || r || = 0.0503228
||xi|| = 403.029
||eta|| = 0.253422
||yp|| = 443.55
||yphi|| = 0.206571
||BtYp|| = 2.71926
||ru|| = 2.72001
||yu|| = 125.469
||GtYphi|| = 1.86585
||KtYu|| = 11.0748
||rj|| = 11.8915
||yj|| = 0.664626
||rphi|| = 0.00158291
||rp|| = 0.0720128
||y|| = 460.955
FGMRES iteration : 101 || r || = 0.0459647
||xi|| = 458.172
||eta|| = 0.227962
||yp|| = 504.2
||yphi|| = 0.235624
||BtYp|| = 3.33144
||ru|| = 3.33279
||yu|| = 149.941
||GtYphi|| = 1.61973
||KtYu|| = 12.9876
||rj|| = 13.8087
||yj|| = 0.848782
||rphi|| = 0.00191695
||rp|| = 0.0875205
||y|| = 526.024
FGMRES iteration : 102 || r || = 0.0438653
||xi|| = 461.66
||eta|| = 0.251512
||yp|| = 508.046
||yphi|| = 0.136404
||BtYp|| = 3.32658
||ru|| = 3.32746
||yu|| = 149.521
||GtYphi|| = 1.5881
||KtYu|| = 13.1331
||rj|| = 13.961
||yj|| = 0.843837
||rphi|| = 0.00102554
||rp|| = 0.0860821
||y|| = 529.592
FGMRES iteration : 103 || r || = 0.0428226
||xi|| = 420.209
||eta|| = 0.241593
||yp|| = 462.455
||yphi|| = 0.182912
||BtYp|| = 2.64581
||ru|| = 2.6465
||yu|| = 122.885
||GtYphi|| = 1.91427
||KtYu|| = 11.4414
||rj|| = 12.2453
||yj|| = 0.704505
||rphi|| = 0.00152966
||rp|| = 0.0704309
||y|| = 478.504
FGMRES iteration : 104 || r || = 0.0425043
||xi|| = 490.387
||eta|| = 0.256173
||yp|| = 539.641
||yphi|| = 0.196714
||BtYp|| = 3.62741
||ru|| = 3.62918
||yu|| = 163.464
||GtYphi|| = 1.63264
||KtYu|| = 14.2083
||rj|| = 15.0474
||yj|| = 0.911031
||rphi|| = 0.00176782
||rp|| = 0.0945167
||y|| = 563.856
FGMRES iteration : 105 || r || = 0.0423419
||xi|| = 391.134
||eta|| = 0.275313
||yp|| = 430.469
||yphi|| = 0.260619
||BtYp|| = 2.48676
||ru|| = 2.48754
||yu|| = 122.141
||GtYphi|| = 2.08351
||KtYu|| = 12.1487
||rj|| = 12.9881
||yj|| = 0.741085
||rphi|| = 0.00207923
||rp|| = 0.0677814
||y|| = 447.463
FGMRES iteration : 106 || r || = 0.0422739
||xi|| = 438.3
||eta|| = 0.333921
||yp|| = 482.411
||yphi|| = 0.182225
||BtYp|| = 2.73164
||ru|| = 2.73312
||yu|| = 135.623
||GtYphi|| = 1.91521
||KtYu|| = 13.2837
||rj|| = 14.0501
||yj|| = 0.880237
||rphi|| = 0.00149013
||rp|| = 0.0735696
||y|| = 501.113
FGMRES iteration : 107 || r || = 0.0422392
||xi|| = 415.622
||eta|| = 0.274116
||yp|| = 457.457
||yphi|| = 0.14019
||BtYp|| = 2.67379
||ru|| = 2.67501
||yu|| = 132.65
||GtYphi|| = 1.63067
||KtYu|| = 13.7419
||rj|| = 14.5416
||yj|| = 0.917617
||rphi|| = 0.00117517
||rp|| = 0.0724775
||y|| = 476.302
FGMRES iteration : 108 || r || = 0.042162
||xi|| = 430.15
||eta|| = 0.248173
||yp|| = 473.41
||yphi|| = 0.220414
||BtYp|| = 2.93286
||ru|| = 2.93399
||yu|| = 131.388
||GtYphi|| = 1.94931
||KtYu|| = 12.2122
||rj|| = 13.1027
||yj|| = 0.730035
||rphi|| = 0.00179501
||rp|| = 0.075526
||y|| = 491.305
FGMRES iteration : 109 || r || = 0.0421096
||xi|| = 325.931
||eta|| = 0.241118
||yp|| = 358.765
||yphi|| = 0.196761
||BtYp|| = 1.89187
||ru|| = 1.8933
||yu|| = 100.187
||GtYphi|| = 1.99398
||KtYu|| = 12.0944
||rj|| = 13.0206
||yj|| = 0.775067
||rphi|| = 0.00139896
||rp|| = 0.0556619
||y|| = 372.492
FGMRES iteration : 110 || r || = 0.0420811
||xi|| = 369.541
||eta|| = 0.225399
||yp|| = 406.755
||yphi|| = 0.293178
||BtYp|| = 2.21925
||ru|| = 2.22058
||yu|| = 113.198
||GtYphi|| = 1.95913
||KtYu|| = 12.7869
||rj|| = 13.6666
||yj|| = 0.87564
||rphi|| = 0.00235692
||rp|| = 0.0639209
||y|| = 422.214
FGMRES iteration : 111 || r || = 0.0420576
||xi|| = 377.714
||eta|| = 0.302303
||yp|| = 415.77
||yphi|| = 0.280132
||BtYp|| = 2.27969
||ru|| = 2.28125
||yu|| = 120.274
||GtYphi|| = 1.99745
||KtYu|| = 12.4911
||rj|| = 13.3444
||yj|| = 0.810873
||rphi|| = 0.00221181
||rp|| = 0.0667116
||y|| = 432.818
FGMRES iteration : 112 || r || = 0.0420456
||xi|| = 349.033
||eta|| = 0.27117
||yp|| = 384.197
||yphi|| = 0.2964
||BtYp|| = 2.24129
||ru|| = 2.24261
||yu|| = 116.511
||GtYphi|| = 1.87155
||KtYu|| = 12.7453
||rj|| = 13.5762
||yj|| = 0.857775
||rphi|| = 0.00228553
||rp|| = 0.0683977
||y|| = 401.476
FGMRES iteration : 113 || r || = 0.0420249
||xi|| = 348.282
||eta|| = 0.300004
||yp|| = 383.375
||yphi|| = 0.219603
||BtYp|| = 2.2785
||ru|| = 2.28003
||yu|| = 119.663
||GtYphi|| = 1.82514
||KtYu|| = 13.5946
||rj|| = 14.4632
||yj|| = 0.913191
||rphi|| = 0.00189143
||rp|| = 0.0684346
||y|| = 401.617
FGMRES iteration : 114 || r || = 0.0419957
||xi|| = 409.098
||eta|| = 0.268151
||yp|| = 450.28
||yphi|| = 0.187491
||BtYp|| = 2.55339
||ru|| = 2.55294
||yu|| = 127.502
||GtYphi|| = 1.82761
||KtYu|| = 12.1601
||rj|| = 12.966
||yj|| = 0.723963
||rphi|| = 0.00147831
||rp|| = 0.0674582
||y|| = 467.985
FGMRES iteration : 115 || r || = 0.0419524
||xi|| = 418.645
||eta|| = 0.281776
||yp|| = 460.79
||yphi|| = 0.309449
||BtYp|| = 2.82674
||ru|| = 2.82781
||yu|| = 135.383
||GtYphi|| = 1.81671
||KtYu|| = 12.6121
||rj|| = 13.4814
||yj|| = 0.827617
||rphi|| = 0.00246342
||rp|| = 0.0780311
||y|| = 480.268
FGMRES iteration : 116 || r || = 0.0418634
||xi|| = 438.151
||eta|| = 0.257359
||yp|| = 482.243
||yphi|| = 0.221539
||BtYp|| = 2.78598
||ru|| = 2.78695
||yu|| = 144.594
||GtYphi|| = 1.75258
||KtYu|| = 13.8652
||rj|| = 14.7027
||yj|| = 0.881803
||rphi|| = 0.00178366
||rp|| = 0.0783081
||y|| = 503.455
FGMRES iteration : 117 || r || = 0.041399
||xi|| = 421.573
||eta|| = 0.286444
||yp|| = 464.018
||yphi|| = 0.34026
||BtYp|| = 2.5214
||ru|| = 2.52224
||yu|| = 123.486
||GtYphi|| = 2.20511
||KtYu|| = 11.8416
||rj|| = 12.7534
||yj|| = 0.7283
||rphi|| = 0.00268778
||rp|| = 0.0679798
||y|| = 480.169
FGMRES iteration : 118 || r || = 0.0402566
||xi|| = 401.062
||eta|| = 0.259571
||yp|| = 441.445
||yphi|| = 0.288262
||BtYp|| = 2.5671
||ru|| = 2.5684
||yu|| = 126.221
||GtYphi|| = 2.04447
||KtYu|| = 13.6389
||rj|| = 14.5843
||yj|| = 0.911649
||rphi|| = 0.00229818
||rp|| = 0.0736731
||y|| = 459.136
FGMRES iteration : 119 || r || = 0.0377113
||xi|| = 350.546
||eta|| = 0.324782
||yp|| = 385.838
||yphi|| = 0.24307
||BtYp|| = 2.15226
||ru|| = 2.15292
||yu|| = 108.556
||GtYphi|| = 1.75543
||KtYu|| = 11.8629
||rj|| = 12.699
||yj|| = 0.770714
||rphi|| = 0.00208623
||rp|| = 0.0627103
||y|| = 400.819
FGMRES iteration : 120 || r || = 0.0348789
||xi|| = 333.11
||eta|| = 0.274897
||yp|| = 366.658
||yphi|| = 0.35781
||BtYp|| = 2.12519
||ru|| = 2.12676
||yu|| = 111.515
||GtYphi|| = 1.99273
||KtYu|| = 11.9061
||rj|| = 12.7798
||yj|| = 0.755187
||rphi|| = 0.00285299
||rp|| = 0.0633575
||y|| = 383.242
FGMRES iteration : 121 || r || = 0.0333335
||xi|| = 409.013
||eta|| = 0.265782
||yp|| = 450.198
||yphi|| = 0.304986
||BtYp|| = 2.55111
||ru|| = 2.55245
||yu|| = 130.353
||GtYphi|| = 1.69168
||KtYu|| = 12.9751
||rj|| = 13.8508
||yj|| = 0.868422
||rphi|| = 0.00232453
||rp|| = 0.0736882
||y|| = 468.69
FGMRES iteration : 122 || r || = 0.0323742
||xi|| = 394.846
||eta|| = 0.30551
||yp|| = 434.625
||yphi|| = 0.263135
||BtYp|| = 2.59521
||ru|| = 2.59663
||yu|| = 130.977
||GtYphi|| = 1.96281
||KtYu|| = 12.4825
||rj|| = 13.3527
||yj|| = 0.816012
||rphi|| = 0.00214635
||rp|| = 0.0738495
||y|| = 453.933
FGMRES iteration : 123 || r || = 0.0317964
||xi|| = 383.512
||eta|| = 0.248454
||yp|| = 422.122
||yphi|| = 0.363397
||BtYp|| = 2.38195
||ru|| = 2.38301
||yu|| = 122.527
||GtYphi|| = 2.00791
||KtYu|| = 12.1167
||rj|| = 13.0119
||yj|| = 0.793441
||rphi|| = 0.00301307
||rp|| = 0.0681014
||y|| = 439.546
FGMRES iteration : 124 || r || = 0.0315485
||xi|| = 385.66
||eta|| = 0.279973
||yp|| = 424.511
||yphi|| = 0.294933
||BtYp|| = 2.46203
||ru|| = 2.46331
||yu|| = 125.3
||GtYphi|| = 1.83598
||KtYu|| = 12.9554
||rj|| = 13.8256
||yj|| = 0.857154
||rphi|| = 0.00235513
||rp|| = 0.0685844
||y|| = 442.618
FGMRES iteration : 125 || r || = 0.031457
||xi|| = 426.234
||eta|| = 0.296195
||yp|| = 469.111
||yphi|| = 0.455357
||BtYp|| = 2.72014
||ru|| = 2.72125
||yu|| = 131.483
||GtYphi|| = 2.00402
||KtYu|| = 12.8245
||rj|| = 13.659
||yj|| = 0.780977
||rphi|| = 0.00332136
||rp|| = 0.0723748
||y|| = 487.189
FGMRES iteration : 126 || r || = 0.0314269
||xi|| = 401.434
||eta|| = 0.219571
||yp|| = 441.835
||yphi|| = 0.290514
||BtYp|| = 2.46322
||ru|| = 2.46409
||yu|| = 121.97
||GtYphi|| = 2.00226
||KtYu|| = 13.1895
||rj|| = 14.0503
||yj|| = 0.838597
||rphi|| = 0.00224105
||rp|| = 0.0639875
||y|| = 458.362
FGMRES iteration : 127 || r || = 0.0314098
||xi|| = 424.438
||eta|| = 0.232442
||yp|| = 467.142
||yphi|| = 0.323329
||BtYp|| = 2.6258
||ru|| = 2.62639
||yu|| = 125.757
||GtYphi|| = 2.10653
||KtYu|| = 12.4093
||rj|| = 13.3223
||yj|| = 0.789561
||rphi|| = 0.002539
||rp|| = 0.0676963
||y|| = 483.774
FGMRES iteration : 128 || r || = 0.0314049
||xi|| = 457.957
||eta|| = 0.227621
||yp|| = 504
||yphi|| = 0.305798
||BtYp|| = 3.0243
||ru|| = 3.02457
||yu|| = 140.241
||GtYphi|| = 2.16023
||KtYu|| = 13.6889
||rj|| = 14.6717
||yj|| = 0.840248
||rphi|| = 0.0021864
||rp|| = 0.0764132
||y|| = 523.148
FGMRES iteration : 129 || r || = 0.0314036
||xi|| = 433.054
||eta|| = 0.244858
||yp|| = 476.6
||yphi|| = 0.31044
||BtYp|| = 2.82796
||ru|| = 2.82919
||yu|| = 127.605
||GtYphi|| = 2.07622
||KtYu|| = 13.1316
||rj|| = 13.9955
||yj|| = 0.84764
||rphi|| = 0.00239494
||rp|| = 0.0724323
||y|| = 493.388
FGMRES iteration : 130 || r || = 0.0314033
||xi|| = 434.125
||eta|| = 0.266738
||yp|| = 477.78
||yphi|| = 0.408277
||BtYp|| = 3.01915
||ru|| = 3.02029
||yu|| = 131.855
||GtYphi|| = 2.32887
||KtYu|| = 12.3042
||rj|| = 13.2647
||yj|| = 0.776826
||rphi|| = 0.00326441
||rp|| = 0.0774419
||y|| = 495.642
FGMRES iteration : 131 || r || = 0.031402
||xi|| = 478.221
||eta|| = 0.308485
||yp|| = 526.288
||yphi|| = 0.288228
||BtYp|| = 3.32179
||ru|| = 3.32273
||yu|| = 151.41
||GtYphi|| = 2.14848
||KtYu|| = 12.9211
||rj|| = 13.7953
||yj|| = 0.823833
||rphi|| = 0.00235983
||rp|| = 0.087524
||y|| = 547.635
FGMRES iteration : 132 || r || = 0.0313924
||xi|| = 477.688
||eta|| = 0.26988
||yp|| = 525.716
||yphi|| = 0.288895
||BtYp|| = 3.23268
||ru|| = 3.23374
||yu|| = 144.962
||GtYphi|| = 1.89406
||KtYu|| = 14.0369
||rj|| = 14.9281
||yj|| = 0.887405
||rphi|| = 0.00217806
||rp|| = 0.0842619
||y|| = 545.336
FGMRES iteration : 133 || r || = 0.0313683
||xi|| = 427.29
||eta|| = 0.253018
||yp|| = 470.27
||yphi|| = 0.316469
||BtYp|| = 2.91322
||ru|| = 2.91406
||yu|| = 131.754
||GtYphi|| = 2.12842
||KtYu|| = 12.2444
||rj|| = 13.1742
||yj|| = 0.781306
||rphi|| = 0.00242692
||rp|| = 0.0774418
||y|| = 488.379
FGMRES iteration : 134 || r || = 0.0312651
||xi|| = 483.492
||eta|| = 0.291863
||yp|| = 532.094
||yphi|| = 0.261016
||BtYp|| = 3.47968
||ru|| = 3.48089
||yu|| = 151.423
||GtYphi|| = 2.02469
||KtYu|| = 13.1758
||rj|| = 13.9986
||yj|| = 0.826827
||rphi|| = 0.00208701
||rp|| = 0.0895101
||y|| = 553.221
FGMRES iteration : 135 || r || = 0.0311516
||xi|| = 444.186
||eta|| = 0.221635
||yp|| = 488.841
||yphi|| = 0.296429
||BtYp|| = 3.31166
||ru|| = 3.3125
||yu|| = 146.371
||GtYphi|| = 2.10715
||KtYu|| = 13.3297
||rj|| = 14.2704
||yj|| = 0.885624
||rphi|| = 0.00234165
||rp|| = 0.0881376
||y|| = 510.285
FGMRES iteration : 136 || r || = 0.0308483
||xi|| = 494.468
||eta|| = 0.292913
||yp|| = 544.157
||yphi|| = 0.341132
||BtYp|| = 3.50959
||ru|| = 3.5106
||yu|| = 150.254
||GtYphi|| = 2.24856
||KtYu|| = 12.8104
||rj|| = 13.708
||yj|| = 0.793252
||rphi|| = 0.00255692
||rp|| = 0.0907067
||y|| = 564.521
FGMRES iteration : 137 || r || = 0.0301326
||xi|| = 502.43
||eta|| = 0.284758
||yp|| = 552.949
||yphi|| = 0.231836
||BtYp|| = 3.52286
||ru|| = 3.52295
||yu|| = 150.789
||GtYphi|| = 1.72757
||KtYu|| = 13.2457
||rj|| = 14.0762
||yj|| = 0.873627
||rphi|| = 0.00172187
||rp|| = 0.0897897
||y|| = 573.141
FGMRES iteration : 138 || r || = 0.0289537
||xi|| = 449.372
||eta|| = 0.313796
||yp|| = 494.553
||yphi|| = 0.223194
||BtYp|| = 3.06601
||ru|| = 3.06825
||yu|| = 138.091
||GtYphi|| = 1.71521
||KtYu|| = 12.6047
||rj|| = 13.429
||yj|| = 0.788806
||rphi|| = 0.00186976
||rp|| = 0.0819126
||y|| = 513.471
FGMRES iteration : 139 || r || = 0.0277943
||xi|| = 456.165
||eta|| = 0.297158
||yp|| = 502.008
||yphi|| = 0.191694
||BtYp|| = 3.2271
||ru|| = 3.22796
||yu|| = 139.91
||GtYphi|| = 1.78205
||KtYu|| = 12.7076
||rj|| = 13.5746
||yj|| = 0.799486
||rphi|| = 0.00161525
||rp|| = 0.0847568
||y|| = 521.141
FGMRES iteration : 140 || r || = 0.0268405
||xi|| = 465.048
||eta|| = 0.264673
||yp|| = 511.81
||yphi|| = 0.238151
||BtYp|| = 3.31214
||ru|| = 3.3128
||yu|| = 141.341
||GtYphi|| = 1.81809
||KtYu|| = 12.7004
||rj|| = 13.5717
||yj|| = 0.838758
||rphi|| = 0.0018056
||rp|| = 0.0855411
||y|| = 530.969
FGMRES iteration : 141 || r || = 0.0259312
||xi|| = 445.838
||eta|| = 0.268104
||yp|| = 490.661
||yphi|| = 0.33096
||BtYp|| = 3.0613
||ru|| = 3.06311
||yu|| = 132.236
||GtYphi|| = 2.0016
||KtYu|| = 12.2163
||rj|| = 13.0821
||yj|| = 0.797292
||rphi|| = 0.00261534
||rp|| = 0.0773707
||y|| = 508.168
FGMRES iteration : 142 || r || = 0.0254156
||xi|| = 428.652
||eta|| = 0.324608
||yp|| = 471.765
||yphi|| = 0.171889
||BtYp|| = 2.86976
||ru|| = 2.86976
||yu|| = 132.859
||GtYphi|| = 1.73112
||KtYu|| = 12.6865
||rj|| = 13.5274
||yj|| = 0.841964
||rphi|| = 0.00151459
||rp|| = 0.0760791
||y|| = 490.116
FGMRES iteration : 143 || r || = 0.0251504
||xi|| = 429.854
||eta|| = 0.257813
||yp|| = 473.08
||yphi|| = 0.207732
||BtYp|| = 2.84764
||ru|| = 2.85099
||yu|| = 132.103
||GtYphi|| = 1.87746
||KtYu|| = 12.5132
||rj|| = 13.3534
||yj|| = 0.799262
||rphi|| = 0.00173339
||rp|| = 0.0765637
||y|| = 491.178
FGMRES iteration : 144 || r || = 0.0250165
||xi|| = 410.081
||eta|| = 0.286905
||yp|| = 451.357
||yphi|| = 0.329129
||BtYp|| = 2.73889
||ru|| = 2.73981
||yu|| = 133.13
||GtYphi|| = 1.98103
||KtYu|| = 13.4114
||rj|| = 14.3065
||yj|| = 0.849187
||rphi|| = 0.00281969
||rp|| = 0.0731758
||y|| = 470.583
FGMRES iteration : 145 || r || = 0.0249623
||xi|| = 400.213
||eta|| = 0.284143
||yp|| = 440.491
||yphi|| = 0.398742
||BtYp|| = 2.65949
||ru|| = 2.66077
||yu|| = 125.072
||GtYphi|| = 2.12203
||KtYu|| = 12.9319
||rj|| = 13.8015
||yj|| = 0.828313
||rphi|| = 0.00310304
||rp|| = 0.0703636
||y|| = 457.904
FGMRES iteration : 146 || r || = 0.0249422
||xi|| = 406.777
||eta|| = 0.294172
||yp|| = 447.688
||yphi|| = 0.289548
||BtYp|| = 2.65744
||ru|| = 2.65834
||yu|| = 128.2
||GtYphi|| = 1.82351
||KtYu|| = 13.2025
||rj|| = 14.014
||yj|| = 0.848889
||rphi|| = 0.00222338
||rp|| = 0.0732018
||y|| = 465.683
FGMRES iteration : 147 || r || = 0.0249379
||xi|| = 463.55
||eta|| = 0.286847
||yp|| = 510.17
||yphi|| = 0.196041
||BtYp|| = 3.03193
||ru|| = 3.03365
||yu|| = 145.76
||GtYphi|| = 1.8244
||KtYu|| = 13.5129
||rj|| = 14.4053
||yj|| = 0.890089
||rphi|| = 0.00157687
||rp|| = 0.0819303
||y|| = 530.585
FGMRES iteration : 148 || r || = 0.024936
||xi|| = 436.921
||eta|| = 0.379744
||yp|| = 480.911
||yphi|| = 0.187362
||BtYp|| = 2.77998
||ru|| = 2.78147
||yu|| = 141.191
||GtYphi|| = 1.91749
||KtYu|| = 13.1786
||rj|| = 14.0373
||yj|| = 0.81619
||rphi|| = 0.00163104
||rp|| = 0.0780537
||y|| = 501.209
FGMRES iteration : 149 || r || = 0.0249336
||xi|| = 418.97
||eta|| = 0.312853
||yp|| = 461.104
||yphi|| = 0.181522
||BtYp|| = 2.68457
||ru|| = 2.68554
||yu|| = 128.81
||GtYphi|| = 1.69507
||KtYu|| = 12.3469
||rj|| = 13.1552
||yj|| = 0.79765
||rphi|| = 0.00143071
||rp|| = 0.0749468
||y|| = 478.759
FGMRES iteration : 150 || r || = 0.0249321
||xi|| = 461.251
||eta|| = 0.324791
||yp|| = 507.648
||yphi|| = 0.226674
||BtYp|| = 3.14544
||ru|| = 3.14701
||yu|| = 147.987
||GtYphi|| = 1.92435
||KtYu|| = 13.9396
||rj|| = 14.8608
||yj|| = 0.892328
||rphi|| = 0.00184468
||rp|| = 0.0861631
||y|| = 528.779
FGMRES iteration : 151 || r || = 0.0249262
||xi|| = 453.942
||eta|| = 0.263591
||yp|| = 499.619
||yphi|| = 0.267323
||BtYp|| = 2.70021
||ru|| = 2.70114
||yu|| = 136.878
||GtYphi|| = 1.91059
||KtYu|| = 12.3866
||rj|| = 13.2281
||yj|| = 0.766071
||rphi|| = 0.0019551
||rp|| = 0.0752534
||y|| = 518.031
FGMRES iteration : 152 || r || = 0.0249156
||xi|| = 461.816
||eta|| = 0.32565
||yp|| = 508.28
||yphi|| = 0.335929
||BtYp|| = 2.85848
||ru|| = 2.85907
||yu|| = 141.63
||GtYphi|| = 1.83079
||KtYu|| = 13.1057
||rj|| = 13.8982
||yj|| = 0.833265
||rphi|| = 0.0023899
||rp|| = 0.0765916
||y|| = 527.644
FGMRES iteration : 153 || r || = 0.0248967
||xi|| = 453.216
||eta|| = 0.293994
||yp|| = 498.784
||yphi|| = 0.286492
||BtYp|| = 2.80888
||ru|| = 2.81022
||yu|| = 139.505
||GtYphi|| = 1.83663
||KtYu|| = 13.3272
||rj|| = 14.1639
||yj|| = 0.854609
||rphi|| = 0.00208073
||rp|| = 0.0777795
||y|| = 517.927
FGMRES iteration : 154 || r || = 0.0248535
||xi|| = 458.044
||eta|| = 0.249814
||yp|| = 504.114
||yphi|| = 0.402722
||BtYp|| = 2.80001
||ru|| = 2.80072
||yu|| = 131.546
||GtYphi|| = 2.10131
||KtYu|| = 12.8956
||rj|| = 13.768
||yj|| = 0.810423
||rphi|| = 0.00311767
||rp|| = 0.0732927
||y|| = 520.996
FGMRES iteration : 155 || r || = 0.0247726
||xi|| = 395.741
||eta|| = 0.267742
||yp|| = 435.567
||yphi|| = 0.243756
||BtYp|| = 2.35502
||ru|| = 2.35628
||yu|| = 118.432
||GtYphi|| = 1.72541
||KtYu|| = 12.7676
||rj|| = 13.6033
||yj|| = 0.842993
||rphi|| = 0.00192815
||rp|| = 0.0633231
||y|| = 451.381
FGMRES iteration : 156 || r || = 0.0246024
||xi|| = 480.417
||eta|| = 0.308959
||yp|| = 528.729
||yphi|| = 0.213904
||BtYp|| = 2.68524
||ru|| = 2.68601
||yu|| = 133.243
||GtYphi|| = 1.93931
||KtYu|| = 12.2556
||rj|| = 13.1415
||yj|| = 0.733633
||rphi|| = 0.00186542
||rp|| = 0.0699195
||y|| = 545.261
FGMRES iteration : 157 || r || = 0.0242336
||xi|| = 419.081
||eta|| = 0.243019
||yp|| = 461.247
||yphi|| = 0.189485
||BtYp|| = 2.59773
||ru|| = 2.59936
||yu|| = 134.151
||GtYphi|| = 1.66107
||KtYu|| = 13.4158
||rj|| = 14.2624
||yj|| = 0.817769
||rphi|| = 0.00154776
||rp|| = 0.0710198
||y|| = 480.36
FGMRES iteration : 158 || r || = 0.0236224
||xi|| = 452.297
||eta|| = 0.287305
||yp|| = 497.776
||yphi|| = 0.191814
||BtYp|| = 2.65546
||ru|| = 2.65617
||yu|| = 140.061
||GtYphi|| = 1.67894
||KtYu|| = 13.4196
||rj|| = 14.2155
||yj|| = 0.812841
||rphi|| = 0.00163623
||rp|| = 0.072017
||y|| = 517.106
FGMRES iteration : 159 || r || = 0.0229698
||xi|| = 349.468
||eta|| = 0.284663
||yp|| = 384.663
||yphi|| = 0.239458
||BtYp|| = 2.157
||ru|| = 2.15832
||yu|| = 116.782
||GtYphi|| = 1.83819
||KtYu|| = 12.1208
||rj|| = 12.9969
||yj|| = 0.736047
||rphi|| = 0.00188349
||rp|| = 0.0617686
||y|| = 402.001
FGMRES iteration : 160 || r || = 0.022283
||xi|| = 415.034
||eta|| = 0.279386
||yp|| = 456.805
||yphi|| = 0.178851
||BtYp|| = 2.52227
||ru|| = 2.52302
||yu|| = 132.944
||GtYphi|| = 1.74841
||KtYu|| = 12.7006
||rj|| = 13.56
||yj|| = 0.801732
||rphi|| = 0.00146831
||rp|| = 0.0716099
||y|| = 475.758
FGMRES iteration : 161 || r || = 0.0217773
||xi|| = 433.75
||eta|| = 0.29746
||yp|| = 477.359
||yphi|| = 0.27042
||BtYp|| = 2.82237
||ru|| = 2.82329
||yu|| = 138.819
||GtYphi|| = 1.8298
||KtYu|| = 12.8853
||rj|| = 13.7407
||yj|| = 0.824297
||rphi|| = 0.00206733
||rp|| = 0.0763558
||y|| = 497.135
FGMRES iteration : 162 || r || = 0.0214587
||xi|| = 438.256
||eta|| = 0.276198
||yp|| = 482.327
||yphi|| = 0.249575
||BtYp|| = 2.885
||ru|| = 2.88609
||yu|| = 137.934
||GtYphi|| = 1.82131
||KtYu|| = 13.0211
||rj|| = 13.9315
||yj|| = 0.752059
||rphi|| = 0.00183518
||rp|| = 0.0775151
||y|| = 501.663
FGMRES iteration : 163 || r || = 0.0212443
||xi|| = 433.241
||eta|| = 0.268248
||yp|| = 476.819
||yphi|| = 0.149199
||BtYp|| = 2.74208
||ru|| = 2.7441
||yu|| = 134.947
||GtYphi|| = 1.66115
||KtYu|| = 12.8931
||rj|| = 13.6866
||yj|| = 0.788021
||rphi|| = 0.00129862
||rp|| = 0.0755081
||y|| = 495.548
FGMRES iteration : 164 || r || = 0.0211318
||xi|| = 432.47
||eta|| = 0.348004
||yp|| = 476.02
||yphi|| = 0.316706
||BtYp|| = 2.78954
||ru|| = 2.79125
||yu|| = 136.21
||GtYphi|| = 1.82787
||KtYu|| = 12.8965
||rj|| = 13.7838
||yj|| = 0.834458
||rphi|| = 0.00251398
||rp|| = 0.0759651
||y|| = 495.125
FGMRES iteration : 165 || r || = 0.021082
||xi|| = 441.138
||eta|| = 0.301286
||yp|| = 485.516
||yphi|| = 0.235338
||BtYp|| = 2.70037
||ru|| = 2.70121
||yu|| = 135.68
||GtYphi|| = 2.07827
||KtYu|| = 12.968
||rj|| = 13.8647
||yj|| = 0.794548
||rphi|| = 0.0019546
||rp|| = 0.0741194
||y|| = 504.119
FGMRES iteration : 166 || r || = 0.0210619
||xi|| = 445.456
||eta|| = 0.288223
||yp|| = 490.268
||yphi|| = 0.160306
||BtYp|| = 2.94641
||ru|| = 2.94709
||yu|| = 142.534
||GtYphi|| = 1.60649
||KtYu|| = 12.9511
||rj|| = 13.7579
||yj|| = 0.817747
||rphi|| = 0.00119993
||rp|| = 0.080917
||y|| = 510.567
FGMRES iteration : 167 || r || = 0.0210538
||xi|| = 520.141
||eta|| = 0.371831
||yp|| = 572.463
||yphi|| = 0.28929
||BtYp|| = 3.36726
||ru|| = 3.36812
||yu|| = 154.546
||GtYphi|| = 1.91735
||KtYu|| = 13.1861
||rj|| = 14.0777
||yj|| = 0.800745
||rphi|| = 0.00254437
||rp|| = 0.0882341
||y|| = 592.958
FGMRES iteration : 168 || r || = 0.0210523
||xi|| = 504.138
||eta|| = 0.446716
||yp|| = 554.791
||yphi|| = 0.336288
||BtYp|| = 3.41382
||ru|| = 3.41461
||yu|| = 159.114
||GtYphi|| = 2.05672
||KtYu|| = 13.5574
||rj|| = 14.3666
||yj|| = 0.84751
||rphi|| = 0.00246885
||rp|| = 0.0909656
||y|| = 577.157
FGMRES iteration : 169 || r || = 0.02105
||xi|| = 493.171
||eta|| = 0.308591
||yp|| = 542.789
||yphi|| = 0.26997
||BtYp|| = 3.48754
||ru|| = 3.48905
||yu|| = 159.511
||GtYphi|| = 1.72627
||KtYu|| = 14.009
||rj|| = 14.8555
||yj|| = 0.89392
||rphi|| = 0.00207159
||rp|| = 0.09219
||y|| = 565.742
FGMRES iteration : 170 || r || = 0.0210373
||xi|| = 431.777
||eta|| = 0.323074
||yp|| = 475.198
||yphi|| = 0.318214
||BtYp|| = 2.88198
||ru|| = 2.88218
||yu|| = 129.34
||GtYphi|| = 2.09102
||KtYu|| = 11.1833
||rj|| = 11.9656
||yj|| = 0.689751
||rphi|| = 0.00286522
||rp|| = 0.0758531
||y|| = 492.486
FGMRES iteration : 171 || r || = 0.0210284
||xi|| = 424.286
||eta|| = 0.365561
||yp|| = 466.994
||yphi|| = 0.18586
||BtYp|| = 2.86176
||ru|| = 2.86318
||yu|| = 143.577
||GtYphi|| = 1.53712
||KtYu|| = 13.9907
||rj|| = 14.8312
||yj|| = 0.914267
||rphi|| = 0.00140873
||rp|| = 0.0820298
||y|| = 488.568
FGMRES iteration : 172 || r || = 0.0210191
||xi|| = 432.048
||eta|| = 0.265302
||yp|| = 475.513
||yphi|| = 0.271075
||BtYp|| = 2.7461
||ru|| = 2.74766
||yu|| = 130.373
||GtYphi|| = 2.03777
||KtYu|| = 12.4891
||rj|| = 13.3359
||yj|| = 0.80747
||rphi|| = 0.00234783
||rp|| = 0.0758753
||y|| = 493.063
FGMRES iteration : 173 || r || = 0.0210069
||xi|| = 451.724
||eta|| = 0.341329
||yp|| = 497.151
||yphi|| = 0.250769
||BtYp|| = 3.13389
||ru|| = 3.13417
||yu|| = 144.023
||GtYphi|| = 1.97667
||KtYu|| = 12.2782
||rj|| = 13.1174
||yj|| = 0.786116
||rphi|| = 0.00194905
||rp|| = 0.0838842
||y|| = 517.593
FGMRES iteration : 174 || r || = 0.0209813
||xi|| = 400.543
||eta|| = 0.299842
||yp|| = 440.83
||yphi|| = 0.255012
||BtYp|| = 2.69811
||ru|| = 2.70058
||yu|| = 131.438
||GtYphi|| = 1.77703
||KtYu|| = 13.6495
||rj|| = 14.5096
||yj|| = 0.881367
||rphi|| = 0.00202354
||rp|| = 0.0763089
||y|| = 460.009
FGMRES iteration : 175 || r || = 0.0209243
||xi|| = 427.568
||eta|| = 0.2798
||yp|| = 470.595
||yphi|| = 0.342623
||BtYp|| = 2.83955
||ru|| = 2.84079
||yu|| = 130.343
||GtYphi|| = 2.19591
||KtYu|| = 12.1102
||rj|| = 13.018
||yj|| = 0.752327
||rphi|| = 0.00337319
||rp|| = 0.0749633
||y|| = 488.313
FGMRES iteration : 176 || r || = 0.0207845
||xi|| = 474.856
||eta|| = 0.299923
||yp|| = 522.596
||yphi|| = 0.176673
||BtYp|| = 3.27197
||ru|| = 3.27252
||yu|| = 148.981
||GtYphi|| = 1.67998
||KtYu|| = 13.4341
||rj|| = 14.234
||yj|| = 0.863896
||rphi|| = 0.00149664
||rp|| = 0.0867215
||y|| = 543.418
FGMRES iteration : 177 || r || = 0.0205004
||xi|| = 494.399
||eta|| = 0.317424
||yp|| = 544.119
||yphi|| = 0.180107
||BtYp|| = 3.57523
||ru|| = 3.57563
||yu|| = 169.045
||GtYphi|| = 1.62179
||KtYu|| = 13.9627
||rj|| = 14.7013
||yj|| = 0.903023
||rphi|| = 0.00163778
||rp|| = 0.0991455
||y|| = 569.774
FGMRES iteration : 178 || r || = 0.0200239
||xi|| = 443.711
||eta|| = 0.298252
||yp|| = 488.345
||yphi|| = 0.183317
||BtYp|| = 3.15102
||ru|| = 3.15047
||yu|| = 138.678
||GtYphi|| = 1.77066
||KtYu|| = 11.9422
||rj|| = 12.7294
||yj|| = 0.745107
||rphi|| = 0.00144424
||rp|| = 0.0827275
||y|| = 507.654
FGMRES iteration : 179 || r || = 0.0193618
||xi|| = 476.968
||eta|| = 0.295687
||yp|| = 524.919
||yphi|| = 0.144715
||BtYp|| = 3.36271
||ru|| = 3.36393
||yu|| = 152.313
||GtYphi|| = 1.51415
||KtYu|| = 13.4183
||rj|| = 14.2363
||yj|| = 0.850348
||rphi|| = 0.00126457
||rp|| = 0.0896437
||y|| = 546.571
FGMRES iteration : 180 || r || = 0.0185539
||xi|| = 476.084
||eta|| = 0.284875
||yp|| = 523.945
||yphi|| = 0.413705
||BtYp|| = 3.35476
||ru|| = 3.35519
||yu|| = 151.441
||GtYphi|| = 1.91159
||KtYu|| = 12.1611
||rj|| = 13.0059
||yj|| = 0.756102
||rphi|| = 0.00338953
||rp|| = 0.0878643
||y|| = 545.393
FGMRES iteration : 181 || r || = 0.0179748
||xi|| = 512.748
||eta|| = 0.289076
||yp|| = 564.271
||yphi|| = 0.256988
||BtYp|| = 3.50146
||ru|| = 3.50184
||yu|| = 154.632
||GtYphi|| = 1.61836
||KtYu|| = 12.4361
||rj|| = 13.1765
||yj|| = 0.779262
||rphi|| = 0.00209049
||rp|| = 0.0893436
||y|| = 585.076
FGMRES iteration : 182 || r || = 0.0177484
||xi|| = 504.402
||eta|| = 0.283685
||yp|| = 555.099
||yphi|| = 0.233023
||BtYp|| = 3.61932
||ru|| = 3.62062
||yu|| = 163.475
||GtYphi|| = 1.65138
||KtYu|| = 13.8958
||rj|| = 14.7632
||yj|| = 0.907376
||rphi|| = 0.00198227
||rp|| = 0.0956603
||y|| = 578.671
FGMRES iteration : 183 || r || = 0.0176397
||xi|| = 493.191
||eta|| = 0.438339
||yp|| = 542.807
||yphi|| = 0.208539
||BtYp|| = 3.2649
||ru|| = 3.26463
||yu|| = 152.092
||GtYphi|| = 2.06863
||KtYu|| = 12.5552
||rj|| = 13.3781
||yj|| = 0.755814
||rphi|| = 0.00173403
||rp|| = 0.0848414
||y|| = 563.713
FGMRES iteration : 184 || r || = 0.0175984
||xi|| = 562.926
||eta|| = 0.495361
||yp|| = 619.515
||yphi|| = 0.32637
||BtYp|| = 3.8902
||ru|| = 3.89033
||yu|| = 179.408
||GtYphi|| = 2.1411
||KtYu|| = 14.0326
||rj|| = 14.843
||yj|| = 0.851825
||rphi|| = 0.00276651
||rp|| = 0.0985363
||y|| = 644.97
FGMRES iteration : 185 || r || = 0.0175757
||xi|| = 488.75
||eta|| = 0.324499
||yp|| = 537.898
||yphi|| = 0.354336
||BtYp|| = 3.38131
||ru|| = 3.38155
||yu|| = 150.221
||GtYphi|| = 2.24124
||KtYu|| = 13.3959
||rj|| = 14.2807
||yj|| = 0.851011
||rphi|| = 0.0036189
||rp|| = 0.0856863
||y|| = 558.481
FGMRES iteration : 186 || r || = 0.0175659
||xi|| = 516.817
||eta|| = 0.408361
||yp|| = 568.808
||yphi|| = 0.24994
||BtYp|| = 3.5607
||ru|| = 3.56114
||yu|| = 167.779
||GtYphi|| = 2.1514
||KtYu|| = 13.4192
||rj|| = 14.1793
||yj|| = 0.79338
||rphi|| = 0.00226417
||rp|| = 0.0924485
||y|| = 593.037
FGMRES iteration : 187 || r || = 0.0175603
||xi|| = 460.58
||eta|| = 0.302461
||yp|| = 506.911
||yphi|| = 0.16081
||BtYp|| = 2.92882
||ru|| = 2.92992
||yu|| = 146.169
||GtYphi|| = 1.69357
||KtYu|| = 13.5086
||rj|| = 14.3036
||yj|| = 0.879799
||rphi|| = 0.00132891
||rp|| = 0.0782483
||y|| = 527.565
FGMRES iteration : 188 || r || = 0.0175538
||xi|| = 381.998
||eta|| = 0.320551
||yp|| = 420.472
||yphi|| = 0.17521
||BtYp|| = 2.34004
||ru|| = 2.34098
||yu|| = 120.674
||GtYphi|| = 1.64263
||KtYu|| = 13.2883
||rj|| = 14.1168
||yj|| = 0.893868
||rphi|| = 0.00139424
||rp|| = 0.0650289
||y|| = 437.447
FGMRES iteration : 189 || r || = 0.0175445
||xi|| = 401.455
||eta|| = 0.295177
||yp|| = 441.856
||yphi|| = 0.293525
||BtYp|| = 2.48666
||ru|| = 2.48777
||yu|| = 119.22
||GtYphi|| = 2.03982
||KtYu|| = 12.0179
||rj|| = 12.8311
||yj|| = 0.736997
||rphi|| = 0.00238699
||rp|| = 0.0655016
||y|| = 457.658
FGMRES iteration : 190 || r || = 0.0175421
||xi|| = 366.564
||eta|| = 0.303012
||yp|| = 403.469
||yphi|| = 0.288943
||BtYp|| = 2.22344
||ru|| = 2.22427
||yu|| = 115.983
||GtYphi|| = 2.0443
||KtYu|| = 13.7202
||rj|| = 14.628
||yj|| = 0.874096
||rphi|| = 0.00241492
||rp|| = 0.0649045
||y|| = 419.81
FGMRES iteration : 191 || r || = 0.01754
||xi|| = 496.148
||eta|| = 0.371627
||yp|| = 546.134
||yphi|| = 0.226424
||BtYp|| = 3.01312
||ru|| = 3.01452
||yu|| = 157.948
||GtYphi|| = 1.99354
||KtYu|| = 13.5077
||rj|| = 14.3455
||yj|| = 0.860841
||rphi|| = 0.00199179
||rp|| = 0.0846673
||y|| = 568.516
FGMRES iteration : 192 || r || = 0.0175363
||xi|| = 442.926
||eta|| = 0.385479
||yp|| = 487.483
||yphi|| = 0.352044
||BtYp|| = 2.86623
||ru|| = 2.86703
||yu|| = 144.23
||GtYphi|| = 2.1959
||KtYu|| = 13.237
||rj|| = 14.1257
||yj|| = 0.793837
||rphi|| = 0.00304493
||rp|| = 0.0820945
||y|| = 508.373
FGMRES iteration : 193 || r || = 0.0175208
||xi|| = 427.195
||eta|| = 0.288389
||yp|| = 470.188
||yphi|| = 0.357777
||BtYp|| = 2.88345
||ru|| = 2.88389
||yu|| = 135.739
||GtYphi|| = 1.97292
||KtYu|| = 13.2215
||rj|| = 14.0342
||yj|| = 0.864282
||rphi|| = 0.00299447
||rp|| = 0.0803856
||y|| = 489.39
FGMRES iteration : 194 || r || = 0.017495
||xi|| = 479.197
||eta|| = 0.322527
||yp|| = 527.411
||yphi|| = 0.241609
||BtYp|| = 3.25099
||ru|| = 3.25191
||yu|| = 153.386
||GtYphi|| = 2.00458
||KtYu|| = 13.8764
||rj|| = 14.6847
||yj|| = 0.855501
||rphi|| = 0.00226851
||rp|| = 0.0895672
||y|| = 549.263
FGMRES iteration : 195 || r || = 0.0174539
||xi|| = 464.115
||eta|| = 0.426533
||yp|| = 510.863
||yphi|| = 0.199819
||BtYp|| = 3.08291
||ru|| = 3.08275
||yu|| = 149.086
||GtYphi|| = 2.00379
||KtYu|| = 12.8034
||rj|| = 13.594
||yj|| = 0.793575
||rphi|| = 0.00154254
||rp|| = 0.0858093
||y|| = 532.174
FGMRES iteration : 196 || r || = 0.0173894
||xi|| = 461.906
||eta|| = 0.452713
||yp|| = 508.473
||yphi|| = 0.324865
||BtYp|| = 2.84986
||ru|| = 2.85093
||yu|| = 160.34
||GtYphi|| = 2.01704
||KtYu|| = 14.4943
||rj|| = 15.2687
||yj|| = 0.961966
||rphi|| = 0.00249756
||rp|| = 0.0925334
||y|| = 533.155
FGMRES iteration : 197 || r || = 0.0172064
||xi|| = 485.721
||eta|| = 0.313402
||yp|| = 534.633
||yphi|| = 0.231754
||BtYp|| = 3.23551
||ru|| = 3.23643
||yu|| = 166.577
||GtYphi|| = 2.07179
||KtYu|| = 13.9472
||rj|| = 14.808
||yj|| = 0.894017
||rphi|| = 0.00189179
||rp|| = 0.101848
||y|| = 559.983
FGMRES iteration : 198 || r || = 0.0167117
||xi|| = 408.454
||eta|| = 0.310044
||yp|| = 449.569
||yphi|| = 0.202808
||BtYp|| = 2.62781
||ru|| = 2.62877
||yu|| = 129.09
||GtYphi|| = 1.93372
||KtYu|| = 12.1261
||rj|| = 12.8894
||yj|| = 0.81031
||rphi|| = 0.00184121
||rp|| = 0.0800253
||y|| = 467.736
FGMRES iteration : 199 || r || = 0.0160496
||xi|| = 388.728
||eta|| = 0.296526
||yp|| = 427.942
||yphi|| = 0.188287
||BtYp|| = 2.66075
||ru|| = 2.66209
||yu|| = 149.153
||GtYphi|| = 1.62549
||KtYu|| = 13.2078
||rj|| = 14.0202
||yj|| = 0.916131
||rphi|| = 0.00166875
||rp|| = 0.091201
||y|| = 453.191
FGMRES iteration : 200 || r || = 0.0150715
||xi|| = 445.825
||eta|| = 0.367453
||yp|| = 490.801
||yphi|| = 0.163503
||BtYp|| = 2.8599
||ru|| = 2.86212
||yu|| = 163.436
||GtYphi|| = 1.5993
||KtYu|| = 12.8835
||rj|| = 13.6348
||yj|| = 0.808241
||rphi|| = 0.00131817
||rp|| = 0.0903477
||y|| = 517.299
FGMRES iteration : 201 || r || = 0.0143833
||xi|| = 387.43
||eta|| = 0.39873
||yp|| = 426.573
||yphi|| = 0.189809
||BtYp|| = 2.40907
||ru|| = 2.40922
||yu|| = 145.35
||GtYphi|| = 1.93707
||KtYu|| = 12.0515
||rj|| = 12.8882
||yj|| = 0.770374
||rphi|| = 0.00150329
||rp|| = 0.0826066
||y|| = 450.657
FGMRES iteration : 202 || r || = 0.0140465
||xi|| = 450.515
||eta|| = 0.34472
||yp|| = 495.938
||yphi|| = 0.18534
||BtYp|| = 3.15868
||ru|| = 3.15966
||yu|| = 172.234
||GtYphi|| = 1.70712
||KtYu|| = 13.9005
||rj|| = 14.7714
||yj|| = 0.893411
||rphi|| = 0.00159225
||rp|| = 0.106673
||y|| = 524.996
FGMRES iteration : 203 || r || = 0.013809
||xi|| = 397.34
||eta|| = 0.334326
||yp|| = 437.381
||yphi|| = 0.248867
||BtYp|| = 2.67945
||ru|| = 2.6808
||yu|| = 151.589
||GtYphi|| = 2.1153
||KtYu|| = 11.7927
||rj|| = 12.5334
||yj|| = 0.729509
||rphi|| = 0.00210288
||rp|| = 0.0889131
||y|| = 462.906
FGMRES iteration : 204 || r || = 0.0137122
||xi|| = 356.433
||eta|| = 0.301468
||yp|| = 392.363
||yphi|| = 0.171597
||BtYp|| = 2.46747
||ru|| = 2.46895
||yu|| = 133.264
||GtYphi|| = 1.61329
||KtYu|| = 13.4776
||rj|| = 14.3019
||yj|| = 0.930377
||rphi|| = 0.00160686
||rp|| = 0.0823635
||y|| = 414.378
FGMRES iteration : 205 || r || = 0.0136417
||xi|| = 328.58
||eta|| = 0.454541
||yp|| = 361.784
||yphi|| = 0.239961
||BtYp|| = 2.16213
||ru|| = 2.16411
||yu|| = 126.356
||GtYphi|| = 1.83501
||KtYu|| = 12.5096
||rj|| = 13.3201
||yj|| = 0.847995
||rphi|| = 0.00221548
||rp|| = 0.0748109
||y|| = 383.216
FGMRES iteration : 206 || r || = 0.0136101
||xi|| = 377.947
||eta|| = 0.435227
||yp|| = 416.105
||yphi|| = 0.164535
||BtYp|| = 2.37289
||ru|| = 2.37368
||yu|| = 139.407
||GtYphi|| = 1.79303
||KtYu|| = 12.2268
||rj|| = 12.9349
||yj|| = 0.798514
||rphi|| = 0.00155676
||rp|| = 0.0820843
||y|| = 438.838
FGMRES iteration : 207 || r || = 0.013599
||xi|| = 402.574
||eta|| = 0.309004
||yp|| = 443.177
||yphi|| = 0.19516
||BtYp|| = 2.8511
||ru|| = 2.85245
||yu|| = 158.866
||GtYphi|| = 1.78182
||KtYu|| = 14.4243
||rj|| = 15.2919
||yj|| = 0.967669
||rphi|| = 0.00149494
||rp|| = 0.0997013
||y|| = 470.792
FGMRES iteration : 208 || r || = 0.0135898
||xi|| = 426.671
||eta|| = 0.323656
||yp|| = 469.643
||yphi|| = 0.266836
||BtYp|| = 2.92182
||ru|| = 2.92242
||yu|| = 136.689
||GtYphi|| = 2.1781
||KtYu|| = 12.3452
||rj|| = 13.1984
||yj|| = 0.790776
||rphi|| = 0.00181918
||rp|| = 0.0878533
||y|| = 489.131
FGMRES iteration : 209 || r || = 0.0135841
||xi|| = 421.335
||eta|| = 0.38789
||yp|| = 463.779
||yphi|| = 0.209443
||BtYp|| = 2.76648
||ru|| = 2.76738
||yu|| = 140.378
||GtYphi|| = 2.07473
||KtYu|| = 13.5263
||rj|| = 14.3412
||yj|| = 0.868151
||rphi|| = 0.00182296
||rp|| = 0.083487
||y|| = 484.559
FGMRES iteration : 210 || r || = 0.0135778
||xi|| = 455.066
||eta|| = 0.394874
||yp|| = 500.932
||yphi|| = 0.240754
||BtYp|| = 3.1287
||ru|| = 3.12823
||yu|| = 158.875
||GtYphi|| = 1.98996
||KtYu|| = 14.2835
||rj|| = 15.1209
||yj|| = 0.946627
||rphi|| = 0.00190747
||rp|| = 0.0942169
||y|| = 525.524
FGMRES iteration : 211 || r || = 0.0135736
||xi|| = 380.905
||eta|| = 0.462869
||yp|| = 419.341
||yphi|| = 0.227991
||BtYp|| = 2.52322
||ru|| = 2.52487
||yu|| = 129.45
||GtYphi|| = 2.11362
||KtYu|| = 12.1842
||rj|| = 13.0019
||yj|| = 0.762032
||rphi|| = 0.00198171
||rp|| = 0.0771523
||y|| = 438.868
FGMRES iteration : 212 || r || = 0.013572
||xi|| = 419.051
||eta|| = 0.297542
||yp|| = 461.257
||yphi|| = 0.238406
||BtYp|| = 2.72219
||ru|| = 2.72165
||yu|| = 133.235
||GtYphi|| = 1.77457
||KtYu|| = 13.5317
||rj|| = 14.3638
||yj|| = 0.866845
||rphi|| = 0.00201644
||rp|| = 0.0827698
||y|| = 480.115
FGMRES iteration : 213 || r || = 0.0135632
||xi|| = 430.515
||eta|| = 0.388461
||yp|| = 473.841
||yphi|| = 0.242124
||BtYp|| = 2.95959
||ru|| = 2.96118
||yu|| = 148.646
||GtYphi|| = 1.93538
||KtYu|| = 13.846
||rj|| = 14.6326
||yj|| = 0.930862
||rphi|| = 0.0019175
||rp|| = 0.0862827
||y|| = 496.611
FGMRES iteration : 214 || r || = 0.01352
||xi|| = 449.238
||eta|| = 0.311202
||yp|| = 494.432
||yphi|| = 0.173031
||BtYp|| = 2.81651
||ru|| = 2.81754
||yu|| = 127.512
||GtYphi|| = 1.87562
||KtYu|| = 12.3619
||rj|| = 13.1508
||yj|| = 0.759125
||rphi|| = 0.00137129
||rp|| = 0.0748176
||y|| = 510.61
FGMRES iteration : 215 || r || = 0.0134361
||xi|| = 434.823
||eta|| = 0.352167
||yp|| = 478.636
||yphi|| = 0.213987
||BtYp|| = 2.78176
||ru|| = 2.7838
||yu|| = 145.164
||GtYphi|| = 1.76472
||KtYu|| = 14.6542
||rj|| = 15.4916
||yj|| = 0.948476
||rphi|| = 0.00179051
||rp|| = 0.0817568
||y|| = 500.166
FGMRES iteration : 216 || r || = 0.0132301
||xi|| = 455.916
||eta|| = 0.345219
||yp|| = 501.789
||yphi|| = 0.224272
||BtYp|| = 2.61473
||ru|| = 2.61638
||yu|| = 134.012
||GtYphi|| = 1.89165
||KtYu|| = 13.0534
||rj|| = 13.9164
||yj|| = 0.81727
||rphi|| = 0.00184743
||rp|| = 0.0748825
||y|| = 519.377
FGMRES iteration : 217 || r || = 0.0126818
||xi|| = 380.57
||eta|| = 0.293425
||yp|| = 418.882
||yphi|| = 0.187876
||BtYp|| = 2.30558
||ru|| = 2.30646
||yu|| = 119.496
||GtYphi|| = 1.75065
||KtYu|| = 12.8971
||rj|| = 13.6701
||yj|| = 0.825384
||rphi|| = 0.00158583
||rp|| = 0.0652169
||y|| = 435.594
FGMRES iteration : 218 || r || = 0.01205
||xi|| = 418.044
||eta|| = 0.287756
||yp|| = 460.109
||yphi|| = 0.198212
||BtYp|| = 2.31338
||ru|| = 2.31485
||yu|| = 123.746
||GtYphi|| = 1.50647
||KtYu|| = 12.8887
||rj|| = 13.6771
||yj|| = 0.838019
||rphi|| = 0.00157183
||rp|| = 0.0664436
||y|| = 476.46
FGMRES iteration : 219 || r || = 0.0113671
||xi|| = 430.55
||eta|| = 0.278237
||yp|| = 473.865
||yphi|| = 0.193767
||BtYp|| = 2.5907
||ru|| = 2.59194
||yu|| = 125.316
||GtYphi|| = 1.7301
||KtYu|| = 13.2943
||rj|| = 14.1387
||yj|| = 0.787708
||rphi|| = 0.00158893
||rp|| = 0.0680768
||y|| = 490.156
FGMRES iteration : 220 || r || = 0.0104863
||xi|| = 432.829
||eta|| = 0.341243
||yp|| = 476.391
||yphi|| = 0.183346
||BtYp|| = 2.61277
||ru|| = 2.61357
||yu|| = 136.494
||GtYphi|| = 1.80981
||KtYu|| = 12.6366
||rj|| = 13.3898
||yj|| = 0.737881
||rphi|| = 0.00133151
||rp|| = 0.0722579
||y|| = 495.56
FGMRES iteration : 221 || r || = 0.00997077
||xi|| = 425.622
||eta|| = 0.270809
||yp|| = 468.438
||yphi|| = 0.280747
||BtYp|| = 2.55447
||ru|| = 2.55561
||yu|| = 131.429
||GtYphi|| = 1.98601
||KtYu|| = 13.3088
||rj|| = 14.1911
||yj|| = 0.840109
||rphi|| = 0.00233545
||rp|| = 0.0707731
||y|| = 486.527
FGMRES iteration : 222 || r || = 0.0096545
||xi|| = 424.098
||eta|| = 0.320615
||yp|| = 466.806
||yphi|| = 0.210196
||BtYp|| = 2.67568
||ru|| = 2.67679
||yu|| = 140.384
||GtYphi|| = 1.64651
||KtYu|| = 13.2068
||rj|| = 14.0212
||yj|| = 0.810092
||rphi|| = 0.00166855
||rp|| = 0.0761194
||y|| = 487.459
FGMRES iteration : 223 || r || = 0.00941769
||xi|| = 402.548
||eta|| = 0.327676
||yp|| = 443.101
||yphi|| = 0.307853
||BtYp|| = 2.33899
||ru|| = 2.34118
||yu|| = 127.244
||GtYphi|| = 1.8731
||KtYu|| = 12.1862
||rj|| = 12.902
||yj|| = 0.808895
||rphi|| = 0.00250958
||rp|| = 0.0691118
||y|| = 461.01
FGMRES iteration : 224 || r || = 0.00935214
||xi|| = 436.767
||eta|| = 0.328564
||yp|| = 480.743
||yphi|| = 0.161255
||BtYp|| = 2.77774
||ru|| = 2.77939
||yu|| = 146.551
||GtYphi|| = 1.64387
||KtYu|| = 14.6783
||rj|| = 15.4928
||yj|| = 1.00229
||rphi|| = 0.00137818
||rp|| = 0.0812819
||y|| = 502.585
FGMRES iteration : 225 || r || = 0.00932516
||xi|| = 404.678
||eta|| = 0.362886
||yp|| = 445.441
||yphi|| = 0.249439
||BtYp|| = 2.49135
||ru|| = 2.49043
||yu|| = 130.403
||GtYphi|| = 2.07097
||KtYu|| = 13.1615
||rj|| = 13.9571
||yj|| = 0.812884
||rphi|| = 0.00209788
||rp|| = 0.0720453
||y|| = 464.137
FGMRES iteration : 226 || r || = 0.00931652
||xi|| = 380.123
||eta|| = 0.305276
||yp|| = 418.436
||yphi|| = 0.41354
||BtYp|| = 2.48934
||ru|| = 2.49129
||yu|| = 125.303
||GtYphi|| = 2.25561
||KtYu|| = 12.757
||rj|| = 13.6873
||yj|| = 0.827091
||rphi|| = 0.00324203
||rp|| = 0.0711668
||y|| = 436.796
FGMRES iteration : 227 || r || = 0.00931017
||xi|| = 471.222
||eta|| = 0.339357
||yp|| = 518.689
||yphi|| = 0.200449
||BtYp|| = 2.99774
||ru|| = 2.99713
||yu|| = 157.634
||GtYphi|| = 1.80108
||KtYu|| = 14.4928
||rj|| = 15.299
||yj|| = 0.971143
||rphi|| = 0.00157905
||rp|| = 0.0866027
||y|| = 542.114
FGMRES iteration : 228 || r || = 0.00930789
||xi|| = 404.307
||eta|| = 0.369802
||yp|| = 445.015
||yphi|| = 0.213612
||BtYp|| = 2.63401
||ru|| = 2.63684
||yu|| = 137.416
||GtYphi|| = 1.91103
||KtYu|| = 13.6596
||rj|| = 14.4312
||yj|| = 0.83388
||rphi|| = 0.0016384
||rp|| = 0.0772638
||y|| = 465.749
FGMRES iteration : 229 || r || = 0.00930639
||xi|| = 385.596
||eta|| = 0.306627
||yp|| = 424.442
||yphi|| = 0.339953
||BtYp|| = 2.43267
||ru|| = 2.43443
||yu|| = 130.764
||GtYphi|| = 1.97895
||KtYu|| = 13.7202
||rj|| = 14.5956
||yj|| = 0.917989
||rphi|| = 0.00260875
||rp|| = 0.0770419
||y|| = 444.129
FGMRES iteration : 230 || r || = 0.00930527
||xi|| = 382.397
||eta|| = 0.430926
||yp|| = 420.926
||yphi|| = 0.207953
||BtYp|| = 2.31637
||ru|| = 2.3158
||yu|| = 129.636
||GtYphi|| = 1.81513
||KtYu|| = 13.9004
||rj|| = 14.6481
||yj|| = 0.921902
||rphi|| = 0.00174464
||rp|| = 0.072826
||y|| = 440.437
FGMRES iteration : 231 || r || = 0.00930154
||xi|| = 373.843
||eta|| = 0.447301
||yp|| = 411.539
||yphi|| = 0.297932
||BtYp|| = 2.28122
||ru|| = 2.28446
||yu|| = 124.548
||GtYphi|| = 2.054
||KtYu|| = 13.0638
||rj|| = 13.9202
||yj|| = 0.829538
||rphi|| = 0.00213092
||rp|| = 0.0677363
||y|| = 429.974
FGMRES iteration : 232 || r || = 0.00929298
||xi|| = 382.126
||eta|| = 0.378412
||yp|| = 420.616
||yphi|| = 0.352283
||BtYp|| = 2.26101
||ru|| = 2.26218
||yu|| = 126.833
||GtYphi|| = 1.94828
||KtYu|| = 13.9471
||rj|| = 14.7902
||yj|| = 0.996547
||rphi|| = 0.00278025
||rp|| = 0.0714011
||y|| = 439.324
FGMRES iteration : 233 || r || = 0.00927557
||xi|| = 372.449
||eta|| = 0.397423
||yp|| = 410.004
||yphi|| = 0.240418
||BtYp|| = 2.21634
||ru|| = 2.21731
||yu|| = 130.448
||GtYphi|| = 1.8405
||KtYu|| = 13.1006
||rj|| = 13.7878
||yj|| = 0.842615
||rphi|| = 0.00202144
||rp|| = 0.069652
||y|| = 430.257
FGMRES iteration : 234 || r || = 0.00923892
||xi|| = 396.582
||eta|| = 0.291013
||yp|| = 436.523
||yphi|| = 0.181587
||BtYp|| = 2.43413
||ru|| = 2.43497
||yu|| = 128.076
||GtYphi|| = 1.73126
||KtYu|| = 13.9761
||rj|| = 14.8713
||yj|| = 0.915812
||rphi|| = 0.00144789
||rp|| = 0.0731277
||y|| = 454.925
FGMRES iteration : 235 || r || = 0.00914337
||xi|| = 407.085
||eta|| = 0.341465
||yp|| = 448.079
||yphi|| = 0.318224
||BtYp|| = 2.4325
||ru|| = 2.43556
||yu|| = 125.757
||GtYphi|| = 1.83651
||KtYu|| = 13.0167
||rj|| = 13.8054
||yj|| = 0.87551
||rphi|| = 0.00248339
||rp|| = 0.0691975
||y|| = 465.393
FGMRES iteration : 236 || r || = 0.00895798
||xi|| = 389.426
||eta|| = 0.350212
||yp|| = 428.684
||yphi|| = 0.258968
||BtYp|| = 2.16859
||ru|| = 2.17054
||yu|| = 117.276
||GtYphi|| = 2.1085
||KtYu|| = 12.3553
||rj|| = 13.2445
||yj|| = 0.74912
||rphi|| = 0.00201292
||rp|| = 0.0626529
||y|| = 444.437
FGMRES iteration : 237 || r || = 0.00862343
||xi|| = 397.356
||eta|| = 0.359662
||yp|| = 437.392
||yphi|| = 0.332615
||BtYp|| = 2.43188
||ru|| = 2.43326
||yu|| = 128.757
||GtYphi|| = 2.03828
||KtYu|| = 13.5379
||rj|| = 14.3947
||yj|| = 0.911263
||rphi|| = 0.00270137
||rp|| = 0.0727424
||y|| = 455.951
FGMRES iteration : 238 || r || = 0.00807466
||xi|| = 440.169
||eta|| = 0.322687
||yp|| = 484.494
||yphi|| = 0.231735
||BtYp|| = 2.91028
||ru|| = 2.91138
||yu|| = 146.326
||GtYphi|| = 1.91994
||KtYu|| = 13.0966
||rj|| = 13.9155
||yj|| = 0.846277
||rphi|| = 0.00198147
||rp|| = 0.0838516
||y|| = 506.109
FGMRES iteration : 239 || r || = 0.00742996
||xi|| = 425.668
||eta|| = 0.299431
||yp|| = 468.523
||yphi|| = 0.279475
||BtYp|| = 2.54059
||ru|| = 2.54149
||yu|| = 138.292
||GtYphi|| = 1.94847
||KtYu|| = 12.5515
||rj|| = 13.3836
||yj|| = 0.69753
||rphi|| = 0.00249918
||rp|| = 0.0738005
||y|| = 488.507
FGMRES iteration : 240 || r || = 0.00699774
||xi|| = 378.789
||eta|| = 0.288771
||yp|| = 416.999
||yphi|| = 0.193677
||BtYp|| = 2.22275
||ru|| = 2.2244
||yu|| = 129.479
||GtYphi|| = 1.6966
||KtYu|| = 13.212
||rj|| = 14.0261
||yj|| = 0.850899
||rphi|| = 0.00156473
||rp|| = 0.0706639
||y|| = 436.639
FGMRES iteration : 241 || r || = 0.00672002
||xi|| = 401.903
||eta|| = 0.323655
||yp|| = 442.383
||yphi|| = 0.183438
||BtYp|| = 2.43596
||ru|| = 2.43738
||yu|| = 129.527
||GtYphi|| = 1.73933
||KtYu|| = 13.2129
||rj|| = 14.0419
||yj|| = 0.861833
||rphi|| = 0.0014204
||rp|| = 0.0740408
||y|| = 460.956
FGMRES iteration : 242 || r || = 0.00662364
||xi|| = 415.717
||eta|| = 0.306589
||yp|| = 457.597
||yphi|| = 0.218729
||BtYp|| = 2.35623
||ru|| = 2.35706
||yu|| = 125.786
||GtYphi|| = 2.09376
||KtYu|| = 12.5457
||rj|| = 13.4293
||yj|| = 0.753303
||rphi|| = 0.00169702
||rp|| = 0.0703406
||y|| = 474.571
FGMRES iteration : 243 || r || = 0.00657221
||xi|| = 430.671
||eta|| = 0.324158
||yp|| = 474.041
||yphi|| = 0.304652
||BtYp|| = 2.85181
||ru|| = 2.85333
||yu|| = 144.72
||GtYphi|| = 1.67911
||KtYu|| = 14.764
||rj|| = 15.5226
||yj|| = 0.986457
||rphi|| = 0.00241628
||rp|| = 0.0831694
||y|| = 495.641
FGMRES iteration : 244 || r || = 0.00654263
||xi|| = 370.073
||eta|| = 0.352031
||yp|| = 407.347
||yphi|| = 0.229151
||BtYp|| = 2.20048
||ru|| = 2.20215
||yu|| = 119.452
||GtYphi|| = 1.90399
||KtYu|| = 12.9075
||rj|| = 13.6373
||yj|| = 0.848193
||rphi|| = 0.00182953
||rp|| = 0.0655
||y|| = 424.501
FGMRES iteration : 245 || r || = 0.00653824
||xi|| = 449.496
||eta|| = 0.359357
||yp|| = 494.743
||yphi|| = 0.304684
||BtYp|| = 2.67932
||ru|| = 2.68058
||yu|| = 134.216
||GtYphi|| = 2.04588
||KtYu|| = 13.3717
||rj|| = 14.2584
||yj|| = 0.853188
||rphi|| = 0.00232149
||rp|| = 0.0745323
||y|| = 512.626
FGMRES iteration : 246 || r || = 0.00653469
||xi|| = 433.699
||eta|| = 0.408544
||yp|| = 477.395
||yphi|| = 0.265241
||BtYp|| = 2.81924
||ru|| = 2.82011
||yu|| = 150.499
||GtYphi|| = 1.88116
||KtYu|| = 14.0273
||rj|| = 14.8236
||yj|| = 0.942308
||rphi|| = 0.00228813
||rp|| = 0.0830242
||y|| = 500.557
FGMRES iteration : 247 || r || = 0.00653221
||xi|| = 418.804
||eta|| = 0.350161
||yp|| = 460.973
||yphi|| = 0.291327
||BtYp|| = 2.49054
||ru|| = 2.49211
||yu|| = 129.325
||GtYphi|| = 1.85488
||KtYu|| = 13.0296
||rj|| = 13.8215
||yj|| = 0.837877
||rphi|| = 0.00249151
||rp|| = 0.0705336
||y|| = 478.771
FGMRES iteration : 248 || r || = 0.00653144
||xi|| = 435.832
||eta|| = 0.313185
||yp|| = 479.7
||yphi|| = 0.354571
||BtYp|| = 2.6536
||ru|| = 2.65492
||yu|| = 138.313
||GtYphi|| = 2.07935
||KtYu|| = 13.0838
||rj|| = 13.8723
||yj|| = 0.875466
||rphi|| = 0.00285559
||rp|| = 0.0759491
||y|| = 499.243
FGMRES iteration : 249 || r || = 0.00652965
||xi|| = 407.632
||eta|| = 0.303784
||yp|| = 448.66
||yphi|| = 0.215931
||BtYp|| = 2.51447
||ru|| = 2.5157
||yu|| = 126.379
||GtYphi|| = 1.86747
||KtYu|| = 13.5334
||rj|| = 14.3862
||yj|| = 0.925477
||rphi|| = 0.00184291
||rp|| = 0.0718629
||y|| = 466.12
FGMRES iteration : 250 || r || = 0.0065283
||xi|| = 467.696
||eta|| = 0.289795
||yp|| = 514.762
||yphi|| = 0.282457
||BtYp|| = 3.05475
||ru|| = 3.05592
||yu|| = 142.881
||GtYphi|| = 1.97315
||KtYu|| = 12.8826
||rj|| = 13.7026
||yj|| = 0.803802
||rphi|| = 0.00210851
||rp|| = 0.082296
||y|| = 534.224
FGMRES iteration : 251 || r || = 0.00652643
||xi|| = 418.099
||eta|| = 0.256165
||yp|| = 460.169
||yphi|| = 0.410989
||BtYp|| = 2.73001
||ru|| = 2.73157
||yu|| = 127.371
||GtYphi|| = 2.2306
||KtYu|| = 13.6783
||rj|| = 14.5184
||yj|| = 0.911216
||rphi|| = 0.00327986
||rp|| = 0.0715313
||y|| = 477.472
FGMRES iteration : 252 || r || = 0.0065193
||xi|| = 463
||eta|| = 0.404092
||yp|| = 509.594
||yphi|| = 0.247742
||BtYp|| = 2.75927
||ru|| = 2.761
||yu|| = 144.796
||GtYphi|| = 1.92236
||KtYu|| = 13.8968
||rj|| = 14.7088
||yj|| = 0.906344
||rphi|| = 0.00184533
||rp|| = 0.0752911
||y|| = 529.767
FGMRES iteration : 253 || r || = 0.00650951
||xi|| = 467.364
||eta|| = 0.387551
||yp|| = 514.392
||yphi|| = 0.246548
||BtYp|| = 2.95672
||ru|| = 2.95754
||yu|| = 141.249
||GtYphi|| = 2.04441
||KtYu|| = 13.2306
||rj|| = 14.0648
||yj|| = 0.838225
||rphi|| = 0.00202136
||rp|| = 0.0784023
||y|| = 533.434
FGMRES iteration : 254 || r || = 0.00649572
||xi|| = 455.44
||eta|| = 0.282244
||yp|| = 501.267
||yphi|| = 0.385799
||BtYp|| = 2.97573
||ru|| = 2.977
||yu|| = 153.044
||GtYphi|| = 2.05995
||KtYu|| = 14.6173
||rj|| = 15.4813
||yj|| = 1.01499
||rphi|| = 0.00301482
||rp|| = 0.0836996
||y|| = 524.111
FGMRES iteration : 255 || r || = 0.00645471
||xi|| = 396.286
||eta|| = 0.408153
||yp|| = 436.178
||yphi|| = 0.324219
||BtYp|| = 2.3227
||ru|| = 2.32235
||yu|| = 125.014
||GtYphi|| = 2.3361
||KtYu|| = 13.0856
||rj|| = 13.9224
||yj|| = 0.807504
||rphi|| = 0.00256676
||rp|| = 0.0663743
||y|| = 453.741
FGMRES iteration : 256 || r || = 0.00638934
||xi|| = 441.564
||eta|| = 0.31353
||yp|| = 485.991
||yphi|| = 0.353862
||BtYp|| = 2.83132
||ru|| = 2.83345
||yu|| = 141.116
||GtYphi|| = 2.11134
||KtYu|| = 13.5755
||rj|| = 14.4093
||yj|| = 0.874247
||rphi|| = 0.00309577
||rp|| = 0.0786634
||y|| = 506.065
FGMRES iteration : 257 || r || = 0.00628045
||xi|| = 447.006
||eta|| = 0.395726
||yp|| = 491.986
||yphi|| = 0.27252
||BtYp|| = 2.93061
||ru|| = 2.93044
||yu|| = 145.917
||GtYphi|| = 1.83049
||KtYu|| = 14.1274
||rj|| = 14.8972
||yj|| = 0.970879
||rphi|| = 0.00236667
||rp|| = 0.0813987
||y|| = 513.17
FGMRES iteration : 258 || r || = 0.00611537
||xi|| = 477.538
||eta|| = 0.371618
||yp|| = 525.629
||yphi|| = 0.208536
||BtYp|| = 2.81169
||ru|| = 2.81208
||yu|| = 146.422
||GtYphi|| = 1.984
||KtYu|| = 12.5285
||rj|| = 13.3437
||yj|| = 0.803598
||rphi|| = 0.00171482
||rp|| = 0.0799924
||y|| = 545.642
FGMRES iteration : 259 || r || = 0.00592706
||xi|| = 492.435
||eta|| = 0.304996
||yp|| = 542.037
||yphi|| = 0.241133
||BtYp|| = 3.15449
||ru|| = 3.15675
||yu|| = 164.514
||GtYphi|| = 1.75094
||KtYu|| = 14.1153
||rj|| = 14.9173
||yj|| = 0.924622
||rphi|| = 0.0022385
||rp|| = 0.090892
||y|| = 566.454
FGMRES iteration : 260 || r || = 0.00570315
||xi|| = 459.693
||eta|| = 0.330821
||yp|| = 505.951
||yphi|| = 0.235731
||BtYp|| = 2.73906
||ru|| = 2.73896
||yu|| = 130.16
||GtYphi|| = 1.53804
||KtYu|| = 12.3083
||rj|| = 13.03
||yj|| = 0.827866
||rphi|| = 0.00185618
||rp|| = 0.0731283
||y|| = 522.426
FGMRES iteration : 261 || r || = 0.00561542
||xi|| = 455.078
||eta|| = 0.405606
||yp|| = 500.86
||yphi|| = 0.200425
||BtYp|| = 2.80901
||ru|| = 2.81002
||yu|| = 143.324
||GtYphi|| = 1.88382
||KtYu|| = 14.3658
||rj|| = 15.1747
||yj|| = 0.931084
||rphi|| = 0.00161472
||rp|| = 0.0788266
||y|| = 520.964
FGMRES iteration : 262 || r || = 0.00556775
||xi|| = 462.205
||eta|| = 0.336181
||yp|| = 508.71
||yphi|| = 0.294047
||BtYp|| = 2.76573
||ru|| = 2.76613
||yu|| = 144.296
||GtYphi|| = 1.99234
||KtYu|| = 14.1314
||rj|| = 14.9742
||yj|| = 0.908424
||rphi|| = 0.00216349
||rp|| = 0.0812784
||y|| = 528.78
FGMRES iteration : 263 || r || = 0.0055445
||xi|| = 422.029
||eta|| = 0.344639
||yp|| = 464.528
||yphi|| = 0.340645
||BtYp|| = 2.62685
||ru|| = 2.62698
||yu|| = 144.043
||GtYphi|| = 1.97884
||KtYu|| = 13.8246
||rj|| = 14.6469
||yj|| = 0.949309
||rphi|| = 0.00264957
||rp|| = 0.0795114
||y|| = 486.35
FGMRES iteration : 264 || r || = 0.00553499
||xi|| = 422.26
||eta|| = 0.407607
||yp|| = 464.83
||yphi|| = 0.201664
||BtYp|| = 2.49059
||ru|| = 2.49144
||yu|| = 135.735
||GtYphi|| = 1.73162
||KtYu|| = 13.2032
||rj|| = 13.9368
||yj|| = 0.847938
||rphi|| = 0.00165178
||rp|| = 0.0742404
||y|| = 484.243
FGMRES iteration : 265 || r || = 0.00552945
||xi|| = 387.82
||eta|| = 0.326834
||yp|| = 426.864
||yphi|| = 0.309932
||BtYp|| = 2.41982
||ru|| = 2.422
||yu|| = 125.784
||GtYphi|| = 2.23732
||KtYu|| = 13.3192
||rj|| = 14.1952
||yj|| = 0.891815
||rphi|| = 0.00257575
||rp|| = 0.0721615
||y|| = 445.012
FGMRES iteration : 266 || r || = 0.00552867
||xi|| = 450.101
||eta|| = 0.313733
||yp|| = 495.423
||yphi|| = 0.386516
||BtYp|| = 2.69095
||ru|| = 2.69315
||yu|| = 137.823
||GtYphi|| = 1.96651
||KtYu|| = 14.3976
||rj|| = 15.3114
||yj|| = 0.952278
||rphi|| = 0.00305487
||rp|| = 0.0747208
||y|| = 514.238
FGMRES iteration : 267 || r || = 0.00552724
||xi|| = 449.114
||eta|| = 0.333071
||yp|| = 494.323
||yphi|| = 0.312164
||BtYp|| = 2.77295
||ru|| = 2.7732
||yu|| = 140.559
||GtYphi|| = 2.17773
||KtYu|| = 12.5879
||rj|| = 13.344
||yj|| = 0.740326
||rphi|| = 0.00234911
||rp|| = 0.076289
||y|| = 513.919
FGMRES iteration : 268 || r || = 0.00552693
||xi|| = 437.108
||eta|| = 0.362568
||yp|| = 481.176
||yphi|| = 0.185751
||BtYp|| = 2.66469
||ru|| = 2.66702
||yu|| = 150.317
||GtYphi|| = 1.8227
||KtYu|| = 14.3377
||rj|| = 15.1734
||yj|| = 0.942244
||rphi|| = 0.00139588
||rp|| = 0.0795377
||y|| = 504.11
FGMRES iteration : 269 || r || = 0.00552662
||xi|| = 453.674
||eta|| = 0.384791
||yp|| = 499.402
||yphi|| = 0.279678
||BtYp|| = 2.7709
||ru|| = 2.77274
||yu|| = 139.565
||GtYphi|| = 1.98676
||KtYu|| = 12.4966
||rj|| = 13.2791
||yj|| = 0.862585
||rphi|| = 0.00213146
||rp|| = 0.076659
||y|| = 518.538
FGMRES iteration : 270 || r || = 0.00552625
||xi|| = 432.926
||eta|| = 0.38459
||yp|| = 476.541
||yphi|| = 0.30186
||BtYp|| = 2.54407
||ru|| = 2.54541
||yu|| = 135.606
||GtYphi|| = 2.09356
||KtYu|| = 13.2856
||rj|| = 14.2285
||yj|| = 0.838218
||rphi|| = 0.0022939
||rp|| = 0.0738341
||y|| = 495.461
FGMRES iteration : 271 || r || = 0.00552414
||xi|| = 428.096
||eta|| = 0.364689
||yp|| = 471.199
||yphi|| = 0.21931
||BtYp|| = 2.8301
||ru|| = 2.82868
||yu|| = 148.525
||GtYphi|| = 1.84097
||KtYu|| = 14.1505
||rj|| = 14.9691
||yj|| = 0.911293
||rphi|| = 0.00163981
||rp|| = 0.082703
||y|| = 494.054
FGMRES iteration : 272 || r || = 0.00551673
||xi|| = 392.704
||eta|| = 0.459317
||yp|| = 432.227
||yphi|| = 0.134556
||BtYp|| = 2.24501
||ru|| = 2.24786
||yu|| = 124.027
||GtYphi|| = 1.76337
||KtYu|| = 13.2709
||rj|| = 14.1166
||yj|| = 0.829233
||rphi|| = 0.00106786
||rp|| = 0.069921
||y|| = 449.671
FGMRES iteration : 273 || r || = 0.00549523
||xi|| = 403.803
||eta|| = 0.486731
||yp|| = 444.517
||yphi|| = 0.172329
||BtYp|| = 2.35673
||ru|| = 2.3581
||yu|| = 126.189
||GtYphi|| = 1.79966
||KtYu|| = 12.5705
||rj|| = 13.3787
||yj|| = 0.817591
||rphi|| = 0.00152077
||rp|| = 0.0698687
||y|| = 462.082
FGMRES iteration : 274 || r || = 0.00545915
||xi|| = 467.914
||eta|| = 0.294229
||yp|| = 515.042
||yphi|| = 0.235618
||BtYp|| = 2.89486
||ru|| = 2.89658
||yu|| = 154.757
||GtYphi|| = 1.8754
||KtYu|| = 14.6285
||rj|| = 15.4775
||yj|| = 0.977357
||rphi|| = 0.00189028
||rp|| = 0.0832274
||y|| = 537.791
FGMRES iteration : 275 || r || = 0.00537965
||xi|| = 501.355
||eta|| = 0.476015
||yp|| = 551.836
||yphi|| = 0.197679
||BtYp|| = 2.91241
||ru|| = 2.91402
||yu|| = 150.899
||GtYphi|| = 1.94733
||KtYu|| = 12.7555
||rj|| = 13.5562
||yj|| = 0.816784
||rphi|| = 0.00169857
||rp|| = 0.0800768
||y|| = 572.096
FGMRES iteration : 276 || r || = 0.00522205
||xi|| = 420.996
||eta|| = 0.394949
||yp|| = 463.399
||yphi|| = 0.175616
||BtYp|| = 2.49632
||ru|| = 2.49717
||yu|| = 134.975
||GtYphi|| = 1.68597
||KtYu|| = 13.9408
||rj|| = 14.7399
||yj|| = 0.92565
||rphi|| = 0.00162245
||rp|| = 0.0735576
||y|| = 482.657
FGMRES iteration : 277 || r || = 0.00499115
||xi|| = 372.216
||eta|| = 0.255494
||yp|| = 409.714
||yphi|| = 0.350031
||BtYp|| = 2.21128
||ru|| = 2.21323
||yu|| = 118.058
||GtYphi|| = 1.86865
||KtYu|| = 12.811
||rj|| = 13.6951
||yj|| = 0.864265
||rphi|| = 0.00289852
||rp|| = 0.0669032
||y|| = 426.385
FGMRES iteration : 278 || r || = 0.00472886
||xi|| = 426.385
||eta|| = 0.353715
||yp|| = 469.311
||yphi|| = 0.187539
||BtYp|| = 2.57272
||ru|| = 2.57386
||yu|| = 134.372
||GtYphi|| = 1.88972
||KtYu|| = 12.5394
||rj|| = 13.3398
||yj|| = 0.761603
||rphi|| = 0.00164328
||rp|| = 0.0713707
||y|| = 488.169
FGMRES iteration : 279 || r || = 0.00456622
||xi|| = 462.39
||eta|| = 0.344521
||yp|| = 508.909
||yphi|| = 0.223268
||BtYp|| = 2.76175
||ru|| = 2.763
||yu|| = 139.314
||GtYphi|| = 1.60967
||KtYu|| = 14.1311
||rj|| = 14.8903
||yj|| = 0.950437
||rphi|| = 0.00216852
||rp|| = 0.0741521
||y|| = 527.634
FGMRES iteration : 280 || r || = 0.00447135
||xi|| = 404.203
||eta|| = 0.247887
||yp|| = 444.865
||yphi|| = 0.292587
||BtYp|| = 2.43002
||ru|| = 2.43179
||yu|| = 118.626
||GtYphi|| = 1.94589
||KtYu|| = 12.4808
||rj|| = 13.3028
||yj|| = 0.792073
||rphi|| = 0.00216711
||rp|| = 0.0653278
||y|| = 460.41
FGMRES iteration : 281 || r || = 0.00444707
||xi|| = 461.001
||eta|| = 0.507505
||yp|| = 507.46
||yphi|| = 0.240578
||BtYp|| = 2.71928
||ru|| = 2.72033
||yu|| = 144.516
||GtYphi|| = 1.9527
||KtYu|| = 14.1598
||rj|| = 15.0223
||yj|| = 0.886781
||rphi|| = 0.00184995
||rp|| = 0.0767401
||y|| = 527.638
FGMRES iteration : 282 || r || = 0.00443703
||xi|| = 489.899
||eta|| = 0.506803
||yp|| = 539.217
||yphi|| = 0.268326
||BtYp|| = 2.93534
||ru|| = 2.93712
||yu|| = 158.329
||GtYphi|| = 1.80166
||KtYu|| = 14.6634
||rj|| = 15.4149
||yj|| = 0.956487
||rphi|| = 0.00207381
||rp|| = 0.082227
||y|| = 561.982
FGMRES iteration : 283 || r || = 0.00443174
||xi|| = 481.684
||eta|| = 0.576244
||yp|| = 530.265
||yphi|| = 0.182744
||BtYp|| = 2.98428
||ru|| = 2.98638
||yu|| = 154.51
||GtYphi|| = 1.82849
||KtYu|| = 13.5349
||rj|| = 14.3442
||yj|| = 0.841972
||rphi|| = 0.00149101
||rp|| = 0.0791346
||y|| = 552.318
FGMRES iteration : 284 || r || = 0.00442898
||xi|| = 436.798
||eta|| = 0.316997
||yp|| = 480.745
||yphi|| = 0.18541
||BtYp|| = 2.55627
||ru|| = 2.55606
||yu|| = 134.642
||GtYphi|| = 1.70774
||KtYu|| = 13.6797
||rj|| = 14.4413
||yj|| = 0.889961
||rphi|| = 0.00164711
||rp|| = 0.0707647
||y|| = 499.244
FGMRES iteration : 285 || r || = 0.00442736
||xi|| = 476.112
||eta|| = 0.537516
||yp|| = 524.123
||yphi|| = 0.322363
||BtYp|| = 2.85163
||ru|| = 2.85275
||yu|| = 155.018
||GtYphi|| = 1.97341
||KtYu|| = 13.668
||rj|| = 14.4724
||yj|| = 0.93083
||rphi|| = 0.00250146
||rp|| = 0.0810226
||y|| = 546.568
FGMRES iteration : 286 || r || = 0.00442652
||xi|| = 491.204
||eta|| = 0.457317
||yp|| = 540.664
||yphi|| = 0.232401
||BtYp|| = 2.44658
||ru|| = 2.44809
||yu|| = 132.086
||GtYphi|| = 2.05844
||KtYu|| = 13.2532
||rj|| = 14.0818
||yj|| = 0.837636
||rphi|| = 0.00177925
||rp|| = 0.0682063
||y|| = 556.566
FGMRES iteration : 287 || r || = 0.00442475
||xi|| = 472.657
||eta|| = 0.392014
||yp|| = 520.209
||yphi|| = 0.150254
||BtYp|| = 3.13532
||ru|| = 3.13576
||yu|| = 152.296
||GtYphi|| = 1.5874
||KtYu|| = 14.3375
||rj|| = 15.1286
||yj|| = 0.963645
||rphi|| = 0.00131952
||rp|| = 0.0862917
||y|| = 542.045
FGMRES iteration : 288 || r || = 0.0044235
||xi|| = 416.372
||eta|| = 0.362227
||yp|| = 458.306
||yphi|| = 0.205335
||BtYp|| = 2.35409
||ru|| = 2.35524
||yu|| = 121.858
||GtYphi|| = 1.83294
||KtYu|| = 13.2128
||rj|| = 13.9663
||yj|| = 0.850793
||rphi|| = 0.00171702
||rp|| = 0.0675828
||y|| = 474.231
FGMRES iteration : 289 || r || = 0.00442167
||xi|| = 460.79
||eta|| = 0.359948
||yp|| = 507.199
||yphi|| = 0.220192
||BtYp|| = 2.70561
||ru|| = 2.70866
||yu|| = 141.519
||GtYphi|| = 2.04936
||KtYu|| = 12.728
||rj|| = 13.502
||yj|| = 0.800869
||rphi|| = 0.0019055
||rp|| = 0.0775261
||y|| = 526.573
FGMRES iteration : 290 || r || = 0.00441887
||xi|| = 474.638
||eta|| = 0.359233
||yp|| = 522.433
||yphi|| = 0.141122
||BtYp|| = 2.83574
||ru|| = 2.83602
||yu|| = 144.076
||GtYphi|| = 1.52381
||KtYu|| = 14.8988
||rj|| = 15.7377
||yj|| = 1.04479
||rphi|| = 0.00123498
||rp|| = 0.0800644
||y|| = 541.936
FGMRES iteration : 291 || r || = 0.00440419
||xi|| = 396.604
||eta|| = 0.434306
||yp|| = 436.569
||yphi|| = 0.182249
||BtYp|| = 2.11899
||ru|| = 2.12135
||yu|| = 123.229
||GtYphi|| = 1.93014
||KtYu|| = 12.2978
||rj|| = 13.0282
||yj|| = 0.806676
||rphi|| = 0.00149116
||rp|| = 0.0655047
||y|| = 453.628
FGMRES iteration : 292 || r || = 0.00437775
||xi|| = 431.92
||eta|| = 0.459538
||yp|| = 475.46
||yphi|| = 0.168088
||BtYp|| = 2.64177
||ru|| = 2.64098
||yu|| = 142.512
||GtYphi|| = 1.7145
||KtYu|| = 13.8947
||rj|| = 14.6682
||yj|| = 0.875336
||rphi|| = 0.0015433
||rp|| = 0.0739657
||y|| = 496.359
FGMRES iteration : 293 || r || = 0.00433671
||xi|| = 454.253
||eta|| = 0.321683
||yp|| = 499.996
||yphi|| = 0.173449
||BtYp|| = 2.67365
||ru|| = 2.67527
||yu|| = 146.004
||GtYphi|| = 1.80136
||KtYu|| = 14.1999
||rj|| = 15.0213
||yj|| = 0.922148
||rphi|| = 0.00158736
||rp|| = 0.0772687
||y|| = 520.878
FGMRES iteration : 294 || r || = 0.00423736
||xi|| = 514.02
||eta|| = 0.527707
||yp|| = 565.858
||yphi|| = 0.225237
||BtYp|| = 3.07668
||ru|| = 3.07772
||yu|| = 162.387
||GtYphi|| = 2.03801
||KtYu|| = 12.5876
||rj|| = 13.3922
||yj|| = 0.76776
||rphi|| = 0.00184729
||rp|| = 0.0792936
||y|| = 588.698
FGMRES iteration : 295 || r || = 0.00409857
||xi|| = 420.354
||eta|| = 0.394815
||yp|| = 462.673
||yphi|| = 0.155591
||BtYp|| = 2.48679
||ru|| = 2.48751
||yu|| = 139.868
||GtYphi|| = 1.59105
||KtYu|| = 13.4536
||rj|| = 14.2642
||yj|| = 0.905563
||rphi|| = 0.00126288
||rp|| = 0.0731704
||y|| = 483.353
FGMRES iteration : 296 || r || = 0.00391188
||xi|| = 374.134
||eta|| = 0.377617
||yp|| = 411.836
||yphi|| = 0.24496
||BtYp|| = 2.09933
||ru|| = 2.10046
||yu|| = 115.202
||GtYphi|| = 2.01805
||KtYu|| = 13.0756
||rj|| = 13.8861
||yj|| = 0.873214
||rphi|| = 0.0021384
||rp|| = 0.0612891
||y|| = 427.646
FGMRES iteration : 297 || r || = 0.00371767
||xi|| = 410.577
||eta|| = 0.400255
||yp|| = 451.923
||yphi|| = 0.306998
||BtYp|| = 2.12546
||ru|| = 2.12644
||yu|| = 122.627
||GtYphi|| = 2.02857
||KtYu|| = 12.5894
||rj|| = 13.4719
||yj|| = 0.741099
||rphi|| = 0.00272933
||rp|| = 0.061665
||y|| = 468.265
FGMRES iteration : 298 || r || = 0.00357752
||xi|| = 384.743
||eta|| = 0.468819
||yp|| = 423.601
||yphi|| = 0.220311
||BtYp|| = 2.16895
||ru|| = 2.17104
||yu|| = 131.298
||GtYphi|| = 1.87275
||KtYu|| = 13.5399
||rj|| = 14.3024
||yj|| = 0.902498
||rphi|| = 0.00195169
||rp|| = 0.0683373
||y|| = 443.484
FGMRES iteration : 299 || r || = 0.0035178
||xi|| = 432.499
||eta|| = 0.391286
||yp|| = 476.038
||yphi|| = 0.213342
||BtYp|| = 2.49061
||ru|| = 2.49156
||yu|| = 140.964
||GtYphi|| = 1.86085
||KtYu|| = 14.3247
||rj|| = 15.1125
||yj|| = 0.91612
||rphi|| = 0.00182987
||rp|| = 0.0740912
||y|| = 496.472
FGMRES iteration : 300 || r || = 0.00349013
||xi|| = 445.532
||eta|| = 0.362549
||yp|| = 490.439
||yphi|| = 0.264659
||BtYp|| = 2.42417
||ru|| = 2.42747
||yu|| = 142.628
||GtYphi|| = 2.12528
||KtYu|| = 13.9915
||rj|| = 14.8832
||yj|| = 0.817904
||rphi|| = 0.00222503
||rp|| = 0.0727069
||y|| = 510.758
FGMRES iteration : 301 || r || = 0.00347865
||xi|| = 367.587
||eta|| = 0.35229
||yp|| = 404.599
||yphi|| = 0.155445
||BtYp|| = 2.2047
||ru|| = 2.20515
||yu|| = 116.962
||GtYphi|| = 1.74988
||KtYu|| = 13.2399
||rj|| = 14.0403
||yj|| = 0.886728
||rphi|| = 0.001301
||rp|| = 0.064504
||y|| = 421.166
FGMRES iteration : 302 || r || = 0.0034739
||xi|| = 374.123
||eta|| = 0.372797
||yp|| = 411.905
||yphi|| = 0.230938
||BtYp|| = 2.19254
||ru|| = 2.19579
||yu|| = 137.624
||GtYphi|| = 1.78734
||KtYu|| = 14.3582
||rj|| = 15.2003
||yj|| = 0.972976
||rphi|| = 0.00183099
||rp|| = 0.0729348
||y|| = 434.289
FGMRES iteration : 303 || r || = 0.00347283
||xi|| = 422
||eta|| = 0.4146
||yp|| = 464.562
||yphi|| = 0.221715
||BtYp|| = 2.2075
||ru|| = 2.20793
||yu|| = 116.156
||GtYphi|| = 2.07985
||KtYu|| = 11.5646
||rj|| = 12.3311
||yj|| = 0.719638
||rphi|| = 0.0020262
||rp|| = 0.0603477
||y|| = 478.864
FGMRES iteration : 304 || r || = 0.00347273
||xi|| = 485.107
||eta|| = 0.416128
||yp|| = 533.983
||yphi|| = 0.146088
||BtYp|| = 2.72698
||ru|| = 2.72868
||yu|| = 149.376
||GtYphi|| = 1.60059
||KtYu|| = 14.9534
||rj|| = 15.7568
||yj|| = 1.00032
||rphi|| = 0.00119228
||rp|| = 0.0780876
||y|| = 554.484
FGMRES iteration : 305 || r || = 0.00347243
||xi|| = 397.765
||eta|| = 0.36526
||yp|| = 437.843
||yphi|| = 0.203336
||BtYp|| = 2.20137
||ru|| = 2.20234
||yu|| = 121.139
||GtYphi|| = 1.88816
||KtYu|| = 12.556
||rj|| = 13.3635
||yj|| = 0.807222
||rphi|| = 0.00162079
||rp|| = 0.063868
||y|| = 454.293
FGMRES iteration : 306 || r || = 0.00347199
||xi|| = 465.758
||eta|| = 0.40689
||yp|| = 512.629
||yphi|| = 0.217503
||BtYp|| = 2.77415
||ru|| = 2.77264
||yu|| = 142.465
||GtYphi|| = 2.14068
||KtYu|| = 12.8313
||rj|| = 13.6679
||yj|| = 0.795698
||rphi|| = 0.00189085
||rp|| = 0.0774832
||y|| = 532.057
FGMRES iteration : 307 || r || = 0.00347127
||xi|| = 445.607
||eta|| = 0.327782
||yp|| = 490.504
||yphi|| = 0.164006
||BtYp|| = 2.66204
||ru|| = 2.66643
||yu|| = 146.597
||GtYphi|| = 1.79418
||KtYu|| = 14.7609
||rj|| = 15.5621
||yj|| = 0.978235
||rphi|| = 0.00139626
||rp|| = 0.0792661
||y|| = 511.943
FGMRES iteration : 308 || r || = 0.00347028
||xi|| = 467.049
||eta|| = 0.429369
||yp|| = 514.116
||yphi|| = 0.182618
||BtYp|| = 2.85661
||ru|| = 2.85903
||yu|| = 146.908
||GtYphi|| = 2.08935
||KtYu|| = 13.3495
||rj|| = 14.196
||yj|| = 0.846507
||rphi|| = 0.00135252
||rp|| = 0.0789783
||y|| = 534.694
FGMRES iteration : 309 || r || = 0.00346592
||xi|| = 461.948
||eta|| = 0.425337
||yp|| = 508.483
||yphi|| = 0.222424
||BtYp|| = 2.76621
||ru|| = 2.76894
||yu|| = 143.914
||GtYphi|| = 2.01065
||KtYu|| = 13.9078
||rj|| = 14.7389
||yj|| = 0.909782
||rphi|| = 0.0017636
||rp|| = 0.0755607
||y|| = 528.457
FGMRES iteration : 310 || r || = 0.00345692
||xi|| = 497.151
||eta|| = 0.339317
||yp|| = 547.139
||yphi|| = 0.161132
||BtYp|| = 3.13186
||ru|| = 3.13329
||yu|| = 146.705
||GtYphi|| = 1.74442
||KtYu|| = 13.8903
||rj|| = 14.6542
||yj|| = 0.884642
||rphi|| = 0.00122714
||rp|| = 0.0810795
||y|| = 566.467
FGMRES iteration : 311 || r || = 0.00343742
||xi|| = 474.219
||eta|| = 0.375718
||yp|| = 521.954
||yphi|| = 0.188932
||BtYp|| = 2.59783
||ru|| = 2.5992
||yu|| = 131.239
||GtYphi|| = 1.80248
||KtYu|| = 13.6303
||rj|| = 14.4503
||yj|| = 0.867205
||rphi|| = 0.00148126
||rp|| = 0.0688426
||y|| = 538.201
FGMRES iteration : 312 || r || = 0.00338701
||xi|| = 441.083
||eta|| = 0.431847
||yp|| = 485.478
||yphi|| = 0.193557
||BtYp|| = 2.69546
||ru|| = 2.69609
||yu|| = 151.029
||GtYphi|| = 1.77358
||KtYu|| = 13.8273
||rj|| = 14.5579
||yj|| = 0.920758
||rphi|| = 0.00149069
||rp|| = 0.0801123
||y|| = 508.429
FGMRES iteration : 313 || r || = 0.00331267
||xi|| = 476.627
||eta|| = 0.332589
||yp|| = 524.635
||yphi|| = 0.13626
||BtYp|| = 2.79509
||ru|| = 2.79705
||yu|| = 145.995
||GtYphi|| = 1.69448
||KtYu|| = 12.6645
||rj|| = 13.4436
||yj|| = 0.805787
||rphi|| = 0.00101321
||rp|| = 0.074794
||y|| = 544.571
FGMRES iteration : 314 || r || = 0.00319703
||xi|| = 419.231
||eta|| = 0.612937
||yp|| = 461.515
||yphi|| = 0.270928
||BtYp|| = 2.38246
||ru|| = 2.38377
||yu|| = 138.397
||GtYphi|| = 1.93625
||KtYu|| = 14.4709
||rj|| = 15.3045
||yj|| = 0.951833
||rphi|| = 0.00202407
||rp|| = 0.0710258
||y|| = 481.82
FGMRES iteration : 315 || r || = 0.00306801
||xi|| = 387.063
||eta|| = 0.341694
||yp|| = 426.057
||yphi|| = 0.193227
||BtYp|| = 2.17238
||ru|| = 2.17395
||yu|| = 122.068
||GtYphi|| = 1.65401
||KtYu|| = 13.5087
||rj|| = 14.3109
||yj|| = 0.906709
||rphi|| = 0.00165234
||rp|| = 0.0629563
||y|| = 443.2
FGMRES iteration : 316 || r || = 0.00296125
||xi|| = 384.472
||eta|| = 0.557561
||yp|| = 423.222
||yphi|| = 0.207544
||BtYp|| = 1.92351
||ru|| = 1.92396
||yu|| = 118.95
||GtYphi|| = 2.08261
||KtYu|| = 11.9814
||rj|| = 12.7817
||yj|| = 0.734704
||rphi|| = 0.0019363
||rp|| = 0.0583923
||y|| = 439.621
FGMRES iteration : 317 || r || = 0.00289693
||xi|| = 430.011
||eta|| = 0.421035
||yp|| = 473.334
||yphi|| = 0.274674
||BtYp|| = 2.4163
||ru|| = 2.41801
||yu|| = 138.082
||GtYphi|| = 1.83754
||KtYu|| = 14.2307
||rj|| = 15.0234
||yj|| = 0.930806
||rphi|| = 0.00225766
||rp|| = 0.0729829
||y|| = 493.065
FGMRES iteration : 318 || r || = 0.00286596
||xi|| = 462.026
||eta|| = 0.632926
||yp|| = 508.632
||yphi|| = 0.177579
||BtYp|| = 2.64939
||ru|| = 2.6506
||yu|| = 157.998
||GtYphi|| = 1.83794
||KtYu|| = 14.4859
||rj|| = 15.2641
||yj|| = 0.957761
||rphi|| = 0.0013748
||rp|| = 0.0814776
||y|| = 532.608
FGMRES iteration : 319 || r || = 0.002848
||xi|| = 410.095
||eta|| = 0.489168
||yp|| = 451.463
||yphi|| = 0.188965
||BtYp|| = 2.21428
||ru|| = 2.21563
||yu|| = 129.999
||GtYphi|| = 2.06187
||KtYu|| = 12.3463
||rj|| = 13.2034
||yj|| = 0.77371
||rphi|| = 0.00156118
||rp|| = 0.0675041
||y|| = 469.808
FGMRES iteration : 320 || r || = 0.00283897
||xi|| = 452.808
||eta|| = 0.424446
||yp|| = 498.447
||yphi|| = 0.252493
||BtYp|| = 2.84087
||ru|| = 2.84165
||yu|| = 160.928
||GtYphi|| = 1.81399
||KtYu|| = 15.438
||rj|| = 16.2865
||yj|| = 1.00734
||rphi|| = 0.00197406
||rp|| = 0.0853359
||y|| = 523.783
FGMRES iteration : 321 || r || = 0.00283479
||xi|| = 407.187
||eta|| = 0.749474
||yp|| = 448.337
||yphi|| = 0.191617
||BtYp|| = 2.10043
||ru|| = 2.10089
||yu|| = 142.886
||GtYphi|| = 1.94192
||KtYu|| = 13.6801
||rj|| = 14.4492
||yj|| = 0.883076
||rphi|| = 0.0014734
||rp|| = 0.0694812
||y|| = 470.557
FGMRES iteration : 322 || r || = 0.00283194
||xi|| = 433.669
||eta|| = 0.492191
||yp|| = 477.39
||yphi|| = 0.218138
||BtYp|| = 2.59964
||ru|| = 2.60143
||yu|| = 146.575
||GtYphi|| = 1.95513
||KtYu|| = 14.1841
||rj|| = 14.9987
||yj|| = 0.920265
||rphi|| = 0.00177814
||rp|| = 0.0805827
||y|| = 499.386
FGMRES iteration : 323 || r || = 0.00283057
||xi|| = 394.346
||eta|| = 0.431734
||yp|| = 434.136
||yphi|| = 0.182903
||BtYp|| = 2.131
||ru|| = 2.13173
||yu|| = 132.45
||GtYphi|| = 1.78402
||KtYu|| = 14.1359
||rj|| = 14.9701
||yj|| = 0.971885
||rphi|| = 0.00174708
||rp|| = 0.068638
||y|| = 453.892
FGMRES iteration : 324 || r || = 0.00282912
||xi|| = 420.752
||eta|| = 0.505573
||yp|| = 463.172
||yphi|| = 0.196648
||BtYp|| = 2.04288
||ru|| = 2.0451
||yu|| = 123.208
||GtYphi|| = 2.1166
||KtYu|| = 12.9159
||rj|| = 13.7365
||yj|| = 0.770409
||rphi|| = 0.00161464
||rp|| = 0.0616747
||y|| = 479.279
FGMRES iteration : 325 || r || = 0.00282889
||xi|| = 439.332
||eta|| = 0.474452
||yp|| = 483.589
||yphi|| = 0.199115
||BtYp|| = 2.69288
||ru|| = 2.69293
||yu|| = 142.423
||GtYphi|| = 1.82984
||KtYu|| = 14.4233
||rj|| = 15.2112
||yj|| = 0.953315
||rphi|| = 0.00178156
||rp|| = 0.0773889
||y|| = 504.127
FGMRES iteration : 326 || r || = 0.00282868
||xi|| = 440.39
||eta|| = 0.488247
||yp|| = 484.768
||yphi|| = 0.189509
||BtYp|| = 2.41685
||ru|| = 2.41698
||yu|| = 136.74
||GtYphi|| = 1.68172
||KtYu|| = 14.0676
||rj|| = 14.8978
||yj|| = 0.901566
||rphi|| = 0.00151492
||rp|| = 0.0753881
||y|| = 503.686
FGMRES iteration : 327 || r || = 0.00282773
||xi|| = 480.228
||eta|| = 0.605342
||yp|| = 528.544
||yphi|| = 0.190416
||BtYp|| = 2.7444
||ru|| = 2.74619
||yu|| = 154.52
||GtYphi|| = 1.95447
||KtYu|| = 13.5054
||rj|| = 14.2447
||yj|| = 0.816341
||rphi|| = 0.00147978
||rp|| = 0.0797498
||y|| = 550.668
FGMRES iteration : 328 || r || = 0.00282613
||xi|| = 428.624
||eta|| = 0.359678
||yp|| = 471.842
||yphi|| = 0.169489
||BtYp|| = 2.29286
||ru|| = 2.29487
||yu|| = 139.407
||GtYphi|| = 1.75414
||KtYu|| = 14.552
||rj|| = 15.3974
||yj|| = 0.962011
||rphi|| = 0.00127303
||rp|| = 0.0736425
||y|| = 492.006
FGMRES iteration : 329 || r || = 0.00281548
||xi|| = 450.637
||eta|| = 0.567284
||yp|| = 496.09
||yphi|| = 0.168889
||BtYp|| = 2.32972
||ru|| = 2.33099
||yu|| = 147.454
||GtYphi|| = 1.68553
||KtYu|| = 14.8788
||rj|| = 15.6972
||yj|| = 0.951913
||rphi|| = 0.00128084
||rp|| = 0.0764399
||y|| = 517.542
FGMRES iteration : 330 || r || = 0.0027761
||xi|| = 426.988
||eta|| = 0.508881
||yp|| = 470.042
||yphi|| = 0.199212
||BtYp|| = 2.19523
||ru|| = 2.19496
||yu|| = 128.603
||GtYphi|| = 2.01315
||KtYu|| = 13.0997
||rj|| = 13.8335
||yj|| = 0.825832
||rphi|| = 0.00161729
||rp|| = 0.0668454
||y|| = 487.318
FGMRES iteration : 331 || r || = 0.00273303
||xi|| = 528.468
||eta|| = 0.345808
||yp|| = 581.635
||yphi|| = 0.159545
||BtYp|| = 3.39999
||ru|| = 3.40285
||yu|| = 170.391
||GtYphi|| = 1.54217
||KtYu|| = 15.425
||rj|| = 16.1763
||yj|| = 0.992394
||rphi|| = 0.00131657
||rp|| = 0.090991
||y|| = 606.081
FGMRES iteration : 332 || r || = 0.00265698
||xi|| = 459.27
||eta|| = 0.405901
||yp|| = 505.525
||yphi|| = 0.181133
||BtYp|| = 2.35825
||ru|| = 2.35911
||yu|| = 127.43
||GtYphi|| = 1.81458
||KtYu|| = 13.253
||rj|| = 14.1022
||yj|| = 0.812402
||rphi|| = 0.00146065
||rp|| = 0.0703938
||y|| = 521.339
FGMRES iteration : 333 || r || = 0.00248874
||xi|| = 440.133
||eta|| = 0.510602
||yp|| = 484.498
||yphi|| = 0.157568
||BtYp|| = 2.26597
||ru|| = 2.26697
||yu|| = 132.044
||GtYphi|| = 1.72532
||KtYu|| = 12.6718
||rj|| = 13.4037
||yj|| = 0.72147
||rphi|| = 0.00123519
||rp|| = 0.0670964
||y|| = 502.17
FGMRES iteration : 334 || r || = 0.00236124
||xi|| = 434.142
||eta|| = 0.475822
||yp|| = 477.889
||yphi|| = 0.229122
||BtYp|| = 2.32812
||ru|| = 2.33001
||yu|| = 138.261
||GtYphi|| = 1.68553
||KtYu|| = 14.8207
||rj|| = 15.6294
||yj|| = 0.940043
||rphi|| = 0.00171529
||rp|| = 0.0737286
||y|| = 497.489
FGMRES iteration : 335 || r || = 0.00223763
||xi|| = 480.709
||eta|| = 0.326987
||yp|| = 529.107
||yphi|| = 0.193427
||BtYp|| = 2.73923
||ru|| = 2.73919
||yu|| = 146.454
||GtYphi|| = 1.66927
||KtYu|| = 13.4216
||rj|| = 14.236
||yj|| = 0.830009
||rphi|| = 0.00154008
||rp|| = 0.0765941
||y|| = 549.003
FGMRES iteration : 336 || r || = 0.00215155
||xi|| = 428.273
||eta|| = 0.496985
||yp|| = 471.434
||yphi|| = 0.178335
||BtYp|| = 2.14642
||ru|| = 2.14742
||yu|| = 125.266
||GtYphi|| = 1.90908
||KtYu|| = 13.1913
||rj|| = 14.023
||yj|| = 0.721522
||rphi|| = 0.00149327
||rp|| = 0.0645964
||y|| = 487.793
FGMRES iteration : 337 || r || = 0.00211787
||xi|| = 404.925
||eta|| = 0.531038
||yp|| = 445.743
||yphi|| = 0.17065
||BtYp|| = 2.15044
||ru|| = 2.15189
||yu|| = 123.679
||GtYphi|| = 1.64308
||KtYu|| = 13.713
||rj|| = 14.5105
||yj|| = 0.868307
||rphi|| = 0.00130953
||rp|| = 0.0676699
||y|| = 462.584
FGMRES iteration : 338 || r || = 0.00210454
||xi|| = 473.732
||eta|| = 0.340633
||yp|| = 521.43
||yphi|| = 0.170029
||BtYp|| = 2.65937
||ru|| = 2.66079
||yu|| = 147.693
||GtYphi|| = 1.80977
||KtYu|| = 14.7059
||rj|| = 15.5376
||yj|| = 0.910087
||rphi|| = 0.00136436
||rp|| = 0.078386
||y|| = 541.944
FGMRES iteration : 339 || r || = 0.00209755
||xi|| = 499.158
||eta|| = 0.403038
||yp|| = 549.455
||yphi|| = 0.232359
||BtYp|| = 2.91532
||ru|| = 2.91592
||yu|| = 159.845
||GtYphi|| = 2.04199
||KtYu|| = 12.3448
||rj|| = 13.1205
||yj|| = 0.716844
||rphi|| = 0.00186
||rp|| = 0.0860182
||y|| = 572.234
FGMRES iteration : 340 || r || = 0.00209621
||xi|| = 452.325
||eta|| = 0.59986
||yp|| = 498.023
||yphi|| = 0.212005
||BtYp|| = 2.72953
||ru|| = 2.7312
||yu|| = 167.018
||GtYphi|| = 1.75312
||KtYu|| = 15.7043
||rj|| = 16.4826
||yj|| = 1.00768
||rphi|| = 0.00166895
||rp|| = 0.0916046
||y|| = 525.283
FGMRES iteration : 341 || r || = 0.00209544
||xi|| = 436.289
||eta|| = 0.44144
||yp|| = 480.238
||yphi|| = 0.176164
||BtYp|| = 2.56843
||ru|| = 2.56953
||yu|| = 149.51
||GtYphi|| = 1.93155
||KtYu|| = 13.849
||rj|| = 14.6079
||yj|| = 0.859938
||rphi|| = 0.00144841
||rp|| = 0.0820853
||y|| = 502.973
FGMRES iteration : 342 || r || = 0.00209365
||xi|| = 462.464
||eta|| = 0.455716
||yp|| = 509.006
||yphi|| = 0.163758
||BtYp|| = 2.55493
||ru|| = 2.55664
||yu|| = 143.204
||GtYphi|| = 1.84915
||KtYu|| = 12.7684
||rj|| = 13.4586
||yj|| = 0.768914
||rphi|| = 0.00131582
||rp|| = 0.0783678
||y|| = 528.768
FGMRES iteration : 343 || r || = 0.00209351
||xi|| = 490.537
||eta|| = 0.580155
||yp|| = 539.902
||yphi|| = 0.163606
||BtYp|| = 3.22192
||ru|| = 3.22305
||yu|| = 164.628
||GtYphi|| = 1.4946
||KtYu|| = 15.9764
||rj|| = 16.7792
||yj|| = 1.01951
||rphi|| = 0.00142612
||rp|| = 0.0976393
||y|| = 564.444
FGMRES iteration : 344 || r || = 0.00209309
||xi|| = 541.23
||eta|| = 0.536759
||yp|| = 595.672
||yphi|| = 0.173546
||BtYp|| = 3.39764
||ru|| = 3.39688
||yu|| = 170.504
||GtYphi|| = 1.80701
||KtYu|| = 13.0714
||rj|| = 13.7307
||yj|| = 0.801786
||rphi|| = 0.00134867
||rp|| = 0.0956877
||y|| = 619.594
FGMRES iteration : 345 || r || = 0.00209055
||xi|| = 505.802
||eta|| = 0.535719
||yp|| = 556.773
||yphi|| = 0.163262
||BtYp|| = 3.08683
||ru|| = 3.08798
||yu|| = 167.434
||GtYphi|| = 1.80055
||KtYu|| = 14.493
||rj|| = 15.3168
||yj|| = 0.867903
||rphi|| = 0.00125564
||rp|| = 0.0925812
||y|| = 581.404
FGMRES iteration : 346 || r || = 0.00208934
||xi|| = 430.134
||eta|| = 0.348909
||yp|| = 473.487
||yphi|| = 0.253736
||BtYp|| = 2.58092
||ru|| = 2.58314
||yu|| = 145.304
||GtYphi|| = 2.0643
||KtYu|| = 14.2449
||rj|| = 15.0948
||yj|| = 0.88838
||rphi|| = 0.00198678
||rp|| = 0.0843008
||y|| = 495.282
FGMRES iteration : 347 || r || = 0.00208813
||xi|| = 431.778
||eta|| = 0.445332
||yp|| = 475.343
||yphi|| = 0.202006
||BtYp|| = 2.45582
||ru|| = 2.45603
||yu|| = 151.636
||GtYphi|| = 2.18809
||KtYu|| = 13.1863
||rj|| = 14.0604
||yj|| = 0.767636
||rphi|| = 0.00163648
||rp|| = 0.0819862
||y|| = 498.944
FGMRES iteration : 348 || r || = 0.0020787
||xi|| = 516.081
||eta|| = 0.428941
||yp|| = 568.095
||yphi|| = 0.195118
||BtYp|| = 2.88944
||ru|| = 2.89047
||yu|| = 163.184
||GtYphi|| = 1.78924
||KtYu|| = 14.5838
||rj|| = 15.3699
||yj|| = 0.877391
||rphi|| = 0.00140662
||rp|| = 0.0894159
||y|| = 591.068
FGMRES iteration : 349 || r || = 0.00206428
||xi|| = 415.658
||eta|| = 0.382175
||yp|| = 457.586
||yphi|| = 0.30252
||BtYp|| = 2.38978
||ru|| = 2.39071
||yu|| = 140.256
||GtYphi|| = 1.84167
||KtYu|| = 14.1407
||rj|| = 14.9639
||yj|| = 0.920686
||rphi|| = 0.00230671
||rp|| = 0.0797586
||y|| = 478.6
FGMRES iteration : 350 || r || = 0.00204831
FGMRES iteration : 350 || r || = 0.00204831
Relative L2 Norm for current density: 0.00436783
Relative L2 Norm for electric potential: 0.00252749
Relative L2 Norm for velocity: 0.000402643
Relative L2 Norm for pressure: 0.00149168
Time step 5, time = 0.25, time elapsed = 1413.61
FGMRES iteration : 0 || r || = 20.6178
||xi|| = 0.300014
||eta|| = 0.000300536
||yp|| = 0.330235
||yphi|| = 0.000228943
||BtYp|| = 0.00150903
||ru|| = 0.999998
||yu|| = 1.31901
||GtYphi|| = 0.00194835
||KtYu|| = 0.206944
||rj|| = 0.206848
||yj|| = 0.00963602
||rphi|| = 1.75892e-06
||rp|| = 4.15356e-05
||y|| = 1.35976
FGMRES iteration : 1 || r || = 1.87497
||xi|| = 43.0364
||eta|| = 0.547769
||yp|| = 47.9016
||yphi|| = 0.97136
||BtYp|| = 0.164387
||ru|| = 0.164558
||yu|| = 11.4581
||GtYphi|| = 3.23548
||KtYu|| = 1.89172
||rj|| = 3.99713
||yj|| = 0.136262
||rphi|| = 0.00625404
||rp|| = 0.00727873
||y|| = 49.2626
FGMRES iteration : 2 || r || = 1.48625
||xi|| = 125.282
||eta|| = 0.309773
||yp|| = 137.913
||yphi|| = 0.322863
||BtYp|| = 0.803208
||ru|| = 0.803705
||yu|| = 40.6017
||GtYphi|| = 1.51489
||KtYu|| = 4.48789
||rj|| = 5.02615
||yj|| = 0.284766
||rphi|| = 0.00195803
||rp|| = 0.0225972
||y|| = 143.766
FGMRES iteration : 3 || r || = 1.40139
||xi|| = 450.927
||eta|| = 0.2267
||yp|| = 496.269
||yphi|| = 0.191131
||BtYp|| = 3.04843
||ru|| = 3.04958
||yu|| = 148.253
||GtYphi|| = 1.1779
||KtYu|| = 14.1237
||rj|| = 14.9426
||yj|| = 0.851053
||rphi|| = 0.00139667
||rp|| = 0.0828961
||y|| = 517.941
FGMRES iteration : 4 || r || = 1.34162
||xi|| = 434.15
||eta|| = 0.218646
||yp|| = 477.792
||yphi|| = 0.449421
||BtYp|| = 3.04627
||ru|| = 3.04701
||yu|| = 143.06
||GtYphi|| = 2.23216
||KtYu|| = 12.3764
||rj|| = 13.2108
||yj|| = 0.644094
||rphi|| = 0.0035128
||rp|| = 0.0814305
||y|| = 498.75
FGMRES iteration : 5 || r || = 1.21916
||xi|| = 332.772
||eta|| = 0.317749
||yp|| = 366.259
||yphi|| = 0.6268
||BtYp|| = 2.24978
||ru|| = 2.25072
||yu|| = 108.321
||GtYphi|| = 2.42873
||KtYu|| = 12.5921
||rj|| = 13.6083
||yj|| = 0.730236
||rphi|| = 0.00491375
||rp|| = 0.060661
||y|| = 381.943
FGMRES iteration : 6 || r || = 0.979055
||xi|| = 238.31
||eta|| = 0.284577
||yp|| = 262.282
||yphi|| = 0.295608
||BtYp|| = 1.61989
||ru|| = 1.6211
||yu|| = 78.2552
||GtYphi|| = 1.9911
||KtYu|| = 9.60963
||rj|| = 10.4416
||yj|| = 0.676955
||rphi|| = 0.00229053
||rp|| = 0.0445066
||y|| = 273.708
FGMRES iteration : 7 || r || = 0.891913
||xi|| = 311.621
||eta|| = 0.274707
||yp|| = 342.997
||yphi|| = 0.186642
||BtYp|| = 2.00661
||ru|| = 2.008
||yu|| = 99.1265
||GtYphi|| = 1.15973
||KtYu|| = 11.7307
||rj|| = 12.4544
||yj|| = 0.811075
||rphi|| = 0.00153951
||rp|| = 0.0549457
||y|| = 357.035
FGMRES iteration : 8 || r || = 0.874656
||xi|| = 362.163
||eta|| = 0.357043
||yp|| = 398.595
||yphi|| = 0.362009
||BtYp|| = 2.57959
||ru|| = 2.58048
||yu|| = 117.968
||GtYphi|| = 2.0492
||KtYu|| = 11.9025
||rj|| = 12.7886
||yj|| = 0.726468
||rphi|| = 0.00306905
||rp|| = 0.0675602
||y|| = 415.686
FGMRES iteration : 9 || r || = 0.874629
||xi|| = 426.217
||eta|| = 0.265105
||yp|| = 469.063
||yphi|| = 0.255863
||BtYp|| = 2.93593
||ru|| = 2.93693
||yu|| = 130.382
||GtYphi|| = 1.8163
||KtYu|| = 12.9211
||rj|| = 13.7912
||yj|| = 0.845982
||rphi|| = 0.00191768
||rp|| = 0.0753139
||y|| = 486.848
FGMRES iteration : 10 || r || = 0.868218
||xi|| = 360.119
||eta|| = 0.271278
||yp|| = 396.355
||yphi|| = 0.936044
||BtYp|| = 2.51162
||ru|| = 2.51269
||yu|| = 118.565
||GtYphi|| = 3.0252
||KtYu|| = 11.598
||rj|| = 12.5993
||yj|| = 0.765936
||rphi|| = 0.0070102
||rp|| = 0.068365
||y|| = 413.71
FGMRES iteration : 11 || r || = 0.86592
||xi|| = 393.235
||eta|| = 0.274878
||yp|| = 432.773
||yphi|| = 0.987939
||BtYp|| = 2.75962
||ru|| = 2.76052
||yu|| = 128.592
||GtYphi|| = 3.01625
||KtYu|| = 12.3132
||rj|| = 13.3305
||yj|| = 0.757157
||rphi|| = 0.00776535
||rp|| = 0.0742463
||y|| = 451.475
FGMRES iteration : 12 || r || = 0.861405
||xi|| = 380.46
||eta|| = 0.25718
||yp|| = 418.702
||yphi|| = 0.628082
||BtYp|| = 2.62146
||ru|| = 2.62258
||yu|| = 122.956
||GtYphi|| = 2.01028
||KtYu|| = 12.1181
||rj|| = 12.963
||yj|| = 0.854324
||rphi|| = 0.0052184
||rp|| = 0.0714737
||y|| = 436.384
FGMRES iteration : 13 || r || = 0.832095
||xi|| = 340.954
||eta|| = 0.218811
||yp|| = 375.221
||yphi|| = 0.586742
||BtYp|| = 2.40594
||ru|| = 2.40702
||yu|| = 108.621
||GtYphi|| = 2.27729
||KtYu|| = 11.4382
||rj|| = 12.3629
||yj|| = 0.732254
||rphi|| = 0.00456226
||rp|| = 0.0625402
||y|| = 390.628
FGMRES iteration : 14 || r || = 0.79849
||xi|| = 396.707
||eta|| = 0.277915
||yp|| = 436.595
||yphi|| = 0.745658
||BtYp|| = 2.85548
||ru|| = 2.85636
||yu|| = 123.647
||GtYphi|| = 2.42752
||KtYu|| = 12.1107
||rj|| = 13.0817
||yj|| = 0.7803
||rphi|| = 0.00538785
||rp|| = 0.0715428
||y|| = 453.767
FGMRES iteration : 15 || r || = 0.767738
||xi|| = 386.34
||eta|| = 0.260464
||yp|| = 425.162
||yphi|| = 0.301473
||BtYp|| = 2.8096
||ru|| = 2.81055
||yu|| = 125.344
||GtYphi|| = 2.14115
||KtYu|| = 11.6844
||rj|| = 12.5168
||yj|| = 0.772773
||rphi|| = 0.00196013
||rp|| = 0.0728825
||y|| = 443.255
FGMRES iteration : 16 || r || = 0.756411
||xi|| = 400.54
||eta|| = 0.227509
||yp|| = 440.8
||yphi|| = 0.231613
||BtYp|| = 2.82003
||ru|| = 2.82099
||yu|| = 130.413
||GtYphi|| = 1.74964
||KtYu|| = 12.7049
||rj|| = 13.6284
||yj|| = 0.803232
||rphi|| = 0.00195842
||rp|| = 0.0748351
||y|| = 459.688
FGMRES iteration : 17 || r || = 0.755094
||xi|| = 367.884
||eta|| = 0.251885
||yp|| = 404.865
||yphi|| = 0.29186
||BtYp|| = 2.58307
||ru|| = 2.58398
||yu|| = 118.413
||GtYphi|| = 1.83241
||KtYu|| = 11.1545
||rj|| = 11.9513
||yj|| = 0.717595
||rphi|| = 0.00213997
||rp|| = 0.0694634
||y|| = 421.827
FGMRES iteration : 18 || r || = 0.751839
||xi|| = 404.527
||eta|| = 0.279215
||yp|| = 445.168
||yphi|| = 0.227433
||BtYp|| = 3.04617
||ru|| = 3.04728
||yu|| = 137.975
||GtYphi|| = 1.26577
||KtYu|| = 13.2854
||rj|| = 14.1558
||yj|| = 0.901713
||rphi|| = 0.00154894
||rp|| = 0.0816337
||y|| = 466.06
FGMRES iteration : 19 || r || = 0.739277
||xi|| = 362.257
||eta|| = 0.218391
||yp|| = 398.674
||yphi|| = 0.542741
||BtYp|| = 2.58163
||ru|| = 2.58277
||yu|| = 117.643
||GtYphi|| = 1.92626
||KtYu|| = 11.2106
||rj|| = 12.0535
||yj|| = 0.748989
||rphi|| = 0.00432602
||rp|| = 0.0693512
||y|| = 415.67
FGMRES iteration : 20 || r || = 0.726091
||xi|| = 437.245
||eta|| = 0.223696
||yp|| = 481.17
||yphi|| = 0.711447
||BtYp|| = 3.33341
||ru|| = 3.33432
||yu|| = 147.889
||GtYphi|| = 2.37304
||KtYu|| = 12.7746
||rj|| = 13.7115
||yj|| = 0.912036
||rphi|| = 0.00579131
||rp|| = 0.0889829
||y|| = 503.386
FGMRES iteration : 21 || r || = 0.712912
||xi|| = 457.356
||eta|| = 0.208806
||yp|| = 503.273
||yphi|| = 0.20791
||BtYp|| = 3.46211
||ru|| = 3.46276
||yu|| = 149.588
||GtYphi|| = 1.66238
||KtYu|| = 11.579
||rj|| = 12.4066
||yj|| = 0.696846
||rphi|| = 0.00154018
||rp|| = 0.0899489
||y|| = 525.034
FGMRES iteration : 22 || r || = 0.703395
||xi|| = 443.267
||eta|| = 0.252858
||yp|| = 487.767
||yphi|| = 0.459294
||BtYp|| = 3.27718
||ru|| = 3.278
||yu|| = 143.659
||GtYphi|| = 2.04094
||KtYu|| = 12.236
||rj|| = 13.1255
||yj|| = 0.809478
||rphi|| = 0.00347489
||rp|| = 0.0855417
||y|| = 508.483
FGMRES iteration : 23 || r || = 0.693914
||xi|| = 496.612
||eta|| = 0.264456
||yp|| = 546.489
||yphi|| = 0.181074
||BtYp|| = 3.5823
||ru|| = 3.58305
||yu|| = 155.759
||GtYphi|| = 1.56699
||KtYu|| = 13.0038
||rj|| = 13.8706
||yj|| = 0.866286
||rphi|| = 0.00145241
||rp|| = 0.0921462
||y|| = 568.254
FGMRES iteration : 24 || r || = 0.670074
||xi|| = 453.521
||eta|| = 0.295173
||yp|| = 499.057
||yphi|| = 0.210552
||BtYp|| = 3.23512
||ru|| = 3.23602
||yu|| = 141.056
||GtYphi|| = 1.90227
||KtYu|| = 12.3486
||rj|| = 13.2611
||yj|| = 0.800399
||rphi|| = 0.00153933
||rp|| = 0.0828787
||y|| = 518.609
FGMRES iteration : 25 || r || = 0.605686
||xi|| = 462.011
||eta|| = 0.290765
||yp|| = 508.409
||yphi|| = 0.248408
||BtYp|| = 3.38474
||ru|| = 3.38523
||yu|| = 147.221
||GtYphi|| = 1.70829
||KtYu|| = 11.9227
||rj|| = 12.75
||yj|| = 0.806114
||rphi|| = 0.00192407
||rp|| = 0.0869229
||y|| = 529.296
FGMRES iteration : 26 || r || = 0.525573
||xi|| = 514.239
||eta|| = 0.228292
||yp|| = 565.889
||yphi|| = 0.160632
||BtYp|| = 3.44289
||ru|| = 3.44384
||yu|| = 153.381
||GtYphi|| = 1.42508
||KtYu|| = 12.6344
||rj|| = 13.4182
||yj|| = 0.828369
||rphi|| = 0.00115896
||rp|| = 0.0883308
||y|| = 586.308
FGMRES iteration : 27 || r || = 0.456184
||xi|| = 362.71
||eta|| = 0.253836
||yp|| = 399.154
||yphi|| = 0.196697
||BtYp|| = 2.55633
||ru|| = 2.55691
||yu|| = 120.321
||GtYphi|| = 1.78158
||KtYu|| = 10.4797
||rj|| = 11.2987
||yj|| = 0.649708
||rphi|| = 0.00151678
||rp|| = 0.0689827
||y|| = 416.895
FGMRES iteration : 28 || r || = 0.418258
||xi|| = 466.295
||eta|| = 0.220758
||yp|| = 513.14
||yphi|| = 0.158467
||BtYp|| = 3.19403
||ru|| = 3.19485
||yu|| = 143.802
||GtYphi|| = 1.2384
||KtYu|| = 12.9951
||rj|| = 13.8371
||yj|| = 0.855039
||rphi|| = 0.00117508
||rp|| = 0.0830244
||y|| = 532.91
FGMRES iteration : 29 || r || = 0.380517
||xi|| = 406.455
||eta|| = 0.250509
||yp|| = 447.315
||yphi|| = 0.204236
||BtYp|| = 2.88416
||ru|| = 2.88506
||yu|| = 130.211
||GtYphi|| = 1.74248
||KtYu|| = 10.5473
||rj|| = 11.3338
||yj|| = 0.68961
||rphi|| = 0.0015466
||rp|| = 0.0741391
||y|| = 465.883
FGMRES iteration : 30 || r || = 0.366662
||xi|| = 433.6
||eta|| = 0.241148
||yp|| = 477.188
||yphi|| = 0.229199
||BtYp|| = 2.87921
||ru|| = 2.87994
||yu|| = 135.069
||GtYphi|| = 2.00777
||KtYu|| = 12.4293
||rj|| = 13.3293
||yj|| = 0.791394
||rphi|| = 0.00171389
||rp|| = 0.0740264
||y|| = 495.936
FGMRES iteration : 31 || r || = 0.357429
||xi|| = 384.631
||eta|| = 0.357326
||yp|| = 423.288
||yphi|| = 0.21869
||BtYp|| = 2.55772
||ru|| = 2.55882
||yu|| = 125.176
||GtYphi|| = 1.98827
||KtYu|| = 11.6941
||rj|| = 12.5464
||yj|| = 0.788002
||rphi|| = 0.0015963
||rp|| = 0.0684219
||y|| = 441.409
FGMRES iteration : 32 || r || = 0.348502
||xi|| = 411.901
||eta|| = 0.291669
||yp|| = 453.309
||yphi|| = 0.329023
||BtYp|| = 2.90155
||ru|| = 2.9025
||yu|| = 135.726
||GtYphi|| = 1.67479
||KtYu|| = 12.2844
||rj|| = 13.1571
||yj|| = 0.829197
||rphi|| = 0.00226925
||rp|| = 0.0758211
||y|| = 473.193
FGMRES iteration : 33 || r || = 0.339899
||xi|| = 371.932
||eta|| = 0.242567
||yp|| = 409.349
||yphi|| = 0.216788
||BtYp|| = 2.42659
||ru|| = 2.42756
||yu|| = 124.871
||GtYphi|| = 1.57242
||KtYu|| = 12.1191
||rj|| = 12.9031
||yj|| = 0.754648
||rphi|| = 0.00156813
||rp|| = 0.0665423
||y|| = 427.972
FGMRES iteration : 34 || r || = 0.335707
||xi|| = 359.053
||eta|| = 0.215225
||yp|| = 395.154
||yphi|| = 0.219072
||BtYp|| = 2.53517
||ru|| = 2.5361
||yu|| = 121.952
||GtYphi|| = 1.45493
||KtYu|| = 12.4712
||rj|| = 13.336
||yj|| = 0.863715
||rphi|| = 0.00168278
||rp|| = 0.0681797
||y|| = 413.546
FGMRES iteration : 35 || r || = 0.331278
||xi|| = 376.344
||eta|| = 0.22944
||yp|| = 414.167
||yphi|| = 0.266296
||BtYp|| = 2.72457
||ru|| = 2.72564
||yu|| = 123.377
||GtYphi|| = 1.94555
||KtYu|| = 11.8946
||rj|| = 12.7824
||yj|| = 0.753383
||rphi|| = 0.00211844
||rp|| = 0.0702946
||y|| = 432.153
FGMRES iteration : 36 || r || = 0.32969
||xi|| = 372.538
||eta|| = 0.226889
||yp|| = 410.004
||yphi|| = 0.591082
||BtYp|| = 2.64298
||ru|| = 2.64374
||yu|| = 122.114
||GtYphi|| = 2.28936
||KtYu|| = 11.7927
||rj|| = 12.7316
||yj|| = 0.779546
||rphi|| = 0.0046755
||rp|| = 0.0692863
||y|| = 427.804
FGMRES iteration : 37 || r || = 0.329252
||xi|| = 450.204
||eta|| = 0.342506
||yp|| = 495.455
||yphi|| = 0.26029
||BtYp|| = 3.17136
||ru|| = 3.17229
||yu|| = 143.467
||GtYphi|| = 1.64005
||KtYu|| = 13.02
||rj|| = 13.8727
||yj|| = 0.888486
||rphi|| = 0.00211471
||rp|| = 0.081941
||y|| = 515.81
FGMRES iteration : 38 || r || = 0.329178
||xi|| = 381.611
||eta|| = 0.331965
||yp|| = 419.983
||yphi|| = 0.618052
||BtYp|| = 2.77329
||ru|| = 2.77424
||yu|| = 126.812
||GtYphi|| = 2.27498
||KtYu|| = 11.6716
||rj|| = 12.4696
||yj|| = 0.79079
||rphi|| = 0.00475087
||rp|| = 0.0741158
||y|| = 438.712
FGMRES iteration : 39 || r || = 0.328902
||xi|| = 391.643
||eta|| = 0.251633
||yp|| = 431.01
||yphi|| = 0.292996
||BtYp|| = 2.79091
||ru|| = 2.79175
||yu|| = 127.637
||GtYphi|| = 1.9142
||KtYu|| = 12.1503
||rj|| = 13.0626
||yj|| = 0.818358
||rphi|| = 0.00267522
||rp|| = 0.0753748
||y|| = 449.512
FGMRES iteration : 40 || r || = 0.328897
||xi|| = 488.404
||eta|| = 0.241339
||yp|| = 537.491
||yphi|| = 0.367541
||BtYp|| = 3.44308
||ru|| = 3.4441
||yu|| = 148.84
||GtYphi|| = 2.01212
||KtYu|| = 12.9667
||rj|| = 13.8519
||yj|| = 0.89068
||rphi|| = 0.00326892
||rp|| = 0.0878024
||y|| = 557.72
FGMRES iteration : 41 || r || = 0.328501
||xi|| = 441.948
||eta|| = 0.25029
||yp|| = 486.345
||yphi|| = 0.387599
||BtYp|| = 3.48426
||ru|| = 3.48488
||yu|| = 149.218
||GtYphi|| = 2.15696
||KtYu|| = 12.3907
||rj|| = 13.2356
||yj|| = 0.826224
||rphi|| = 0.003744
||rp|| = 0.0917314
||y|| = 508.723
FGMRES iteration : 42 || r || = 0.326378
||xi|| = 424.777
||eta|| = 0.29461
||yp|| = 467.44
||yphi|| = 0.407341
||BtYp|| = 3.18598
||ru|| = 3.18678
||yu|| = 134.261
||GtYphi|| = 2.08659
||KtYu|| = 11.9344
||rj|| = 12.7629
||yj|| = 0.750853
||rphi|| = 0.00385397
||rp|| = 0.0818797
||y|| = 486.341
FGMRES iteration : 43 || r || = 0.320122
||xi|| = 418.064
||eta|| = 0.262993
||yp|| = 460.077
||yphi|| = 0.235606
||BtYp|| = 3.19216
||ru|| = 3.19305
||yu|| = 136.488
||GtYphi|| = 1.52195
||KtYu|| = 11.8946
||rj|| = 12.6801
||yj|| = 0.813056
||rphi|| = 0.00205785
||rp|| = 0.0829743
||y|| = 479.896
FGMRES iteration : 44 || r || = 0.317325
||xi|| = 422.864
||eta|| = 0.314424
||yp|| = 465.416
||yphi|| = 0.340771
||BtYp|| = 2.99264
||ru|| = 2.99333
||yu|| = 131.757
||GtYphi|| = 1.88433
||KtYu|| = 10.9396
||rj|| = 11.7159
||yj|| = 0.721512
||rphi|| = 0.002503
||rp|| = 0.0778366
||y|| = 483.707
FGMRES iteration : 45 || r || = 0.316836
||xi|| = 417.847
||eta|| = 0.318249
||yp|| = 459.841
||yphi|| = 0.341444
||BtYp|| = 3.07788
||ru|| = 3.07876
||yu|| = 137.974
||GtYphi|| = 2.01334
||KtYu|| = 12.4988
||rj|| = 13.4236
||yj|| = 0.812911
||rphi|| = 0.00273803
||rp|| = 0.0831043
||y|| = 480.095
FGMRES iteration : 46 || r || = 0.316759
||xi|| = 438.581
||eta|| = 0.241722
||yp|| = 482.653
||yphi|| = 0.27904
||BtYp|| = 3.25731
||ru|| = 3.25823
||yu|| = 139.67
||GtYphi|| = 2.07967
||KtYu|| = 12.6267
||rj|| = 13.5354
||yj|| = 0.842464
||rphi|| = 0.00263147
||rp|| = 0.0852596
||y|| = 502.457
FGMRES iteration : 47 || r || = 0.316259
||xi|| = 369.096
||eta|| = 0.231393
||yp|| = 406.205
||yphi|| = 0.396345
||BtYp|| = 2.65524
||ru|| = 2.65622
||yu|| = 118.667
||GtYphi|| = 2.21655
||KtYu|| = 11.7774
||rj|| = 12.6901
||yj|| = 0.770792
||rphi|| = 0.0036973
||rp|| = 0.0697911
||y|| = 423.185
FGMRES iteration : 48 || r || = 0.312298
||xi|| = 412.848
||eta|| = 0.227418
||yp|| = 454.349
||yphi|| = 0.54831
||BtYp|| = 2.97033
||ru|| = 2.97132
||yu|| = 133.008
||GtYphi|| = 2.63225
||KtYu|| = 13.0946
||rj|| = 13.972
||yj|| = 0.856419
||rphi|| = 0.00505965
||rp|| = 0.078068
||y|| = 473.419
FGMRES iteration : 49 || r || = 0.294854
||xi|| = 363.439
||eta|| = 0.226072
||yp|| = 400.004
||yphi|| = 0.520662
||BtYp|| = 2.37499
||ru|| = 2.3761
||yu|| = 110.925
||GtYphi|| = 2.4778
||KtYu|| = 11.7368
||rj|| = 12.6532
||yj|| = 0.768733
||rphi|| = 0.00511999
||rp|| = 0.0637149
||y|| = 415.1
FGMRES iteration : 50 || r || = 0.261463
||xi|| = 386.154
||eta|| = 0.260171
||yp|| = 424.985
||yphi|| = 0.443636
||BtYp|| = 2.74232
||ru|| = 2.74329
||yu|| = 123.603
||GtYphi|| = 2.11402
||KtYu|| = 12.2863
||rj|| = 13.1699
||yj|| = 0.811615
||rphi|| = 0.00420183
||rp|| = 0.0725592
||y|| = 442.596
FGMRES iteration : 51 || r || = 0.225096
||xi|| = 316.792
||eta|| = 0.278806
||yp|| = 348.671
||yphi|| = 0.354973
||BtYp|| = 2.14711
||ru|| = 2.14835
||yu|| = 105.083
||GtYphi|| = 1.85228
||KtYu|| = 11.3695
||rj|| = 12.1749
||yj|| = 0.766904
||rphi|| = 0.00351773
||rp|| = 0.0602799
||y|| = 364.163
FGMRES iteration : 52 || r || = 0.204659
||xi|| = 343.844
||eta|| = 0.232172
||yp|| = 378.44
||yphi|| = 0.177552
||BtYp|| = 2.33642
||ru|| = 2.3376
||yu|| = 114.001
||GtYphi|| = 1.55357
||KtYu|| = 12.1776
||rj|| = 13.0389
||yj|| = 0.78064
||rphi|| = 0.00138676
||rp|| = 0.0643075
||y|| = 395.239
FGMRES iteration : 53 || r || = 0.190784
||xi|| = 374.309
||eta|| = 0.236388
||yp|| = 411.959
||yphi|| = 0.236619
||BtYp|| = 2.53128
||ru|| = 2.53231
||yu|| = 119.078
||GtYphi|| = 1.84809
||KtYu|| = 12.3137
||rj|| = 13.1483
||yj|| = 0.787462
||rphi|| = 0.00191824
||rp|| = 0.0674777
||y|| = 428.825
FGMRES iteration : 54 || r || = 0.179585
||xi|| = 363.456
||eta|| = 0.247807
||yp|| = 400.031
||yphi|| = 0.301535
||BtYp|| = 2.34217
||ru|| = 2.34339
||yu|| = 112.022
||GtYphi|| = 2.17019
||KtYu|| = 12.3423
||rj|| = 13.2466
||yj|| = 0.832811
||rphi|| = 0.00267647
||rp|| = 0.0620073
||y|| = 415.42
FGMRES iteration : 55 || r || = 0.167467
||xi|| = 360.775
||eta|| = 0.221047
||yp|| = 397.065
||yphi|| = 0.339701
||BtYp|| = 2.3082
||ru|| = 2.30934
||yu|| = 107.346
||GtYphi|| = 2.05112
||KtYu|| = 12.067
||rj|| = 12.9824
||yj|| = 0.773267
||rphi|| = 0.00299774
||rp|| = 0.0600824
||y|| = 411.32
FGMRES iteration : 56 || r || = 0.156095
||xi|| = 353.473
||eta|| = 0.266671
||yp|| = 389.061
||yphi|| = 0.667682
||BtYp|| = 2.27506
||ru|| = 2.27607
||yu|| = 107.943
||GtYphi|| = 2.54164
||KtYu|| = 11.3195
||rj|| = 12.1958
||yj|| = 0.747996
||rphi|| = 0.00539582
||rp|| = 0.0611418
||y|| = 403.759
FGMRES iteration : 57 || r || = 0.152723
||xi|| = 394.858
||eta|| = 0.249559
||yp|| = 434.578
||yphi|| = 0.263281
||BtYp|| = 2.62284
||ru|| = 2.62427
||yu|| = 127.377
||GtYphi|| = 1.56472
||KtYu|| = 13.8626
||rj|| = 14.763
||yj|| = 0.903361
||rphi|| = 0.00242787
||rp|| = 0.0732226
||y|| = 452.862
FGMRES iteration : 58 || r || = 0.151143
||xi|| = 317.843
||eta|| = 0.23817
||yp|| = 349.829
||yphi|| = 0.450472
||BtYp|| = 2.13843
||ru|| = 2.13943
||yu|| = 102.114
||GtYphi|| = 2.17684
||KtYu|| = 11.3466
||rj|| = 12.1753
||yj|| = 0.72187
||rphi|| = 0.00354855
||rp|| = 0.0595246
||y|| = 364.428
FGMRES iteration : 59 || r || = 0.150323
||xi|| = 352.922
||eta|| = 0.250368
||yp|| = 388.441
||yphi|| = 0.265659
||BtYp|| = 2.27308
||ru|| = 2.27419
||yu|| = 109.579
||GtYphi|| = 2.22893
||KtYu|| = 11.7861
||rj|| = 12.6194
||yj|| = 0.775022
||rphi|| = 0.00257861
||rp|| = 0.062466
||y|| = 403.602
FGMRES iteration : 60 || r || = 0.149734
||xi|| = 389.005
||eta|| = 0.296222
||yp|| = 428.136
||yphi|| = 0.202717
||BtYp|| = 2.72908
||ru|| = 2.73036
||yu|| = 128.861
||GtYphi|| = 1.92881
||KtYu|| = 13.6401
||rj|| = 14.6247
||yj|| = 0.91624
||rphi|| = 0.00176862
||rp|| = 0.0764785
||y|| = 447.109
FGMRES iteration : 61 || r || = 0.14751
||xi|| = 347.931
||eta|| = 0.339425
||yp|| = 382.96
||yphi|| = 0.390635
||BtYp|| = 2.38952
||ru|| = 2.39084
||yu|| = 114.038
||GtYphi|| = 2.10501
||KtYu|| = 12.1078
||rj|| = 13.021
||yj|| = 0.818349
||rphi|| = 0.0029066
||rp|| = 0.0676446
||y|| = 399.579
FGMRES iteration : 62 || r || = 0.144696
||xi|| = 346.778
||eta|| = 0.415972
||yp|| = 381.682
||yphi|| = 0.28752
||BtYp|| = 2.36606
||ru|| = 2.36701
||yu|| = 111.259
||GtYphi|| = 1.93661
||KtYu|| = 11.3851
||rj|| = 12.2491
||yj|| = 0.730579
||rphi|| = 0.0025694
||rp|| = 0.0649985
||y|| = 397.568
FGMRES iteration : 63 || r || = 0.144177
||xi|| = 390.46
||eta|| = 0.235023
||yp|| = 429.717
||yphi|| = 0.182907
||BtYp|| = 2.68132
||ru|| = 2.68251
||yu|| = 121.248
||GtYphi|| = 1.33972
||KtYu|| = 12.3547
||rj|| = 13.1424
||yj|| = 0.820691
||rphi|| = 0.00169734
||rp|| = 0.0719093
||y|| = 446.496
FGMRES iteration : 64 || r || = 0.144151
||xi|| = 374.253
||eta|| = 0.265894
||yp|| = 411.88
||yphi|| = 0.232622
||BtYp|| = 2.70474
||ru|| = 2.70578
||yu|| = 122.634
||GtYphi|| = 1.78733
||KtYu|| = 11.9714
||rj|| = 12.7309
||yj|| = 0.801485
||rphi|| = 0.00200324
||rp|| = 0.0742802
||y|| = 429.75
FGMRES iteration : 65 || r || = 0.144092
||xi|| = 414.452
||eta|| = 0.247786
||yp|| = 456.113
||yphi|| = 0.360264
||BtYp|| = 2.94407
||ru|| = 2.94497
||yu|| = 130.298
||GtYphi|| = 2.23412
||KtYu|| = 12.3977
||rj|| = 13.3717
||yj|| = 0.809766
||rphi|| = 0.00309049
||rp|| = 0.0790006
||y|| = 474.36
FGMRES iteration : 66 || r || = 0.14409
||xi|| = 447.895
||eta|| = 0.253958
||yp|| = 492.919
||yphi|| = 0.453513
||BtYp|| = 3.20665
||ru|| = 3.20772
||yu|| = 141.06
||GtYphi|| = 2.52691
||KtYu|| = 12.9098
||rj|| = 13.8819
||yj|| = 0.85234
||rphi|| = 0.00375241
||rp|| = 0.084229
||y|| = 512.707
FGMRES iteration : 67 || r || = 0.143751
||xi|| = 437.823
||eta|| = 0.301808
||yp|| = 481.83
||yphi|| = 0.362274
||BtYp|| = 3.18108
||ru|| = 3.18178
||yu|| = 136.757
||GtYphi|| = 2.6465
||KtYu|| = 11.962
||rj|| = 12.9076
||yj|| = 0.788385
||rphi|| = 0.00310484
||rp|| = 0.0822135
||y|| = 500.862
FGMRES iteration : 68 || r || = 0.142926
||xi|| = 494.871
||eta|| = 0.328343
||yp|| = 544.594
||yphi|| = 0.399924
||BtYp|| = 3.70923
||ru|| = 3.71018
||yu|| = 161.516
||GtYphi|| = 2.86456
||KtYu|| = 12.6166
||rj|| = 13.6262
||yj|| = 0.812449
||rphi|| = 0.00362181
||rp|| = 0.0957174
||y|| = 568.042
FGMRES iteration : 69 || r || = 0.141433
||xi|| = 530.069
||eta|| = 0.259054
||yp|| = 583.292
||yphi|| = 0.344962
||BtYp|| = 4.00966
||ru|| = 4.01017
||yu|| = 166.548
||GtYphi|| = 2.4939
||KtYu|| = 12.8273
||rj|| = 13.7491
||yj|| = 0.804999
||rphi|| = 0.00302245
||rp|| = 0.100715
||y|| = 606.604
FGMRES iteration : 70 || r || = 0.139242
||xi|| = 465.757
||eta|| = 0.371551
||yp|| = 512.556
||yphi|| = 0.279717
||BtYp|| = 3.57166
||ru|| = 3.57233
||yu|| = 148.612
||GtYphi|| = 1.94582
||KtYu|| = 11.8173
||rj|| = 12.6805
||yj|| = 0.746835
||rphi|| = 0.00215829
||rp|| = 0.0896648
||y|| = 533.666
FGMRES iteration : 71 || r || = 0.135749
||xi|| = 440.151
||eta|| = 0.270271
||yp|| = 484.366
||yphi|| = 0.460933
||BtYp|| = 3.32697
||ru|| = 3.3277
||yu|| = 140.09
||GtYphi|| = 2.15362
||KtYu|| = 11.4189
||rj|| = 12.3168
||yj|| = 0.752089
||rphi|| = 0.00375274
||rp|| = 0.0842286
||y|| = 504.218
FGMRES iteration : 72 || r || = 0.132053
||xi|| = 498.662
||eta|| = 0.244226
||yp|| = 548.751
||yphi|| = 0.167139
||BtYp|| = 3.83393
||ru|| = 3.83478
||yu|| = 162.463
||GtYphi|| = 1.56315
||KtYu|| = 12.4684
||rj|| = 13.3276
||yj|| = 0.791917
||rphi|| = 0.00129624
||rp|| = 0.096205
||y|| = 572.295
FGMRES iteration : 73 || r || = 0.126925
||xi|| = 529.804
||eta|| = 0.235861
||yp|| = 583.001
||yphi|| = 0.315569
||BtYp|| = 4.08003
||ru|| = 4.08016
||yu|| = 166.606
||GtYphi|| = 2.05905
||KtYu|| = 12.0728
||rj|| = 12.9329
||yj|| = 0.744075
||rphi|| = 0.00241149
||rp|| = 0.101381
||y|| = 606.34
FGMRES iteration : 74 || r || = 0.118852
||xi|| = 571.32
||eta|| = 0.266144
||yp|| = 628.71
||yphi|| = 0.302199
||BtYp|| = 4.34206
||ru|| = 4.34371
||yu|| = 183.897
||GtYphi|| = 1.75391
||KtYu|| = 13.7357
||rj|| = 14.6062
||yj|| = 0.903631
||rphi|| = 0.00235371
||rp|| = 0.109265
||y|| = 655.054
FGMRES iteration : 75 || r || = 0.104049
||xi|| = 442.732
||eta|| = 0.264725
||yp|| = 487.233
||yphi|| = 0.254512
||BtYp|| = 3.19414
||ru|| = 3.1937
||yu|| = 142.598
||GtYphi|| = 1.87946
||KtYu|| = 11.3019
||rj|| = 12.1152
||yj|| = 0.704339
||rphi|| = 0.00206537
||rp|| = 0.0820369
||y|| = 507.672
FGMRES iteration : 76 || r || = 0.0905759
||xi|| = 501.506
||eta|| = 0.243974
||yp|| = 551.882
||yphi|| = 0.367181
||BtYp|| = 3.78651
||ru|| = 3.78793
||yu|| = 161.457
||GtYphi|| = 1.8085
||KtYu|| = 12.7737
||rj|| = 13.6389
||yj|| = 0.803644
||rphi|| = 0.00294588
||rp|| = 0.0959515
||y|| = 575.016
FGMRES iteration : 77 || r || = 0.0832381
||xi|| = 536.003
||eta|| = 0.258253
||yp|| = 589.849
||yphi|| = 0.172573
||BtYp|| = 3.93478
||ru|| = 3.93573
||yu|| = 169.251
||GtYphi|| = 1.52835
||KtYu|| = 12.9321
||rj|| = 13.726
||yj|| = 0.852368
||rphi|| = 0.00144888
||rp|| = 0.0999392
||y|| = 613.652
FGMRES iteration : 78 || r || = 0.0789743
||xi|| = 410.867
||eta|| = 0.238901
||yp|| = 452.173
||yphi|| = 0.181641
||BtYp|| = 2.87851
||ru|| = 2.87863
||yu|| = 128.218
||GtYphi|| = 1.77439
||KtYu|| = 11.7038
||rj|| = 12.5248
||yj|| = 0.704183
||rphi|| = 0.00143707
||rp|| = 0.0741376
||y|| = 470.001
FGMRES iteration : 79 || r || = 0.0777499
||xi|| = 444.908
||eta|| = 0.227959
||yp|| = 489.597
||yphi|| = 0.32811
||BtYp|| = 3.28972
||ru|| = 3.29137
||yu|| = 142.058
||GtYphi|| = 1.79135
||KtYu|| = 12.9254
||rj|| = 13.8536
||yj|| = 0.825111
||rphi|| = 0.00264415
||rp|| = 0.0852924
||y|| = 509.79
FGMRES iteration : 80 || r || = 0.0770622
||xi|| = 460.915
||eta|| = 0.272065
||yp|| = 507.221
||yphi|| = 0.243484
||BtYp|| = 3.32343
||ru|| = 3.32348
||yu|| = 147.42
||GtYphi|| = 2.05441
||KtYu|| = 12.8951
||rj|| = 13.6629
||yj|| = 0.866592
||rphi|| = 0.00212399
||rp|| = 0.0862666
||y|| = 528.21
FGMRES iteration : 81 || r || = 0.0763886
||xi|| = 450.09
||eta|| = 0.251883
||yp|| = 495.336
||yphi|| = 0.187272
||BtYp|| = 2.95919
||ru|| = 2.96035
||yu|| = 136.466
||GtYphi|| = 1.75666
||KtYu|| = 12.4722
||rj|| = 13.3498
||yj|| = 0.760605
||rphi|| = 0.00139296
||rp|| = 0.0762466
||y|| = 513.791
FGMRES iteration : 82 || r || = 0.0758965
||xi|| = 434.95
||eta|| = 0.239973
||yp|| = 478.649
||yphi|| = 0.333743
||BtYp|| = 3.1381
||ru|| = 3.139
||yu|| = 139.868
||GtYphi|| = 1.75746
||KtYu|| = 12.1914
||rj|| = 13.0451
||yj|| = 0.7909
||rphi|| = 0.00269356
||rp|| = 0.0823551
||y|| = 498.667
FGMRES iteration : 83 || r || = 0.075558
||xi|| = 434.292
||eta|| = 0.265374
||yp|| = 477.934
||yphi|| = 0.233232
||BtYp|| = 3.01007
||ru|| = 3.01082
||yu|| = 135.876
||GtYphi|| = 1.80749
||KtYu|| = 12.9101
||rj|| = 13.7286
||yj|| = 0.804965
||rphi|| = 0.00165178
||rp|| = 0.0800279
||y|| = 496.874
FGMRES iteration : 84 || r || = 0.0752756
||xi|| = 417.422
||eta|| = 0.296151
||yp|| = 459.385
||yphi|| = 0.179316
||BtYp|| = 2.8759
||ru|| = 2.87686
||yu|| = 127.872
||GtYphi|| = 1.86193
||KtYu|| = 12.6923
||rj|| = 13.5548
||yj|| = 0.773717
||rphi|| = 0.00128593
||rp|| = 0.0756149
||y|| = 476.851
FGMRES iteration : 85 || r || = 0.0750022
||xi|| = 387.932
||eta|| = 0.271201
||yp|| = 426.926
||yphi|| = 0.273864
||BtYp|| = 2.63865
||ru|| = 2.63971
||yu|| = 120.488
||GtYphi|| = 1.89066
||KtYu|| = 12.4475
||rj|| = 13.2743
||yj|| = 0.830585
||rphi|| = 0.00228207
||rp|| = 0.0710025
||y|| = 443.603
FGMRES iteration : 86 || r || = 0.0749095
||xi|| = 478.637
||eta|| = 0.265738
||yp|| = 526.727
||yphi|| = 0.144215
||BtYp|| = 3.46933
||ru|| = 3.47028
||yu|| = 154.352
||GtYphi|| = 1.54659
||KtYu|| = 13.4075
||rj|| = 14.2248
||yj|| = 0.835356
||rphi|| = 0.00108242
||rp|| = 0.091928
||y|| = 548.878
FGMRES iteration : 87 || r || = 0.074867
||xi|| = 442.161
||eta|| = 0.198199
||yp|| = 486.583
||yphi|| = 0.215964
||BtYp|| = 3.01905
||ru|| = 3.02008
||yu|| = 133.067
||GtYphi|| = 1.82171
||KtYu|| = 11.1826
||rj|| = 11.9614
||yj|| = 0.706982
||rphi|| = 0.00171295
||rp|| = 0.0772749
||y|| = 504.451
FGMRES iteration : 88 || r || = 0.0748668
||xi|| = 385.238
||eta|| = 0.217212
||yp|| = 423.98
||yphi|| = 0.227111
||BtYp|| = 2.67336
||ru|| = 2.67471
||yu|| = 124.617
||GtYphi|| = 1.72206
||KtYu|| = 13.2102
||rj|| = 14.1151
||yj|| = 0.880395
||rphi|| = 0.0017168
||rp|| = 0.0735383
||y|| = 441.916
FGMRES iteration : 89 || r || = 0.0748352
||xi|| = 371.161
||eta|| = 0.226293
||yp|| = 408.488
||yphi|| = 0.177244
||BtYp|| = 2.55837
||ru|| = 2.55908
||yu|| = 115.385
||GtYphi|| = 1.64403
||KtYu|| = 11.3513
||rj|| = 12.1602
||yj|| = 0.70005
||rphi|| = 0.00141734
||rp|| = 0.0683817
||y|| = 424.472
FGMRES iteration : 90 || r || = 0.0748347
||xi|| = 418.956
||eta|| = 0.262408
||yp|| = 461.083
||yphi|| = 0.241508
||BtYp|| = 2.94806
||ru|| = 2.94914
||yu|| = 136.495
||GtYphi|| = 1.80167
||KtYu|| = 12.8459
||rj|| = 13.7095
||yj|| = 0.787562
||rphi|| = 0.00193169
||rp|| = 0.0791172
||y|| = 480.863
FGMRES iteration : 91 || r || = 0.0747806
||xi|| = 392.197
||eta|| = 0.257234
||yp|| = 431.644
||yphi|| = 0.160501
||BtYp|| = 2.6517
||ru|| = 2.6527
||yu|| = 126.785
||GtYphi|| = 1.6264
||KtYu|| = 13.1894
||rj|| = 14.0451
||yj|| = 0.834956
||rphi|| = 0.00118075
||rp|| = 0.0724857
||y|| = 449.879
FGMRES iteration : 92 || r || = 0.0744303
||xi|| = 379.779
||eta|| = 0.22024
||yp|| = 417.975
||yphi|| = 0.286513
||BtYp|| = 2.45938
||ru|| = 2.46011
||yu|| = 112.883
||GtYphi|| = 2.01307
||KtYu|| = 10.7852
||rj|| = 11.5882
||yj|| = 0.69891
||rphi|| = 0.00226449
||rp|| = 0.0653429
||y|| = 432.95
FGMRES iteration : 93 || r || = 0.0738587
||xi|| = 442.008
||eta|| = 0.232211
||yp|| = 486.441
||yphi|| = 0.245792
||BtYp|| = 3.04342
||ru|| = 3.04483
||yu|| = 140.548
||GtYphi|| = 1.52201
||KtYu|| = 13.4703
||rj|| = 14.3083
||yj|| = 0.925939
||rphi|| = 0.00198063
||rp|| = 0.0809409
||y|| = 506.339
FGMRES iteration : 94 || r || = 0.072855
||xi|| = 399.737
||eta|| = 0.266927
||yp|| = 439.923
||yphi|| = 0.381092
||BtYp|| = 2.60059
||ru|| = 2.60157
||yu|| = 120.783
||GtYphi|| = 1.92278
||KtYu|| = 12.1352
||rj|| = 12.9851
||yj|| = 0.779675
||rphi|| = 0.00302578
||rp|| = 0.0688578
||y|| = 456.203
FGMRES iteration : 95 || r || = 0.0708873
||xi|| = 434.616
||eta|| = 0.243016
||yp|| = 478.317
||yphi|| = 0.25803
||BtYp|| = 2.87728
||ru|| = 2.87857
||yu|| = 133.253
||GtYphi|| = 1.82112
||KtYu|| = 12.3168
||rj|| = 13.1476
||yj|| = 0.772988
||rphi|| = 0.00213168
||rp|| = 0.0734767
||y|| = 496.532
FGMRES iteration : 96 || r || = 0.0684277
||xi|| = 470.102
||eta|| = 0.279769
||yp|| = 517.363
||yphi|| = 0.270934
||BtYp|| = 3.36322
||ru|| = 3.36423
||yu|| = 151.716
||GtYphi|| = 1.67673
||KtYu|| = 13.0528
||rj|| = 13.8872
||yj|| = 0.843386
||rphi|| = 0.0020636
||rp|| = 0.0862653
||y|| = 539.15
FGMRES iteration : 97 || r || = 0.0644322
||xi|| = 466.606
||eta|| = 0.263227
||yp|| = 513.482
||yphi|| = 0.193746
||BtYp|| = 3.3254
||ru|| = 3.32614
||yu|| = 150.014
||GtYphi|| = 1.66742
||KtYu|| = 12.9583
||rj|| = 13.8072
||yj|| = 0.771163
||rphi|| = 0.00145499
||rp|| = 0.0858087
||y|| = 534.947
FGMRES iteration : 98 || r || = 0.0605243
||xi|| = 391.303
||eta|| = 0.290652
||yp|| = 430.626
||yphi|| = 0.15758
||BtYp|| = 2.65885
||ru|| = 2.65982
||yu|| = 122.061
||GtYphi|| = 1.6673
||KtYu|| = 11.5919
||rj|| = 12.398
||yj|| = 0.749754
||rphi|| = 0.00114938
||rp|| = 0.0687048
||y|| = 447.591
FGMRES iteration : 99 || r || = 0.0572372
||xi|| = 549.267
||eta|| = 0.289904
||yp|| = 604.47
||yphi|| = 0.406564
||BtYp|| = 3.77989
||ru|| = 3.78078
||yu|| = 173.165
||GtYphi|| = 1.92676
||KtYu|| = 14.2971
||rj|| = 15.1364
||yj|| = 0.972961
||rphi|| = 0.00320312
||rp|| = 0.0959678
||y|| = 628.785
FGMRES iteration : 100 || r || = 0.0528008
||xi|| = 470.476
||eta|| = 0.250896
||yp|| = 517.753
||yphi|| = 0.241525
||BtYp|| = 3.31219
||ru|| = 3.31303
||yu|| = 146.761
||GtYphi|| = 1.69619
||KtYu|| = 12.1936
||rj|| = 13.0123
||yj|| = 0.723816
||rphi|| = 0.00195741
||rp|| = 0.0819429
||y|| = 538.152
FGMRES iteration : 101 || r || = 0.0492106
||xi|| = 363.783
||eta|| = 0.211485
||yp|| = 400.358
||yphi|| = 0.144638
||BtYp|| = 2.51391
||ru|| = 2.51529
||yu|| = 116.335
||GtYphi|| = 1.43581
||KtYu|| = 11.975
||rj|| = 12.7619
||yj|| = 0.797621
||rphi|| = 0.00131261
||rp|| = 0.0666417
||y|| = 416.919
FGMRES iteration : 102 || r || = 0.0478763
||xi|| = 487.566
||eta|| = 0.253453
||yp|| = 536.568
||yphi|| = 0.268989
||BtYp|| = 3.36769
||ru|| = 3.36864
||yu|| = 155.419
||GtYphi|| = 1.59101
||KtYu|| = 13.8589
||rj|| = 14.6722
||yj|| = 0.906762
||rphi|| = 0.0022389
||rp|| = 0.0881935
||y|| = 558.625
FGMRES iteration : 103 || r || = 0.0472914
||xi|| = 419.075
||eta|| = 0.246023
||yp|| = 461.225
||yphi|| = 0.204316
||BtYp|| = 2.54422
||ru|| = 2.54526
||yu|| = 117.68
||GtYphi|| = 1.9491
||KtYu|| = 11.6975
||rj|| = 12.5448
||yj|| = 0.711457
||rphi|| = 0.00168894
||rp|| = 0.0665158
||y|| = 476.001
FGMRES iteration : 104 || r || = 0.0470225
||xi|| = 400.736
||eta|| = 0.249605
||yp|| = 441.045
||yphi|| = 0.233757
||BtYp|| = 2.46006
||ru|| = 2.46142
||yu|| = 121.114
||GtYphi|| = 1.6981
||KtYu|| = 13.4409
||rj|| = 14.2858
||yj|| = 0.931388
||rphi|| = 0.00199049
||rp|| = 0.0669182
||y|| = 457.373
FGMRES iteration : 105 || r || = 0.0468462
||xi|| = 481.635
||eta|| = 0.221953
||yp|| = 530.025
||yphi|| = 0.263476
||BtYp|| = 3.28025
||ru|| = 3.28084
||yu|| = 143.473
||GtYphi|| = 1.94527
||KtYu|| = 12.6818
||rj|| = 13.5333
||yj|| = 0.820427
||rphi|| = 0.0020783
||rp|| = 0.0833469
||y|| = 549.101
FGMRES iteration : 106 || r || = 0.0468189
||xi|| = 419.103
||eta|| = 0.246542
||yp|| = 461.256
||yphi|| = 0.223011
||BtYp|| = 2.41216
||ru|| = 2.41317
||yu|| = 117.629
||GtYphi|| = 1.84175
||KtYu|| = 12.8375
||rj|| = 13.6609
||yj|| = 0.817014
||rphi|| = 0.00188637
||rp|| = 0.0649589
||y|| = 476.019
FGMRES iteration : 107 || r || = 0.0467827
||xi|| = 459.978
||eta|| = 0.282258
||yp|| = 506.214
||yphi|| = 0.222621
||BtYp|| = 3.15628
||ru|| = 3.15711
||yu|| = 142.434
||GtYphi|| = 1.59785
||KtYu|| = 13.1199
||rj|| = 13.9349
||yj|| = 0.915996
||rphi|| = 0.00183941
||rp|| = 0.08428
||y|| = 525.871
FGMRES iteration : 108 || r || = 0.0467508
||xi|| = 482.471
||eta|| = 0.260396
||yp|| = 530.969
||yphi|| = 0.195881
||BtYp|| = 3.16652
||ru|| = 3.16717
||yu|| = 144.494
||GtYphi|| = 1.79583
||KtYu|| = 12.0841
||rj|| = 12.879
||yj|| = 0.769747
||rphi|| = 0.00149987
||rp|| = 0.0826689
||y|| = 550.279
FGMRES iteration : 109 || r || = 0.0467083
||xi|| = 418.164
||eta|| = 0.269967
||yp|| = 460.226
||yphi|| = 0.295772
||BtYp|| = 2.56121
||ru|| = 2.56248
||yu|| = 125.891
||GtYphi|| = 2.11688
||KtYu|| = 13.0326
||rj|| = 13.9303
||yj|| = 0.85746
||rphi|| = 0.00225817
||rp|| = 0.0700151
||y|| = 477.135
FGMRES iteration : 110 || r || = 0.0466834
||xi|| = 421.006
||eta|| = 0.244133
||yp|| = 463.364
||yphi|| = 0.429599
||BtYp|| = 2.5916
||ru|| = 2.5927
||yu|| = 123.38
||GtYphi|| = 2.32244
||KtYu|| = 13.1387
||rj|| = 14.1069
||yj|| = 0.88964
||rphi|| = 0.00338177
||rp|| = 0.0697286
||y|| = 479.51
FGMRES iteration : 111 || r || = 0.0466678
||xi|| = 367.196
||eta|| = 0.246118
||yp|| = 404.142
||yphi|| = 0.245954
||BtYp|| = 2.36083
||ru|| = 2.36204
||yu|| = 114.442
||GtYphi|| = 1.98702
||KtYu|| = 11.8302
||rj|| = 12.7225
||yj|| = 0.773947
||rphi|| = 0.00209886
||rp|| = 0.0635161
||y|| = 420.034
FGMRES iteration : 112 || r || = 0.0466521
||xi|| = 403.183
||eta|| = 0.254431
||yp|| = 443.715
||yphi|| = 0.242668
||BtYp|| = 2.65308
||ru|| = 2.65387
||yu|| = 122.096
||GtYphi|| = 1.86899
||KtYu|| = 12.4754
||rj|| = 13.3493
||yj|| = 0.801972
||rphi|| = 0.00207359
||rp|| = 0.0694434
||y|| = 460.208
FGMRES iteration : 113 || r || = 0.0466455
||xi|| = 419.006
||eta|| = 0.215267
||yp|| = 461.135
||yphi|| = 0.177388
||BtYp|| = 2.70299
||ru|| = 2.70388
||yu|| = 126.149
||GtYphi|| = 1.63675
||KtYu|| = 12.9249
||rj|| = 13.7875
||yj|| = 0.860894
||rphi|| = 0.00150253
||rp|| = 0.069753
||y|| = 478.079
FGMRES iteration : 114 || r || = 0.0466341
||xi|| = 376.224
||eta|| = 0.271695
||yp|| = 414.107
||yphi|| = 0.427382
||BtYp|| = 2.20084
||ru|| = 2.20245
||yu|| = 119.8
||GtYphi|| = 2.41472
||KtYu|| = 13.5901
||rj|| = 14.5296
||yj|| = 0.836613
||rphi|| = 0.00319374
||rp|| = 0.0628466
||y|| = 431.088
FGMRES iteration : 115 || r || = 0.0466084
||xi|| = 402.072
||eta|| = 0.239015
||yp|| = 442.514
||yphi|| = 0.527585
||BtYp|| = 2.3776
||ru|| = 2.37868
||yu|| = 117.964
||GtYphi|| = 2.48437
||KtYu|| = 12.9108
||rj|| = 13.8826
||yj|| = 0.826024
||rphi|| = 0.00408857
||rp|| = 0.062749
||y|| = 457.968
FGMRES iteration : 116 || r || = 0.0465078
||xi|| = 371.635
||eta|| = 0.330228
||yp|| = 409.057
||yphi|| = 0.231104
||BtYp|| = 2.18672
||ru|| = 2.18835
||yu|| = 116.132
||GtYphi|| = 1.77378
||KtYu|| = 12.7149
||rj|| = 13.5687
||yj|| = 0.874719
||rphi|| = 0.0018294
||rp|| = 0.0614041
||y|| = 425.223
FGMRES iteration : 117 || r || = 0.0459854
||xi|| = 367.781
||eta|| = 0.24703
||yp|| = 404.818
||yphi|| = 0.401637
||BtYp|| = 1.95587
||ru|| = 1.95716
||yu|| = 104.058
||GtYphi|| = 2.41253
||KtYu|| = 12.7951
||rj|| = 13.7634
||yj|| = 0.812024
||rphi|| = 0.00318991
||rp|| = 0.0538193
||y|| = 417.979
FGMRES iteration : 118 || r || = 0.0447238
||xi|| = 354.036
||eta|| = 0.279676
||yp|| = 389.708
||yphi|| = 0.279367
||BtYp|| = 2.07239
||ru|| = 2.07381
||yu|| = 109.103
||GtYphi|| = 2.04082
||KtYu|| = 13.0267
||rj|| = 13.8917
||yj|| = 0.874845
||rphi|| = 0.00224069
||rp|| = 0.0567192
||y|| = 404.693
FGMRES iteration : 119 || r || = 0.0429877
||xi|| = 390.478
||eta|| = 0.283524
||yp|| = 429.756
||yphi|| = 0.520154
||BtYp|| = 2.22097
||ru|| = 2.22235
||yu|| = 110.758
||GtYphi|| = 1.97887
||KtYu|| = 12.8469
||rj|| = 13.6848
||yj|| = 0.845353
||rphi|| = 0.00395264
||rp|| = 0.0604582
||y|| = 443.801
FGMRES iteration : 120 || r || = 0.0407506
||xi|| = 358.636
||eta|| = 0.226674
||yp|| = 394.761
||yphi|| = 0.314813
||BtYp|| = 2.04477
||ru|| = 2.04609
||yu|| = 101.808
||GtYphi|| = 1.92886
||KtYu|| = 11.4417
||rj|| = 12.3192
||yj|| = 0.725786
||rphi|| = 0.00235944
||rp|| = 0.0543513
||y|| = 407.679
FGMRES iteration : 121 || r || = 0.0391434
||xi|| = 420.717
||eta|| = 0.342485
||yp|| = 463.112
||yphi|| = 0.137806
||BtYp|| = 2.43916
||ru|| = 2.44056
||yu|| = 135.143
||GtYphi|| = 1.4309
||KtYu|| = 13.9878
||rj|| = 14.8195
||yj|| = 0.947335
||rphi|| = 0.00118946
||rp|| = 0.0687738
||y|| = 482.429
FGMRES iteration : 122 || r || = 0.0374808
||xi|| = 330.287
||eta|| = 0.322244
||yp|| = 363.546
||yphi|| = 0.383507
||BtYp|| = 2.15832
||ru|| = 2.15923
||yu|| = 109.658
||GtYphi|| = 2.18232
||KtYu|| = 12.0318
||rj|| = 12.9272
||yj|| = 0.825456
||rphi|| = 0.0032322
||rp|| = 0.061997
||y|| = 379.725
FGMRES iteration : 123 || r || = 0.0365464
||xi|| = 369.659
||eta|| = 0.290202
||yp|| = 406.839
||yphi|| = 0.266547
||BtYp|| = 2.47389
||ru|| = 2.4752
||yu|| = 117.614
||GtYphi|| = 2.03914
||KtYu|| = 12.9312
||rj|| = 13.799
||yj|| = 0.864902
||rphi|| = 0.00243867
||rp|| = 0.0685896
||y|| = 423.5
FGMRES iteration : 124 || r || = 0.0362708
||xi|| = 427.708
||eta|| = 0.223099
||yp|| = 470.743
||yphi|| = 0.213484
||BtYp|| = 2.68718
||ru|| = 2.68844
||yu|| = 128.451
||GtYphi|| = 1.77204
||KtYu|| = 13.2446
||rj|| = 14.151
||yj|| = 0.893736
||rphi|| = 0.00166007
||rp|| = 0.0713939
||y|| = 487.955
FGMRES iteration : 125 || r || = 0.0361859
||xi|| = 401.831
||eta|| = 0.250192
||yp|| = 442.248
||yphi|| = 0.427697
||BtYp|| = 2.58039
||ru|| = 2.58152
||yu|| = 124.997
||GtYphi|| = 2.3221
||KtYu|| = 12.401
||rj|| = 13.2355
||yj|| = 0.764766
||rphi|| = 0.00324983
||rp|| = 0.0689852
||y|| = 459.574
FGMRES iteration : 126 || r || = 0.0361601
||xi|| = 447.01
||eta|| = 0.252103
||yp|| = 491.96
||yphi|| = 0.388389
||BtYp|| = 3.11457
||ru|| = 3.11591
||yu|| = 145.651
||GtYphi|| = 2.01047
||KtYu|| = 13.793
||rj|| = 14.662
||yj|| = 0.930272
||rphi|| = 0.00302841
||rp|| = 0.083275
||y|| = 513.069
FGMRES iteration : 127 || r || = 0.0361458
||xi|| = 416.224
||eta|| = 0.223771
||yp|| = 458.074
||yphi|| = 0.452489
||BtYp|| = 2.78967
||ru|| = 2.7902
||yu|| = 128.683
||GtYphi|| = 2.46814
||KtYu|| = 12.4973
||rj|| = 13.4325
||yj|| = 0.80878
||rphi|| = 0.00362515
||rp|| = 0.0735908
||y|| = 475.806
FGMRES iteration : 128 || r || = 0.0361454
||xi|| = 440.919
||eta|| = 0.261728
||yp|| = 485.259
||yphi|| = 0.443334
||BtYp|| = 2.77534
||ru|| = 2.7766
||yu|| = 131.461
||GtYphi|| = 2.43203
||KtYu|| = 12.9002
||rj|| = 13.903
||yj|| = 0.793058
||rphi|| = 0.00373639
||rp|| = 0.0705341
||y|| = 502.752
FGMRES iteration : 129 || r || = 0.0361453
||xi|| = 521.02
||eta|| = 0.346182
||yp|| = 573.422
||yphi|| = 0.279297
||BtYp|| = 3.48599
||ru|| = 3.4866
||yu|| = 157.922
||GtYphi|| = 1.8072
||KtYu|| = 14.666
||rj|| = 15.5187
||yj|| = 1.00429
||rphi|| = 0.00217911
||rp|| = 0.0895413
||y|| = 594.772
FGMRES iteration : 130 || r || = 0.0361453
||xi|| = 392.357
||eta|| = 0.400705
||yp|| = 431.778
||yphi|| = 0.271487
||BtYp|| = 2.5993
||ru|| = 2.60088
||yu|| = 121.226
||GtYphi|| = 1.9932
||KtYu|| = 13.0098
||rj|| = 13.8369
||yj|| = 0.852475
||rphi|| = 0.00211576
||rp|| = 0.0695814
||y|| = 448.473
FGMRES iteration : 131 || r || = 0.0361451
||xi|| = 477.822
||eta|| = 0.270001
||yp|| = 525.818
||yphi|| = 0.217366
||BtYp|| = 3.28107
||ru|| = 3.28126
||yu|| = 148.031
||GtYphi|| = 1.97493
||KtYu|| = 11.8803
||rj|| = 12.7012
||yj|| = 0.739526
||rphi|| = 0.00185237
||rp|| = 0.0852869
||y|| = 546.259
FGMRES iteration : 132 || r || = 0.0361377
||xi|| = 550.642
||eta|| = 0.308268
||yp|| = 605.997
||yphi|| = 0.233842
||BtYp|| = 3.8898
||ru|| = 3.89122
||yu|| = 175.404
||GtYphi|| = 1.6738
||KtYu|| = 15.0527
||rj|| = 15.879
||yj|| = 0.99335
||rphi|| = 0.00174239
||rp|| = 0.104417
||y|| = 630.872
FGMRES iteration : 133 || r || = 0.0360815
||xi|| = 470.556
||eta|| = 0.278268
||yp|| = 517.87
||yphi|| = 0.40561
||BtYp|| = 3.03605
||ru|| = 3.03654
||yu|| = 138.059
||GtYphi|| = 2.27553
||KtYu|| = 12.7387
||rj|| = 13.6124
||yj|| = 0.784231
||rphi|| = 0.00326695
||rp|| = 0.0801613
||y|| = 535.958
FGMRES iteration : 134 || r || = 0.0359744
||xi|| = 461.574
||eta|| = 0.265328
||yp|| = 507.989
||yphi|| = 0.380989
||BtYp|| = 3.38216
||ru|| = 3.38331
||yu|| = 148.528
||GtYphi|| = 2.29695
||KtYu|| = 12.5525
||rj|| = 13.3925
||yj|| = 0.800679
||rphi|| = 0.00326737
||rp|| = 0.0898766
||y|| = 529.258
FGMRES iteration : 135 || r || = 0.0358103
||xi|| = 518.799
||eta|| = 0.258201
||yp|| = 570.94
||yphi|| = 0.169485
||BtYp|| = 3.68394
||ru|| = 3.68491
||yu|| = 163.785
||GtYphi|| = 1.67689
||KtYu|| = 14.3644
||rj|| = 15.2055
||yj|| = 0.92722
||rphi|| = 0.00133792
||rp|| = 0.0964935
||y|| = 593.969
FGMRES iteration : 136 || r || = 0.0354242
||xi|| = 442.54
||eta|| = 0.233519
||yp|| = 487.036
||yphi|| = 0.306437
||BtYp|| = 2.85749
||ru|| = 2.85839
||yu|| = 125.043
||GtYphi|| = 2.00987
||KtYu|| = 12.3045
||rj|| = 13.233
||yj|| = 0.780422
||rphi|| = 0.00219281
||rp|| = 0.0726063
||y|| = 502.833
FGMRES iteration : 137 || r || = 0.0344839
||xi|| = 428.296
||eta|| = 0.218357
||yp|| = 471.359
||yphi|| = 0.208356
||BtYp|| = 2.92965
||ru|| = 2.93076
||yu|| = 127.394
||GtYphi|| = 1.53625
||KtYu|| = 12.4448
||rj|| = 13.2817
||yj|| = 0.815057
||rphi|| = 0.00152588
||rp|| = 0.0753935
||y|| = 488.272
FGMRES iteration : 138 || r || = 0.0327797
||xi|| = 393.361
||eta|| = 0.271348
||yp|| = 432.894
||yphi|| = 0.228203
||BtYp|| = 2.63431
||ru|| = 2.63511
||yu|| = 120.136
||GtYphi|| = 1.74351
||KtYu|| = 12.1507
||rj|| = 12.9505
||yj|| = 0.783309
||rphi|| = 0.00191553
||rp|| = 0.0701237
||y|| = 449.256
FGMRES iteration : 139 || r || = 0.0313967
||xi|| = 436.446
||eta|| = 0.270077
||yp|| = 480.346
||yphi|| = 0.257932
||BtYp|| = 2.80785
||ru|| = 2.80897
||yu|| = 127.307
||GtYphi|| = 1.69892
||KtYu|| = 12.8239
||rj|| = 13.688
||yj|| = 0.802065
||rphi|| = 0.00195223
||rp|| = 0.071987
||y|| = 496.931
FGMRES iteration : 140 || r || = 0.0303567
||xi|| = 380.995
||eta|| = 0.248282
||yp|| = 419.319
||yphi|| = 0.184257
||BtYp|| = 2.39537
||ru|| = 2.39626
||yu|| = 111.898
||GtYphi|| = 1.7231
||KtYu|| = 12.2205
||rj|| = 13.0455
||yj|| = 0.788134
||rphi|| = 0.00148332
||rp|| = 0.064183
||y|| = 433.993
FGMRES iteration : 141 || r || = 0.0296402
||xi|| = 360.765
||eta|| = 0.268959
||yp|| = 397.105
||yphi|| = 0.294551
||BtYp|| = 2.23117
||ru|| = 2.23243
||yu|| = 112.841
||GtYphi|| = 1.97875
||KtYu|| = 12.7146
||rj|| = 13.5954
||yj|| = 0.839073
||rphi|| = 0.00229633
||rp|| = 0.0615437
||y|| = 412.828
FGMRES iteration : 142 || r || = 0.0292237
||xi|| = 416.505
||eta|| = 0.278645
||yp|| = 458.419
||yphi|| = 0.174127
||BtYp|| = 2.55693
||ru|| = 2.55802
||yu|| = 119.715
||GtYphi|| = 1.76009
||KtYu|| = 12.0866
||rj|| = 12.913
||yj|| = 0.787719
||rphi|| = 0.00149989
||rp|| = 0.0670716
||y|| = 473.793
FGMRES iteration : 143 || r || = 0.0290458
||xi|| = 384.914
||eta|| = 0.285831
||yp|| = 423.652
||yphi|| = 0.265194
||BtYp|| = 2.39727
||ru|| = 2.39828
||yu|| = 115.685
||GtYphi|| = 1.99026
||KtYu|| = 12.4983
||rj|| = 13.3798
||yj|| = 0.810585
||rphi|| = 0.00218599
||rp|| = 0.0650911
||y|| = 439.164
FGMRES iteration : 144 || r || = 0.0289839
||xi|| = 413.541
||eta|| = 0.28348
||yp|| = 455.158
||yphi|| = 0.371644
||BtYp|| = 2.55887
||ru|| = 2.56013
||yu|| = 126.218
||GtYphi|| = 1.87316
||KtYu|| = 13.5119
||rj|| = 14.4054
||yj|| = 0.84638
||rphi|| = 0.00285561
||rp|| = 0.0699025
||y|| = 472.335
FGMRES iteration : 145 || r || = 0.0289529
||xi|| = 342.649
||eta|| = 0.272233
||yp|| = 377.159
||yphi|| = 0.433114
||BtYp|| = 2.02981
||ru|| = 2.03098
||yu|| = 106.475
||GtYphi|| = 2.02972
||KtYu|| = 11.6236
||rj|| = 12.4081
||yj|| = 0.77422
||rphi|| = 0.00330514
||rp|| = 0.0582214
||y|| = 391.901
FGMRES iteration : 146 || r || = 0.0289381
||xi|| = 376.443
||eta|| = 0.2823
||yp|| = 414.358
||yphi|| = 0.40708
||BtYp|| = 2.35629
||ru|| = 2.35791
||yu|| = 117.484
||GtYphi|| = 1.98287
||KtYu|| = 13.5092
||rj|| = 14.3795
||yj|| = 0.91389
||rphi|| = 0.00319604
||rp|| = 0.0662964
||y|| = 430.692
FGMRES iteration : 147 || r || = 0.0289292
||xi|| = 403.492
||eta|| = 0.34968
||yp|| = 444.107
||yphi|| = 0.286194
||BtYp|| = 2.40308
||ru|| = 2.40422
||yu|| = 119.473
||GtYphi|| = 1.92424
||KtYu|| = 12.7477
||rj|| = 13.6254
||yj|| = 0.821735
||rphi|| = 0.00214753
||rp|| = 0.0667213
||y|| = 459.898
FGMRES iteration : 148 || r || = 0.028924
||xi|| = 375.852
||eta|| = 0.327818
||yp|| = 413.655
||yphi|| = 0.235088
||BtYp|| = 2.53798
||ru|| = 2.53911
||yu|| = 119.843
||GtYphi|| = 1.7631
||KtYu|| = 12.8157
||rj|| = 13.6731
||yj|| = 0.868313
||rphi|| = 0.00216555
||rp|| = 0.0689597
||y|| = 430.666
FGMRES iteration : 149 || r || = 0.0289196
||xi|| = 429.92
||eta|| = 0.278855
||yp|| = 473.164
||yphi|| = 0.199233
||BtYp|| = 2.62452
||ru|| = 2.62514
||yu|| = 126.209
||GtYphi|| = 1.82385
||KtYu|| = 12.4639
||rj|| = 13.2802
||yj|| = 0.78902
||rphi|| = 0.00165424
||rp|| = 0.0684894
||y|| = 489.707
FGMRES iteration : 150 || r || = 0.0289079
||xi|| = 438.839
||eta|| = 0.293921
||yp|| = 482.995
||yphi|| = 0.241745
||BtYp|| = 2.65196
||ru|| = 2.65317
||yu|| = 129.045
||GtYphi|| = 1.7923
||KtYu|| = 13.0325
||rj|| = 13.8951
||yj|| = 0.836725
||rphi|| = 0.00211415
||rp|| = 0.0709028
||y|| = 499.938
FGMRES iteration : 151 || r || = 0.028896
||xi|| = 406.033
||eta|| = 0.338175
||yp|| = 446.887
||yphi|| = 0.282587
||BtYp|| = 2.48738
||ru|| = 2.48846
||yu|| = 127.651
||GtYphi|| = 1.99811
||KtYu|| = 13.6856
||rj|| = 14.5341
||yj|| = 0.881936
||rphi|| = 0.00234823
||rp|| = 0.0690663
||y|| = 464.762
FGMRES iteration : 152 || r || = 0.0288707
||xi|| = 416.289
||eta|| = 0.282937
||yp|| = 458.161
||yphi|| = 0.258682
||BtYp|| = 2.56943
||ru|| = 2.57058
||yu|| = 124.474
||GtYphi|| = 1.79869
||KtYu|| = 12.5834
||rj|| = 13.3709
||yj|| = 0.833546
||rphi|| = 0.00187396
||rp|| = 0.0688007
||y|| = 474.77
FGMRES iteration : 153 || r || = 0.0288164
||xi|| = 396.792
||eta|| = 0.294564
||yp|| = 436.699
||yphi|| = 0.286518
||BtYp|| = 2.55369
||ru|| = 2.55476
||yu|| = 119.349
||GtYphi|| = 1.85354
||KtYu|| = 13.3041
||rj|| = 14.1391
||yj|| = 0.903295
||rphi|| = 0.00234399
||rp|| = 0.066488
||y|| = 452.715
FGMRES iteration : 154 || r || = 0.0286708
||xi|| = 432.538
||eta|| = 0.275553
||yp|| = 476.046
||yphi|| = 0.287074
||BtYp|| = 2.63537
||ru|| = 2.63622
||yu|| = 121.07
||GtYphi|| = 1.85315
||KtYu|| = 11.8261
||rj|| = 12.6386
||yj|| = 0.767896
||rphi|| = 0.00217375
||rp|| = 0.0670274
||y|| = 491.201
FGMRES iteration : 155 || r || = 0.0283478
||xi|| = 474.9
||eta|| = 0.320692
||yp|| = 522.683
||yphi|| = 0.298445
||BtYp|| = 3.11321
||ru|| = 3.11438
||yu|| = 147.934
||GtYphi|| = 1.57633
||KtYu|| = 14.1516
||rj|| = 15.0008
||yj|| = 0.930102
||rphi|| = 0.00232236
||rp|| = 0.0793378
||y|| = 543.215
FGMRES iteration : 156 || r || = 0.0275409
||xi|| = 364.885
||eta|| = 0.324687
||yp|| = 401.621
||yphi|| = 0.251347
||BtYp|| = 2.21537
||ru|| = 2.2162
||yu|| = 107.201
||GtYphi|| = 1.75352
||KtYu|| = 11.3464
||rj|| = 12.1314
||yj|| = 0.72387
||rphi|| = 0.0021081
||rp|| = 0.0589981
||y|| = 415.683
FGMRES iteration : 157 || r || = 0.0267208
||xi|| = 416.24
||eta|| = 0.275714
||yp|| = 458.126
||yphi|| = 0.159724
||BtYp|| = 2.79096
||ru|| = 2.79222
||yu|| = 136.88
||GtYphi|| = 1.38902
||KtYu|| = 13.3649
||rj|| = 14.1816
||yj|| = 0.889141
||rphi|| = 0.00144296
||rp|| = 0.0769824
||y|| = 478.138
FGMRES iteration : 158 || r || = 0.0258425
||xi|| = 432.742
||eta|| = 0.296903
||yp|| = 476.251
||yphi|| = 0.226019
||BtYp|| = 2.81142
||ru|| = 2.81242
||yu|| = 134.759
||GtYphi|| = 1.59657
||KtYu|| = 12.4319
||rj|| = 13.2035
||yj|| = 0.808488
||rphi|| = 0.00189678
||rp|| = 0.0756017
||y|| = 494.95
FGMRES iteration : 159 || r || = 0.0251759
||xi|| = 399.895
||eta|| = 0.324136
||yp|| = 440.135
||yphi|| = 0.210666
||BtYp|| = 2.66196
||ru|| = 2.66297
||yu|| = 124.508
||GtYphi|| = 1.84949
||KtYu|| = 12.4015
||rj|| = 13.2311
||yj|| = 0.83884
||rphi|| = 0.00158045
||rp|| = 0.072908
||y|| = 457.408
FGMRES iteration : 160 || r || = 0.0246089
||xi|| = 434.079
||eta|| = 0.328365
||yp|| = 477.732
||yphi|| = 0.173954
||BtYp|| = 3.00198
||ru|| = 3.00289
||yu|| = 134.745
||GtYphi|| = 1.64474
||KtYu|| = 12.3905
||rj|| = 13.195
||yj|| = 0.81455
||rphi|| = 0.00143627
||rp|| = 0.0801963
||y|| = 496.372
FGMRES iteration : 161 || r || = 0.0242772
||xi|| = 459.854
||eta|| = 0.307314
||yp|| = 506.058
||yphi|| = 0.188479
||BtYp|| = 3.00006
||ru|| = 3.00085
||yu|| = 139.989
||GtYphi|| = 1.62194
||KtYu|| = 13.1752
||rj|| = 13.9692
||yj|| = 0.833732
||rphi|| = 0.00150152
||rp|| = 0.0783163
||y|| = 525.064
FGMRES iteration : 162 || r || = 0.0240871
||xi|| = 525.397
||eta|| = 0.370844
||yp|| = 578.256
||yphi|| = 0.160907
||BtYp|| = 3.1992
||ru|| = 3.20029
||yu|| = 149.967
||GtYphi|| = 1.74226
||KtYu|| = 13.2877
||rj|| = 14.0165
||yj|| = 0.82694
||rphi|| = 0.00134784
||rp|| = 0.0814561
||y|| = 597.386
FGMRES iteration : 163 || r || = 0.023975
||xi|| = 476.527
||eta|| = 0.248369
||yp|| = 524.442
||yphi|| = 0.257784
||BtYp|| = 3.07074
||ru|| = 3.07141
||yu|| = 139.942
||GtYphi|| = 1.80738
||KtYu|| = 12.7885
||rj|| = 13.6716
||yj|| = 0.808995
||rphi|| = 0.00177488
||rp|| = 0.0790401
||y|| = 542.792
FGMRES iteration : 164 || r || = 0.0238891
||xi|| = 477.403
||eta|| = 0.353093
||yp|| = 525.353
||yphi|| = 0.222505
||BtYp|| = 3.2883
||ru|| = 3.28925
||yu|| = 149.371
||GtYphi|| = 1.78333
||KtYu|| = 13.6616
||rj|| = 14.4592
||yj|| = 0.904198
||rphi|| = 0.00170984
||rp|| = 0.086389
||y|| = 546.176
FGMRES iteration : 165 || r || = 0.0238177
||xi|| = 444.747
||eta|| = 0.288381
||yp|| = 489.526
||yphi|| = 0.252271
||BtYp|| = 2.92052
||ru|| = 2.9216
||yu|| = 138.681
||GtYphi|| = 2.0746
||KtYu|| = 12.5867
||rj|| = 13.516
||yj|| = 0.814193
||rphi|| = 0.00179131
||rp|| = 0.0749277
||y|| = 508.791
FGMRES iteration : 166 || r || = 0.0237816
||xi|| = 467.044
||eta|| = 0.261647
||yp|| = 514.043
||yphi|| = 0.220997
||BtYp|| = 2.81383
||ru|| = 2.81496
||yu|| = 138.718
||GtYphi|| = 1.72655
||KtYu|| = 13.3712
||rj|| = 14.1635
||yj|| = 0.862641
||rphi|| = 0.00177586
||rp|| = 0.0731493
||y|| = 532.432
FGMRES iteration : 167 || r || = 0.0237666
||xi|| = 446.209
||eta|| = 0.356348
||yp|| = 491.052
||yphi|| = 0.184186
||BtYp|| = 3.02264
||ru|| = 3.02341
||yu|| = 141.778
||GtYphi|| = 1.8139
||KtYu|| = 13.2374
||rj|| = 14.0354
||yj|| = 0.855732
||rphi|| = 0.00147536
||rp|| = 0.0787657
||y|| = 511.11
FGMRES iteration : 168 || r || = 0.0237644
||xi|| = 456.075
||eta|| = 0.353751
||yp|| = 502.013
||yphi|| = 0.213443
||BtYp|| = 2.81002
||ru|| = 2.81121
||yu|| = 134.283
||GtYphi|| = 2.16887
||KtYu|| = 12.3472
||rj|| = 13.2472
||yj|| = 0.769636
||rphi|| = 0.00161579
||rp|| = 0.072391
||y|| = 519.663
FGMRES iteration : 169 || r || = 0.0237634
||xi|| = 502.273
||eta|| = 0.325145
||yp|| = 552.74
||yphi|| = 0.358061
||BtYp|| = 3.44177
||ru|| = 3.44229
||yu|| = 160.697
||GtYphi|| = 1.86827
||KtYu|| = 14.8376
||rj|| = 15.6379
||yj|| = 0.943128
||rphi|| = 0.00274637
||rp|| = 0.0880716
||y|| = 575.626
FGMRES iteration : 170 || r || = 0.0237578
||xi|| = 442.318
||eta|| = 0.28269
||yp|| = 486.815
||yphi|| = 0.307943
||BtYp|| = 2.82534
||ru|| = 2.82717
||yu|| = 128.67
||GtYphi|| = 2.08275
||KtYu|| = 12.475
||rj|| = 13.2524
||yj|| = 0.7809
||rphi|| = 0.00227898
||rp|| = 0.0703684
||y|| = 503.534
FGMRES iteration : 171 || r || = 0.0237329
||xi|| = 482.419
||eta|| = 0.310421
||yp|| = 530.944
||yphi|| = 0.22086
||BtYp|| = 3.18795
||ru|| = 3.18838
||yu|| = 142.649
||GtYphi|| = 1.79466
||KtYu|| = 12.9502
||rj|| = 13.7311
||yj|| = 0.807905
||rphi|| = 0.00182814
||rp|| = 0.0793243
||y|| = 549.774
FGMRES iteration : 172 || r || = 0.0237029
||xi|| = 554.192
||eta|| = 0.288062
||yp|| = 609.896
||yphi|| = 0.180081
||BtYp|| = 3.94158
||ru|| = 3.94286
||yu|| = 179.493
||GtYphi|| = 1.54149
||KtYu|| = 15.0867
||rj|| = 15.8659
||yj|| = 0.98943
||rphi|| = 0.00144213
||rp|| = 0.102782
||y|| = 635.76
FGMRES iteration : 173 || r || = 0.0236186
||xi|| = 457.152
||eta|| = 0.372231
||yp|| = 503.1
||yphi|| = 0.259749
||BtYp|| = 2.82241
||ru|| = 2.82326
||yu|| = 129.845
||GtYphi|| = 1.98543
||KtYu|| = 11.6047
||rj|| = 12.3556
||yj|| = 0.694219
||rphi|| = 0.00209587
||rp|| = 0.0719989
||y|| = 519.586
FGMRES iteration : 174 || r || = 0.0234883
||xi|| = 540.143
||eta|| = 0.346043
||yp|| = 594.463
||yphi|| = 0.170801
||BtYp|| = 3.70619
||ru|| = 3.70622
||yu|| = 170.715
||GtYphi|| = 1.74611
||KtYu|| = 14.3008
||rj|| = 15.1242
||yj|| = 0.896356
||rphi|| = 0.00132455
||rp|| = 0.0945116
||y|| = 618.49
FGMRES iteration : 175 || r || = 0.023218
||xi|| = 520.422
||eta|| = 0.321067
||yp|| = 572.703
||yphi|| = 0.21387
||BtYp|| = 3.61324
||ru|| = 3.61494
||yu|| = 158.984
||GtYphi|| = 1.7079
||KtYu|| = 13.6196
||rj|| = 14.3842
||yj|| = 0.8687
||rphi|| = 0.00172024
||rp|| = 0.0922912
||y|| = 594.362
FGMRES iteration : 176 || r || = 0.0227805
||xi|| = 536.477
||eta|| = 0.364449
||yp|| = 590.409
||yphi|| = 0.210014
||BtYp|| = 3.90607
||ru|| = 3.90568
||yu|| = 166.619
||GtYphi|| = 1.81786
||KtYu|| = 12.8906
||rj|| = 13.6645
||yj|| = 0.815956
||rphi|| = 0.00175189
||rp|| = 0.0967533
||y|| = 613.47
FGMRES iteration : 177 || r || = 0.0220211
||xi|| = 512.221
||eta|| = 0.346504
||yp|| = 563.726
||yphi|| = 0.202235
||BtYp|| = 3.66557
||ru|| = 3.66664
||yu|| = 164.054
||GtYphi|| = 1.78131
||KtYu|| = 13.4493
||rj|| = 14.2697
||yj|| = 0.893637
||rphi|| = 0.00161771
||rp|| = 0.0948337
||y|| = 587.113
FGMRES iteration : 178 || r || = 0.0210024
||xi|| = 548.927
||eta|| = 0.377759
||yp|| = 604.062
||yphi|| = 0.154881
||BtYp|| = 3.95788
||ru|| = 3.95849
||yu|| = 172.116
||GtYphi|| = 1.57106
||KtYu|| = 13.8201
||rj|| = 14.5735
||yj|| = 0.879774
||rphi|| = 0.00131887
||rp|| = 0.0996647
||y|| = 628.105
FGMRES iteration : 179 || r || = 0.0202607
||xi|| = 542.53
||eta|| = 0.30241
||yp|| = 597.052
||yphi|| = 0.35695
||BtYp|| = 3.81424
||ru|| = 3.81393
||yu|| = 165.224
||GtYphi|| = 1.94053
||KtYu|| = 12.7618
||rj|| = 13.5421
||yj|| = 0.771217
||rphi|| = 0.00280474
||rp|| = 0.0945528
||y|| = 619.492
FGMRES iteration : 180 || r || = 0.0199391
||xi|| = 554.878
||eta|| = 0.330437
||yp|| = 610.623
||yphi|| = 0.264636
||BtYp|| = 3.95181
||ru|| = 3.95353
||yu|| = 175.714
||GtYphi|| = 1.71235
||KtYu|| = 15.3425
||rj|| = 16.1596
||yj|| = 0.989268
||rphi|| = 0.00221609
||rp|| = 0.101159
||y|| = 635.403
FGMRES iteration : 181 || r || = 0.0196815
||xi|| = 495.166
||eta|| = 0.313884
||yp|| = 544.954
||yphi|| = 0.274511
||BtYp|| = 3.45584
||ru|| = 3.45606
||yu|| = 150.205
||GtYphi|| = 1.92404
||KtYu|| = 11.7862
||rj|| = 12.5603
||yj|| = 0.731408
||rphi|| = 0.00218418
||rp|| = 0.0872122
||y|| = 565.276
FGMRES iteration : 182 || r || = 0.0195596
||xi|| = 549.083
||eta|| = 0.291306
||yp|| = 604.273
||yphi|| = 0.221434
||BtYp|| = 3.95467
||ru|| = 3.95569
||yu|| = 175.515
||GtYphi|| = 1.61122
||KtYu|| = 13.6904
||rj|| = 14.5111
||yj|| = 0.873809
||rphi|| = 0.00188759
||rp|| = 0.101073
||y|| = 629.247
FGMRES iteration : 183 || r || = 0.0195055
||xi|| = 455.617
||eta|| = 0.44128
||yp|| = 501.416
||yphi|| = 0.258726
||BtYp|| = 3.06837
||ru|| = 3.06949
||yu|| = 148.999
||GtYphi|| = 1.94691
||KtYu|| = 13.5235
||rj|| = 14.299
||yj|| = 0.892129
||rphi|| = 0.00203505
||rp|| = 0.0839909
||y|| = 523.086
FGMRES iteration : 184 || r || = 0.0194784
||xi|| = 421.895
||eta|| = 0.306238
||yp|| = 464.355
||yphi|| = 0.230163
||BtYp|| = 2.56184
||ru|| = 2.56247
||yu|| = 122.558
||GtYphi|| = 2.01233
||KtYu|| = 12.4257
||rj|| = 13.2398
||yj|| = 0.740147
||rphi|| = 0.00181025
||rp|| = 0.0696124
||y|| = 480.257
FGMRES iteration : 185 || r || = 0.0194691
||xi|| = 540.954
||eta|| = 0.373062
||yp|| = 595.396
||yphi|| = 0.16454
||BtYp|| = 3.57702
||ru|| = 3.5779
||yu|| = 170.133
||GtYphi|| = 1.58743
||KtYu|| = 14.477
||rj|| = 15.2153
||yj|| = 0.92432
||rphi|| = 0.00141149
||rp|| = 0.0931272
||y|| = 619.227
FGMRES iteration : 186 || r || = 0.0194638
||xi|| = 506.928
||eta|| = 0.359939
||yp|| = 557.927
||yphi|| = 0.220256
||BtYp|| = 3.37374
||ru|| = 3.3745
||yu|| = 157.803
||GtYphi|| = 1.92977
||KtYu|| = 13.3601
||rj|| = 14.1454
||yj|| = 0.814825
||rphi|| = 0.00178238
||rp|| = 0.0850632
||y|| = 579.815
FGMRES iteration : 187 || r || = 0.0194631
||xi|| = 454.972
||eta|| = 0.359649
||yp|| = 500.814
||yphi|| = 0.207852
||BtYp|| = 2.79582
||ru|| = 2.79686
||yu|| = 143.081
||GtYphi|| = 1.88001
||KtYu|| = 12.9807
||rj|| = 13.8195
||yj|| = 0.772413
||rphi|| = 0.00149154
||rp|| = 0.0752008
||y|| = 520.853
FGMRES iteration : 188 || r || = 0.0194608
||xi|| = 414.379
||eta|| = 0.307829
||yp|| = 456.05
||yphi|| = 0.243175
||BtYp|| = 2.83712
||ru|| = 2.83875
||yu|| = 140.007
||GtYphi|| = 1.87514
||KtYu|| = 13.64
||rj|| = 14.4574
||yj|| = 0.899954
||rphi|| = 0.00188046
||rp|| = 0.081429
||y|| = 477.058
FGMRES iteration : 189 || r || = 0.0194565
||xi|| = 462.091
||eta|| = 0.330022
||yp|| = 508.541
||yphi|| = 0.250223
||BtYp|| = 2.98385
||ru|| = 2.98438
||yu|| = 147.249
||GtYphi|| = 2.07823
||KtYu|| = 13.9481
||rj|| = 14.7907
||yj|| = 0.83549
||rphi|| = 0.0018667
||rp|| = 0.0804332
||y|| = 529.431
FGMRES iteration : 190 || r || = 0.0194515
||xi|| = 418.528
||eta|| = 0.312693
||yp|| = 460.678
||yphi|| = 0.302294
||BtYp|| = 2.49113
||ru|| = 2.49226
||yu|| = 135.709
||GtYphi|| = 1.9972
||KtYu|| = 13.1526
||rj|| = 14.009
||yj|| = 0.75937
||rphi|| = 0.00249757
||rp|| = 0.0708221
||y|| = 480.252
FGMRES iteration : 191 || r || = 0.0194487
||xi|| = 385.446
||eta|| = 0.338388
||yp|| = 424.326
||yphi|| = 0.211373
||BtYp|| = 2.23992
||ru|| = 2.24143
||yu|| = 130.785
||GtYphi|| = 1.73814
||KtYu|| = 13.5281
||rj|| = 14.3882
||yj|| = 0.896227
||rphi|| = 0.00165902
||rp|| = 0.0698213
||y|| = 444.025
FGMRES iteration : 192 || r || = 0.019435
||xi|| = 500.308
||eta|| = 0.403739
||yp|| = 550.791
||yphi|| = 0.249247
||BtYp|| = 3.11612
||ru|| = 3.11684
||yu|| = 162.004
||GtYphi|| = 1.84954
||KtYu|| = 12.9567
||rj|| = 13.8219
||yj|| = 0.779146
||rphi|| = 0.00190525
||rp|| = 0.083303
||y|| = 574.123
FGMRES iteration : 193 || r || = 0.019408
||xi|| = 535.796
||eta|| = 0.352675
||yp|| = 589.646
||yphi|| = 0.477631
||BtYp|| = 3.80231
||ru|| = 3.80429
||yu|| = 176.189
||GtYphi|| = 2.16246
||KtYu|| = 14.0476
||rj|| = 14.8174
||yj|| = 0.860049
||rphi|| = 0.00373788
||rp|| = 0.100665
||y|| = 615.408
FGMRES iteration : 194 || r || = 0.0193632
||xi|| = 429.004
||eta|| = 0.374312
||yp|| = 472.218
||yphi|| = 0.290196
||BtYp|| = 2.72547
||ru|| = 2.72723
||yu|| = 145.447
||GtYphi|| = 1.82001
||KtYu|| = 13.5783
||rj|| = 14.3866
||yj|| = 0.858549
||rphi|| = 0.00223028
||rp|| = 0.0817149
||y|| = 494.111
FGMRES iteration : 195 || r || = 0.0192509
||xi|| = 445.974
||eta|| = 0.430476
||yp|| = 490.943
||yphi|| = 0.181158
||BtYp|| = 2.7643
||ru|| = 2.76648
||yu|| = 149.452
||GtYphi|| = 1.84315
||KtYu|| = 13.8154
||rj|| = 14.6448
||yj|| = 0.836491
||rphi|| = 0.00153563
||rp|| = 0.0817245
||y|| = 513.188
FGMRES iteration : 196 || r || = 0.0189746
||xi|| = 387.923
||eta|| = 0.508143
||yp|| = 427.06
||yphi|| = 0.181067
||BtYp|| = 2.29097
||ru|| = 2.29174
||yu|| = 126.546
||GtYphi|| = 1.89229
||KtYu|| = 13.355
||rj|| = 14.1277
||yj|| = 0.85277
||rphi|| = 0.00157725
||rp|| = 0.0724938
||y|| = 445.415
FGMRES iteration : 197 || r || = 0.018534
||xi|| = 449.07
||eta|| = 0.347657
||yp|| = 494.297
||yphi|| = 0.165445
||BtYp|| = 3.00256
||ru|| = 3.00451
||yu|| = 148.835
||GtYphi|| = 1.71218
||KtYu|| = 13.8441
||rj|| = 14.6835
||yj|| = 0.832389
||rphi|| = 0.00135524
||rp|| = 0.0866002
||y|| = 516.219
FGMRES iteration : 198 || r || = 0.0178081
||xi|| = 369.987
||eta|| = 0.273816
||yp|| = 407.252
||yphi|| = 0.220517
||BtYp|| = 2.29702
||ru|| = 2.29798
||yu|| = 118.003
||GtYphi|| = 1.84475
||KtYu|| = 11.7929
||rj|| = 12.6154
||yj|| = 0.710125
||rphi|| = 0.00168486
||rp|| = 0.0689374
||y|| = 424.004
FGMRES iteration : 199 || r || = 0.0170544
||xi|| = 374.428
||eta|| = 0.34656
||yp|| = 412.135
||yphi|| = 0.253901
||BtYp|| = 2.52789
||ru|| = 2.52892
||yu|| = 125.638
||GtYphi|| = 1.75976
||KtYu|| = 12.4122
||rj|| = 13.1987
||yj|| = 0.828249
||rphi|| = 0.00205725
||rp|| = 0.0773586
||y|| = 430.86
FGMRES iteration : 200 || r || = 0.0165209
||xi|| = 420.137
||eta|| = 0.391613
||yp|| = 462.46
||yphi|| = 0.188817
||BtYp|| = 2.87069
||ru|| = 2.87259
||yu|| = 145.789
||GtYphi|| = 1.76696
||KtYu|| = 13.2435
||rj|| = 14.0418
||yj|| = 0.881559
||rphi|| = 0.00157604
||rp|| = 0.0892423
||y|| = 484.897
FGMRES iteration : 201 || r || = 0.0160725
||xi|| = 361.699
||eta|| = 0.338817
||yp|| = 398.199
||yphi|| = 0.202949
||BtYp|| = 2.25667
||ru|| = 2.25773
||yu|| = 125.994
||GtYphi|| = 1.9429
||KtYu|| = 12.0529
||rj|| = 12.8309
||yj|| = 0.775026
||rphi|| = 0.00168028
||rp|| = 0.0772868
||y|| = 417.657
FGMRES iteration : 202 || r || = 0.0158261
||xi|| = 415.272
||eta|| = 0.313109
||yp|| = 457.1
||yphi|| = 0.320909
||BtYp|| = 3.04628
||ru|| = 3.04773
||yu|| = 153.124
||GtYphi|| = 1.80752
||KtYu|| = 14.0477
||rj|| = 14.8979
||yj|| = 0.932377
||rphi|| = 0.00263022
||rp|| = 0.0980643
||y|| = 482.066
FGMRES iteration : 203 || r || = 0.0156389
||xi|| = 449.106
||eta|| = 0.29022
||yp|| = 494.287
||yphi|| = 0.242991
||BtYp|| = 3.33797
||ru|| = 3.33878
||yu|| = 152.958
||GtYphi|| = 1.78178
||KtYu|| = 12.1502
||rj|| = 12.9149
||yj|| = 0.770799
||rphi|| = 0.00193039
||rp|| = 0.0970494
||y|| = 517.413
FGMRES iteration : 204 || r || = 0.0155769
||xi|| = 417.126
||eta|| = 0.340191
||yp|| = 459.17
||yphi|| = 0.206358
||BtYp|| = 2.94596
||ru|| = 2.94712
||yu|| = 144.841
||GtYphi|| = 1.89087
||KtYu|| = 12.5089
||rj|| = 13.32
||yj|| = 0.803558
||rphi|| = 0.00167473
||rp|| = 0.0955611
||y|| = 481.474
FGMRES iteration : 205 || r || = 0.0155623
||xi|| = 430.421
||eta|| = 0.317553
||yp|| = 473.873
||yphi|| = 0.252737
||BtYp|| = 3.11821
||ru|| = 3.1193
||yu|| = 169.917
||GtYphi|| = 1.81239
||KtYu|| = 13.7316
||rj|| = 14.6144
||yj|| = 0.914174
||rphi|| = 0.00195786
||rp|| = 0.108973
||y|| = 503.417
FGMRES iteration : 206 || r || = 0.0155574
||xi|| = 441.926
||eta|| = 0.392741
||yp|| = 486.523
||yphi|| = 0.232937
||BtYp|| = 2.73499
||ru|| = 2.73601
||yu|| = 148.764
||GtYphi|| = 2.14664
||KtYu|| = 12.0002
||rj|| = 12.7702
||yj|| = 0.725537
||rphi|| = 0.00194045
||rp|| = 0.0913264
||y|| = 508.759
FGMRES iteration : 207 || r || = 0.0155545
||xi|| = 449.221
||eta|| = 0.316369
||yp|| = 494.515
||yphi|| = 0.266005
||BtYp|| = 3.27471
||ru|| = 3.27715
||yu|| = 170.46
||GtYphi|| = 2.09999
||KtYu|| = 13.2325
||rj|| = 14.1151
||yj|| = 0.847215
||rphi|| = 0.00216569
||rp|| = 0.109036
||y|| = 523.071
FGMRES iteration : 208 || r || = 0.015551
||xi|| = 518.707
||eta|| = 0.324108
||yp|| = 570.92
||yphi|| = 0.27113
||BtYp|| = 3.79469
||ru|| = 3.797
||yu|| = 182.915
||GtYphi|| = 2.07925
||KtYu|| = 14.0704
||rj|| = 14.9036
||yj|| = 0.893924
||rphi|| = 0.00210045
||rp|| = 0.113788
||y|| = 599.507
FGMRES iteration : 209 || r || = 0.0155387
||xi|| = 480.107
||eta|| = 0.393073
||yp|| = 528.402
||yphi|| = 0.288899
||BtYp|| = 3.45657
||ru|| = 3.45788
||yu|| = 151.23
||GtYphi|| = 2.21384
||KtYu|| = 12.7874
||rj|| = 13.6507
||yj|| = 0.757475
||rphi|| = 0.0020092
||rp|| = 0.0979628
||y|| = 549.618
FGMRES iteration : 210 || r || = 0.0155322
||xi|| = 463.771
||eta|| = 0.443534
||yp|| = 510.528
||yphi|| = 0.236848
||BtYp|| = 3.13395
||ru|| = 3.13495
||yu|| = 170.628
||GtYphi|| = 1.96237
||KtYu|| = 14.7933
||rj|| = 15.5983
||yj|| = 0.955907
||rphi|| = 0.00201656
||rp|| = 0.0995911
||y|| = 538.287
FGMRES iteration : 211 || r || = 0.01553
||xi|| = 449.923
||eta|| = 0.401261
||yp|| = 495.261
||yphi|| = 0.217943
||BtYp|| = 2.58416
||ru|| = 2.58497
||yu|| = 146.034
||GtYphi|| = 1.87193
||KtYu|| = 12.8638
||rj|| = 13.6304
||yj|| = 0.794089
||rphi|| = 0.00167646
||rp|| = 0.0785085
||y|| = 516.343
FGMRES iteration : 212 || r || = 0.0155272
||xi|| = 448.468
||eta|| = 0.344526
||yp|| = 493.634
||yphi|| = 0.291175
||BtYp|| = 2.7521
||ru|| = 2.75441
||yu|| = 147.602
||GtYphi|| = 2.05963
||KtYu|| = 14.0926
||rj|| = 14.9806
||yj|| = 0.857596
||rphi|| = 0.00256506
||rp|| = 0.0773754
||y|| = 515.229
FGMRES iteration : 213 || r || = 0.0155206
||xi|| = 433.391
||eta|| = 0.330185
||yp|| = 477.027
||yphi|| = 0.231958
||BtYp|| = 2.69929
||ru|| = 2.70117
||yu|| = 138.852
||GtYphi|| = 1.9337
||KtYu|| = 14.5998
||rj|| = 15.4593
||yj|| = 0.949891
||rphi|| = 0.00178556
||rp|| = 0.0747992
||y|| = 496.826
FGMRES iteration : 214 || r || = 0.0154619
||xi|| = 518.373
||eta|| = 0.32545
||yp|| = 570.457
||yphi|| = 0.278965
||BtYp|| = 3.36396
||ru|| = 3.36334
||yu|| = 153.585
||GtYphi|| = 2.26484
||KtYu|| = 12.7075
||rj|| = 13.5737
||yj|| = 0.722736
||rphi|| = 0.00208587
||rp|| = 0.0846939
||y|| = 590.771
FGMRES iteration : 215 || r || = 0.0153446
||xi|| = 469.918
||eta|| = 0.285702
||yp|| = 517.178
||yphi|| = 0.299089
||BtYp|| = 2.90882
||ru|| = 2.90949
||yu|| = 145.449
||GtYphi|| = 2.04695
||KtYu|| = 13.4592
||rj|| = 14.2871
||yj|| = 0.812737
||rphi|| = 0.00277405
||rp|| = 0.0773031
||y|| = 537.242
FGMRES iteration : 216 || r || = 0.0151147
||xi|| = 421.876
||eta|| = 0.33133
||yp|| = 464.364
||yphi|| = 0.270474
||BtYp|| = 2.46946
||ru|| = 2.4707
||yu|| = 134.231
||GtYphi|| = 1.78383
||KtYu|| = 14.3302
||rj|| = 15.1942
||yj|| = 0.914383
||rphi|| = 0.00224479
||rp|| = 0.0761481
||y|| = 483.376
FGMRES iteration : 217 || r || = 0.0144026
||xi|| = 452.343
||eta|| = 0.414122
||yp|| = 497.794
||yphi|| = 0.334339
||BtYp|| = 2.68326
||ru|| = 2.68333
||yu|| = 136.336
||GtYphi|| = 1.98133
||KtYu|| = 12.8939
||rj|| = 13.7283
||yj|| = 0.722869
||rphi|| = 0.00293567
||rp|| = 0.0759892
||y|| = 516.127
FGMRES iteration : 218 || r || = 0.0135486
||xi|| = 419.644
||eta|| = 0.292909
||yp|| = 461.878
||yphi|| = 0.163646
||BtYp|| = 2.47598
||ru|| = 2.47741
||yu|| = 127.093
||GtYphi|| = 1.55021
||KtYu|| = 12.3476
||rj|| = 13.0977
||yj|| = 0.741269
||rphi|| = 0.00139602
||rp|| = 0.0735945
||y|| = 479.045
FGMRES iteration : 219 || r || = 0.01304
||xi|| = 452.918
||eta|| = 0.303823
||yp|| = 498.524
||yphi|| = 0.226057
||BtYp|| = 2.95523
||ru|| = 2.95643
||yu|| = 153.508
||GtYphi|| = 1.56379
||KtYu|| = 14.0987
||rj|| = 14.9591
||yj|| = 0.880549
||rphi|| = 0.00218348
||rp|| = 0.0910481
||y|| = 521.624
FGMRES iteration : 220 || r || = 0.0124477
||xi|| = 385.931
||eta|| = 0.41215
||yp|| = 424.762
||yphi|| = 0.416465
||BtYp|| = 2.51629
||ru|| = 2.51688
||yu|| = 127.573
||GtYphi|| = 2.28945
||KtYu|| = 12.1958
||rj|| = 13.0744
||yj|| = 0.733344
||rphi|| = 0.00404654
||rp|| = 0.0760102
||y|| = 443.507
FGMRES iteration : 221 || r || = 0.0120417
||xi|| = 375.109
||eta|| = 0.306978
||yp|| = 412.883
||yphi|| = 0.210628
||BtYp|| = 2.39848
||ru|| = 2.39953
||yu|| = 122.215
||GtYphi|| = 1.8931
||KtYu|| = 12.5421
||rj|| = 13.4228
||yj|| = 0.711923
||rphi|| = 0.0016453
||rp|| = 0.0721688
||y|| = 430.592
FGMRES iteration : 222 || r || = 0.0118681
||xi|| = 458.583
||eta|| = 0.331057
||yp|| = 504.785
||yphi|| = 0.153865
||BtYp|| = 3.03448
||ru|| = 3.03517
||yu|| = 164.085
||GtYphi|| = 1.61787
||KtYu|| = 14.3205
||rj|| = 15.1403
||yj|| = 0.891114
||rphi|| = 0.00146884
||rp|| = 0.0959279
||y|| = 530.785
FGMRES iteration : 223 || r || = 0.0117361
||xi|| = 397.554
||eta|| = 0.512338
||yp|| = 437.621
||yphi|| = 0.339696
||BtYp|| = 2.50108
||ru|| = 2.50253
||yu|| = 139.549
||GtYphi|| = 2.14279
||KtYu|| = 12.5737
||rj|| = 13.3978
||yj|| = 0.764331
||rphi|| = 0.00270701
||rp|| = 0.0828467
||y|| = 459.333
FGMRES iteration : 224 || r || = 0.0116921
||xi|| = 473.274
||eta|| = 0.382087
||yp|| = 520.951
||yphi|| = 0.293467
||BtYp|| = 3.03522
||ru|| = 3.03674
||yu|| = 151.664
||GtYphi|| = 2.01106
||KtYu|| = 13.3712
||rj|| = 14.2124
||yj|| = 0.849862
||rphi|| = 0.00251251
||rp|| = 0.0837292
||y|| = 542.58
FGMRES iteration : 225 || r || = 0.0116772
||xi|| = 429.109
||eta|| = 0.364578
||yp|| = 472.33
||yphi|| = 0.257272
||BtYp|| = 2.86304
||ru|| = 2.86413
||yu|| = 145.468
||GtYphi|| = 2.16179
||KtYu|| = 13.5675
||rj|| = 14.464
||yj|| = 0.847133
||rphi|| = 0.00232287
||rp|| = 0.0849799
||y|| = 494.224
FGMRES iteration : 226 || r || = 0.0116684
||xi|| = 414.48
||eta|| = 0.289928
||yp|| = 456.223
||yphi|| = 0.198422
||BtYp|| = 2.64758
||ru|| = 2.64843
||yu|| = 137.64
||GtYphi|| = 2.04964
||KtYu|| = 13.253
||rj|| = 14.0738
||yj|| = 0.78665
||rphi|| = 0.00150106
||rp|| = 0.0774099
||y|| = 476.535
FGMRES iteration : 227 || r || = 0.0116658
||xi|| = 402.759
||eta|| = 0.403953
||yp|| = 443.414
||yphi|| = 0.253638
||BtYp|| = 2.52103
||ru|| = 2.52198
||yu|| = 145.379
||GtYphi|| = 1.90411
||KtYu|| = 13.4164
||rj|| = 14.2335
||yj|| = 0.847684
||rphi|| = 0.00214668
||rp|| = 0.0790581
||y|| = 466.639
FGMRES iteration : 228 || r || = 0.0116624
||xi|| = 462.599
||eta|| = 0.401781
||yp|| = 509.211
||yphi|| = 0.293434
||BtYp|| = 3.01726
||ru|| = 3.01946
||yu|| = 159.283
||GtYphi|| = 2.02369
||KtYu|| = 13.542
||rj|| = 14.2755
||yj|| = 0.803405
||rphi|| = 0.0023566
||rp|| = 0.084033
||y|| = 533.542
FGMRES iteration : 229 || r || = 0.0116576
||xi|| = 398.688
||eta|| = 0.373205
||yp|| = 438.871
||yphi|| = 0.20194
||BtYp|| = 2.30918
||ru|| = 2.31034
||yu|| = 128.686
||GtYphi|| = 1.9387
||KtYu|| = 13.8241
||rj|| = 14.7266
||yj|| = 0.856446
||rphi|| = 0.00155861
||rp|| = 0.0700408
||y|| = 457.349
FGMRES iteration : 230 || r || = 0.0116533
||xi|| = 387.616
||eta|| = 0.384087
||yp|| = 426.678
||yphi|| = 0.18201
||BtYp|| = 2.36391
||ru|| = 2.36402
||yu|| = 132.21
||GtYphi|| = 1.79294
||KtYu|| = 13.9136
||rj|| = 14.7056
||yj|| = 0.900837
||rphi|| = 0.00157688
||rp|| = 0.0729471
||y|| = 446.693
FGMRES iteration : 231 || r || = 0.0116465
||xi|| = 370.916
||eta|| = 0.47591
||yp|| = 408.29
||yphi|| = 0.309841
||BtYp|| = 2.1601
||ru|| = 2.16259
||yu|| = 121.377
||GtYphi|| = 2.13869
||KtYu|| = 12.6911
||rj|| = 13.5175
||yj|| = 0.759848
||rphi|| = 0.00236263
||rp|| = 0.0634399
||y|| = 425.95
FGMRES iteration : 232 || r || = 0.0116354
||xi|| = 417.435
||eta|| = 0.299619
||yp|| = 459.473
||yphi|| = 0.226863
||BtYp|| = 2.55015
||ru|| = 2.55086
||yu|| = 137.934
||GtYphi|| = 1.77873
||KtYu|| = 14.9778
||rj|| = 15.8162
||yj|| = 0.942286
||rphi|| = 0.00209133
||rp|| = 0.0743115
||y|| = 479.731
FGMRES iteration : 233 || r || = 0.0116066
||xi|| = 440.309
||eta|| = 0.406576
||yp|| = 484.655
||yphi|| = 0.205244
||BtYp|| = 2.55878
||ru|| = 2.55977
||yu|| = 131.227
||GtYphi|| = 2.03224
||KtYu|| = 13.3375
||rj|| = 14.1202
||yj|| = 0.841965
||rphi|| = 0.00192977
||rp|| = 0.0716566
||y|| = 502.108
FGMRES iteration : 234 || r || = 0.011551
||xi|| = 439.387
||eta|| = 0.352863
||yp|| = 483.622
||yphi|| = 0.24822
||BtYp|| = 2.6914
||ru|| = 2.69225
||yu|| = 136.54
||GtYphi|| = 2.2521
||KtYu|| = 13.7063
||rj|| = 14.5901
||yj|| = 0.845647
||rphi|| = 0.00181165
||rp|| = 0.0752545
||y|| = 502.527
FGMRES iteration : 235 || r || = 0.0114155
||xi|| = 437.093
||eta|| = 0.291493
||yp|| = 481.091
||yphi|| = 0.240621
||BtYp|| = 2.66743
||ru|| = 2.66886
||yu|| = 134.535
||GtYphi|| = 1.92804
||KtYu|| = 14.1565
||rj|| = 15.0174
||yj|| = 0.898676
||rphi|| = 0.00188498
||rp|| = 0.0745864
||y|| = 499.549
FGMRES iteration : 236 || r || = 0.0109709
||xi|| = 454.352
||eta|| = 0.368051
||yp|| = 500.086
||yphi|| = 0.242797
||BtYp|| = 2.72152
||ru|| = 2.72213
||yu|| = 135.481
||GtYphi|| = 1.94583
||KtYu|| = 12.5803
||rj|| = 13.3892
||yj|| = 0.757243
||rphi|| = 0.00198348
||rp|| = 0.0754233
||y|| = 518.114
FGMRES iteration : 237 || r || = 0.0104094
||xi|| = 373.916
||eta|| = 0.276065
||yp|| = 411.565
||yphi|| = 0.326837
||BtYp|| = 2.38828
||ru|| = 2.38921
||yu|| = 117.694
||GtYphi|| = 2.07231
||KtYu|| = 12.9111
||rj|| = 13.784
||yj|| = 0.795295
||rphi|| = 0.00276604
||rp|| = 0.0656042
||y|| = 428.064
FGMRES iteration : 238 || r || = 0.00989928
||xi|| = 462.504
||eta|| = 0.276305
||yp|| = 509.009
||yphi|| = 0.263958
||BtYp|| = 2.94413
||ru|| = 2.94554
||yu|| = 133.319
||GtYphi|| = 1.69893
||KtYu|| = 13.4655
||rj|| = 14.3134
||yj|| = 0.86077
||rphi|| = 0.00231772
||rp|| = 0.0780073
||y|| = 526.18
FGMRES iteration : 239 || r || = 0.00932893
||xi|| = 412.903
||eta|| = 0.316945
||yp|| = 454.472
||yphi|| = 0.330833
||BtYp|| = 2.4992
||ru|| = 2.50036
||yu|| = 126.067
||GtYphi|| = 2.06796
||KtYu|| = 11.952
||rj|| = 12.7407
||yj|| = 0.722943
||rphi|| = 0.00302868
||rp|| = 0.0704465
||y|| = 471.634
FGMRES iteration : 240 || r || = 0.00902542
||xi|| = 521.206
||eta|| = 0.331754
||yp|| = 573.667
||yphi|| = 0.294005
||BtYp|| = 3.29412
||ru|| = 3.29547
||yu|| = 168.216
||GtYphi|| = 1.95397
||KtYu|| = 14.4249
||rj|| = 15.3083
||yj|| = 0.910191
||rphi|| = 0.00287478
||rp|| = 0.0905128
||y|| = 597.823
FGMRES iteration : 241 || r || = 0.00882061
||xi|| = 447.309
||eta|| = 0.394318
||yp|| = 492.326
||yphi|| = 0.207081
||BtYp|| = 2.8733
||ru|| = 2.87347
||yu|| = 139.586
||GtYphi|| = 1.77605
||KtYu|| = 13.3078
||rj|| = 14.1233
||yj|| = 0.831893
||rphi|| = 0.00184914
||rp|| = 0.078454
||y|| = 511.733
FGMRES iteration : 242 || r || = 0.00871605
||xi|| = 444.044
||eta|| = 0.353504
||yp|| = 488.738
||yphi|| = 0.223246
||BtYp|| = 2.63303
||ru|| = 2.63433
||yu|| = 127.95
||GtYphi|| = 2.17649
||KtYu|| = 12.43
||rj|| = 13.3755
||yj|| = 0.717636
||rphi|| = 0.00176449
||rp|| = 0.0723909
||y|| = 505.209
FGMRES iteration : 243 || r || = 0.00867745
||xi|| = 457.872
||eta|| = 0.393759
||yp|| = 503.96
||yphi|| = 0.298848
||BtYp|| = 2.90571
||ru|| = 2.90725
||yu|| = 148.964
||GtYphi|| = 2.0667
||KtYu|| = 14.5355
||rj|| = 15.4073
||yj|| = 0.928293
||rphi|| = 0.0024629
||rp|| = 0.0841972
||y|| = 525.516
FGMRES iteration : 244 || r || = 0.00865296
||xi|| = 444.725
||eta|| = 0.443969
||yp|| = 489.467
||yphi|| = 0.263625
||BtYp|| = 2.85369
||ru|| = 2.85488
||yu|| = 136.986
||GtYphi|| = 2.00557
||KtYu|| = 13.3433
||rj|| = 14.1685
||yj|| = 0.825839
||rphi|| = 0.00216797
||rp|| = 0.0784691
||y|| = 508.275
FGMRES iteration : 245 || r || = 0.00863889
||xi|| = 430.819
||eta|| = 0.420841
||yp|| = 474.202
||yphi|| = 0.236534
||BtYp|| = 2.38259
||ru|| = 2.38391
||yu|| = 130.752
||GtYphi|| = 1.80856
||KtYu|| = 12.5613
||rj|| = 13.3771
||yj|| = 0.741396
||rphi|| = 0.0017732
||rp|| = 0.0687371
||y|| = 491.899
FGMRES iteration : 246 || r || = 0.00863717
||xi|| = 448.27
||eta|| = 0.384524
||yp|| = 493.422
||yphi|| = 0.162348
||BtYp|| = 2.76546
||ru|| = 2.76771
||yu|| = 136.221
||GtYphi|| = 1.76134
||KtYu|| = 13.5444
||rj|| = 14.4052
||yj|| = 0.86615
||rphi|| = 0.00128928
||rp|| = 0.0758939
||y|| = 511.881
FGMRES iteration : 247 || r || = 0.00863712
||xi|| = 459.378
||eta|| = 0.405893
||yp|| = 505.591
||yphi|| = 0.183604
||BtYp|| = 2.84804
||ru|| = 2.85033
||yu|| = 138.65
||GtYphi|| = 1.78772
||KtYu|| = 14.013
||rj|| = 14.8607
||yj|| = 0.847774
||rphi|| = 0.00131863
||rp|| = 0.0778539
||y|| = 524.259
FGMRES iteration : 248 || r || = 0.0086371
||xi|| = 407.868
||eta|| = 0.334572
||yp|| = 448.946
||yphi|| = 0.294236
||BtYp|| = 2.57096
||ru|| = 2.57029
||yu|| = 127.676
||GtYphi|| = 2.24002
||KtYu|| = 12.6989
||rj|| = 13.5536
||yj|| = 0.767295
||rphi|| = 0.00244286
||rp|| = 0.072154
||y|| = 466.749
FGMRES iteration : 249 || r || = 0.00863669
||xi|| = 433.783
||eta|| = 0.397952
||yp|| = 477.441
||yphi|| = 0.198207
||BtYp|| = 2.97821
||ru|| = 2.97871
||yu|| = 151.381
||GtYphi|| = 1.73275
||KtYu|| = 14.5129
||rj|| = 15.29
||yj|| = 0.960423
||rphi|| = 0.00170645
||rp|| = 0.0893747
||y|| = 500.867
FGMRES iteration : 250 || r || = 0.00863618
||xi|| = 480.48
||eta|| = 0.46345
||yp|| = 528.866
||yphi|| = 0.259552
||BtYp|| = 3.00983
||ru|| = 3.0105
||yu|| = 157.188
||GtYphi|| = 1.96946
||KtYu|| = 15.0288
||rj|| = 15.7555
||yj|| = 0.91201
||rphi|| = 0.00209929
||rp|| = 0.0865629
||y|| = 551.732
FGMRES iteration : 251 || r || = 0.00863336
||xi|| = 367.826
||eta|| = 0.340844
||yp|| = 404.89
||yphi|| = 0.26028
||BtYp|| = 2.20617
||ru|| = 2.20737
||yu|| = 118.376
||GtYphi|| = 2.19443
||KtYu|| = 12.7784
||rj|| = 13.6705
||yj|| = 0.803722
||rphi|| = 0.00212983
||rp|| = 0.0680202
||y|| = 421.84
FGMRES iteration : 252 || r || = 0.00862188
||xi|| = 403.723
||eta|| = 0.427456
||yp|| = 444.425
||yphi|| = 0.215871
||BtYp|| = 2.60418
||ru|| = 2.60605
||yu|| = 141.436
||GtYphi|| = 2.00956
||KtYu|| = 14.0621
||rj|| = 14.9568
||yj|| = 0.922118
||rphi|| = 0.00181926
||rp|| = 0.084605
||y|| = 466.389
FGMRES iteration : 253 || r || = 0.00859675
||xi|| = 464.661
||eta|| = 0.334509
||yp|| = 511.396
||yphi|| = 0.226082
||BtYp|| = 2.96745
||ru|| = 2.96928
||yu|| = 140.142
||GtYphi|| = 1.90691
||KtYu|| = 12.5462
||rj|| = 13.33
||yj|| = 0.772544
||rphi|| = 0.00157176
||rp|| = 0.0822227
||y|| = 530.252
FGMRES iteration : 254 || r || = 0.00854078
||xi|| = 433.99
||eta|| = 0.428924
||yp|| = 477.737
||yphi|| = 0.338032
||BtYp|| = 2.67598
||ru|| = 2.67912
||yu|| = 142.379
||GtYphi|| = 2.0919
||KtYu|| = 14.1447
||rj|| = 14.9999
||yj|| = 0.908539
||rphi|| = 0.00285943
||rp|| = 0.0814543
||y|| = 498.503
FGMRES iteration : 255 || r || = 0.00844247
||xi|| = 429.265
||eta|| = 0.331498
||yp|| = 472.486
||yphi|| = 0.277185
||BtYp|| = 2.50582
||ru|| = 2.50638
||yu|| = 131.898
||GtYphi|| = 1.98868
||KtYu|| = 12.6932
||rj|| = 13.5394
||yj|| = 0.802454
||rphi|| = 0.00222177
||rp|| = 0.0745759
||y|| = 490.552
FGMRES iteration : 256 || r || = 0.00827418
||xi|| = 449.42
||eta|| = 0.320861
||yp|| = 494.643
||yphi|| = 0.268351
||BtYp|| = 2.96446
||ru|| = 2.96532
||yu|| = 139.936
||GtYphi|| = 2.04728
||KtYu|| = 13.5638
||rj|| = 14.4028
||yj|| = 0.842014
||rphi|| = 0.00214449
||rp|| = 0.0817813
||y|| = 514.057
FGMRES iteration : 257 || r || = 0.008043
||xi|| = 363.76
||eta|| = 0.345029
||yp|| = 400.476
||yphi|| = 0.41924
||BtYp|| = 2.21399
||ru|| = 2.21587
||yu|| = 130.598
||GtYphi|| = 2.24385
||KtYu|| = 13.5991
||rj|| = 14.4943
||yj|| = 0.904542
||rphi|| = 0.00391187
||rp|| = 0.0761355
||y|| = 421.234
FGMRES iteration : 258 || r || = 0.00770647
||xi|| = 417.09
||eta|| = 0.306409
||yp|| = 459.098
||yphi|| = 0.309745
||BtYp|| = 2.40678
||ru|| = 2.40675
||yu|| = 127.519
||GtYphi|| = 2.30707
||KtYu|| = 12.1877
||rj|| = 13.03
||yj|| = 0.744529
||rphi|| = 0.00290359
||rp|| = 0.0717814
||y|| = 476.48
FGMRES iteration : 259 || r || = 0.00741335
||xi|| = 458.474
||eta|| = 0.418694
||yp|| = 504.712
||yphi|| = 0.261858
||BtYp|| = 2.94615
||ru|| = 2.94766
||yu|| = 154.264
||GtYphi|| = 1.95051
||KtYu|| = 13.2513
||rj|| = 14.0746
||yj|| = 0.840973
||rphi|| = 0.00229015
||rp|| = 0.0862935
||y|| = 527.762
FGMRES iteration : 260 || r || = 0.00715301
||xi|| = 452.723
||eta|| = 0.361292
||yp|| = 498.337
||yphi|| = 0.138926
||BtYp|| = 2.67281
||ru|| = 2.6744
||yu|| = 147.578
||GtYphi|| = 1.56142
||KtYu|| = 13.918
||rj|| = 14.6267
||yj|| = 0.910909
||rphi|| = 0.00115621
||rp|| = 0.0817207
||y|| = 519.731
FGMRES iteration : 261 || r || = 0.00703424
||xi|| = 454.306
||eta|| = 0.335701
||yp|| = 500.09
||yphi|| = 0.329621
||BtYp|| = 2.66905
||ru|| = 2.67029
||yu|| = 149.393
||GtYphi|| = 2.01849
||KtYu|| = 14.064
||rj|| = 14.8768
||yj|| = 0.833057
||rphi|| = 0.00260879
||rp|| = 0.079633
||y|| = 521.928
FGMRES iteration : 262 || r || = 0.00699563
||xi|| = 544.561
||eta|| = 0.407407
||yp|| = 599.402
||yphi|| = 0.277033
||BtYp|| = 3.32641
||ru|| = 3.32844
||yu|| = 182.111
||GtYphi|| = 2.03499
||KtYu|| = 14.508
||rj|| = 15.2805
||yj|| = 0.934456
||rphi|| = 0.00260197
||rp|| = 0.0956053
||y|| = 626.457
FGMRES iteration : 263 || r || = 0.00698369
||xi|| = 448.092
||eta|| = 0.36098
||yp|| = 493.205
||yphi|| = 0.205325
||BtYp|| = 2.81897
||ru|| = 2.81997
||yu|| = 150.282
||GtYphi|| = 1.96017
||KtYu|| = 14.5369
||rj|| = 15.3624
||yj|| = 0.928034
||rphi|| = 0.00181752
||rp|| = 0.0840322
||y|| = 515.594
FGMRES iteration : 264 || r || = 0.00697785
||xi|| = 422.779
||eta|| = 0.413684
||yp|| = 465.404
||yphi|| = 0.225862
||BtYp|| = 2.56589
||ru|| = 2.56684
||yu|| = 143.959
||GtYphi|| = 1.99702
||KtYu|| = 12.9986
||rj|| = 13.8588
||yj|| = 0.812444
||rphi|| = 0.00168492
||rp|| = 0.0795359
||y|| = 487.161
FGMRES iteration : 265 || r || = 0.00697487
||xi|| = 507.341
||eta|| = 0.326884
||yp|| = 558.379
||yphi|| = 0.248444
||BtYp|| = 3.0154
||ru|| = 3.01673
||yu|| = 159
||GtYphi|| = 2.05626
||KtYu|| = 14.2716
||rj|| = 15.0563
||yj|| = 0.910216
||rphi|| = 0.0023041
||rp|| = 0.0862096
||y|| = 580.576
FGMRES iteration : 266 || r || = 0.00697381
||xi|| = 518.988
||eta|| = 0.412396
||yp|| = 571.227
||yphi|| = 0.235198
||BtYp|| = 3.10241
||ru|| = 3.10375
||yu|| = 167.597
||GtYphi|| = 1.78974
||KtYu|| = 14.9597
||rj|| = 15.6962
||yj|| = 0.968605
||rphi|| = 0.00193982
||rp|| = 0.0866626
||y|| = 595.307
FGMRES iteration : 267 || r || = 0.0069738
||xi|| = 486.773
||eta|| = 0.32931
||yp|| = 535.794
||yphi|| = 0.380927
||BtYp|| = 2.86781
||ru|| = 2.86935
||yu|| = 151.581
||GtYphi|| = 2.24466
||KtYu|| = 13.7292
||rj|| = 14.5817
||yj|| = 0.818966
||rphi|| = 0.00290928
||rp|| = 0.0788411
||y|| = 556.823
FGMRES iteration : 268 || r || = 0.0069738
||xi|| = 461.963
||eta|| = 0.35498
||yp|| = 508.478
||yphi|| = 0.281454
||BtYp|| = 2.89576
||ru|| = 2.89819
||yu|| = 144.972
||GtYphi|| = 1.85254
||KtYu|| = 14.68
||rj|| = 15.4122
||yj|| = 0.958995
||rphi|| = 0.00208139
||rp|| = 0.0787266
||y|| = 528.742
FGMRES iteration : 269 || r || = 0.00697363
||xi|| = 441.169
||eta|| = 0.354152
||yp|| = 485.629
||yphi|| = 0.350614
||BtYp|| = 2.68984
||ru|| = 2.69124
||yu|| = 141.391
||GtYphi|| = 2.03162
||KtYu|| = 14.1231
||rj|| = 14.9576
||yj|| = 0.898454
||rphi|| = 0.00274523
||rp|| = 0.0790805
||y|| = 505.794
FGMRES iteration : 270 || r || = 0.00696742
||xi|| = 426.003
||eta|| = 0.455458
||yp|| = 468.916
||yphi|| = 0.24889
||BtYp|| = 2.40177
||ru|| = 2.40275
||yu|| = 132.622
||GtYphi|| = 2.15712
||KtYu|| = 12.6711
||rj|| = 13.5717
||yj|| = 0.755135
||rphi|| = 0.00220544
||rp|| = 0.070671
||y|| = 487.311
FGMRES iteration : 271 || r || = 0.00695877
||xi|| = 440.785
||eta|| = 0.384517
||yp|| = 485.192
||yphi|| = 0.22649
||BtYp|| = 2.75099
||ru|| = 2.75138
||yu|| = 139.468
||GtYphi|| = 1.93188
||KtYu|| = 14.1057
||rj|| = 14.9633
||yj|| = 0.919805
||rphi|| = 0.00194839
||rp|| = 0.0749137
||y|| = 504.84
FGMRES iteration : 272 || r || = 0.00692855
||xi|| = 470.826
||eta|| = 0.428028
||yp|| = 518.253
||yphi|| = 0.218877
||BtYp|| = 2.79914
||ru|| = 2.80038
||yu|| = 140.13
||GtYphi|| = 1.79687
||KtYu|| = 13.6256
||rj|| = 14.4135
||yj|| = 0.82676
||rphi|| = 0.00175228
||rp|| = 0.0732966
||y|| = 536.865
FGMRES iteration : 273 || r || = 0.00682649
||xi|| = 475.769
||eta|| = 0.387794
||yp|| = 523.718
||yphi|| = 0.266833
||BtYp|| = 2.77014
||ru|| = 2.7717
||yu|| = 149.491
||GtYphi|| = 1.96097
||KtYu|| = 14
||rj|| = 14.8503
||yj|| = 0.860353
||rphi|| = 0.00202697
||rp|| = 0.0769493
||y|| = 544.636
FGMRES iteration : 274 || r || = 0.0066502
||xi|| = 399.303
||eta|| = 0.433156
||yp|| = 439.551
||yphi|| = 0.273708
||BtYp|| = 2.36504
||ru|| = 2.36664
||yu|| = 127.292
||GtYphi|| = 1.90356
||KtYu|| = 14.244
||rj|| = 15.0132
||yj|| = 0.933667
||rphi|| = 0.00217583
||rp|| = 0.06737
||y|| = 457.612
FGMRES iteration : 275 || r || = 0.00637267
||xi|| = 442.618
||eta|| = 0.350835
||yp|| = 487.183
||yphi|| = 0.27704
||BtYp|| = 2.43171
||ru|| = 2.43266
||yu|| = 123.552
||GtYphi|| = 2.11862
||KtYu|| = 12.4404
||rj|| = 13.3465
||yj|| = 0.751404
||rphi|| = 0.00204334
||rp|| = 0.063982
||y|| = 502.606
FGMRES iteration : 276 || r || = 0.00591563
||xi|| = 447.327
||eta|| = 0.344854
||yp|| = 492.374
||yphi|| = 0.185569
||BtYp|| = 2.34699
||ru|| = 2.34838
||yu|| = 127.362
||GtYphi|| = 1.60283
||KtYu|| = 12.9259
||rj|| = 13.7253
||yj|| = 0.797165
||rphi|| = 0.0015172
||rp|| = 0.066713
||y|| = 508.58
FGMRES iteration : 277 || r || = 0.00547262
||xi|| = 419.618
||eta|| = 0.32109
||yp|| = 461.901
||yphi|| = 0.255423
||BtYp|| = 2.5137
||ru|| = 2.51473
||yu|| = 138.985
||GtYphi|| = 1.78745
||KtYu|| = 13.8204
||rj|| = 14.6006
||yj|| = 0.932701
||rphi|| = 0.00231967
||rp|| = 0.0732786
||y|| = 482.359
FGMRES iteration : 278 || r || = 0.00515845
||xi|| = 474.138
||eta|| = 0.346138
||yp|| = 521.892
||yphi|| = 0.21773
||BtYp|| = 2.58698
||ru|| = 2.58786
||yu|| = 143.752
||GtYphi|| = 2.0108
||KtYu|| = 12.6099
||rj|| = 13.4682
||yj|| = 0.781435
||rphi|| = 0.00202073
||rp|| = 0.0778711
||y|| = 541.328
FGMRES iteration : 279 || r || = 0.00495411
||xi|| = 521.252
||eta|| = 0.492941
||yp|| = 573.677
||yphi|| = 0.196874
||BtYp|| = 3.284
||ru|| = 3.28435
||yu|| = 176.217
||GtYphi|| = 1.79358
||KtYu|| = 14.1536
||rj|| = 14.8525
||yj|| = 0.879944
||rphi|| = 0.00164018
||rp|| = 0.0952382
||y|| = 600.132
FGMRES iteration : 280 || r || = 0.00487035
||xi|| = 560.555
||eta|| = 0.416062
||yp|| = 616.976
||yphi|| = 0.188697
||BtYp|| = 3.50292
||ru|| = 3.50269
||yu|| = 182.495
||GtYphi|| = 1.75239
||KtYu|| = 15.0013
||rj|| = 15.78
||yj|| = 0.965279
||rphi|| = 0.00156002
||rp|| = 0.097564
||y|| = 643.401
FGMRES iteration : 281 || r || = 0.00483837
||xi|| = 470.769
||eta|| = 0.413754
||yp|| = 518.168
||yphi|| = 0.151864
||BtYp|| = 2.61189
||ru|| = 2.6132
||yu|| = 140.223
||GtYphi|| = 1.74792
||KtYu|| = 13.1321
||rj|| = 13.9085
||yj|| = 0.746382
||rphi|| = 0.00127767
||rp|| = 0.0749389
||y|| = 536.806
FGMRES iteration : 282 || r || = 0.0048255
||xi|| = 523.956
||eta|| = 0.436003
||yp|| = 576.729
||yphi|| = 0.208068
||BtYp|| = 3.0433
||ru|| = 3.04401
||yu|| = 170.745
||GtYphi|| = 1.95564
||KtYu|| = 13.7076
||rj|| = 14.5592
||yj|| = 0.890369
||rphi|| = 0.00172106
||rp|| = 0.090402
||y|| = 601.474
FGMRES iteration : 283 || r || = 0.00481749
||xi|| = 576.167
||eta|| = 0.382337
||yp|| = 634.174
||yphi|| = 0.230309
||BtYp|| = 3.55342
||ru|| = 3.55384
||yu|| = 190.322
||GtYphi|| = 1.7217
||KtYu|| = 15.4723
||rj|| = 16.258
||yj|| = 0.975513
||rphi|| = 0.00180715
||rp|| = 0.101311
||y|| = 662.118
FGMRES iteration : 284 || r || = 0.00481596
||xi|| = 403.31
||eta|| = 0.423249
||yp|| = 444.008
||yphi|| = 0.384092
||BtYp|| = 2.42813
||ru|| = 2.4288
||yu|| = 136.862
||GtYphi|| = 2.15566
||KtYu|| = 12.3282
||rj|| = 13.1282
||yj|| = 0.794684
||rphi|| = 0.00281321
||rp|| = 0.0782626
||y|| = 464.624
FGMRES iteration : 285 || r || = 0.00481439
||xi|| = 449.147
||eta|| = 0.401786
||yp|| = 494.414
||yphi|| = 0.198388
||BtYp|| = 2.56248
||ru|| = 2.564
||yu|| = 142.438
||GtYphi|| = 1.70536
||KtYu|| = 13.6649
||rj|| = 14.5102
||yj|| = 0.90659
||rphi|| = 0.00153815
||rp|| = 0.0801425
||y|| = 514.524
FGMRES iteration : 286 || r || = 0.00481038
||xi|| = 434.173
||eta|| = 0.510287
||yp|| = 477.993
||yphi|| = 0.195411
||BtYp|| = 2.52242
||ru|| = 2.52468
||yu|| = 147.13
||GtYphi|| = 1.91917
||KtYu|| = 14.4454
||rj|| = 15.2669
||yj|| = 0.927359
||rphi|| = 0.00160155
||rp|| = 0.0807979
||y|| = 500.126
FGMRES iteration : 287 || r || = 0.00480779
||xi|| = 449.882
||eta|| = 0.488344
||yp|| = 495.212
||yphi|| = 0.19705
||BtYp|| = 2.45464
||ru|| = 2.45523
||yu|| = 140.067
||GtYphi|| = 1.85875
||KtYu|| = 13.264
||rj|| = 14.0521
||yj|| = 0.790118
||rphi|| = 0.00148026
||rp|| = 0.0726708
||y|| = 514.64
FGMRES iteration : 288 || r || = 0.00480513
||xi|| = 416.913
||eta|| = 0.43183
||yp|| = 458.975
||yphi|| = 0.146079
||BtYp|| = 2.45965
||ru|| = 2.46142
||yu|| = 144.228
||GtYphi|| = 1.55602
||KtYu|| = 14.1453
||rj|| = 14.9158
||yj|| = 0.925963
||rphi|| = 0.00132782
||rp|| = 0.0796834
||y|| = 481.103
FGMRES iteration : 289 || r || = 0.00480174
||xi|| = 419.534
||eta|| = 0.454366
||yp|| = 461.817
||yphi|| = 0.200998
||BtYp|| = 2.45638
||ru|| = 2.45687
||yu|| = 137.452
||GtYphi|| = 1.92112
||KtYu|| = 13.525
||rj|| = 14.3855
||yj|| = 0.858134
||rphi|| = 0.00160364
||rp|| = 0.0795463
||y|| = 481.839
FGMRES iteration : 290 || r || = 0.00478719
||xi|| = 442.849
||eta|| = 0.578475
||yp|| = 487.496
||yphi|| = 0.209057
||BtYp|| = 2.49001
||ru|| = 2.49166
||yu|| = 142.088
||GtYphi|| = 1.9208
||KtYu|| = 13.575
||rj|| = 14.4106
||yj|| = 0.838606
||rphi|| = 0.00164076
||rp|| = 0.0780395
||y|| = 507.782
FGMRES iteration : 291 || r || = 0.00476311
||xi|| = 423.933
||eta|| = 0.523122
||yp|| = 466.676
||yphi|| = 0.220946
||BtYp|| = 2.50525
||ru|| = 2.50627
||yu|| = 156.413
||GtYphi|| = 2.10328
||KtYu|| = 14.9893
||rj|| = 15.755
||yj|| = 1.0096
||rphi|| = 0.00195523
||rp|| = 0.0859119
||y|| = 492.192
FGMRES iteration : 292 || r || = 0.00470385
||xi|| = 444.501
||eta|| = 0.44037
||yp|| = 489.297
||yphi|| = 0.266092
||BtYp|| = 2.55872
||ru|| = 2.56079
||yu|| = 137.11
||GtYphi|| = 2.14954
||KtYu|| = 13.2355
||rj|| = 14.0751
||yj|| = 0.829063
||rphi|| = 0.00211469
||rp|| = 0.0743246
||y|| = 508.145
FGMRES iteration : 293 || r || = 0.00457815
||xi|| = 437.089
||eta|| = 0.399522
||yp|| = 481.107
||yphi|| = 0.262978
||BtYp|| = 2.51972
||ru|| = 2.52067
||yu|| = 134.596
||GtYphi|| = 1.85722
||KtYu|| = 13.4291
||rj|| = 14.2839
||yj|| = 0.826886
||rphi|| = 0.00190609
||rp|| = 0.0737471
||y|| = 499.581
FGMRES iteration : 294 || r || = 0.00437463
||xi|| = 401.287
||eta|| = 0.373397
||yp|| = 441.719
||yphi|| = 0.168161
||BtYp|| = 2.24644
||ru|| = 2.24743
||yu|| = 131.156
||GtYphi|| = 1.76386
||KtYu|| = 13.0998
||rj|| = 13.9269
||yj|| = 0.870892
||rphi|| = 0.00151745
||rp|| = 0.0710576
||y|| = 460.78
FGMRES iteration : 295 || r || = 0.00407093
||xi|| = 405.364
||eta|| = 0.48273
||yp|| = 446.296
||yphi|| = 0.207575
||BtYp|| = 2.29568
||ru|| = 2.29771
||yu|| = 135.291
||GtYphi|| = 1.80806
||KtYu|| = 13.1119
||rj|| = 13.9771
||yj|| = 0.790459
||rphi|| = 0.0014877
||rp|| = 0.0694947
||y|| = 466.352
FGMRES iteration : 296 || r || = 0.00373543
||xi|| = 435.971
||eta|| = 0.314622
||yp|| = 479.831
||yphi|| = 0.237752
||BtYp|| = 2.63162
||ru|| = 2.63085
||yu|| = 130.094
||GtYphi|| = 1.84988
||KtYu|| = 12.2818
||rj|| = 13.0555
||yj|| = 0.782906
||rphi|| = 0.00196991
||rp|| = 0.0741173
||y|| = 497.155
FGMRES iteration : 297 || r || = 0.00356114
||xi|| = 445.569
||eta|| = 0.459382
||yp|| = 490.449
||yphi|| = 0.162439
||BtYp|| = 2.67295
||ru|| = 2.67442
||yu|| = 156.354
||GtYphi|| = 1.46976
||KtYu|| = 16.134
||rj|| = 16.9099
||yj|| = 1.04613
||rphi|| = 0.00140273
||rp|| = 0.0837079
||y|| = 514.769
FGMRES iteration : 298 || r || = 0.0033685
||xi|| = 427.519
||eta|| = 0.515512
||yp|| = 470.687
||yphi|| = 0.184972
||BtYp|| = 2.12523
||ru|| = 2.12675
||yu|| = 127.322
||GtYphi|| = 1.74382
||KtYu|| = 11.3746
||rj|| = 12.0968
||yj|| = 0.717711
||rphi|| = 0.00150301
||rp|| = 0.0652354
||y|| = 487.604
FGMRES iteration : 299 || r || = 0.00330129
||xi|| = 451.767
||eta|| = 0.42929
||yp|| = 497.303
||yphi|| = 0.155955
||BtYp|| = 2.38434
||ru|| = 2.38591
||yu|| = 132.823
||GtYphi|| = 1.56374
||KtYu|| = 14.4217
||rj|| = 15.2003
||yj|| = 0.973088
||rphi|| = 0.00135279
||rp|| = 0.0708747
||y|| = 514.736
FGMRES iteration : 300 || r || = 0.00326791
||xi|| = 446.602
||eta|| = 0.525276
||yp|| = 491.541
||yphi|| = 0.235244
||BtYp|| = 2.53251
||ru|| = 2.53383
||yu|| = 136.827
||GtYphi|| = 1.74294
||KtYu|| = 14.9615
||rj|| = 15.7204
||yj|| = 0.977779
||rphi|| = 0.00203043
||rp|| = 0.0743774
||y|| = 510.231
FGMRES iteration : 301 || r || = 0.00325036
||xi|| = 428.894
||eta|| = 0.353427
||yp|| = 472.066
||yphi|| = 0.204507
||BtYp|| = 2.25864
||ru|| = 2.25817
||yu|| = 116.994
||GtYphi|| = 2.08608
||KtYu|| = 11.8876
||rj|| = 12.6578
||yj|| = 0.770697
||rphi|| = 0.00154253
||rp|| = 0.0634476
||y|| = 486.348
FGMRES iteration : 302 || r || = 0.00324449
||xi|| = 438.578
||eta|| = 0.338659
||yp|| = 482.76
||yphi|| = 0.273563
||BtYp|| = 2.55932
||ru|| = 2.56049
||yu|| = 145.673
||GtYphi|| = 1.86659
||KtYu|| = 15.165
||rj|| = 16.0306
||yj|| = 1.03627
||rphi|| = 0.00226575
||rp|| = 0.0753195
||y|| = 504.261
FGMRES iteration : 303 || r || = 0.00324133
||xi|| = 419.051
||eta|| = 0.43552
||yp|| = 461.275
||yphi|| = 0.207991
||BtYp|| = 2.31055
||ru|| = 2.31176
||yu|| = 124.904
||GtYphi|| = 2.22318
||KtYu|| = 12.5277
||rj|| = 13.3497
||yj|| = 0.784201
||rphi|| = 0.0016162
||rp|| = 0.0644526
||y|| = 477.887
FGMRES iteration : 304 || r || = 0.00324065
||xi|| = 539.964
||eta|| = 0.383267
||yp|| = 594.35
||yphi|| = 0.160577
||BtYp|| = 3.35058
||ru|| = 3.35167
||yu|| = 169.484
||GtYphi|| = 1.67579
||KtYu|| = 14.9704
||rj|| = 15.7632
||yj|| = 0.960837
||rphi|| = 0.00136786
||rp|| = 0.0904788
||y|| = 618.043
FGMRES iteration : 305 || r || = 0.00323996
||xi|| = 467.041
||eta|| = 0.377581
||yp|| = 514.056
||yphi|| = 0.196891
||BtYp|| = 2.73698
||ru|| = 2.73719
||yu|| = 135.24
||GtYphi|| = 1.71606
||KtYu|| = 13.7107
||rj|| = 14.4798
||yj|| = 0.901178
||rphi|| = 0.00165032
||rp|| = 0.0740349
||y|| = 531.549
FGMRES iteration : 306 || r || = 0.00323844
||xi|| = 481.072
||eta|| = 0.613372
||yp|| = 529.535
||yphi|| = 0.186695
||BtYp|| = 2.72109
||ru|| = 2.72381
||yu|| = 143.806
||GtYphi|| = 2.00571
||KtYu|| = 12.6959
||rj|| = 13.3418
||yj|| = 0.802178
||rphi|| = 0.00158028
||rp|| = 0.0756906
||y|| = 548.715
FGMRES iteration : 307 || r || = 0.00323698
||xi|| = 467.325
||eta|| = 0.540846
||yp|| = 514.428
||yphi|| = 0.138547
||BtYp|| = 2.8815
||ru|| = 2.88224
||yu|| = 160.948
||GtYphi|| = 1.46165
||KtYu|| = 15.809
||rj|| = 16.6332
||yj|| = 1.06437
||rphi|| = 0.00112885
||rp|| = 0.0875027
||y|| = 539.019
FGMRES iteration : 308 || r || = 0.00323396
||xi|| = 470.451
||eta|| = 0.513024
||yp|| = 517.837
||yphi|| = 0.224699
||BtYp|| = 2.6235
||ru|| = 2.62462
||yu|| = 134.046
||GtYphi|| = 2.03381
||KtYu|| = 12.763
||rj|| = 13.5072
||yj|| = 0.83941
||rphi|| = 0.00188565
||rp|| = 0.0715051
||y|| = 534.905
FGMRES iteration : 309 || r || = 0.00322752
||xi|| = 424.306
||eta|| = 0.485762
||yp|| = 467.011
||yphi|| = 0.273499
||BtYp|| = 2.40142
||ru|| = 2.40346
||yu|| = 125.027
||GtYphi|| = 1.92058
||KtYu|| = 13.9867
||rj|| = 14.7233
||yj|| = 0.901544
||rphi|| = 0.00214703
||rp|| = 0.0686436
||y|| = 483.458
FGMRES iteration : 310 || r || = 0.00321664
||xi|| = 487.64
||eta|| = 0.385676
||yp|| = 536.727
||yphi|| = 0.147463
||BtYp|| = 2.94372
||ru|| = 2.94515
||yu|| = 158.71
||GtYphi|| = 1.61132
||KtYu|| = 15.2884
||rj|| = 16.0199
||yj|| = 0.999855
||rphi|| = 0.00116643
||rp|| = 0.0889167
||y|| = 559.701
FGMRES iteration : 311 || r || = 0.00319692
||xi|| = 607.108
||eta|| = 0.504999
||yp|| = 668.13
||yphi|| = 0.211861
||BtYp|| = 3.69245
||ru|| = 3.69455
||yu|| = 177.518
||GtYphi|| = 2.02031
||KtYu|| = 14.0454
||rj|| = 14.8449
||yj|| = 0.852032
||rphi|| = 0.00169092
||rp|| = 0.0987565
||y|| = 691.311
FGMRES iteration : 312 || r || = 0.00313518
||xi|| = 421.033
||eta|| = 0.435828
||yp|| = 463.443
||yphi|| = 0.192634
||BtYp|| = 2.33108
||ru|| = 2.33234
||yu|| = 135.662
||GtYphi|| = 1.71322
||KtYu|| = 13.33
||rj|| = 14.0891
||yj|| = 0.875699
||rphi|| = 0.00159334
||rp|| = 0.0711706
||y|| = 482.891
FGMRES iteration : 313 || r || = 0.00302065
||xi|| = 407
||eta|| = 0.452603
||yp|| = 448.089
||yphi|| = 0.297578
||BtYp|| = 2.34574
||ru|| = 2.34746
||yu|| = 141.598
||GtYphi|| = 1.92837
||KtYu|| = 14.5721
||rj|| = 15.3403
||yj|| = 0.983592
||rphi|| = 0.00215772
||rp|| = 0.0741053
||y|| = 469.931
FGMRES iteration : 314 || r || = 0.00284779
||xi|| = 452.81
||eta|| = 0.538001
||yp|| = 498.387
||yphi|| = 0.215433
||BtYp|| = 2.65331
||ru|| = 2.65432
||yu|| = 143.468
||GtYphi|| = 1.84386
||KtYu|| = 12.7092
||rj|| = 13.4529
||yj|| = 0.823837
||rphi|| = 0.00183596
||rp|| = 0.0759588
||y|| = 518.626
FGMRES iteration : 315 || r || = 0.00271262
||xi|| = 496.268
||eta|| = 0.557092
||yp|| = 546.323
||yphi|| = 0.239899
||BtYp|| = 2.98
||ru|| = 2.98126
||yu|| = 161.058
||GtYphi|| = 1.65456
||KtYu|| = 14.5532
||rj|| = 15.2689
||yj|| = 1.00721
||rphi|| = 0.00208234
||rp|| = 0.0850193
||y|| = 569.57
FGMRES iteration : 316 || r || = 0.00262019
||xi|| = 502.537
||eta|| = 0.442302
||yp|| = 553.141
||yphi|| = 0.213807
||BtYp|| = 2.91867
||ru|| = 2.91933
||yu|| = 154.827
||GtYphi|| = 1.78975
||KtYu|| = 13.579
||rj|| = 14.3071
||yj|| = 0.914771
||rphi|| = 0.00169732
||rp|| = 0.0829223
||y|| = 574.401
FGMRES iteration : 317 || r || = 0.00257282
||xi|| = 481.747
||eta|| = 0.40027
||yp|| = 530.277
||yphi|| = 0.266797
||BtYp|| = 2.47827
||ru|| = 2.47969
||yu|| = 144.89
||GtYphi|| = 1.86579
||KtYu|| = 13.7517
||rj|| = 14.5167
||yj|| = 0.910392
||rphi|| = 0.0021403
||rp|| = 0.0756914
||y|| = 549.716
FGMRES iteration : 318 || r || = 0.00255193
||xi|| = 416.243
||eta|| = 0.580068
||yp|| = 458.304
||yphi|| = 0.264027
||BtYp|| = 2.38651
||ru|| = 2.38724
||yu|| = 152.799
||GtYphi|| = 1.61676
||KtYu|| = 14.6916
||rj|| = 15.4506
||yj|| = 0.97946
||rphi|| = 0.00209179
||rp|| = 0.0795831
||y|| = 483.106
FGMRES iteration : 319 || r || = 0.00253754
||xi|| = 451.586
||eta|| = 0.463538
||yp|| = 497.044
||yphi|| = 0.210138
||BtYp|| = 2.25679
||ru|| = 2.25863
||yu|| = 121.907
||GtYphi|| = 1.87594
||KtYu|| = 11.6424
||rj|| = 12.3334
||yj|| = 0.724874
||rphi|| = 0.00166136
||rp|| = 0.0671522
||y|| = 511.776
FGMRES iteration : 320 || r || = 0.00253104
||xi|| = 438.173
||eta|| = 0.448941
||yp|| = 482.34
||yphi|| = 0.164435
||BtYp|| = 2.42983
||ru|| = 2.43204
||yu|| = 142.926
||GtYphi|| = 1.45661
||KtYu|| = 15.4839
||rj|| = 16.3009
||yj|| = 1.04445
||rphi|| = 0.00126102
||rp|| = 0.07741
||y|| = 503.072
FGMRES iteration : 321 || r || = 0.00252654
||xi|| = 466.809
||eta|| = 0.326918
||yp|| = 513.812
||yphi|| = 0.251389
||BtYp|| = 2.46843
||ru|| = 2.46903
||yu|| = 133
||GtYphi|| = 1.87983
||KtYu|| = 13.5075
||rj|| = 14.2066
||yj|| = 0.87907
||rphi|| = 0.00190822
||rp|| = 0.0694196
||y|| = 530.748
FGMRES iteration : 322 || r || = 0.0025236
||xi|| = 397
||eta|| = 0.455364
||yp|| = 436.985
||yphi|| = 0.201557
||BtYp|| = 2.06306
||ru|| = 2.06434
||yu|| = 114.119
||GtYphi|| = 2.05751
||KtYu|| = 12.51
||rj|| = 13.2757
||yj|| = 0.78806
||rphi|| = 0.00152844
||rp|| = 0.0606135
||y|| = 451.641
FGMRES iteration : 323 || r || = 0.00252198
||xi|| = 441.081
||eta|| = 0.437107
||yp|| = 485.5
||yphi|| = 0.164906
||BtYp|| = 2.63823
||ru|| = 2.6399
||yu|| = 144.062
||GtYphi|| = 1.57919
||KtYu|| = 15.4094
||rj|| = 16.2741
||yj|| = 1.03642
||rphi|| = 0.00127921
||rp|| = 0.0784965
||y|| = 506.424
FGMRES iteration : 324 || r || = 0.00252042
||xi|| = 438.154
||eta|| = 0.474288
||yp|| = 482.27
||yphi|| = 0.197593
||BtYp|| = 2.51351
||ru|| = 2.51516
||yu|| = 135.058
||GtYphi|| = 2.03898
||KtYu|| = 12.859
||rj|| = 13.5673
||yj|| = 0.772704
||rphi|| = 0.00174545
||rp|| = 0.0731137
||y|| = 500.825
FGMRES iteration : 325 || r || = 0.00251952
||xi|| = 500.978
||eta|| = 0.353089
||yp|| = 551.458
||yphi|| = 0.193301
||BtYp|| = 2.84216
||ru|| = 2.84423
||yu|| = 156.373
||GtYphi|| = 1.73906
||KtYu|| = 14.5092
||rj|| = 15.3352
||yj|| = 0.928953
||rphi|| = 0.00154206
||rp|| = 0.0816185
||y|| = 573.201
FGMRES iteration : 326 || r || = 0.00251832
||xi|| = 454.092
||eta|| = 0.402578
||yp|| = 499.755
||yphi|| = 0.145662
||BtYp|| = 2.67314
||ru|| = 2.6743
||yu|| = 137.264
||GtYphi|| = 1.62668
||KtYu|| = 13.9476
||rj|| = 14.7288
||yj|| = 0.929896
||rphi|| = 0.00115557
||rp|| = 0.0767505
||y|| = 518.264
FGMRES iteration : 327 || r || = 0.00251732
||xi|| = 380.471
||eta|| = 0.429996
||yp|| = 418.827
||yphi|| = 0.180921
||BtYp|| = 1.78427
||ru|| = 1.78519
||yu|| = 107.043
||GtYphi|| = 2.04179
||KtYu|| = 13.6058
||rj|| = 14.4705
||yj|| = 0.787463
||rphi|| = 0.00130878
||rp|| = 0.0565245
||y|| = 432.29
FGMRES iteration : 328 || r || = 0.00251429
||xi|| = 468.719
||eta|| = 0.316097
||yp|| = 515.932
||yphi|| = 0.232398
||BtYp|| = 2.85365
||ru|| = 2.85513
||yu|| = 147.892
||GtYphi|| = 2.0107
||KtYu|| = 14.1758
||rj|| = 15.0293
||yj|| = 0.874758
||rphi|| = 0.00173564
||rp|| = 0.0804671
||y|| = 536.711
FGMRES iteration : 329 || r || = 0.00250514
||xi|| = 439.623
||eta|| = 0.395889
||yp|| = 483.943
||yphi|| = 0.173486
||BtYp|| = 2.1996
||ru|| = 2.20095
||yu|| = 137.552
||GtYphi|| = 1.77733
||KtYu|| = 14.4801
||rj|| = 15.3358
||yj|| = 0.93409
||rphi|| = 0.00134921
||rp|| = 0.0749131
||y|| = 503.113
FGMRES iteration : 330 || r || = 0.00247891
||xi|| = 443.073
||eta|| = 0.419658
||yp|| = 487.721
||yphi|| = 0.212641
||BtYp|| = 2.34105
||ru|| = 2.34368
||yu|| = 135.088
||GtYphi|| = 2.09733
||KtYu|| = 13.8248
||rj|| = 14.5901
||yj|| = 0.839753
||rphi|| = 0.00164485
||rp|| = 0.0715957
||y|| = 506.084
FGMRES iteration : 331 || r || = 0.00242157
||xi|| = 493.107
||eta|| = 0.358708
||yp|| = 542.777
||yphi|| = 0.172592
||BtYp|| = 2.591
||ru|| = 2.59088
||yu|| = 149.79
||GtYphi|| = 1.97287
||KtYu|| = 14.0591
||rj|| = 14.8615
||yj|| = 0.877031
||rphi|| = 0.00132789
||rp|| = 0.0802537
||y|| = 563.067
FGMRES iteration : 332 || r || = 0.00231566
||xi|| = 447.796
||eta|| = 0.328191
||yp|| = 492.913
||yphi|| = 0.180551
||BtYp|| = 2.66201
||ru|| = 2.6632
||yu|| = 146.651
||GtYphi|| = 1.57413
||KtYu|| = 15.2069
||rj|| = 16.0018
||yj|| = 0.984766
||rphi|| = 0.00170966
||rp|| = 0.079922
||y|| = 514.267
FGMRES iteration : 333 || r || = 0.00213033
||xi|| = 422.689
||eta|| = 0.273845
||yp|| = 465.211
||yphi|| = 0.203357
||BtYp|| = 2.18185
||ru|| = 2.18243
||yu|| = 111.708
||GtYphi|| = 1.76698
||KtYu|| = 11.2544
||rj|| = 11.9638
||yj|| = 0.669538
||rphi|| = 0.00165037
||rp|| = 0.0599415
||y|| = 478.435
FGMRES iteration : 334 || r || = 0.00203754
FGMRES iteration : 334 || r || = 0.00203754
Relative L2 Norm for current density: 0.0045778
Relative L2 Norm for electric potential: 0.00142001
Relative L2 Norm for velocity: 0.000291297
Relative L2 Norm for pressure: 0.00111001
Time step 6, time = 0.3, time elapsed = 1677.95
FGMRES iteration : 0 || r || = 20.6177
||xi|| = 0.219553
||eta|| = 0.00019511
||yp|| = 0.241654
||yphi|| = 0.000193171
||BtYp|| = 0.0011061
||ru|| = 0.999998
||yu|| = 1.32101
||GtYphi|| = 0.00136967
||KtYu|| = 0.207957
||rj|| = 0.208065
||yj|| = 0.00970941
||rphi|| = 1.42289e-06
||rp|| = 3.14489e-05
||y|| = 1.34296
FGMRES iteration : 1 || r || = 1.88687
||xi|| = 40.1967
||eta|| = 0.543269
||yp|| = 44.7363
||yphi|| = 0.967792
||BtYp|| = 0.143437
||ru|| = 0.143701
||yu|| = 10.752
||GtYphi|| = 3.22976
||KtYu|| = 1.88066
||rj|| = 4.00505
||yj|| = 0.136623
||rphi|| = 0.00621147
||rp|| = 0.00715974
||y|| = 46.0207
FGMRES iteration : 2 || r || = 1.47231
||xi|| = 106.474
||eta|| = 0.31441
||yp|| = 117.268
||yphi|| = 0.32035
||BtYp|| = 0.644299
||ru|| = 0.644767
||yu|| = 34.3189
||GtYphi|| = 1.59877
||KtYu|| = 3.83679
||rj|| = 4.4132
||yj|| = 0.24068
||rphi|| = 0.00191169
||rp|| = 0.0179989
||y|| = 122.187
FGMRES iteration : 3 || r || = 1.41142
||xi|| = 429.583
||eta|| = 0.227931
||yp|| = 472.801
||yphi|| = 0.257512
||BtYp|| = 2.80268
||ru|| = 2.80371
||yu|| = 144.24
||GtYphi|| = 1.68294
||KtYu|| = 13.3438
||rj|| = 14.1761
||yj|| = 0.79669
||rphi|| = 0.00190555
||rp|| = 0.075188
||y|| = 494.315
FGMRES iteration : 4 || r || = 1.33462
||xi|| = 458.216
||eta|| = 0.209248
||yp|| = 504.277
||yphi|| = 0.381464
||BtYp|| = 3.04874
||ru|| = 3.04969
||yu|| = 153.619
||GtYphi|| = 1.70953
||KtYu|| = 13.3793
||rj|| = 14.206
||yj|| = 0.741564
||rphi|| = 0.00301946
||rp|| = 0.0804964
||y|| = 527.157
FGMRES iteration : 5 || r || = 1.21685
||xi|| = 361.516
||eta|| = 0.385078
||yp|| = 397.907
||yphi|| = 0.72469
||BtYp|| = 2.25651
||ru|| = 2.2573
||yu|| = 118.047
||GtYphi|| = 2.76595
||KtYu|| = 12.5535
||rj|| = 13.5254
||yj|| = 0.72544
||rphi|| = 0.00566759
||rp|| = 0.0614872
||y|| = 415.049
FGMRES iteration : 6 || r || = 0.97886
||xi|| = 299.267
||eta|| = 0.300736
||yp|| = 329.293
||yphi|| = 0.249588
||BtYp|| = 2.13321
||ru|| = 2.13401
||yu|| = 103.383
||GtYphi|| = 1.8205
||KtYu|| = 10.0475
||rj|| = 10.8492
||yj|| = 0.6654
||rphi|| = 0.00201647
||rp|| = 0.0578439
||y|| = 345.141
FGMRES iteration : 7 || r || = 0.891194
||xi|| = 405.806
||eta|| = 0.297424
||yp|| = 446.641
||yphi|| = 0.0917897
||BtYp|| = 2.84525
||ru|| = 2.8463
||yu|| = 132.394
||GtYphi|| = 0.871935
||KtYu|| = 12.266
||rj|| = 12.9951
||yj|| = 0.84403
||rphi|| = 0.000737823
||rp|| = 0.0738726
||y|| = 465.851
FGMRES iteration : 8 || r || = 0.871229
||xi|| = 378.881
||eta|| = 0.3984
||yp|| = 416.989
||yphi|| = 0.419045
||BtYp|| = 2.64607
||ru|| = 2.64693
||yu|| = 123.156
||GtYphi|| = 2.12093
||KtYu|| = 11.0964
||rj|| = 12.0487
||yj|| = 0.696838
||rphi|| = 0.00350011
||rp|| = 0.0683813
||y|| = 434.797
FGMRES iteration : 9 || r || = 0.871203
||xi|| = 502.824
||eta|| = 0.266276
||yp|| = 553.363
||yphi|| = 0.291604
||BtYp|| = 3.45929
||ru|| = 3.46013
||yu|| = 155.871
||GtYphi|| = 2.00021
||KtYu|| = 13.4261
||rj|| = 14.3152
||yj|| = 0.850073
||rphi|| = 0.00219944
||rp|| = 0.0881386
||y|| = 574.898
FGMRES iteration : 10 || r || = 0.865139
||xi|| = 407.875
||eta|| = 0.288016
||yp|| = 448.848
||yphi|| = 0.935928
||BtYp|| = 2.95624
||ru|| = 2.95714
||yu|| = 133.881
||GtYphi|| = 3.02613
||KtYu|| = 11.754
||rj|| = 12.7651
||yj|| = 0.758614
||rphi|| = 0.00705608
||rp|| = 0.079856
||y|| = 468.391
FGMRES iteration : 11 || r || = 0.862934
||xi|| = 305.467
||eta|| = 0.306299
||yp|| = 336.2
||yphi|| = 1.01981
||BtYp|| = 2.12608
||ru|| = 2.12703
||yu|| = 109.884
||GtYphi|| = 3.14036
||KtYu|| = 10.7733
||rj|| = 11.7431
||yj|| = 0.71763
||rphi|| = 0.00800831
||rp|| = 0.0645371
||y|| = 353.704
FGMRES iteration : 12 || r || = 0.859963
||xi|| = 390.413
||eta|| = 0.25712
||yp|| = 429.661
||yphi|| = 0.614234
||BtYp|| = 2.90037
||ru|| = 2.90148
||yu|| = 136.248
||GtYphi|| = 1.84293
||KtYu|| = 12.3017
||rj|| = 13.1685
||yj|| = 0.88472
||rphi|| = 0.00500764
||rp|| = 0.0812454
||y|| = 450.747
FGMRES iteration : 13 || r || = 0.830214
||xi|| = 416.857
||eta|| = 0.234347
||yp|| = 458.733
||yphi|| = 0.484474
||BtYp|| = 3.13707
||ru|| = 3.13801
||yu|| = 136.053
||GtYphi|| = 1.9474
||KtYu|| = 11.0979
||rj|| = 11.9446
||yj|| = 0.719282
||rphi|| = 0.00374301
||rp|| = 0.082075
||y|| = 478.484
FGMRES iteration : 14 || r || = 0.795435
||xi|| = 458.703
||eta|| = 0.284484
||yp|| = 504.807
||yphi|| = 0.813653
||BtYp|| = 3.49712
||ru|| = 3.49791
||yu|| = 148.982
||GtYphi|| = 2.54108
||KtYu|| = 13.2297
||rj|| = 14.2207
||yj|| = 0.871004
||rphi|| = 0.0060046
||rp|| = 0.0894462
||y|| = 526.334
FGMRES iteration : 15 || r || = 0.763876
||xi|| = 377.999
||eta|| = 0.284914
||yp|| = 415.982
||yphi|| = 0.368072
||BtYp|| = 2.80546
||ru|| = 2.80628
||yu|| = 125.41
||GtYphi|| = 2.16532
||KtYu|| = 11.1063
||rj|| = 11.8985
||yj|| = 0.744662
||rphi|| = 0.00240605
||rp|| = 0.0755356
||y|| = 434.476
FGMRES iteration : 16 || r || = 0.753307
||xi|| = 330.565
||eta|| = 0.266179
||yp|| = 363.861
||yphi|| = 0.323466
||BtYp|| = 2.29668
||ru|| = 2.29805
||yu|| = 121.146
||GtYphi|| = 1.90631
||KtYu|| = 12.7101
||rj|| = 13.6281
||yj|| = 0.860047
||rphi|| = 0.00278355
||rp|| = 0.0698204
||y|| = 383.5
FGMRES iteration : 17 || r || = 0.750177
||xi|| = 403.573
||eta|| = 0.251311
||yp|| = 444.117
||yphi|| = 0.284387
||BtYp|| = 3.04366
||ru|| = 3.04446
||yu|| = 129.589
||GtYphi|| = 1.71109
||KtYu|| = 11.9337
||rj|| = 12.7691
||yj|| = 0.78267
||rphi|| = 0.00211069
||rp|| = 0.0786317
||y|| = 462.638
FGMRES iteration : 18 || r || = 0.747831
||xi|| = 361.567
||eta|| = 0.268265
||yp|| = 397.931
||yphi|| = 0.264355
||BtYp|| = 2.61216
||ru|| = 2.61349
||yu|| = 116.438
||GtYphi|| = 1.57489
||KtYu|| = 12.411
||rj|| = 13.2611
||yj|| = 0.83069
||rphi|| = 0.0017841
||rp|| = 0.068777
||y|| = 414.617
FGMRES iteration : 19 || r || = 0.735635
||xi|| = 351.013
||eta|| = 0.248821
||yp|| = 386.3
||yphi|| = 0.675444
||BtYp|| = 2.52476
||ru|| = 2.52568
||yu|| = 116.137
||GtYphi|| = 2.17928
||KtYu|| = 12.1947
||rj|| = 13.0477
||yj|| = 0.76901
||rphi|| = 0.00539252
||rp|| = 0.0681231
||y|| = 403.382
FGMRES iteration : 20 || r || = 0.723766
||xi|| = 302.176
||eta|| = 0.223572
||yp|| = 332.603
||yphi|| = 0.570741
||BtYp|| = 2.0635
||ru|| = 2.06532
||yu|| = 105.932
||GtYphi|| = 2.0181
||KtYu|| = 12.5583
||rj|| = 13.4437
||yj|| = 0.882749
||rphi|| = 0.00460539
||rp|| = 0.0610215
||y|| = 349.067
FGMRES iteration : 21 || r || = 0.705833
||xi|| = 374.275
||eta|| = 0.234383
||yp|| = 411.908
||yphi|| = 0.212535
||BtYp|| = 2.7348
||ru|| = 2.73563
||yu|| = 121.295
||GtYphi|| = 1.66477
||KtYu|| = 11.3799
||rj|| = 12.1698
||yj|| = 0.724719
||rphi|| = 0.00167796
||rp|| = 0.0729305
||y|| = 429.397
FGMRES iteration : 22 || r || = 0.698588
||xi|| = 390.621
||eta|| = 0.25588
||yp|| = 429.9
||yphi|| = 0.42407
||BtYp|| = 2.72418
||ru|| = 2.72538
||yu|| = 123.902
||GtYphi|| = 1.96208
||KtYu|| = 12.5206
||rj|| = 13.4418
||yj|| = 0.820799
||rphi|| = 0.0031938
||rp|| = 0.0717484
||y|| = 447.4
FGMRES iteration : 23 || r || = 0.688439
||xi|| = 419.471
||eta|| = 0.280995
||yp|| = 461.647
||yphi|| = 0.180632
||BtYp|| = 3.00522
||ru|| = 3.00619
||yu|| = 137.184
||GtYphi|| = 1.61486
||KtYu|| = 12.426
||rj|| = 13.2826
||yj|| = 0.851065
||rphi|| = 0.00141048
||rp|| = 0.0803474
||y|| = 481.599
FGMRES iteration : 24 || r || = 0.664289
||xi|| = 437.306
||eta|| = 0.31115
||yp|| = 481.29
||yphi|| = 0.277264
||BtYp|| = 2.87958
||ru|| = 2.88043
||yu|| = 139.871
||GtYphi|| = 2.13927
||KtYu|| = 13.0786
||rj|| = 14.0575
||yj|| = 0.781948
||rphi|| = 0.00197402
||rp|| = 0.0789739
||y|| = 501.203
FGMRES iteration : 25 || r || = 0.593501
||xi|| = 357.772
||eta|| = 0.310889
||yp|| = 393.756
||yphi|| = 0.174671
||BtYp|| = 2.34734
||ru|| = 2.34846
||yu|| = 120.626
||GtYphi|| = 1.85324
||KtYu|| = 12.4265
||rj|| = 13.2831
||yj|| = 0.81204
||rphi|| = 0.00146207
||rp|| = 0.066863
||y|| = 411.819
FGMRES iteration : 26 || r || = 0.509447
||xi|| = 480.596
||eta|| = 0.249215
||yp|| = 528.896
||yphi|| = 0.306266
||BtYp|| = 3.12635
||ru|| = 3.12712
||yu|| = 136.674
||GtYphi|| = 1.74064
||KtYu|| = 12.5443
||rj|| = 13.3375
||yj|| = 0.802014
||rphi|| = 0.00227027
||rp|| = 0.0795638
||y|| = 546.27
FGMRES iteration : 27 || r || = 0.447372
||xi|| = 462.6
||eta|| = 0.241629
||yp|| = 509.067
||yphi|| = 0.203605
||BtYp|| = 3.44775
||ru|| = 3.44832
||yu|| = 145.942
||GtYphi|| = 1.90107
||KtYu|| = 11.2896
||rj|| = 12.1398
||yj|| = 0.687882
||rphi|| = 0.00156898
||rp|| = 0.0860923
||y|| = 529.574
FGMRES iteration : 28 || r || = 0.40938
||xi|| = 471.292
||eta|| = 0.237155
||yp|| = 518.658
||yphi|| = 0.111313
||BtYp|| = 3.04613
||ru|| = 3.04713
||yu|| = 140.356
||GtYphi|| = 1.18887
||KtYu|| = 12.7967
||rj|| = 13.6052
||yj|| = 0.865621
||rphi|| = 0.000898341
||rp|| = 0.0796689
||y|| = 537.315
FGMRES iteration : 29 || r || = 0.374517
||xi|| = 377.65
||eta|| = 0.25902
||yp|| = 415.629
||yphi|| = 0.253363
||BtYp|| = 2.54566
||ru|| = 2.54647
||yu|| = 120.985
||GtYphi|| = 1.90804
||KtYu|| = 10.8288
||rj|| = 11.671
||yj|| = 0.71398
||rphi|| = 0.00186353
||rp|| = 0.0684845
||y|| = 432.88
FGMRES iteration : 30 || r || = 0.361795
||xi|| = 455.941
||eta|| = 0.280398
||yp|| = 501.746
||yphi|| = 0.199269
||BtYp|| = 3.09848
||ru|| = 3.09935
||yu|| = 140.925
||GtYphi|| = 2.00355
||KtYu|| = 12.4844
||rj|| = 13.3705
||yj|| = 0.792835
||rphi|| = 0.00156591
||rp|| = 0.0810562
||y|| = 521.161
FGMRES iteration : 31 || r || = 0.352878
||xi|| = 484.713
||eta|| = 0.319773
||yp|| = 533.366
||yphi|| = 0.198294
||BtYp|| = 3.49922
||ru|| = 3.50003
||yu|| = 154.765
||GtYphi|| = 1.85855
||KtYu|| = 12.6336
||rj|| = 13.5132
||yj|| = 0.822974
||rphi|| = 0.00149315
||rp|| = 0.090163
||y|| = 555.367
FGMRES iteration : 32 || r || = 0.344315
||xi|| = 419.576
||eta|| = 0.285115
||yp|| = 461.73
||yphi|| = 0.180492
||BtYp|| = 3.13766
||ru|| = 3.13852
||yu|| = 142.961
||GtYphi|| = 1.49375
||KtYu|| = 12.1675
||rj|| = 13.0502
||yj|| = 0.767492
||rphi|| = 0.00135481
||rp|| = 0.0844988
||y|| = 483.356
FGMRES iteration : 33 || r || = 0.337023
||xi|| = 409.283
||eta|| = 0.226893
||yp|| = 450.388
||yphi|| = 0.306221
||BtYp|| = 3.03358
||ru|| = 3.03389
||yu|| = 132.844
||GtYphi|| = 1.86419
||KtYu|| = 10.8689
||rj|| = 11.6395
||yj|| = 0.659681
||rphi|| = 0.00213046
||rp|| = 0.0773502
||y|| = 469.572
FGMRES iteration : 34 || r || = 0.331607
||xi|| = 510.452
||eta|| = 0.239815
||yp|| = 561.709
||yphi|| = 0.336021
||BtYp|| = 3.9592
||ru|| = 3.96015
||yu|| = 169.329
||GtYphi|| = 1.63014
||KtYu|| = 13.2574
||rj|| = 14.1381
||yj|| = 0.88987
||rphi|| = 0.00265743
||rp|| = 0.10016
||y|| = 586.677
FGMRES iteration : 35 || r || = 0.327713
||xi|| = 438.968
||eta|| = 0.256103
||yp|| = 483.077
||yphi|| = 0.497804
||BtYp|| = 3.37569
||ru|| = 3.37604
||yu|| = 144.04
||GtYphi|| = 2.27799
||KtYu|| = 10.9633
||rj|| = 11.8364
||yj|| = 0.685086
||rphi|| = 0.00380674
||rp|| = 0.0857603
||y|| = 504.095
FGMRES iteration : 36 || r || = 0.325895
||xi|| = 513.775
||eta|| = 0.241905
||yp|| = 565.383
||yphi|| = 0.291963
||BtYp|| = 3.96669
||ru|| = 3.96736
||yu|| = 165.757
||GtYphi|| = 1.94943
||KtYu|| = 12.9535
||rj|| = 13.9108
||yj|| = 0.790036
||rphi|| = 0.00234265
||rp|| = 0.100288
||y|| = 589.18
FGMRES iteration : 37 || r || = 0.325641
||xi|| = 516.946
||eta|| = 0.371917
||yp|| = 568.82
||yphi|| = 0.23658
||BtYp|| = 4.06468
||ru|| = 4.06551
||yu|| = 174.126
||GtYphi|| = 1.69002
||KtYu|| = 13.224
||rj|| = 14.0972
||yj|| = 0.863843
||rphi|| = 0.00192115
||rp|| = 0.106827
||y|| = 594.875
FGMRES iteration : 38 || r || = 0.325407
||xi|| = 411.573
||eta|| = 0.313976
||yp|| = 452.9
||yphi|| = 0.498657
||BtYp|| = 3.08712
||ru|| = 3.08753
||yu|| = 133.067
||GtYphi|| = 2.05201
||KtYu|| = 10.5648
||rj|| = 11.3123
||yj|| = 0.662673
||rphi|| = 0.00381427
||rp|| = 0.0795148
||y|| = 472.045
FGMRES iteration : 39 || r || = 0.325373
||xi|| = 519.155
||eta|| = 0.269686
||yp|| = 571.307
||yphi|| = 0.243919
||BtYp|| = 3.92689
||ru|| = 3.92781
||yu|| = 166.249
||GtYphi|| = 1.64085
||KtYu|| = 13.283
||rj|| = 14.1873
||yj|| = 0.873094
||rphi|| = 0.00226411
||rp|| = 0.10174
||y|| = 595.005
FGMRES iteration : 40 || r || = 0.325353
||xi|| = 508.37
||eta|| = 0.25208
||yp|| = 559.42
||yphi|| = 0.306
||BtYp|| = 3.66338
||ru|| = 3.66402
||yu|| = 151.528
||GtYphi|| = 2.12533
||KtYu|| = 12.3385
||rj|| = 13.2064
||yj|| = 0.815876
||rphi|| = 0.00294784
||rp|| = 0.0931148
||y|| = 579.58
FGMRES iteration : 41 || r || = 0.325171
||xi|| = 402.6
||eta|| = 0.247257
||yp|| = 443.052
||yphi|| = 0.359588
||BtYp|| = 2.92583
||ru|| = 2.92668
||yu|| = 130.863
||GtYphi|| = 2.21708
||KtYu|| = 11.7315
||rj|| = 12.5513
||yj|| = 0.760028
||rphi|| = 0.00336434
||rp|| = 0.0759142
||y|| = 461.975
FGMRES iteration : 42 || r || = 0.322558
||xi|| = 451.108
||eta|| = 0.268763
||yp|| = 496.418
||yphi|| = 0.379805
||BtYp|| = 3.34678
||ru|| = 3.34738
||yu|| = 142.26
||GtYphi|| = 2.0404
||KtYu|| = 12.8147
||rj|| = 13.7027
||yj|| = 0.832126
||rphi|| = 0.00340193
||rp|| = 0.0855193
||y|| = 516.4
FGMRES iteration : 43 || r || = 0.316749
||xi|| = 386.125
||eta|| = 0.263282
||yp|| = 424.925
||yphi|| = 0.269257
||BtYp|| = 2.84368
||ru|| = 2.84478
||yu|| = 121.211
||GtYphi|| = 1.9227
||KtYu|| = 11.3596
||rj|| = 12.2492
||yj|| = 0.714619
||rphi|| = 0.0024323
||rp|| = 0.0721244
||y|| = 441.875
FGMRES iteration : 44 || r || = 0.313591
||xi|| = 363.724
||eta|| = 0.292202
||yp|| = 400.311
||yphi|| = 0.357917
||BtYp|| = 2.53084
||ru|| = 2.53155
||yu|| = 120.314
||GtYphi|| = 1.72927
||KtYu|| = 11.5565
||rj|| = 12.3975
||yj|| = 0.734882
||rphi|| = 0.00275301
||rp|| = 0.069377
||y|| = 418.002
FGMRES iteration : 45 || r || = 0.31298
||xi|| = 392.97
||eta|| = 0.285457
||yp|| = 432.463
||yphi|| = 0.249977
||BtYp|| = 2.77556
||ru|| = 2.77649
||yu|| = 127.377
||GtYphi|| = 1.96955
||KtYu|| = 12.4956
||rj|| = 13.3841
||yj|| = 0.798998
||rphi|| = 0.00204926
||rp|| = 0.0737179
||y|| = 450.833
FGMRES iteration : 46 || r || = 0.312923
||xi|| = 386.45
||eta|| = 0.240896
||yp|| = 425.312
||yphi|| = 0.268471
||BtYp|| = 2.6965
||ru|| = 2.69779
||yu|| = 125.298
||GtYphi|| = 2.03318
||KtYu|| = 12.4791
||rj|| = 13.3882
||yj|| = 0.803834
||rphi|| = 0.00244474
||rp|| = 0.0720736
||y|| = 443.385
FGMRES iteration : 47 || r || = 0.312486
||xi|| = 327.146
||eta|| = 0.239427
||yp|| = 360.054
||yphi|| = 0.421765
||BtYp|| = 2.29209
||ru|| = 2.29296
||yu|| = 110.442
||GtYphi|| = 2.23271
||KtYu|| = 11.7458
||rj|| = 12.6314
||yj|| = 0.779631
||rphi|| = 0.00394456
||rp|| = 0.0644087
||y|| = 376.612
FGMRES iteration : 48 || r || = 0.308732
||xi|| = 341.572
||eta|| = 0.227077
||yp|| = 375.934
||yphi|| = 0.597517
||BtYp|| = 2.27644
||ru|| = 2.27791
||yu|| = 111.597
||GtYphi|| = 2.86108
||KtYu|| = 12.4157
||rj|| = 13.4103
||yj|| = 0.832623
||rphi|| = 0.00554637
||rp|| = 0.0641504
||y|| = 392.149
FGMRES iteration : 49 || r || = 0.292185
||xi|| = 372.922
||eta|| = 0.216008
||yp|| = 410.434
||yphi|| = 0.474754
||BtYp|| = 2.35633
||ru|| = 2.35726
||yu|| = 110.105
||GtYphi|| = 2.3083
||KtYu|| = 11.7343
||rj|| = 12.6338
||yj|| = 0.731855
||rphi|| = 0.00468525
||rp|| = 0.0630227
||y|| = 424.947
FGMRES iteration : 50 || r || = 0.262699
||xi|| = 393.042
||eta|| = 0.227018
||yp|| = 432.541
||yphi|| = 0.547941
||BtYp|| = 2.65302
||ru|| = 2.65428
||yu|| = 122.409
||GtYphi|| = 2.4619
||KtYu|| = 12.3949
||rj|| = 13.3514
||yj|| = 0.78444
||rphi|| = 0.00532845
||rp|| = 0.0701835
||y|| = 449.53
FGMRES iteration : 51 || r || = 0.229753
||xi|| = 334.19
||eta|| = 0.266933
||yp|| = 367.805
||yphi|| = 0.419985
||BtYp|| = 2.23542
||ru|| = 2.23648
||yu|| = 109.462
||GtYphi|| = 2.15415
||KtYu|| = 11.2403
||rj|| = 12.1191
||yj|| = 0.728265
||rphi|| = 0.00404748
||rp|| = 0.0616599
||y|| = 383.749
FGMRES iteration : 52 || r || = 0.209325
||xi|| = 370.799
||eta|| = 0.19213
||yp|| = 408.094
||yphi|| = 0.19997
||BtYp|| = 2.38484
||ru|| = 2.38588
||yu|| = 114.891
||GtYphi|| = 1.79419
||KtYu|| = 11.6936
||rj|| = 12.5629
||yj|| = 0.749547
||rphi|| = 0.00155692
||rp|| = 0.0635747
||y|| = 423.96
FGMRES iteration : 53 || r || = 0.190355
||xi|| = 399.488
||eta|| = 0.211564
||yp|| = 439.652
||yphi|| = 0.203704
||BtYp|| = 2.69547
||ru|| = 2.69669
||yu|| = 127.52
||GtYphi|| = 1.50871
||KtYu|| = 13.0063
||rj|| = 13.8388
||yj|| = 0.87798
||rphi|| = 0.00184163
||rp|| = 0.0718633
||y|| = 457.773
FGMRES iteration : 54 || r || = 0.174901
||xi|| = 347.93
||eta|| = 0.217089
||yp|| = 382.895
||yphi|| = 0.28107
||BtYp|| = 2.30016
||ru|| = 2.3011
||yu|| = 108.693
||GtYphi|| = 1.76025
||KtYu|| = 11.3117
||rj|| = 12.1481
||yj|| = 0.736282
||rphi|| = 0.00257987
||rp|| = 0.0610638
||y|| = 398.024
FGMRES iteration : 55 || r || = 0.167202
||xi|| = 374.102
||eta|| = 0.238267
||yp|| = 411.738
||yphi|| = 0.539984
||BtYp|| = 2.38661
||ru|| = 2.38764
||yu|| = 116.469
||GtYphi|| = 2.24078
||KtYu|| = 12.7199
||rj|| = 13.6626
||yj|| = 0.766318
||rphi|| = 0.00453182
||rp|| = 0.0647297
||y|| = 427.895
FGMRES iteration : 56 || r || = 0.160176
||xi|| = 441.793
||eta|| = 0.251234
||yp|| = 486.236
||yphi|| = 0.40522
||BtYp|| = 2.7286
||ru|| = 2.72952
||yu|| = 127.074
||GtYphi|| = 1.91003
||KtYu|| = 12.4355
||rj|| = 13.203
||yj|| = 0.770566
||rphi|| = 0.00331239
||rp|| = 0.0709997
||y|| = 502.568
FGMRES iteration : 57 || r || = 0.157271
||xi|| = 407.524
||eta|| = 0.236516
||yp|| = 448.501
||yphi|| = 0.334712
||BtYp|| = 2.62012
||ru|| = 2.62135
||yu|| = 125.559
||GtYphi|| = 1.87681
||KtYu|| = 12.6782
||rj|| = 13.577
||yj|| = 0.790597
||rphi|| = 0.00293892
||rp|| = 0.0702066
||y|| = 465.746
FGMRES iteration : 58 || r || = 0.153092
||xi|| = 364.664
||eta|| = 0.340063
||yp|| = 401.363
||yphi|| = 0.325955
||BtYp|| = 2.45392
||ru|| = 2.45476
||yu|| = 119.148
||GtYphi|| = 2.09145
||KtYu|| = 11.7729
||rj|| = 12.6269
||yj|| = 0.779962
||rphi|| = 0.00298116
||rp|| = 0.0680988
||y|| = 418.675
FGMRES iteration : 59 || r || = 0.149578
||xi|| = 363.566
||eta|| = 0.257066
||yp|| = 400.138
||yphi|| = 0.321249
||BtYp|| = 2.47784
||ru|| = 2.47888
||yu|| = 118.188
||GtYphi|| = 1.66463
||KtYu|| = 11.8196
||rj|| = 12.6873
||yj|| = 0.804712
||rphi|| = 0.00287423
||rp|| = 0.0693518
||y|| = 417.229
FGMRES iteration : 60 || r || = 0.147655
||xi|| = 380.898
||eta|| = 0.300423
||yp|| = 419.246
||yphi|| = 0.209693
||BtYp|| = 2.36734
||ru|| = 2.36845
||yu|| = 118.197
||GtYphi|| = 1.66167
||KtYu|| = 13.04
||rj|| = 13.9151
||yj|| = 0.879945
||rphi|| = 0.00164555
||rp|| = 0.067772
||y|| = 435.59
FGMRES iteration : 61 || r || = 0.145284
||xi|| = 335.281
||eta|| = 0.279195
||yp|| = 369.012
||yphi|| = 0.248124
||BtYp|| = 2.20342
||ru|| = 2.20426
||yu|| = 105.471
||GtYphi|| = 2.34211
||KtYu|| = 11.1287
||rj|| = 11.9521
||yj|| = 0.741097
||rphi|| = 0.00219944
||rp|| = 0.0611837
||y|| = 383.79
FGMRES iteration : 62 || r || = 0.144707
||xi|| = 428.419
||eta|| = 0.262328
||yp|| = 471.49
||yphi|| = 0.318898
||BtYp|| = 2.98859
||ru|| = 2.98983
||yu|| = 136.731
||GtYphi|| = 2.13153
||KtYu|| = 13.0622
||rj|| = 13.996
||yj|| = 0.886042
||rphi|| = 0.0024608
||rp|| = 0.0811156
||y|| = 490.916
FGMRES iteration : 63 || r || = 0.1447
||xi|| = 463.525
||eta|| = 0.264968
||yp|| = 510.123
||yphi|| = 0.370226
||BtYp|| = 3.3264
||ru|| = 3.32701
||yu|| = 147.307
||GtYphi|| = 2.74503
||KtYu|| = 13.0047
||rj|| = 14.0372
||yj|| = 0.815379
||rphi|| = 0.00331639
||rp|| = 0.089232
||y|| = 530.967
FGMRES iteration : 64 || r || = 0.144687
||xi|| = 412.228
||eta|| = 0.279467
||yp|| = 453.651
||yphi|| = 0.424499
||BtYp|| = 3.10922
||ru|| = 3.1102
||yu|| = 138.265
||GtYphi|| = 2.98879
||KtYu|| = 11.5269
||rj|| = 12.5064
||yj|| = 0.749758
||rphi|| = 0.00377983
||rp|| = 0.0839843
||y|| = 474.254
FGMRES iteration : 65 || r || = 0.144682
||xi|| = 501.893
||eta|| = 0.274263
||yp|| = 552.299
||yphi|| = 0.371261
||BtYp|| = 3.66146
||ru|| = 3.66182
||yu|| = 160.101
||GtYphi|| = 2.73799
||KtYu|| = 12.9581
||rj|| = 13.9975
||yj|| = 0.827079
||rphi|| = 0.00334844
||rp|| = 0.097037
||y|| = 575.037
FGMRES iteration : 66 || r || = 0.143943
||xi|| = 481.405
||eta|| = 0.300601
||yp|| = 529.777
||yphi|| = 0.421251
||BtYp|| = 3.4567
||ru|| = 3.4576
||yu|| = 152.662
||GtYphi|| = 2.96314
||KtYu|| = 12.7208
||rj|| = 13.7679
||yj|| = 0.789878
||rphi|| = 0.00385066
||rp|| = 0.0908768
||y|| = 551.335
FGMRES iteration : 67 || r || = 0.142483
||xi|| = 475.303
||eta|| = 0.411578
||yp|| = 523.053
||yphi|| = 0.261505
||BtYp|| = 3.54166
||ru|| = 3.54232
||yu|| = 149.724
||GtYphi|| = 2.02833
||KtYu|| = 11.8346
||rj|| = 12.7116
||yj|| = 0.787748
||rphi|| = 0.00225267
||rp|| = 0.090155
||y|| = 544.061
FGMRES iteration : 68 || r || = 0.141184
||xi|| = 502.183
||eta|| = 0.36047
||yp|| = 552.658
||yphi|| = 0.590526
||BtYp|| = 3.71458
||ru|| = 3.71528
||yu|| = 159.882
||GtYphi|| = 2.46192
||KtYu|| = 12.5985
||rj|| = 13.5595
||yj|| = 0.848659
||rphi|| = 0.00445128
||rp|| = 0.0939164
||y|| = 575.321
FGMRES iteration : 69 || r || = 0.139769
||xi|| = 572.845
||eta|| = 0.317826
||yp|| = 630.399
||yphi|| = 0.247749
||BtYp|| = 4.12233
||ru|| = 4.12306
||yu|| = 175.709
||GtYphi|| = 1.86102
||KtYu|| = 12.9963
||rj|| = 13.8126
||yj|| = 0.815318
||rphi|| = 0.00175347
||rp|| = 0.102572
||y|| = 654.429
FGMRES iteration : 70 || r || = 0.137913
||xi|| = 463.544
||eta|| = 0.347156
||yp|| = 510.119
||yphi|| = 0.228397
||BtYp|| = 3.53026
||ru|| = 3.53099
||yu|| = 150.051
||GtYphi|| = 1.7004
||KtYu|| = 12.8139
||rj|| = 13.6756
||yj|| = 0.818135
||rphi|| = 0.00166115
||rp|| = 0.089365
||y|| = 531.731
FGMRES iteration : 71 || r || = 0.135314
||xi|| = 458.64
||eta|| = 0.32926
||yp|| = 504.678
||yphi|| = 0.557737
||BtYp|| = 3.15898
||ru|| = 3.15933
||yu|| = 136.223
||GtYphi|| = 2.30142
||KtYu|| = 11.2392
||rj|| = 12.1928
||yj|| = 0.668741
||rphi|| = 0.00438901
||rp|| = 0.0801213
||y|| = 522.74
FGMRES iteration : 72 || r || = 0.130944
||xi|| = 534.008
||eta|| = 0.243181
||yp|| = 587.621
||yphi|| = 0.159129
||BtYp|| = 4.10793
||ru|| = 4.10891
||yu|| = 172.849
||GtYphi|| = 1.63522
||KtYu|| = 12.6791
||rj|| = 13.5199
||yj|| = 0.81938
||rphi|| = 0.00134587
||rp|| = 0.103674
||y|| = 612.516
FGMRES iteration : 73 || r || = 0.124601
||xi|| = 463.178
||eta|| = 0.28656
||yp|| = 509.731
||yphi|| = 0.40353
||BtYp|| = 3.33506
||ru|| = 3.33525
||yu|| = 148.534
||GtYphi|| = 1.96131
||KtYu|| = 12.2598
||rj|| = 13.0938
||yj|| = 0.795896
||rphi|| = 0.0029678
||rp|| = 0.0881916
||y|| = 530.932
FGMRES iteration : 74 || r || = 0.116676
||xi|| = 470.487
||eta|| = 0.253706
||yp|| = 517.748
||yphi|| = 0.287723
||BtYp|| = 3.42054
||ru|| = 3.42203
||yu|| = 154.83
||GtYphi|| = 1.63824
||KtYu|| = 13.2838
||rj|| = 14.1564
||yj|| = 0.842697
||rphi|| = 0.00222569
||rp|| = 0.0917616
||y|| = 540.403
FGMRES iteration : 75 || r || = 0.102046
||xi|| = 435.137
||eta|| = 0.255487
||yp|| = 478.856
||yphi|| = 0.152552
||BtYp|| = 3.20194
||ru|| = 3.20239
||yu|| = 143.373
||GtYphi|| = 1.54062
||KtYu|| = 12.8823
||rj|| = 13.6952
||yj|| = 0.844169
||rphi|| = 0.00125746
||rp|| = 0.0867854
||y|| = 499.859
FGMRES iteration : 76 || r || = 0.0892133
||xi|| = 433.558
||eta|| = 0.20201
||yp|| = 477.132
||yphi|| = 0.234272
||BtYp|| = 2.97608
||ru|| = 2.97686
||yu|| = 134.696
||GtYphi|| = 1.70381
||KtYu|| = 12.174
||rj|| = 12.9723
||yj|| = 0.756256
||rphi|| = 0.00181457
||rp|| = 0.0783341
||y|| = 495.78
FGMRES iteration : 77 || r || = 0.0828065
||xi|| = 479.966
||eta|| = 0.260297
||yp|| = 528.186
||yphi|| = 0.165942
||BtYp|| = 3.55515
||ru|| = 3.55625
||yu|| = 160.671
||GtYphi|| = 1.62067
||KtYu|| = 13.181
||rj|| = 13.9808
||yj|| = 0.839462
||rphi|| = 0.00152915
||rp|| = 0.0947985
||y|| = 552.084
FGMRES iteration : 78 || r || = 0.0786868
||xi|| = 423.548
||eta|| = 0.235233
||yp|| = 466.114
||yphi|| = 0.171424
||BtYp|| = 3.0851
||ru|| = 3.08555
||yu|| = 138.292
||GtYphi|| = 1.6148
||KtYu|| = 11.6484
||rj|| = 12.4447
||yj|| = 0.757696
||rphi|| = 0.00147241
||rp|| = 0.0833779
||y|| = 486.197
FGMRES iteration : 79 || r || = 0.0775354
||xi|| = 438.106
||eta|| = 0.24037
||yp|| = 482.146
||yphi|| = 0.35428
||BtYp|| = 2.9068
||ru|| = 2.90812
||yu|| = 131.114
||GtYphi|| = 2.01732
||KtYu|| = 13.2335
||rj|| = 14.1289
||yj|| = 0.844924
||rphi|| = 0.0027359
||rp|| = 0.076431
||y|| = 499.657
FGMRES iteration : 80 || r || = 0.0769669
||xi|| = 430.426
||eta|| = 0.287623
||yp|| = 473.718
||yphi|| = 0.213992
||BtYp|| = 2.81277
||ru|| = 2.81392
||yu|| = 132.753
||GtYphi|| = 1.91676
||KtYu|| = 13.2044
||rj|| = 14.0019
||yj|| = 0.86205
||rphi|| = 0.00168028
||rp|| = 0.0738734
||y|| = 491.968
FGMRES iteration : 81 || r || = 0.0766401
||xi|| = 451.228
||eta|| = 0.259125
||yp|| = 496.575
||yphi|| = 0.216814
||BtYp|| = 3.05121
||ru|| = 3.05215
||yu|| = 135.798
||GtYphi|| = 1.59103
||KtYu|| = 13.2996
||rj|| = 14.1813
||yj|| = 0.857848
||rphi|| = 0.00188718
||rp|| = 0.0774216
||y|| = 514.809
FGMRES iteration : 82 || r || = 0.0760262
||xi|| = 420.702
||eta|| = 0.212815
||yp|| = 462.961
||yphi|| = 0.30861
||BtYp|| = 2.9333
||ru|| = 2.93409
||yu|| = 131.794
||GtYphi|| = 1.70058
||KtYu|| = 12.1111
||rj|| = 12.9429
||yj|| = 0.756173
||rphi|| = 0.00241861
||rp|| = 0.0743429
||y|| = 481.355
FGMRES iteration : 83 || r || = 0.0754831
||xi|| = 423.639
||eta|| = 0.276499
||yp|| = 466.216
||yphi|| = 0.169732
||BtYp|| = 2.84702
||ru|| = 2.8477
||yu|| = 129.411
||GtYphi|| = 1.63514
||KtYu|| = 12.0361
||rj|| = 12.8016
||yj|| = 0.69784
||rphi|| = 0.00115907
||rp|| = 0.0718249
||y|| = 483.844
FGMRES iteration : 84 || r || = 0.075261
||xi|| = 494.692
||eta|| = 0.295558
||yp|| = 544.397
||yphi|| = 0.187691
||BtYp|| = 3.42139
||ru|| = 3.42227
||yu|| = 155.97
||GtYphi|| = 1.74817
||KtYu|| = 14.0058
||rj|| = 14.9283
||yj|| = 0.863645
||rphi|| = 0.00142123
||rp|| = 0.0869277
||y|| = 566.3
FGMRES iteration : 85 || r || = 0.0750908
||xi|| = 461.319
||eta|| = 0.294867
||yp|| = 507.699
||yphi|| = 0.230942
||BtYp|| = 2.97286
||ru|| = 2.97351
||yu|| = 143.299
||GtYphi|| = 2.10476
||KtYu|| = 13.292
||rj|| = 14.0941
||yj|| = 0.821134
||rphi|| = 0.00190579
||rp|| = 0.0763894
||y|| = 527.535
FGMRES iteration : 86 || r || = 0.074825
||xi|| = 453.199
||eta|| = 0.256798
||yp|| = 498.772
||yphi|| = 0.178871
||BtYp|| = 2.95555
||ru|| = 2.95629
||yu|| = 140.404
||GtYphi|| = 1.80272
||KtYu|| = 12.5053
||rj|| = 13.382
||yj|| = 0.74809
||rphi|| = 0.00131055
||rp|| = 0.0759734
||y|| = 518.158
FGMRES iteration : 87 || r || = 0.0747605
||xi|| = 458.127
||eta|| = 0.27347
||yp|| = 504.164
||yphi|| = 0.161882
||BtYp|| = 3.0996
||ru|| = 3.10047
||yu|| = 147.567
||GtYphi|| = 1.67817
||KtYu|| = 13.6645
||rj|| = 14.4144
||yj|| = 0.872717
||rphi|| = 0.00135054
||rp|| = 0.0811985
||y|| = 525.317
FGMRES iteration : 88 || r || = 0.0747602
||xi|| = 434.477
||eta|| = 0.232825
||yp|| = 478.142
||yphi|| = 0.208395
||BtYp|| = 2.90715
||ru|| = 2.90809
||yu|| = 133.214
||GtYphi|| = 1.80289
||KtYu|| = 13.1089
||rj|| = 14.0039
||yj|| = 0.815612
||rphi|| = 0.00167332
||rp|| = 0.0751496
||y|| = 496.353
FGMRES iteration : 89 || r || = 0.0747402
||xi|| = 398.834
||eta|| = 0.217236
||yp|| = 438.937
||yphi|| = 0.199648
||BtYp|| = 2.54347
||ru|| = 2.54442
||yu|| = 117.775
||GtYphi|| = 1.74732
||KtYu|| = 11.4248
||rj|| = 12.2182
||yj|| = 0.697869
||rphi|| = 0.001546
||rp|| = 0.0649945
||y|| = 454.463
FGMRES iteration : 90 || r || = 0.0747375
||xi|| = 470.962
||eta|| = 0.254638
||yp|| = 518.288
||yphi|| = 0.17715
||BtYp|| = 3.24061
||ru|| = 3.24133
||yu|| = 145.388
||GtYphi|| = 1.60326
||KtYu|| = 13.2539
||rj|| = 14.0791
||yj|| = 0.823621
||rphi|| = 0.00142845
||rp|| = 0.0846672
||y|| = 538.294
FGMRES iteration : 91 || r || = 0.0747116
||xi|| = 433.981
||eta|| = 0.286492
||yp|| = 477.594
||yphi|| = 0.240275
||BtYp|| = 2.84574
||ru|| = 2.84651
||yu|| = 129.444
||GtYphi|| = 1.94163
||KtYu|| = 12.6272
||rj|| = 13.4804
||yj|| = 0.744379
||rphi|| = 0.00179252
||rp|| = 0.0755349
||y|| = 494.825
FGMRES iteration : 92 || r || = 0.074316
||xi|| = 456.159
||eta|| = 0.251808
||yp|| = 501.984
||yphi|| = 0.18527
||BtYp|| = 3.26051
||ru|| = 3.26097
||yu|| = 139.711
||GtYphi|| = 1.84407
||KtYu|| = 12.0623
||rj|| = 12.8232
||yj|| = 0.753321
||rphi|| = 0.00153972
||rp|| = 0.0827716
||y|| = 521.064
FGMRES iteration : 93 || r || = 0.0734901
||xi|| = 472.083
||eta|| = 0.232558
||yp|| = 519.503
||yphi|| = 0.178035
||BtYp|| = 3.41546
||ru|| = 3.41647
||yu|| = 147.087
||GtYphi|| = 1.67929
||KtYu|| = 13.2969
||rj|| = 14.1818
||yj|| = 0.849856
||rphi|| = 0.00156795
||rp|| = 0.0893583
||y|| = 539.925
FGMRES iteration : 94 || r || = 0.0718973
||xi|| = 414.513
||eta|| = 0.267256
||yp|| = 456.197
||yphi|| = 0.28899
||BtYp|| = 2.70967
||ru|| = 2.71055
||yu|| = 124.188
||GtYphi|| = 1.94781
||KtYu|| = 11.8809
||rj|| = 12.7446
||yj|| = 0.73386
||rphi|| = 0.00249694
||rp|| = 0.0742815
||y|| = 472.799
FGMRES iteration : 95 || r || = 0.06928
||xi|| = 514.038
||eta|| = 0.281314
||yp|| = 565.66
||yphi|| = 0.320145
||BtYp|| = 3.86362
||ru|| = 3.86415
||yu|| = 163.582
||GtYphi|| = 1.59847
||KtYu|| = 12.997
||rj|| = 13.7395
||yj|| = 0.811362
||rphi|| = 0.00244939
||rp|| = 0.100407
||y|| = 588.838
FGMRES iteration : 96 || r || = 0.0662742
||xi|| = 403.772
||eta|| = 0.26487
||yp|| = 444.386
||yphi|| = 0.321381
||BtYp|| = 2.82433
||ru|| = 2.82568
||yu|| = 125.277
||GtYphi|| = 1.88885
||KtYu|| = 12.1993
||rj|| = 13.098
||yj|| = 0.780351
||rphi|| = 0.00231322
||rp|| = 0.0754015
||y|| = 461.707
FGMRES iteration : 97 || r || = 0.062109
||xi|| = 380.175
||eta|| = 0.243436
||yp|| = 418.42
||yphi|| = 0.125659
||BtYp|| = 2.63499
||ru|| = 2.63572
||yu|| = 122.658
||GtYphi|| = 1.49349
||KtYu|| = 11.7385
||rj|| = 12.5034
||yj|| = 0.759885
||rphi|| = 0.000988289
||rp|| = 0.0741924
||y|| = 436.028
FGMRES iteration : 98 || r || = 0.0586938
||xi|| = 390.186
||eta|| = 0.256761
||yp|| = 429.417
||yphi|| = 0.326075
||BtYp|| = 2.75781
||ru|| = 2.75913
||yu|| = 125.608
||GtYphi|| = 1.68768
||KtYu|| = 12.5009
||rj|| = 13.3555
||yj|| = 0.806755
||rphi|| = 0.0026724
||rp|| = 0.0743259
||y|| = 447.412
FGMRES iteration : 99 || r || = 0.0557624
||xi|| = 348.423
||eta|| = 0.239961
||yp|| = 383.489
||yphi|| = 0.244091
||BtYp|| = 2.26449
||ru|| = 2.26584
||yu|| = 107.436
||GtYphi|| = 1.87517
||KtYu|| = 12.1351
||rj|| = 13.0246
||yj|| = 0.790127
||rphi|| = 0.00192922
||rp|| = 0.0615318
||y|| = 398.255
FGMRES iteration : 100 || r || = 0.052384
||xi|| = 402.195
||eta|| = 0.209441
||yp|| = 442.631
||yphi|| = 0.160085
||BtYp|| = 2.81466
||ru|| = 2.81553
||yu|| = 123.194
||GtYphi|| = 1.50241
||KtYu|| = 12.1853
||rj|| = 12.9808
||yj|| = 0.749069
||rphi|| = 0.0012463
||rp|| = 0.0735288
||y|| = 459.456
FGMRES iteration : 101 || r || = 0.049897
||xi|| = 390.655
||eta|| = 0.205111
||yp|| = 429.94
||yphi|| = 0.148845
||BtYp|| = 2.49082
||ru|| = 2.49203
||yu|| = 118.849
||GtYphi|| = 1.57138
||KtYu|| = 12.0621
||rj|| = 12.8731
||yj|| = 0.748226
||rphi|| = 0.00133195
||rp|| = 0.0646665
||y|| = 446.065
FGMRES iteration : 102 || r || = 0.0488019
||xi|| = 392.527
||eta|| = 0.220707
||yp|| = 432.002
||yphi|| = 0.146428
||BtYp|| = 2.54635
||ru|| = 2.54764
||yu|| = 120.714
||GtYphi|| = 1.59063
||KtYu|| = 13.3159
||rj|| = 14.1875
||yj|| = 0.881375
||rphi|| = 0.00119716
||rp|| = 0.0687422
||y|| = 448.552
FGMRES iteration : 103 || r || = 0.0482623
||xi|| = 402.579
||eta|| = 0.222244
||yp|| = 443.049
||yphi|| = 0.195507
||BtYp|| = 2.62166
||ru|| = 2.62256
||yu|| = 115.316
||GtYphi|| = 1.79227
||KtYu|| = 11.5912
||rj|| = 12.3839
||yj|| = 0.714243
||rphi|| = 0.00165421
||rp|| = 0.0685537
||y|| = 457.811
FGMRES iteration : 104 || r || = 0.0480329
||xi|| = 434.381
||eta|| = 0.278361
||yp|| = 478.038
||yphi|| = 0.292373
||BtYp|| = 2.57228
||ru|| = 2.57312
||yu|| = 129.424
||GtYphi|| = 1.88774
||KtYu|| = 13.4053
||rj|| = 14.2786
||yj|| = 0.847975
||rphi|| = 0.00236087
||rp|| = 0.0711007
||y|| = 495.249
FGMRES iteration : 105 || r || = 0.0479579
||xi|| = 416.828
||eta|| = 0.241684
||yp|| = 458.745
||yphi|| = 0.150563
||BtYp|| = 2.62178
||ru|| = 2.6229
||yu|| = 128.565
||GtYphi|| = 1.62907
||KtYu|| = 13.1201
||rj|| = 13.926
||yj|| = 0.83659
||rphi|| = 0.00114589
||rp|| = 0.0716417
||y|| = 476.421
FGMRES iteration : 106 || r || = 0.047913
||xi|| = 464.74
||eta|| = 0.302997
||yp|| = 511.462
||yphi|| = 0.17571
||BtYp|| = 2.55444
||ru|| = 2.55536
||yu|| = 124.411
||GtYphi|| = 1.89885
||KtYu|| = 12.6365
||rj|| = 13.4234
||yj|| = 0.813755
||rphi|| = 0.00144356
||rp|| = 0.0700903
||y|| = 526.376
FGMRES iteration : 107 || r || = 0.0478817
||xi|| = 445.677
||eta|| = 0.260556
||yp|| = 490.49
||yphi|| = 0.405296
||BtYp|| = 2.86738
||ru|| = 2.86897
||yu|| = 138.616
||GtYphi|| = 1.79224
||KtYu|| = 13.7809
||rj|| = 14.6147
||yj|| = 0.896612
||rphi|| = 0.00307682
||rp|| = 0.0786662
||y|| = 509.702
FGMRES iteration : 108 || r || = 0.0478529
||xi|| = 388.011
||eta|| = 0.29503
||yp|| = 427.058
||yphi|| = 0.202211
||BtYp|| = 2.24856
||ru|| = 2.24939
||yu|| = 111.165
||GtYphi|| = 1.8923
||KtYu|| = 12.042
||rj|| = 12.8567
||yj|| = 0.718212
||rphi|| = 0.00151681
||rp|| = 0.0619856
||y|| = 441.29
FGMRES iteration : 109 || r || = 0.0478058
||xi|| = 363.329
||eta|| = 0.25765
||yp|| = 399.913
||yphi|| = 0.377665
||BtYp|| = 2.09509
||ru|| = 2.09711
||yu|| = 111.004
||GtYphi|| = 2.14639
||KtYu|| = 12.7125
||rj|| = 13.5938
||yj|| = 0.818759
||rphi|| = 0.00303577
||rp|| = 0.0618552
||y|| = 415.034
FGMRES iteration : 110 || r || = 0.0477747
||xi|| = 369.055
||eta|| = 0.265293
||yp|| = 406.213
||yphi|| = 0.178324
||BtYp|| = 2.11994
||ru|| = 2.12114
||yu|| = 109.898
||GtYphi|| = 1.8866
||KtYu|| = 12.6434
||rj|| = 13.5666
||yj|| = 0.84054
||rphi|| = 0.00153378
||rp|| = 0.0611183
||y|| = 420.818
FGMRES iteration : 111 || r || = 0.0477567
||xi|| = 362.226
||eta|| = 0.242396
||yp|| = 398.699
||yphi|| = 0.327032
||BtYp|| = 2.10684
||ru|| = 2.10837
||yu|| = 107.429
||GtYphi|| = 2.00727
||KtYu|| = 11.5675
||rj|| = 12.4169
||yj|| = 0.743795
||rphi|| = 0.00260339
||rp|| = 0.0593734
||y|| = 412.92
FGMRES iteration : 112 || r || = 0.0477359
||xi|| = 380.764
||eta|| = 0.295553
||yp|| = 419.075
||yphi|| = 0.302975
||BtYp|| = 2.41548
||ru|| = 2.41602
||yu|| = 118.394
||GtYphi|| = 1.76012
||KtYu|| = 13.531
||rj|| = 14.3931
||yj|| = 0.923302
||rphi|| = 0.00231825
||rp|| = 0.0660553
||y|| = 435.479
FGMRES iteration : 113 || r || = 0.0477205
||xi|| = 376.425
||eta|| = 0.231622
||yp|| = 414.292
||yphi|| = 0.249735
||BtYp|| = 2.32173
||ru|| = 2.32347
||yu|| = 108.805
||GtYphi|| = 1.80604
||KtYu|| = 12.0864
||rj|| = 12.9415
||yj|| = 0.759628
||rphi|| = 0.0020377
||rp|| = 0.0611897
||y|| = 428.342
FGMRES iteration : 114 || r || = 0.047708
||xi|| = 371.884
||eta|| = 0.27518
||yp|| = 409.314
||yphi|| = 0.412238
||BtYp|| = 2.34719
||ru|| = 2.34808
||yu|| = 112.585
||GtYphi|| = 2.21357
||KtYu|| = 12.7417
||rj|| = 13.6485
||yj|| = 0.77807
||rphi|| = 0.00303522
||rp|| = 0.0628845
||y|| = 424.517
FGMRES iteration : 115 || r || = 0.0476671
||xi|| = 436.653
||eta|| = 0.252187
||yp|| = 480.555
||yphi|| = 0.395038
||BtYp|| = 2.96564
||ru|| = 2.96707
||yu|| = 133.307
||GtYphi|| = 1.8803
||KtYu|| = 13.494
||rj|| = 14.3327
||yj|| = 0.873727
||rphi|| = 0.00301905
||rp|| = 0.0760728
||y|| = 498.703
FGMRES iteration : 116 || r || = 0.0474778
||xi|| = 415.784
||eta|| = 0.285067
||yp|| = 457.602
||yphi|| = 0.366657
||BtYp|| = 2.80511
||ru|| = 2.80617
||yu|| = 127.102
||GtYphi|| = 2.32194
||KtYu|| = 12.5167
||rj|| = 13.4509
||yj|| = 0.762088
||rphi|| = 0.00292159
||rp|| = 0.0715777
||y|| = 474.926
FGMRES iteration : 117 || r || = 0.0467652
||xi|| = 466.632
||eta|| = 0.264747
||yp|| = 513.56
||yphi|| = 0.408329
||BtYp|| = 2.86993
||ru|| = 2.87058
||yu|| = 133.87
||GtYphi|| = 2.12238
||KtYu|| = 13.2498
||rj|| = 14.1303
||yj|| = 0.847431
||rphi|| = 0.0031682
||rp|| = 0.0728551
||y|| = 530.722
FGMRES iteration : 118 || r || = 0.0454919
||xi|| = 428.968
||eta|| = 0.242461
||yp|| = 472.102
||yphi|| = 0.178973
||BtYp|| = 2.87385
||ru|| = 2.87523
||yu|| = 129.899
||GtYphi|| = 1.75608
||KtYu|| = 12.4198
||rj|| = 13.2492
||yj|| = 0.792423
||rphi|| = 0.00146962
||rp|| = 0.0722996
||y|| = 489.648
FGMRES iteration : 119 || r || = 0.0433834
||xi|| = 425.589
||eta|| = 0.296946
||yp|| = 468.398
||yphi|| = 0.239683
||BtYp|| = 2.77168
||ru|| = 2.77297
||yu|| = 128.854
||GtYphi|| = 1.67719
||KtYu|| = 11.8799
||rj|| = 12.6903
||yj|| = 0.697223
||rphi|| = 0.00187501
||rp|| = 0.0707414
||y|| = 485.799
FGMRES iteration : 120 || r || = 0.041762
||xi|| = 476.217
||eta|| = 0.262433
||yp|| = 524.132
||yphi|| = 0.343023
||BtYp|| = 3.1201
||ru|| = 3.12101
||yu|| = 146.719
||GtYphi|| = 1.89846
||KtYu|| = 12.8893
||rj|| = 13.7406
||yj|| = 0.820831
||rphi|| = 0.00248273
||rp|| = 0.0796232
||y|| = 544.281
FGMRES iteration : 121 || r || = 0.0403696
||xi|| = 475.886
||eta|| = 0.311512
||yp|| = 523.772
||yphi|| = 0.355343
||BtYp|| = 3.15923
||ru|| = 3.16025
||yu|| = 146.283
||GtYphi|| = 1.998
||KtYu|| = 13.3302
||rj|| = 14.2147
||yj|| = 0.885301
||rphi|| = 0.00287226
||rp|| = 0.0801972
||y|| = 543.817
FGMRES iteration : 122 || r || = 0.0389746
||xi|| = 393.448
||eta|| = 0.292728
||yp|| = 433.005
||yphi|| = 0.389741
||BtYp|| = 2.68663
||ru|| = 2.6875
||yu|| = 124.559
||GtYphi|| = 2.11516
||KtYu|| = 12.5703
||rj|| = 13.4893
||yj|| = 0.773585
||rphi|| = 0.00323734
||rp|| = 0.0704335
||y|| = 450.565
FGMRES iteration : 123 || r || = 0.0381006
||xi|| = 416.705
||eta|| = 0.236919
||yp|| = 458.58
||yphi|| = 0.17504
||BtYp|| = 2.91124
||ru|| = 2.91246
||yu|| = 131.158
||GtYphi|| = 1.66889
||KtYu|| = 12.3582
||rj|| = 13.1278
||yj|| = 0.792319
||rphi|| = 0.001362
||rp|| = 0.0768693
||y|| = 476.968
FGMRES iteration : 124 || r || = 0.0378563
||xi|| = 523.505
||eta|| = 0.278154
||yp|| = 576.14
||yphi|| = 0.454387
||BtYp|| = 3.60099
||ru|| = 3.60202
||yu|| = 164.153
||GtYphi|| = 2.14262
||KtYu|| = 13.9349
||rj|| = 14.8241
||yj|| = 0.873429
||rphi|| = 0.00346092
||rp|| = 0.0927914
||y|| = 599.07
FGMRES iteration : 125 || r || = 0.0377486
||xi|| = 468.225
||eta|| = 0.243056
||yp|| = 515.326
||yphi|| = 0.300918
||BtYp|| = 3.17421
||ru|| = 3.17541
||yu|| = 144.437
||GtYphi|| = 2.21034
||KtYu|| = 12.5263
||rj|| = 13.4437
||yj|| = 0.780879
||rphi|| = 0.00240901
||rp|| = 0.0815962
||y|| = 535.186
FGMRES iteration : 126 || r || = 0.0377222
||xi|| = 422.252
||eta|| = 0.249952
||yp|| = 464.709
||yphi|| = 0.336987
||BtYp|| = 2.79546
||ru|| = 2.79747
||yu|| = 131.133
||GtYphi|| = 2.11959
||KtYu|| = 13.4376
||rj|| = 14.3279
||yj|| = 0.930113
||rphi|| = 0.00275865
||rp|| = 0.0728967
||y|| = 482.858
FGMRES iteration : 127 || r || = 0.0377032
||xi|| = 472.585
||eta|| = 0.245242
||yp|| = 520.081
||yphi|| = 0.47487
||BtYp|| = 3.17375
||ru|| = 3.1737
||yu|| = 137.474
||GtYphi|| = 2.64003
||KtYu|| = 12.8956
||rj|| = 13.9056
||yj|| = 0.790818
||rphi|| = 0.00371399
||rp|| = 0.0799267
||y|| = 537.944
FGMRES iteration : 128 || r || = 0.0376992
||xi|| = 513.77
||eta|| = 0.260881
||yp|| = 565.442
||yphi|| = 0.332856
||BtYp|| = 3.40278
||ru|| = 3.40454
||yu|| = 156.229
||GtYphi|| = 2.03395
||KtYu|| = 13.6484
||rj|| = 14.518
||yj|| = 0.822354
||rphi|| = 0.00270137
||rp|| = 0.0856128
||y|| = 586.628
FGMRES iteration : 129 || r || = 0.0376965
||xi|| = 537.406
||eta|| = 0.290221
||yp|| = 591.372
||yphi|| = 0.357415
||BtYp|| = 3.72072
||ru|| = 3.72216
||yu|| = 166.959
||GtYphi|| = 2.08252
||KtYu|| = 14.0835
||rj|| = 14.9284
||yj|| = 0.882685
||rphi|| = 0.00289627
||rp|| = 0.0943768
||y|| = 614.49
FGMRES iteration : 130 || r || = 0.0376941
||xi|| = 532.176
||eta|| = 0.402941
||yp|| = 585.644
||yphi|| = 0.436958
||BtYp|| = 3.79068
||ru|| = 3.79107
||yu|| = 162.305
||GtYphi|| = 2.21367
||KtYu|| = 13.4649
||rj|| = 14.2846
||yj|| = 0.842695
||rphi|| = 0.00331199
||rp|| = 0.0964202
||y|| = 607.719
FGMRES iteration : 131 || r || = 0.037694
||xi|| = 473.659
||eta|| = 0.250127
||yp|| = 521.263
||yphi|| = 0.274331
||BtYp|| = 3.38065
||ru|| = 3.38135
||yu|| = 145.452
||GtYphi|| = 1.92242
||KtYu|| = 12.8396
||rj|| = 13.7452
||yj|| = 0.808935
||rphi|| = 0.00202774
||rp|| = 0.0860268
||y|| = 541.177
FGMRES iteration : 132 || r || = 0.0376891
||xi|| = 450.451
||eta|| = 0.248262
||yp|| = 495.746
||yphi|| = 0.434966
||BtYp|| = 2.83941
||ru|| = 2.83999
||yu|| = 131.467
||GtYphi|| = 2.2459
||KtYu|| = 12.6711
||rj|| = 13.593
||yj|| = 0.820742
||rphi|| = 0.0032403
||rp|| = 0.073886
||y|| = 512.883
FGMRES iteration : 133 || r || = 0.0376441
||xi|| = 500.137
||eta|| = 0.300149
||yp|| = 550.436
||yphi|| = 0.260958
||BtYp|| = 3.33799
||ru|| = 3.33938
||yu|| = 150.044
||GtYphi|| = 1.78399
||KtYu|| = 13.2609
||rj|| = 14.1175
||yj|| = 0.814965
||rphi|| = 0.00195728
||rp|| = 0.0849451
||y|| = 570.52
FGMRES iteration : 134 || r || = 0.0375217
||xi|| = 373.659
||eta|| = 0.235259
||yp|| = 411.261
||yphi|| = 0.329939
||BtYp|| = 2.35728
||ru|| = 2.35893
||yu|| = 113.803
||GtYphi|| = 2.29801
||KtYu|| = 12.6312
||rj|| = 13.5514
||yj|| = 0.832084
||rphi|| = 0.00280589
||rp|| = 0.0639632
||y|| = 426.717
FGMRES iteration : 135 || r || = 0.0373416
||xi|| = 471.2
||eta|| = 0.236718
||yp|| = 518.564
||yphi|| = 0.47729
||BtYp|| = 3.33548
||ru|| = 3.33511
||yu|| = 143.621
||GtYphi|| = 2.45079
||KtYu|| = 13.3943
||rj|| = 14.4148
||yj|| = 0.835358
||rphi|| = 0.00381102
||rp|| = 0.0868135
||y|| = 538.086
FGMRES iteration : 136 || r || = 0.0369543
||xi|| = 458.031
||eta|| = 0.262526
||yp|| = 504.088
||yphi|| = 0.217554
||BtYp|| = 2.99997
||ru|| = 3.00088
||yu|| = 136.076
||GtYphi|| = 1.95037
||KtYu|| = 12.4734
||rj|| = 13.322
||yj|| = 0.765936
||rphi|| = 0.00162854
||rp|| = 0.079027
||y|| = 522.132
FGMRES iteration : 137 || r || = 0.036052
||xi|| = 419.155
||eta|| = 0.302951
||yp|| = 461.356
||yphi|| = 0.231343
||BtYp|| = 2.58895
||ru|| = 2.59049
||yu|| = 125.78
||GtYphi|| = 1.69519
||KtYu|| = 13.1784
||rj|| = 14.0747
||yj|| = 0.840311
||rphi|| = 0.00172876
||rp|| = 0.0704862
||y|| = 478.195
FGMRES iteration : 138 || r || = 0.0346267
||xi|| = 432.067
||eta|| = 0.285875
||yp|| = 475.521
||yphi|| = 0.153245
||BtYp|| = 2.8966
||ru|| = 2.8973
||yu|| = 134.784
||GtYphi|| = 1.54035
||KtYu|| = 12.3083
||rj|| = 13.0859
||yj|| = 0.784398
||rphi|| = 0.00126279
||rp|| = 0.0766443
||y|| = 494.255
FGMRES iteration : 139 || r || = 0.0333662
||xi|| = 440.435
||eta|| = 0.26531
||yp|| = 484.732
||yphi|| = 0.274921
||BtYp|| = 2.59159
||ru|| = 2.59226
||yu|| = 124.71
||GtYphi|| = 1.95179
||KtYu|| = 12.4803
||rj|| = 13.3646
||yj|| = 0.779867
||rphi|| = 0.00221658
||rp|| = 0.0683927
||y|| = 500.519
FGMRES iteration : 140 || r || = 0.0322049
||xi|| = 366.671
||eta|| = 0.229798
||yp|| = 403.563
||yphi|| = 0.289339
||BtYp|| = 2.15677
||ru|| = 2.15827
||yu|| = 108.514
||GtYphi|| = 1.83949
||KtYu|| = 12.8856
||rj|| = 13.7415
||yj|| = 0.855155
||rphi|| = 0.00239501
||rp|| = 0.0606453
||y|| = 417.899
FGMRES iteration : 141 || r || = 0.0312128
||xi|| = 350.381
||eta|| = 0.308126
||yp|| = 385.691
||yphi|| = 0.19155
||BtYp|| = 2.093
||ru|| = 2.09394
||yu|| = 113.383
||GtYphi|| = 1.60128
||KtYu|| = 12.3059
||rj|| = 13.087
||yj|| = 0.809611
||rphi|| = 0.00154185
||rp|| = 0.0619674
||y|| = 402.013
FGMRES iteration : 142 || r || = 0.0305778
||xi|| = 397.271
||eta|| = 0.304613
||yp|| = 437.226
||yphi|| = 0.176703
||BtYp|| = 2.22493
||ru|| = 2.22607
||yu|| = 110.496
||GtYphi|| = 1.87861
||KtYu|| = 11.5579
||rj|| = 12.4196
||yj|| = 0.730886
||rphi|| = 0.00151561
||rp|| = 0.061123
||y|| = 450.973
FGMRES iteration : 143 || r || = 0.0303391
||xi|| = 372.126
||eta|| = 0.25483
||yp|| = 409.585
||yphi|| = 0.16764
||BtYp|| = 2.23498
||ru|| = 2.23633
||yu|| = 118.36
||GtYphi|| = 1.81478
||KtYu|| = 13.4548
||rj|| = 14.3223
||yj|| = 0.879992
||rphi|| = 0.00130956
||rp|| = 0.0651053
||y|| = 426.345
FGMRES iteration : 144 || r || = 0.0302223
||xi|| = 354.837
||eta|| = 0.240608
||yp|| = 390.56
||yphi|| = 0.410029
||BtYp|| = 1.90781
||ru|| = 1.90906
||yu|| = 100.34
||GtYphi|| = 2.14573
||KtYu|| = 12.3016
||rj|| = 13.2597
||yj|| = 0.755009
||rphi|| = 0.00318438
||rp|| = 0.0538413
||y|| = 403.244
FGMRES iteration : 145 || r || = 0.0301709
||xi|| = 336.353
||eta|| = 0.315778
||yp|| = 370.239
||yphi|| = 0.538985
||BtYp|| = 1.91293
||ru|| = 1.91407
||yu|| = 106.308
||GtYphi|| = 2.30126
||KtYu|| = 11.8335
||rj|| = 12.6997
||yj|| = 0.759551
||rphi|| = 0.00407037
||rp|| = 0.0556801
||y|| = 385.2
FGMRES iteration : 146 || r || = 0.0301561
||xi|| = 429.598
||eta|| = 0.362375
||yp|| = 472.896
||yphi|| = 0.114266
||BtYp|| = 2.65232
||ru|| = 2.65348
||yu|| = 144.132
||GtYphi|| = 1.39435
||KtYu|| = 13.9617
||rj|| = 14.8214
||yj|| = 0.92974
||rphi|| = 0.000933495
||rp|| = 0.0762677
||y|| = 494.374
FGMRES iteration : 147 || r || = 0.0301503
||xi|| = 407.731
||eta|| = 0.351979
||yp|| = 448.758
||yphi|| = 0.319976
||BtYp|| = 2.39494
||ru|| = 2.39535
||yu|| = 122.579
||GtYphi|| = 2.02638
||KtYu|| = 13.0996
||rj|| = 13.9964
||yj|| = 0.78789
||rphi|| = 0.00244547
||rp|| = 0.0666348
||y|| = 465.199
FGMRES iteration : 148 || r || = 0.0301496
||xi|| = 425.929
||eta|| = 0.416383
||yp|| = 468.803
||yphi|| = 0.27063
||BtYp|| = 2.69822
||ru|| = 2.6988
||yu|| = 130.576
||GtYphi|| = 1.61616
||KtYu|| = 13.2612
||rj|| = 14.0737
||yj|| = 0.853406
||rphi|| = 0.00227799
||rp|| = 0.0699979
||y|| = 486.648
FGMRES iteration : 149 || r || = 0.0301482
||xi|| = 445.843
||eta|| = 0.296164
||yp|| = 490.697
||yphi|| = 0.202123
||BtYp|| = 2.80708
||ru|| = 2.80807
||yu|| = 135.093
||GtYphi|| = 1.84338
||KtYu|| = 13.283
||rj|| = 14.0961
||yj|| = 0.82368
||rphi|| = 0.00139195
||rp|| = 0.073077
||y|| = 508.954
FGMRES iteration : 150 || r || = 0.0301409
||xi|| = 435.759
||eta|| = 0.266157
||yp|| = 479.615
||yphi|| = 0.339385
||BtYp|| = 2.54626
||ru|| = 2.54694
||yu|| = 125.721
||GtYphi|| = 2.05843
||KtYu|| = 12.2345
||rj|| = 13.1528
||yj|| = 0.727085
||rphi|| = 0.00255821
||rp|| = 0.0661938
||y|| = 495.819
FGMRES iteration : 151 || r || = 0.0301322
||xi|| = 425.848
||eta|| = 0.317511
||yp|| = 468.692
||yphi|| = 0.392291
||BtYp|| = 2.56588
||ru|| = 2.56753
||yu|| = 123.981
||GtYphi|| = 1.8408
||KtYu|| = 13.9072
||rj|| = 14.7852
||yj|| = 0.883052
||rphi|| = 0.00282057
||rp|| = 0.0651642
||y|| = 484.814
FGMRES iteration : 152 || r || = 0.0301127
||xi|| = 395.894
||eta|| = 0.268397
||yp|| = 435.695
||yphi|| = 0.25724
||BtYp|| = 2.47948
||ru|| = 2.48068
||yu|| = 112.174
||GtYphi|| = 1.89287
||KtYu|| = 11.7492
||rj|| = 12.5359
||yj|| = 0.71445
||rphi|| = 0.00174726
||rp|| = 0.0627824
||y|| = 449.904
FGMRES iteration : 153 || r || = 0.0300762
||xi|| = 437.972
||eta|| = 0.290895
||yp|| = 482.013
||yphi|| = 0.336058
||BtYp|| = 2.76445
||ru|| = 2.76555
||yu|| = 138.43
||GtYphi|| = 2.06879
||KtYu|| = 14.1715
||rj|| = 15.0755
||yj|| = 0.867156
||rphi|| = 0.00263851
||rp|| = 0.0747379
||y|| = 501.498
FGMRES iteration : 154 || r || = 0.0299841
||xi|| = 420.463
||eta|| = 0.269359
||yp|| = 462.761
||yphi|| = 0.251083
||BtYp|| = 2.47207
||ru|| = 2.47282
||yu|| = 114.725
||GtYphi|| = 1.90254
||KtYu|| = 11.6407
||rj|| = 12.4299
||yj|| = 0.765973
||rphi|| = 0.00194513
||rp|| = 0.0641152
||y|| = 476.77
FGMRES iteration : 155 || r || = 0.0298052
||xi|| = 454.34
||eta|| = 0.321238
||yp|| = 500.048
||yphi|| = 0.350253
||BtYp|| = 3.0111
||ru|| = 3.01252
||yu|| = 145.219
||GtYphi|| = 1.88281
||KtYu|| = 13.6832
||rj|| = 14.5748
||yj|| = 0.874211
||rphi|| = 0.0027691
||rp|| = 0.0804888
||y|| = 520.708
FGMRES iteration : 156 || r || = 0.0293354
||xi|| = 472.507
||eta|| = 0.360775
||yp|| = 520.059
||yphi|| = 0.267508
||BtYp|| = 2.79115
||ru|| = 2.79181
||yu|| = 141.13
||GtYphi|| = 2.00591
||KtYu|| = 12.8573
||rj|| = 13.65
||yj|| = 0.783819
||rphi|| = 0.00219652
||rp|| = 0.073583
||y|| = 538.869
FGMRES iteration : 157 || r || = 0.0287291
||xi|| = 443.089
||eta|| = 0.354105
||yp|| = 487.669
||yphi|| = 0.169159
||BtYp|| = 2.80383
||ru|| = 2.80511
||yu|| = 138.978
||GtYphi|| = 1.54856
||KtYu|| = 13.5838
||rj|| = 14.4398
||yj|| = 0.879422
||rphi|| = 0.00136904
||rp|| = 0.076024
||y|| = 507.087
FGMRES iteration : 158 || r || = 0.0277329
||xi|| = 470.876
||eta|| = 0.281136
||yp|| = 518.249
||yphi|| = 0.23353
||BtYp|| = 2.83724
||ru|| = 2.83825
||yu|| = 147.034
||GtYphi|| = 1.77082
||KtYu|| = 12.542
||rj|| = 13.3688
||yj|| = 0.732675
||rphi|| = 0.00184519
||rp|| = 0.0782749
||y|| = 538.704
FGMRES iteration : 159 || r || = 0.0265853
||xi|| = 427.519
||eta|| = 0.281612
||yp|| = 470.527
||yphi|| = 0.293551
||BtYp|| = 2.62733
||ru|| = 2.6279
||yu|| = 128.37
||GtYphi|| = 1.9518
||KtYu|| = 12.2272
||rj|| = 13.0567
||yj|| = 0.770099
||rphi|| = 0.00277177
||rp|| = 0.0693219
||y|| = 487.724
FGMRES iteration : 160 || r || = 0.0256217
||xi|| = 508.606
||eta|| = 0.374201
||yp|| = 559.702
||yphi|| = 0.246885
||BtYp|| = 3.26372
||ru|| = 3.26467
||yu|| = 154.509
||GtYphi|| = 1.59082
||KtYu|| = 13.4974
||rj|| = 14.2899
||yj|| = 0.851591
||rphi|| = 0.00189335
||rp|| = 0.0842829
||y|| = 580.638
FGMRES iteration : 161 || r || = 0.025075
||xi|| = 452.799
||eta|| = 0.312841
||yp|| = 498.343
||yphi|| = 0.190413
||BtYp|| = 2.62803
||ru|| = 2.62902
||yu|| = 133.104
||GtYphi|| = 1.72083
||KtYu|| = 12.7167
||rj|| = 13.5556
||yj|| = 0.772705
||rphi|| = 0.00143919
||rp|| = 0.0696361
||y|| = 515.813
FGMRES iteration : 162 || r || = 0.0248132
||xi|| = 402.142
||eta|| = 0.28858
||yp|| = 442.596
||yphi|| = 0.176735
||BtYp|| = 2.34735
||ru|| = 2.34862
||yu|| = 123.465
||GtYphi|| = 1.62174
||KtYu|| = 13.3432
||rj|| = 14.1462
||yj|| = 0.856352
||rphi|| = 0.00146409
||rp|| = 0.0666851
||y|| = 459.495
FGMRES iteration : 163 || r || = 0.0246302
||xi|| = 440.309
||eta|| = 0.402318
||yp|| = 484.602
||yphi|| = 0.164203
||BtYp|| = 2.67664
||ru|| = 2.67808
||yu|| = 134.977
||GtYphi|| = 1.67093
||KtYu|| = 14.0515
||rj|| = 14.8462
||yj|| = 0.871797
||rphi|| = 0.00133086
||rp|| = 0.0697283
||y|| = 503.049
FGMRES iteration : 164 || r || = 0.0245021
||xi|| = 406.076
||eta|| = 0.415449
||yp|| = 446.966
||yphi|| = 0.216609
||BtYp|| = 2.4573
||ru|| = 2.45864
||yu|| = 118.518
||GtYphi|| = 1.9623
||KtYu|| = 11.7401
||rj|| = 12.5745
||yj|| = 0.741158
||rphi|| = 0.00170135
||rp|| = 0.0649368
||y|| = 462.413
FGMRES iteration : 165 || r || = 0.0244335
||xi|| = 397.311
||eta|| = 0.22841
||yp|| = 437.29
||yphi|| = 0.323144
||BtYp|| = 2.45514
||ru|| = 2.45654
||yu|| = 129.388
||GtYphi|| = 1.83054
||KtYu|| = 13.7148
||rj|| = 14.6064
||yj|| = 0.918512
||rphi|| = 0.00221945
||rp|| = 0.0687735
||y|| = 456.031
FGMRES iteration : 166 || r || = 0.0243818
||xi|| = 420.662
||eta|| = 0.294247
||yp|| = 462.998
||yphi|| = 0.230661
||BtYp|| = 2.40484
||ru|| = 2.4062
||yu|| = 121.661
||GtYphi|| = 1.9342
||KtYu|| = 12.3154
||rj|| = 13.1219
||yj|| = 0.792673
||rphi|| = 0.00184065
||rp|| = 0.0638986
||y|| = 478.716
FGMRES iteration : 167 || r || = 0.024372
||xi|| = 370.768
||eta|| = 0.352202
||yp|| = 408.11
||yphi|| = 0.215872
||BtYp|| = 2.13985
||ru|| = 2.14186
||yu|| = 115.387
||GtYphi|| = 1.97284
||KtYu|| = 12.2966
||rj|| = 13.105
||yj|| = 0.809445
||rphi|| = 0.00167927
||rp|| = 0.0627311
||y|| = 424.11
FGMRES iteration : 168 || r || = 0.0243718
||xi|| = 438.046
||eta|| = 0.484047
||yp|| = 482.153
||yphi|| = 0.194053
||BtYp|| = 2.64921
||ru|| = 2.65071
||yu|| = 143.116
||GtYphi|| = 1.82449
||KtYu|| = 14.7312
||rj|| = 15.5508
||yj|| = 1.00534
||rphi|| = 0.00158613
||rp|| = 0.0774111
||y|| = 502.946
FGMRES iteration : 169 || r || = 0.0243702
||xi|| = 403.509
||eta|| = 0.251867
||yp|| = 444.125
||yphi|| = 0.479301
||BtYp|| = 2.31485
||ru|| = 2.31608
||yu|| = 119.314
||GtYphi|| = 2.10419
||KtYu|| = 12.7468
||rj|| = 13.6108
||yj|| = 0.840024
||rphi|| = 0.0037461
||rp|| = 0.0651482
||y|| = 459.873
FGMRES iteration : 170 || r || = 0.0243612
||xi|| = 471.996
||eta|| = 0.440547
||yp|| = 519.547
||yphi|| = 0.260155
||BtYp|| = 3.07272
||ru|| = 3.07342
||yu|| = 151.837
||GtYphi|| = 2.01356
||KtYu|| = 13.0629
||rj|| = 13.8212
||yj|| = 0.893043
||rphi|| = 0.00217215
||rp|| = 0.0808855
||y|| = 541.28
FGMRES iteration : 171 || r || = 0.0243539
||xi|| = 483.477
||eta|| = 0.307661
||yp|| = 532.14
||yphi|| = 0.193579
||BtYp|| = 3.13289
||ru|| = 3.13394
||yu|| = 152.467
||GtYphi|| = 1.76221
||KtYu|| = 13.4129
||rj|| = 14.2365
||yj|| = 0.846925
||rphi|| = 0.00168478
||rp|| = 0.0840536
||y|| = 553.552
FGMRES iteration : 172 || r || = 0.0243354
||xi|| = 487.954
||eta|| = 0.274331
||yp|| = 537.026
||yphi|| = 0.299368
||BtYp|| = 3.34089
||ru|| = 3.34221
||yu|| = 153.598
||GtYphi|| = 1.67605
||KtYu|| = 13.4975
||rj|| = 14.2832
||yj|| = 0.881519
||rphi|| = 0.00232714
||rp|| = 0.0911269
||y|| = 558.561
FGMRES iteration : 173 || r || = 0.0242972
||xi|| = 454.522
||eta|| = 0.335329
||yp|| = 500.263
||yphi|| = 0.323995
||BtYp|| = 3.07377
||ru|| = 3.07498
||yu|| = 146.007
||GtYphi|| = 2.03059
||KtYu|| = 13.2509
||rj|| = 14.0804
||yj|| = 0.842642
||rphi|| = 0.00250219
||rp|| = 0.0809716
||y|| = 521.135
FGMRES iteration : 174 || r || = 0.0242402
||xi|| = 443.94
||eta|| = 0.391217
||yp|| = 488.585
||yphi|| = 0.298246
||BtYp|| = 2.79014
||ru|| = 2.79152
||yu|| = 135.371
||GtYphi|| = 1.92779
||KtYu|| = 13.0844
||rj|| = 13.9259
||yj|| = 0.858177
||rphi|| = 0.00257011
||rp|| = 0.074797
||y|| = 506.993
FGMRES iteration : 175 || r || = 0.0240996
||xi|| = 412.029
||eta|| = 0.329091
||yp|| = 453.522
||yphi|| = 0.296895
||BtYp|| = 2.4112
||ru|| = 2.41236
||yu|| = 123.723
||GtYphi|| = 1.91375
||KtYu|| = 13.788
||rj|| = 14.597
||yj|| = 0.93814
||rphi|| = 0.0022915
||rp|| = 0.0639677
||y|| = 470.097
FGMRES iteration : 176 || r || = 0.0238016
||xi|| = 397.045
||eta|| = 0.254354
||yp|| = 437.002
||yphi|| = 0.183199
||BtYp|| = 2.28239
||ru|| = 2.28346
||yu|| = 111.123
||GtYphi|| = 1.7181
||KtYu|| = 12.4038
||rj|| = 13.2709
||yj|| = 0.803551
||rphi|| = 0.00139608
||rp|| = 0.0606969
||y|| = 450.91
FGMRES iteration : 177 || r || = 0.0230592
||xi|| = 374.032
||eta|| = 0.311031
||yp|| = 411.631
||yphi|| = 0.301323
||BtYp|| = 2.35716
||ru|| = 2.35804
||yu|| = 114.555
||GtYphi|| = 1.86116
||KtYu|| = 12.4296
||rj|| = 13.2615
||yj|| = 0.790886
||rphi|| = 0.00254106
||rp|| = 0.0636378
||y|| = 427.275
FGMRES iteration : 178 || r || = 0.0221344
||xi|| = 404.162
||eta|| = 0.306073
||yp|| = 444.863
||yphi|| = 0.360171
||BtYp|| = 2.61677
||ru|| = 2.61785
||yu|| = 130.324
||GtYphi|| = 2.03546
||KtYu|| = 12.6288
||rj|| = 13.4918
||yj|| = 0.803641
||rphi|| = 0.00339828
||rp|| = 0.0713625
||y|| = 463.56
FGMRES iteration : 179 || r || = 0.0210693
||xi|| = 445.048
||eta|| = 0.255802
||yp|| = 489.807
||yphi|| = 0.298161
||BtYp|| = 2.85884
||ru|| = 2.85987
||yu|| = 137.888
||GtYphi|| = 1.71915
||KtYu|| = 13.0993
||rj|| = 13.909
||yj|| = 0.826804
||rphi|| = 0.0024028
||rp|| = 0.0775696
||y|| = 508.846
FGMRES iteration : 180 || r || = 0.0202655
||xi|| = 458.039
||eta|| = 0.28406
||yp|| = 504.111
||yphi|| = 0.258662
||BtYp|| = 2.90765
||ru|| = 2.90868
||yu|| = 145.262
||GtYphi|| = 1.66769
||KtYu|| = 12.8077
||rj|| = 13.6168
||yj|| = 0.852485
||rphi|| = 0.00212133
||rp|| = 0.0778769
||y|| = 524.623
FGMRES iteration : 181 || r || = 0.0197727
||xi|| = 493.06
||eta|| = 0.286679
||yp|| = 542.61
||yphi|| = 0.217527
||BtYp|| = 3.17036
||ru|| = 3.17085
||yu|| = 152.352
||GtYphi|| = 1.678
||KtYu|| = 12.7994
||rj|| = 13.5547
||yj|| = 0.834105
||rphi|| = 0.00174689
||rp|| = 0.083783
||y|| = 563.594
FGMRES iteration : 182 || r || = 0.0195188
||xi|| = 471.841
||eta|| = 0.308819
||yp|| = 519.299
||yphi|| = 0.211375
||BtYp|| = 2.90362
||ru|| = 2.90479
||yu|| = 143.785
||GtYphi|| = 1.70456
||KtYu|| = 13.0395
||rj|| = 13.8573
||yj|| = 0.813932
||rphi|| = 0.00167823
||rp|| = 0.0775734
||y|| = 538.838
FGMRES iteration : 183 || r || = 0.0193905
||xi|| = 450.721
||eta|| = 0.348946
||yp|| = 496.065
||yphi|| = 0.210861
||BtYp|| = 2.89546
||ru|| = 2.89619
||yu|| = 143.487
||GtYphi|| = 1.75096
||KtYu|| = 13.1326
||rj|| = 13.9812
||yj|| = 0.856307
||rphi|| = 0.00184979
||rp|| = 0.0780907
||y|| = 516.401
FGMRES iteration : 184 || r || = 0.0193196
||xi|| = 627.644
||eta|| = 0.470568
||yp|| = 690.705
||yphi|| = 0.239284
||BtYp|| = 4.31675
||ru|| = 4.31799
||yu|| = 194.705
||GtYphi|| = 1.84721
||KtYu|| = 13.9958
||rj|| = 14.6121
||yj|| = 0.881012
||rphi|| = 0.00213386
||rp|| = 0.108484
||y|| = 717.624
FGMRES iteration : 185 || r || = 0.019305
||xi|| = 629.021
||eta|| = 0.388299
||yp|| = 692.25
||yphi|| = 0.176819
||BtYp|| = 4.40665
||ru|| = 4.40754
||yu|| = 198.803
||GtYphi|| = 1.55661
||KtYu|| = 15.5001
||rj|| = 16.2734
||yj|| = 0.954255
||rphi|| = 0.00132276
||rp|| = 0.111102
||y|| = 720.231
FGMRES iteration : 186 || r || = 0.0192992
||xi|| = 481.779
||eta|| = 0.410046
||yp|| = 530.263
||yphi|| = 0.240819
||BtYp|| = 3.14433
||ru|| = 3.14404
||yu|| = 150.515
||GtYphi|| = 1.91838
||KtYu|| = 12.6489
||rj|| = 13.3976
||yj|| = 0.79641
||rphi|| = 0.00170125
||rp|| = 0.081114
||y|| = 551.211
FGMRES iteration : 187 || r || = 0.0192944
||xi|| = 522.933
||eta|| = 0.343021
||yp|| = 575.505
||yphi|| = 0.255631
||BtYp|| = 3.55067
||ru|| = 3.55179
||yu|| = 158.968
||GtYphi|| = 1.8298
||KtYu|| = 13.0411
||rj|| = 13.842
||yj|| = 0.781118
||rphi|| = 0.00191664
||rp|| = 0.0904457
||y|| = 597.058
FGMRES iteration : 188 || r || = 0.0192873
||xi|| = 488.68
||eta|| = 0.321003
||yp|| = 537.818
||yphi|| = 0.313509
||BtYp|| = 3.276
||ru|| = 3.27568
||yu|| = 159.124
||GtYphi|| = 1.93475
||KtYu|| = 14.5684
||rj|| = 15.4246
||yj|| = 0.906919
||rphi|| = 0.00278247
||rp|| = 0.0880054
||y|| = 560.865
FGMRES iteration : 189 || r || = 0.019282
||xi|| = 456.069
||eta|| = 0.238819
||yp|| = 501.918
||yphi|| = 0.229583
||BtYp|| = 2.88798
||ru|| = 2.8884
||yu|| = 136.998
||GtYphi|| = 1.78005
||KtYu|| = 12.7307
||rj|| = 13.5319
||yj|| = 0.71521
||rphi|| = 0.00175163
||rp|| = 0.0748767
||y|| = 520.28
FGMRES iteration : 190 || r || = 0.0192788
||xi|| = 463.788
||eta|| = 0.277731
||yp|| = 510.426
||yphi|| = 0.192212
||BtYp|| = 2.86958
||ru|| = 2.87034
||yu|| = 138.62
||GtYphi|| = 1.80229
||KtYu|| = 13.0593
||rj|| = 13.911
||yj|| = 0.735957
||rphi|| = 0.00143525
||rp|| = 0.0761741
||y|| = 528.915
FGMRES iteration : 191 || r || = 0.0192771
||xi|| = 444.649
||eta|| = 0.331455
||yp|| = 489.403
||yphi|| = 0.192634
||BtYp|| = 2.64578
||ru|| = 2.64678
||yu|| = 135.659
||GtYphi|| = 1.79954
||KtYu|| = 13.3609
||rj|| = 14.2277
||yj|| = 0.843645
||rphi|| = 0.00152565
||rp|| = 0.0742337
||y|| = 507.858
FGMRES iteration : 192 || r || = 0.0192727
||xi|| = 465.757
||eta|| = 0.388627
||yp|| = 512.693
||yphi|| = 0.334123
||BtYp|| = 2.78076
||ru|| = 2.78137
||yu|| = 146.173
||GtYphi|| = 2.27917
||KtYu|| = 13.0228
||rj|| = 14.0044
||yj|| = 0.803779
||rphi|| = 0.00246371
||rp|| = 0.0760933
||y|| = 533.124
FGMRES iteration : 193 || r || = 0.0192509
||xi|| = 411.163
||eta|| = 0.355014
||yp|| = 452.539
||yphi|| = 0.31979
||BtYp|| = 2.60271
||ru|| = 2.60267
||yu|| = 128.48
||GtYphi|| = 1.95481
||KtYu|| = 12.3841
||rj|| = 13.1556
||yj|| = 0.779029
||rphi|| = 0.00277594
||rp|| = 0.0700915
||y|| = 470.425
FGMRES iteration : 194 || r || = 0.0192034
||xi|| = 470.769
||eta|| = 0.35016
||yp|| = 518.145
||yphi|| = 0.343494
||BtYp|| = 3.13165
||ru|| = 3.13219
||yu|| = 153.69
||GtYphi|| = 1.9436
||KtYu|| = 14.7767
||rj|| = 15.5606
||yj|| = 0.95486
||rphi|| = 0.00276131
||rp|| = 0.0869407
||y|| = 540.459
FGMRES iteration : 195 || r || = 0.0190627
||xi|| = 446.246
||eta|| = 0.343322
||yp|| = 491.17
||yphi|| = 0.219463
||BtYp|| = 2.82871
||ru|| = 2.82944
||yu|| = 136.821
||GtYphi|| = 1.96759
||KtYu|| = 12.827
||rj|| = 13.6428
||yj|| = 0.773133
||rphi|| = 0.00166325
||rp|| = 0.0763362
||y|| = 509.871
FGMRES iteration : 196 || r || = 0.0188506
||xi|| = 380.269
||eta|| = 0.254517
||yp|| = 418.532
||yphi|| = 0.245137
||BtYp|| = 2.27043
||ru|| = 2.27133
||yu|| = 114.071
||GtYphi|| = 1.84695
||KtYu|| = 12.1615
||rj|| = 12.9977
||yj|| = 0.775341
||rphi|| = 0.0019799
||rp|| = 0.0639855
||y|| = 433.799
FGMRES iteration : 197 || r || = 0.0184873
||xi|| = 441.869
||eta|| = 0.298506
||yp|| = 486.373
||yphi|| = 0.28389
||BtYp|| = 2.8601
||ru|| = 2.86165
||yu|| = 147.396
||GtYphi|| = 1.85993
||KtYu|| = 14.4338
||rj|| = 15.3288
||yj|| = 0.89345
||rphi|| = 0.00238759
||rp|| = 0.0809137
||y|| = 508.218
FGMRES iteration : 198 || r || = 0.0174809
||xi|| = 361.885
||eta|| = 0.241964
||yp|| = 398.314
||yphi|| = 0.254014
||BtYp|| = 2.01215
||ru|| = 2.01354
||yu|| = 103.019
||GtYphi|| = 1.87223
||KtYu|| = 10.7573
||rj|| = 11.5566
||yj|| = 0.643107
||rphi|| = 0.00209776
||rp|| = 0.0575989
||y|| = 411.422
FGMRES iteration : 199 || r || = 0.0166599
||xi|| = 421.116
||eta|| = 0.286131
||yp|| = 463.479
||yphi|| = 0.155675
||BtYp|| = 2.61206
||ru|| = 2.61336
||yu|| = 134.666
||GtYphi|| = 1.53772
||KtYu|| = 13.6834
||rj|| = 14.4657
||yj|| = 0.884095
||rphi|| = 0.00127113
||rp|| = 0.0760648
||y|| = 482.648
FGMRES iteration : 200 || r || = 0.015743
||xi|| = 381.847
||eta|| = 0.311396
||yp|| = 420.339
||yphi|| = 0.238423
||BtYp|| = 2.2336
||ru|| = 2.23457
||yu|| = 124.34
||GtYphi|| = 1.82778
||KtYu|| = 12.9178
||rj|| = 13.7803
||yj|| = 0.834005
||rphi|| = 0.0019116
||rp|| = 0.0661163
||y|| = 438.345
FGMRES iteration : 201 || r || = 0.0148747
||xi|| = 406.285
||eta|| = 0.293862
||yp|| = 447.192
||yphi|| = 0.17886
||BtYp|| = 2.25722
||ru|| = 2.2587
||yu|| = 121.838
||GtYphi|| = 1.65089
||KtYu|| = 11.331
||rj|| = 12.0359
||yj|| = 0.712982
||rphi|| = 0.00144548
||rp|| = 0.0652913
||y|| = 463.493
FGMRES iteration : 202 || r || = 0.0146537
||xi|| = 494.485
||eta|| = 0.358391
||yp|| = 544.265
||yphi|| = 0.186243
||BtYp|| = 3.20404
||ru|| = 3.20517
||yu|| = 161.836
||GtYphi|| = 1.73539
||KtYu|| = 14.7638
||rj|| = 15.5803
||yj|| = 0.959656
||rphi|| = 0.00155351
||rp|| = 0.0881948
||y|| = 567.817
FGMRES iteration : 203 || r || = 0.0145345
||xi|| = 384.886
||eta|| = 0.309982
||yp|| = 423.62
||yphi|| = 0.290836
||BtYp|| = 2.17081
||ru|| = 2.1718
||yu|| = 114.27
||GtYphi|| = 2.10705
||KtYu|| = 12.2933
||rj|| = 13.1671
||yj|| = 0.763755
||rphi|| = 0.00265779
||rp|| = 0.0630931
||y|| = 438.762
FGMRES iteration : 204 || r || = 0.0144942
||xi|| = 408.004
||eta|| = 0.339507
||yp|| = 449.076
||yphi|| = 0.208313
||BtYp|| = 2.50538
||ru|| = 2.50662
||yu|| = 127.793
||GtYphi|| = 2.00924
||KtYu|| = 12.4139
||rj|| = 13.2049
||yj|| = 0.772091
||rphi|| = 0.00186042
||rp|| = 0.0706978
||y|| = 466.906
FGMRES iteration : 205 || r || = 0.0144706
||xi|| = 486.151
||eta|| = 0.289394
||yp|| = 535.034
||yphi|| = 0.161321
||BtYp|| = 2.94963
||ru|| = 2.95053
||yu|| = 150.796
||GtYphi|| = 1.69871
||KtYu|| = 14.4338
||rj|| = 15.2663
||yj|| = 0.939478
||rphi|| = 0.00138583
||rp|| = 0.0797136
||y|| = 555.879
FGMRES iteration : 206 || r || = 0.0144458
||xi|| = 413.918
||eta|| = 0.349264
||yp|| = 455.563
||yphi|| = 0.278725
||BtYp|| = 2.54853
||ru|| = 2.54924
||yu|| = 120.755
||GtYphi|| = 2.02222
||KtYu|| = 11.752
||rj|| = 12.5533
||yj|| = 0.712607
||rphi|| = 0.00268299
||rp|| = 0.0653617
||y|| = 471.296
FGMRES iteration : 207 || r || = 0.0144294
||xi|| = 405.228
||eta|| = 0.383326
||yp|| = 445.982
||yphi|| = 0.290364
||BtYp|| = 2.52264
||ru|| = 2.52439
||yu|| = 119.16
||GtYphi|| = 2.00068
||KtYu|| = 12.4418
||rj|| = 13.3076
||yj|| = 0.753117
||rphi|| = 0.0021892
||rp|| = 0.064512
||y|| = 461.627
FGMRES iteration : 208 || r || = 0.01442
||xi|| = 472.02
||eta|| = 0.338347
||yp|| = 519.51
||yphi|| = 0.283765
||BtYp|| = 2.96271
||ru|| = 2.96339
||yu|| = 139.964
||GtYphi|| = 1.89659
||KtYu|| = 13.7819
||rj|| = 14.6306
||yj|| = 0.870278
||rphi|| = 0.00219387
||rp|| = 0.0763912
||y|| = 538.035
FGMRES iteration : 209 || r || = 0.0144101
||xi|| = 437.381
||eta|| = 0.326896
||yp|| = 481.397
||yphi|| = 0.290015
||BtYp|| = 2.78226
||ru|| = 2.78328
||yu|| = 134.978
||GtYphi|| = 2.09868
||KtYu|| = 12.7112
||rj|| = 13.542
||yj|| = 0.77255
||rphi|| = 0.0023268
||rp|| = 0.0756268
||y|| = 499.963
FGMRES iteration : 210 || r || = 0.0143999
||xi|| = 440.33
||eta|| = 0.378626
||yp|| = 484.631
||yphi|| = 0.316053
||BtYp|| = 2.8365
||ru|| = 2.83826
||yu|| = 139.636
||GtYphi|| = 2.01178
||KtYu|| = 13.74
||rj|| = 14.5746
||yj|| = 0.85479
||rphi|| = 0.00263267
||rp|| = 0.0768588
||y|| = 504.347
FGMRES iteration : 211 || r || = 0.0143946
||xi|| = 422.163
||eta|| = 0.343234
||yp|| = 464.643
||yphi|| = 0.347615
||BtYp|| = 2.73082
||ru|| = 2.73243
||yu|| = 131.312
||GtYphi|| = 2.29072
||KtYu|| = 13.2416
||rj|| = 14.0738
||yj|| = 0.826252
||rphi|| = 0.00333004
||rp|| = 0.0743762
||y|| = 482.842
FGMRES iteration : 212 || r || = 0.0143892
||xi|| = 448.344
||eta|| = 0.328261
||yp|| = 493.48
||yphi|| = 0.253921
||BtYp|| = 2.64908
||ru|| = 2.65007
||yu|| = 142.495
||GtYphi|| = 2.16697
||KtYu|| = 13.7056
||rj|| = 14.5884
||yj|| = 0.835742
||rphi|| = 0.0023613
||rp|| = 0.0756551
||y|| = 513.642
FGMRES iteration : 213 || r || = 0.0143631
||xi|| = 421.445
||eta|| = 0.304708
||yp|| = 463.875
||yphi|| = 0.247694
||BtYp|| = 2.59668
||ru|| = 2.59805
||yu|| = 138.375
||GtYphi|| = 2.01361
||KtYu|| = 13.5636
||rj|| = 14.423
||yj|| = 0.838587
||rphi|| = 0.00210889
||rp|| = 0.0754371
||y|| = 484.075
FGMRES iteration : 214 || r || = 0.0142695
||xi|| = 476.205
||eta|| = 0.308418
||yp|| = 524.139
||yphi|| = 0.321186
||BtYp|| = 2.88011
||ru|| = 2.88101
||yu|| = 148.916
||GtYphi|| = 2.11179
||KtYu|| = 13.2011
||rj|| = 14.0065
||yj|| = 0.810867
||rphi|| = 0.00293281
||rp|| = 0.0814563
||y|| = 544.884
FGMRES iteration : 215 || r || = 0.0140938
||xi|| = 469.459
||eta|| = 0.309212
||yp|| = 516.722
||yphi|| = 0.193922
||BtYp|| = 2.94174
||ru|| = 2.94306
||yu|| = 158.348
||GtYphi|| = 1.68719
||KtYu|| = 14.113
||rj|| = 14.9718
||yj|| = 0.887393
||rphi|| = 0.00146159
||rp|| = 0.0870813
||y|| = 540.441
FGMRES iteration : 216 || r || = 0.013632
||xi|| = 422.757
||eta|| = 0.354761
||yp|| = 465.334
||yphi|| = 0.321034
||BtYp|| = 2.38509
||ru|| = 2.38638
||yu|| = 135.217
||GtYphi|| = 2.14761
||KtYu|| = 13.8847
||rj|| = 14.6257
||yj|| = 0.853121
||rphi|| = 0.00309557
||rp|| = 0.0711306
||y|| = 484.582
FGMRES iteration : 217 || r || = 0.0130986
||xi|| = 417.177
||eta|| = 0.357174
||yp|| = 459.266
||yphi|| = 0.205173
||BtYp|| = 2.27157
||ru|| = 2.27289
||yu|| = 136.096
||GtYphi|| = 1.79319
||KtYu|| = 13.2533
||rj|| = 14.1043
||yj|| = 0.812312
||rphi|| = 0.00159399
||rp|| = 0.0693959
||y|| = 479.008
FGMRES iteration : 218 || r || = 0.0123645
||xi|| = 432.289
||eta|| = 0.287453
||yp|| = 475.809
||yphi|| = 0.258247
||BtYp|| = 2.34303
||ru|| = 2.34463
||yu|| = 131.522
||GtYphi|| = 1.75802
||KtYu|| = 13.501
||rj|| = 14.2684
||yj|| = 0.879346
||rphi|| = 0.00196861
||rp|| = 0.0685543
||y|| = 493.653
FGMRES iteration : 219 || r || = 0.0116002
||xi|| = 382.157
||eta|| = 0.260145
||yp|| = 420.647
||yphi|| = 0.306471
||BtYp|| = 2.1659
||ru|| = 2.16687
||yu|| = 115.166
||GtYphi|| = 1.90768
||KtYu|| = 12.823
||rj|| = 13.7134
||yj|| = 0.802207
||rphi|| = 0.0027002
||rp|| = 0.0644318
||y|| = 436.128
FGMRES iteration : 220 || r || = 0.0107356
||xi|| = 348.802
||eta|| = 0.288271
||yp|| = 383.935
||yphi|| = 0.325894
||BtYp|| = 2.02334
||ru|| = 2.02487
||yu|| = 105.966
||GtYphi|| = 2.03903
||KtYu|| = 11.7566
||rj|| = 12.6168
||yj|| = 0.719454
||rphi|| = 0.00273042
||rp|| = 0.060358
||y|| = 398.291
FGMRES iteration : 221 || r || = 0.0103269
||xi|| = 376.552
||eta|| = 0.267681
||yp|| = 414.471
||yphi|| = 0.217383
||BtYp|| = 2.26998
||ru|| = 2.27109
||yu|| = 117.498
||GtYphi|| = 1.75351
||KtYu|| = 12.9977
||rj|| = 13.8004
||yj|| = 0.82129
||rphi|| = 0.00180585
||rp|| = 0.0646123
||y|| = 430.805
FGMRES iteration : 222 || r || = 0.0102048
||xi|| = 432.982
||eta|| = 0.309182
||yp|| = 476.581
||yphi|| = 0.179419
||BtYp|| = 2.78859
||ru|| = 2.78998
||yu|| = 141.247
||GtYphi|| = 1.88585
||KtYu|| = 14.2024
||rj|| = 15.1181
||yj|| = 0.865708
||rphi|| = 0.00131701
||rp|| = 0.0831918
||y|| = 497.072
FGMRES iteration : 223 || r || = 0.0101211
||xi|| = 465.977
||eta|| = 0.325928
||yp|| = 512.858
||yphi|| = 0.391998
||BtYp|| = 2.78891
||ru|| = 2.78996
||yu|| = 138.671
||GtYphi|| = 2.44726
||KtYu|| = 11.446
||rj|| = 12.2777
||yj|| = 0.676827
||rphi|| = 0.00376563
||rp|| = 0.0759747
||y|| = 531.275
FGMRES iteration : 224 || r || = 0.0100936
||xi|| = 484.028
||eta|| = 0.318527
||yp|| = 532.737
||yphi|| = 0.282732
||BtYp|| = 3.10686
||ru|| = 3.10803
||yu|| = 152.162
||GtYphi|| = 2.18345
||KtYu|| = 14.4306
||rj|| = 15.3274
||yj|| = 0.945049
||rphi|| = 0.0025345
||rp|| = 0.0862582
||y|| = 554.043
FGMRES iteration : 225 || r || = 0.010083
||xi|| = 495.887
||eta|| = 0.370013
||yp|| = 545.786
||yphi|| = 0.274428
||BtYp|| = 3.07801
||ru|| = 3.07929
||yu|| = 150.43
||GtYphi|| = 1.97176
||KtYu|| = 14.3599
||rj|| = 15.1756
||yj|| = 0.888784
||rphi|| = 0.00208092
||rp|| = 0.0821079
||y|| = 566.138
FGMRES iteration : 226 || r || = 0.0100674
||xi|| = 446.93
||eta|| = 0.30049
||yp|| = 491.921
||yphi|| = 0.275506
||BtYp|| = 2.77911
||ru|| = 2.77977
||yu|| = 139.266
||GtYphi|| = 2.03108
||KtYu|| = 12.0962
||rj|| = 12.8532
||yj|| = 0.732772
||rphi|| = 0.00207407
||rp|| = 0.071973
||y|| = 511.255
FGMRES iteration : 227 || r || = 0.0100619
||xi|| = 466.766
||eta|| = 0.288814
||yp|| = 513.7
||yphi|| = 0.275456
||BtYp|| = 3.05474
||ru|| = 3.05553
||yu|| = 147.43
||GtYphi|| = 1.74429
||KtYu|| = 14.5805
||rj|| = 15.4053
||yj|| = 0.938411
||rphi|| = 0.00251184
||rp|| = 0.0813423
||y|| = 534.438
FGMRES iteration : 228 || r || = 0.0100566
||xi|| = 500.989
||eta|| = 0.297759
||yp|| = 551.364
||yphi|| = 0.309319
||BtYp|| = 3.26175
||ru|| = 3.26267
||yu|| = 149.608
||GtYphi|| = 2.27868
||KtYu|| = 13.3597
||rj|| = 14.1966
||yj|| = 0.792795
||rphi|| = 0.00285539
||rp|| = 0.0842376
||y|| = 571.301
FGMRES iteration : 229 || r || = 0.01005
||xi|| = 416.002
||eta|| = 0.290191
||yp|| = 457.878
||yphi|| = 0.200288
||BtYp|| = 2.37512
||ru|| = 2.37591
||yu|| = 120.575
||GtYphi|| = 2.0812
||KtYu|| = 12.7312
||rj|| = 13.6638
||yj|| = 0.761988
||rphi|| = 0.00165947
||rp|| = 0.0638099
||y|| = 473.488
FGMRES iteration : 230 || r || = 0.0100471
||xi|| = 419.259
||eta|| = 0.287167
||yp|| = 461.449
||yphi|| = 0.193129
||BtYp|| = 2.55754
||ru|| = 2.55891
||yu|| = 124.975
||GtYphi|| = 1.91992
||KtYu|| = 13.9965
||rj|| = 14.8573
||yj|| = 0.916264
||rphi|| = 0.00145448
||rp|| = 0.0685251
||y|| = 478.074
FGMRES iteration : 231 || r || = 0.0100402
||xi|| = 434.526
||eta|| = 0.3473
||yp|| = 478.324
||yphi|| = 0.288123
||BtYp|| = 2.48313
||ru|| = 2.48338
||yu|| = 133.029
||GtYphi|| = 2.01582
||KtYu|| = 12.2769
||rj|| = 13.0675
||yj|| = 0.748904
||rphi|| = 0.00230142
||rp|| = 0.0693055
||y|| = 496.479
FGMRES iteration : 232 || r || = 0.0100339
||xi|| = 426.832
||eta|| = 0.281322
||yp|| = 469.803
||yphi|| = 0.238073
||BtYp|| = 2.47183
||ru|| = 2.47286
||yu|| = 126.857
||GtYphi|| = 1.82848
||KtYu|| = 13.9864
||rj|| = 14.8357
||yj|| = 0.906551
||rphi|| = 0.00189443
||rp|| = 0.0670866
||y|| = 486.629
FGMRES iteration : 233 || r || = 0.0100099
||xi|| = 392.042
||eta|| = 0.27695
||yp|| = 431.511
||yphi|| = 0.259314
||BtYp|| = 2.31121
||ru|| = 2.31213
||yu|| = 117.611
||GtYphi|| = 1.93534
||KtYu|| = 12.9144
||rj|| = 13.764
||yj|| = 0.845674
||rphi|| = 0.00198875
||rp|| = 0.0664474
||y|| = 447.252
FGMRES iteration : 234 || r || = 0.00995228
||xi|| = 409.957
||eta|| = 0.354574
||yp|| = 451.25
||yphi|| = 0.251108
||BtYp|| = 2.3818
||ru|| = 2.3836
||yu|| = 126.862
||GtYphi|| = 2.00123
||KtYu|| = 13.2518
||rj|| = 14.1324
||yj|| = 0.840281
||rphi|| = 0.00195663
||rp|| = 0.0674223
||y|| = 468.745
FGMRES iteration : 235 || r || = 0.00984002
||xi|| = 429.369
||eta|| = 0.329724
||yp|| = 472.603
||yphi|| = 0.226025
||BtYp|| = 2.46706
||ru|| = 2.46795
||yu|| = 127.65
||GtYphi|| = 1.91939
||KtYu|| = 13.445
||rj|| = 14.2861
||yj|| = 0.864424
||rphi|| = 0.00174887
||rp|| = 0.0688635
||y|| = 489.539
FGMRES iteration : 236 || r || = 0.00960394
||xi|| = 414.122
||eta|| = 0.332329
||yp|| = 455.857
||yphi|| = 0.265043
||BtYp|| = 2.4283
||ru|| = 2.42916
||yu|| = 132.475
||GtYphi|| = 2.10053
||KtYu|| = 13.6002
||rj|| = 14.5076
||yj|| = 0.844405
||rphi|| = 0.00243595
||rp|| = 0.0751765
||y|| = 474.716
FGMRES iteration : 237 || r || = 0.00915699
||xi|| = 369.117
||eta|| = 0.344503
||yp|| = 406.306
||yphi|| = 0.267406
||BtYp|| = 2.25816
||ru|| = 2.25928
||yu|| = 116.225
||GtYphi|| = 2.27811
||KtYu|| = 12.2201
||rj|| = 13.1231
||yj|| = 0.775719
||rphi|| = 0.0021595
||rp|| = 0.0639333
||y|| = 422.603
FGMRES iteration : 238 || r || = 0.00864836
||xi|| = 420.473
||eta|| = 0.304592
||yp|| = 462.776
||yphi|| = 0.361451
||BtYp|| = 2.45785
||ru|| = 2.45938
||yu|| = 127.22
||GtYphi|| = 1.85411
||KtYu|| = 13.5062
||rj|| = 14.343
||yj|| = 0.90631
||rphi|| = 0.00283217
||rp|| = 0.0722085
||y|| = 479.945
FGMRES iteration : 239 || r || = 0.00817737
||xi|| = 380.93
||eta|| = 0.30734
||yp|| = 419.32
||yphi|| = 0.343009
||BtYp|| = 2.14768
||ru|| = 2.14897
||yu|| = 122.444
||GtYphi|| = 2.09562
||KtYu|| = 13.0407
||rj|| = 13.9616
||yj|| = 0.785227
||rphi|| = 0.00268068
||rp|| = 0.0652275
||y|| = 436.832
FGMRES iteration : 240 || r || = 0.00781592
||xi|| = 409.703
||eta|| = 0.432228
||yp|| = 450.961
||yphi|| = 0.21152
||BtYp|| = 2.21582
||ru|| = 2.21686
||yu|| = 116.763
||GtYphi|| = 1.62446
||KtYu|| = 11.8447
||rj|| = 12.591
||yj|| = 0.742394
||rphi|| = 0.00171228
||rp|| = 0.0626254
||y|| = 465.832
FGMRES iteration : 241 || r || = 0.00769825
||xi|| = 413.138
||eta|| = 0.327289
||yp|| = 454.748
||yphi|| = 0.223984
||BtYp|| = 2.60908
||ru|| = 2.61094
||yu|| = 144.304
||GtYphi|| = 1.66809
||KtYu|| = 14.3802
||rj|| = 15.2226
||yj|| = 0.980284
||rphi|| = 0.00192624
||rp|| = 0.0831553
||y|| = 477.096
FGMRES iteration : 242 || r || = 0.00764586
||xi|| = 434.169
||eta|| = 0.357715
||yp|| = 477.884
||yphi|| = 0.267975
||BtYp|| = 2.36045
||ru|| = 2.36153
||yu|| = 133.091
||GtYphi|| = 2.05508
||KtYu|| = 12.9607
||rj|| = 13.7654
||yj|| = 0.792427
||rphi|| = 0.00214239
||rp|| = 0.073461
||y|| = 496.071
FGMRES iteration : 243 || r || = 0.00762592
||xi|| = 429.963
||eta|| = 0.373699
||yp|| = 473.278
||yphi|| = 0.239102
||BtYp|| = 2.78522
||ru|| = 2.78696
||yu|| = 143.485
||GtYphi|| = 1.92642
||KtYu|| = 13.1085
||rj|| = 13.9549
||yj|| = 0.866525
||rphi|| = 0.00178535
||rp|| = 0.0840767
||y|| = 494.551
FGMRES iteration : 244 || r || = 0.00761571
||xi|| = 456.754
||eta|| = 0.400613
||yp|| = 502.746
||yphi|| = 0.225337
||BtYp|| = 3.02706
||ru|| = 3.02863
||yu|| = 161.9
||GtYphi|| = 1.94298
||KtYu|| = 13.9404
||rj|| = 14.7045
||yj|| = 0.912426
||rphi|| = 0.00178541
||rp|| = 0.0917403
||y|| = 528.172
FGMRES iteration : 245 || r || = 0.0076103
||xi|| = 430.777
||eta|| = 0.379765
||yp|| = 474.233
||yphi|| = 0.226714
||BtYp|| = 2.47865
||ru|| = 2.48033
||yu|| = 145.948
||GtYphi|| = 2.14344
||KtYu|| = 13.0367
||rj|| = 13.8856
||yj|| = 0.800521
||rphi|| = 0.00171214
||rp|| = 0.0803841
||y|| = 496.184
FGMRES iteration : 246 || r || = 0.00760785
||xi|| = 411.254
||eta|| = 0.322404
||yp|| = 452.657
||yphi|| = 0.193203
||BtYp|| = 2.73166
||ru|| = 2.73287
||yu|| = 144.341
||GtYphi|| = 1.78015
||KtYu|| = 13.8299
||rj|| = 14.6975
||yj|| = 0.938774
||rphi|| = 0.00152271
||rp|| = 0.086275
||y|| = 475.114
FGMRES iteration : 247 || r || = 0.00760481
||xi|| = 382.137
||eta|| = 0.300738
||yp|| = 420.626
||yphi|| = 0.318527
||BtYp|| = 2.30586
||ru|| = 2.30672
||yu|| = 122.69
||GtYphi|| = 2.14255
||KtYu|| = 12.6431
||rj|| = 13.4715
||yj|| = 0.835973
||rphi|| = 0.00245324
||rp|| = 0.071731
||y|| = 438.155
FGMRES iteration : 248 || r || = 0.00760267
||xi|| = 437.602
||eta|| = 0.434754
||yp|| = 481.739
||yphi|| = 0.461963
||BtYp|| = 2.52426
||ru|| = 2.52552
||yu|| = 138.285
||GtYphi|| = 2.16803
||KtYu|| = 13.4585
||rj|| = 14.3434
||yj|| = 0.833884
||rphi|| = 0.00370935
||rp|| = 0.0744386
||y|| = 501.194
FGMRES iteration : 249 || r || = 0.00760012
||xi|| = 452.877
||eta|| = 0.316015
||yp|| = 498.509
||yphi|| = 0.216213
||BtYp|| = 2.88245
||ru|| = 2.88371
||yu|| = 156.151
||GtYphi|| = 1.86895
||KtYu|| = 14.4088
||rj|| = 15.2448
||yj|| = 0.930176
||rphi|| = 0.00165641
||rp|| = 0.0872641
||y|| = 522.394
FGMRES iteration : 250 || r || = 0.00759896
||xi|| = 437.839
||eta|| = 0.340656
||yp|| = 481.959
||yphi|| = 0.250575
||BtYp|| = 2.64912
||ru|| = 2.64994
||yu|| = 147.173
||GtYphi|| = 2.00448
||KtYu|| = 12.3339
||rj|| = 13.1505
||yj|| = 0.757738
||rphi|| = 0.00206951
||rp|| = 0.081337
||y|| = 503.93
FGMRES iteration : 251 || r || = 0.00759711
||xi|| = 434.51
||eta|| = 0.350515
||yp|| = 478.287
||yphi|| = 0.303064
||BtYp|| = 2.661
||ru|| = 2.66225
||yu|| = 145.285
||GtYphi|| = 1.95828
||KtYu|| = 13.6653
||rj|| = 14.4934
||yj|| = 0.852072
||rphi|| = 0.00236238
||rp|| = 0.0798324
||y|| = 499.867
FGMRES iteration : 252 || r || = 0.00759206
||xi|| = 448.648
||eta|| = 0.35182
||yp|| = 493.831
||yphi|| = 0.254118
||BtYp|| = 3.02585
||ru|| = 3.02679
||yu|| = 156.564
||GtYphi|| = 1.8241
||KtYu|| = 14.6327
||rj|| = 15.4311
||yj|| = 0.945713
||rphi|| = 0.00198733
||rp|| = 0.0922332
||y|| = 518.056
FGMRES iteration : 253 || r || = 0.00757794
||xi|| = 445.508
||eta|| = 0.423826
||yp|| = 490.386
||yphi|| = 0.230058
||BtYp|| = 2.50086
||ru|| = 2.50256
||yu|| = 138.814
||GtYphi|| = 1.90461
||KtYu|| = 12.9685
||rj|| = 13.8665
||yj|| = 0.784044
||rphi|| = 0.00170998
||rp|| = 0.0762791
||y|| = 509.655
FGMRES iteration : 254 || r || = 0.00753824
||xi|| = 423.907
||eta|| = 0.329545
||yp|| = 466.593
||yphi|| = 0.143315
||BtYp|| = 2.66286
||ru|| = 2.66367
||yu|| = 137.127
||GtYphi|| = 1.58721
||KtYu|| = 13.4741
||rj|| = 14.2291
||yj|| = 0.898506
||rphi|| = 0.00128839
||rp|| = 0.0781962
||y|| = 486.326
FGMRES iteration : 255 || r || = 0.00747073
||xi|| = 378.914
||eta|| = 0.345089
||yp|| = 417.091
||yphi|| = 0.217778
||BtYp|| = 2.20666
||ru|| = 2.20808
||yu|| = 123.415
||GtYphi|| = 1.74208
||KtYu|| = 13.1763
||rj|| = 13.9841
||yj|| = 0.838272
||rphi|| = 0.00178172
||rp|| = 0.067724
||y|| = 434.968
FGMRES iteration : 256 || r || = 0.00737797
||xi|| = 502.812
||eta|| = 0.343694
||yp|| = 553.377
||yphi|| = 0.164237
||BtYp|| = 2.94727
||ru|| = 2.94838
||yu|| = 149.615
||GtYphi|| = 1.70913
||KtYu|| = 13.3183
||rj|| = 14.0717
||yj|| = 0.820145
||rphi|| = 0.0014148
||rp|| = 0.080188
||y|| = 573.247
FGMRES iteration : 257 || r || = 0.00726391
||xi|| = 436.619
||eta|| = 0.331594
||yp|| = 480.562
||yphi|| = 0.201616
||BtYp|| = 2.57035
||ru|| = 2.57099
||yu|| = 134.514
||GtYphi|| = 1.6866
||KtYu|| = 14.0832
||rj|| = 14.9031
||yj|| = 0.949289
||rphi|| = 0.00156831
||rp|| = 0.0729053
||y|| = 499.034
FGMRES iteration : 258 || r || = 0.00706982
||xi|| = 445.051
||eta|| = 0.313958
||yp|| = 489.857
||yphi|| = 0.295632
||BtYp|| = 2.35077
||ru|| = 2.3531
||yu|| = 124.036
||GtYphi|| = 1.77373
||KtYu|| = 12.2934
||rj|| = 13.0448
||yj|| = 0.777267
||rphi|| = 0.00241623
||rp|| = 0.0654177
||y|| = 505.317
FGMRES iteration : 259 || r || = 0.00688765
||xi|| = 424.057
||eta|| = 0.343953
||yp|| = 466.801
||yphi|| = 0.269259
||BtYp|| = 2.52732
||ru|| = 2.5282
||yu|| = 132.622
||GtYphi|| = 1.809
||KtYu|| = 12.7504
||rj|| = 13.59
||yj|| = 0.795129
||rphi|| = 0.00232627
||rp|| = 0.0677473
||y|| = 485.276
FGMRES iteration : 260 || r || = 0.00678386
||xi|| = 454.988
||eta|| = 0.315185
||yp|| = 500.792
||yphi|| = 0.18747
||BtYp|| = 2.48956
||ru|| = 2.49182
||yu|| = 139.393
||GtYphi|| = 1.51599
||KtYu|| = 14.1294
||rj|| = 14.9067
||yj|| = 0.918094
||rphi|| = 0.00143555
||rp|| = 0.0727448
||y|| = 519.831
FGMRES iteration : 261 || r || = 0.00673322
||xi|| = 505.391
||eta|| = 0.402447
||yp|| = 556.201
||yphi|| = 0.176301
||BtYp|| = 3.14112
||ru|| = 3.14275
||yu|| = 158.586
||GtYphi|| = 1.84309
||KtYu|| = 14.5625
||rj|| = 15.3069
||yj|| = 0.824808
||rphi|| = 0.00144144
||rp|| = 0.0858356
||y|| = 578.369
FGMRES iteration : 262 || r || = 0.00670996
||xi|| = 488.032
||eta|| = 0.470251
||yp|| = 537.123
||yphi|| = 0.154101
||BtYp|| = 2.9266
||ru|| = 2.92832
||yu|| = 159.235
||GtYphi|| = 1.71251
||KtYu|| = 14.9985
||rj|| = 15.78
||yj|| = 0.910061
||rphi|| = 0.00127949
||rp|| = 0.0832906
||y|| = 560.23
FGMRES iteration : 263 || r || = 0.00669525
||xi|| = 432.539
||eta|| = 0.349297
||yp|| = 476.076
||yphi|| = 0.21958
||BtYp|| = 2.61877
||ru|| = 2.61979
||yu|| = 137.239
||GtYphi|| = 1.71975
||KtYu|| = 14.4123
||rj|| = 15.1378
||yj|| = 0.881577
||rphi|| = 0.00178381
||rp|| = 0.0741352
||y|| = 495.463
FGMRES iteration : 264 || r || = 0.0066908
||xi|| = 418.529
||eta|| = 0.477459
||yp|| = 460.685
||yphi|| = 0.220425
||BtYp|| = 2.42026
||ru|| = 2.42161
||yu|| = 137.935
||GtYphi|| = 2.00255
||KtYu|| = 12.7382
||rj|| = 13.6143
||yj|| = 0.786048
||rphi|| = 0.00173315
||rp|| = 0.072266
||y|| = 480.893
FGMRES iteration : 265 || r || = 0.00668711
||xi|| = 441.473
||eta|| = 0.351586
||yp|| = 485.932
||yphi|| = 0.262394
||BtYp|| = 2.74095
||ru|| = 2.74286
||yu|| = 141.634
||GtYphi|| = 2.11966
||KtYu|| = 13.6841
||rj|| = 14.5584
||yj|| = 0.869822
||rphi|| = 0.00232527
||rp|| = 0.0789765
||y|| = 506.153
FGMRES iteration : 266 || r || = 0.00668594
||xi|| = 491.047
||eta|| = 0.374561
||yp|| = 540.523
||yphi|| = 0.414187
||BtYp|| = 2.96452
||ru|| = 2.96577
||yu|| = 161.751
||GtYphi|| = 1.97046
||KtYu|| = 14.4735
||rj|| = 15.2802
||yj|| = 0.948324
||rphi|| = 0.00316188
||rp|| = 0.0868213
||y|| = 564.207
FGMRES iteration : 267 || r || = 0.00668482
||xi|| = 411.126
||eta|| = 0.330643
||yp|| = 452.562
||yphi|| = 0.535497
||BtYp|| = 2.53909
||ru|| = 2.53996
||yu|| = 143.346
||GtYphi|| = 2.40157
||KtYu|| = 13.5252
||rj|| = 14.326
||yj|| = 0.831299
||rphi|| = 0.00400888
||rp|| = 0.0792622
||y|| = 474.723
FGMRES iteration : 268 || r || = 0.00668405
||xi|| = 444.002
||eta|| = 0.333483
||yp|| = 488.729
||yphi|| = 0.302472
||BtYp|| = 2.57511
||ru|| = 2.57602
||yu|| = 136.734
||GtYphi|| = 1.95843
||KtYu|| = 14.1487
||rj|| = 14.9773
||yj|| = 0.915677
||rphi|| = 0.00229571
||rp|| = 0.0769673
||y|| = 507.497
FGMRES iteration : 269 || r || = 0.00668272
||xi|| = 467.638
||eta|| = 0.361592
||yp|| = 514.761
||yphi|| = 0.250664
||BtYp|| = 3.04999
||ru|| = 3.05255
||yu|| = 162.859
||GtYphi|| = 1.86917
||KtYu|| = 14.9573
||rj|| = 15.8104
||yj|| = 0.983834
||rphi|| = 0.00186153
||rp|| = 0.0934391
||y|| = 539.91
FGMRES iteration : 270 || r || = 0.00667877
||xi|| = 450.66
||eta|| = 0.42216
||yp|| = 496.078
||yphi|| = 0.171377
||BtYp|| = 2.61781
||ru|| = 2.61761
||yu|| = 139.808
||GtYphi|| = 1.91395
||KtYu|| = 13.5064
||rj|| = 14.3479
||yj|| = 0.823858
||rphi|| = 0.00132717
||rp|| = 0.0776673
||y|| = 515.403
FGMRES iteration : 271 || r || = 0.0066714
||xi|| = 394.031
||eta|| = 0.397398
||yp|| = 433.741
||yphi|| = 0.161983
||BtYp|| = 2.44254
||ru|| = 2.44445
||yu|| = 142.967
||GtYphi|| = 1.4954
||KtYu|| = 14.5388
||rj|| = 15.2791
||yj|| = 0.969715
||rphi|| = 0.00133235
||rp|| = 0.0784428
||y|| = 456.697
FGMRES iteration : 272 || r || = 0.00665552
||xi|| = 439.131
||eta|| = 0.369115
||yp|| = 483.405
||yphi|| = 0.158211
||BtYp|| = 2.55363
||ru|| = 2.55412
||yu|| = 139.39
||GtYphi|| = 1.80384
||KtYu|| = 13.1361
||rj|| = 13.967
||yj|| = 0.814904
||rphi|| = 0.00125793
||rp|| = 0.0782991
||y|| = 503.101
FGMRES iteration : 273 || r || = 0.00660936
||xi|| = 439.124
||eta|| = 0.644229
||yp|| = 483.424
||yphi|| = 0.31325
||BtYp|| = 2.52883
||ru|| = 2.52974
||yu|| = 150.358
||GtYphi|| = 2.12356
||KtYu|| = 13.6908
||rj|| = 14.5348
||yj|| = 0.879202
||rphi|| = 0.00261008
||rp|| = 0.0809107
||y|| = 506.268
FGMRES iteration : 274 || r || = 0.00651874
||xi|| = 458.968
||eta|| = 0.446005
||yp|| = 505.201
||yphi|| = 0.161963
||BtYp|| = 2.80351
||ru|| = 2.80448
||yu|| = 150.762
||GtYphi|| = 1.69515
||KtYu|| = 14.8804
||rj|| = 15.6816
||yj|| = 1.00228
||rphi|| = 0.00131886
||rp|| = 0.0860174
||y|| = 527.218
FGMRES iteration : 275 || r || = 0.00633016
||xi|| = 403.422
||eta|| = 0.418404
||yp|| = 444.106
||yphi|| = 0.177236
||BtYp|| = 2.23462
||ru|| = 2.23576
||yu|| = 129
||GtYphi|| = 1.85556
||KtYu|| = 12.5164
||rj|| = 13.3595
||yj|| = 0.803154
||rphi|| = 0.00144882
||rp|| = 0.070328
||y|| = 462.463
FGMRES iteration : 276 || r || = 0.00608326
||xi|| = 408.688
||eta|| = 0.419237
||yp|| = 449.852
||yphi|| = 0.198788
||BtYp|| = 2.27628
||ru|| = 2.27693
||yu|| = 128.449
||GtYphi|| = 1.63202
||KtYu|| = 12.8378
||rj|| = 13.6233
||yj|| = 0.834951
||rphi|| = 0.00163831
||rp|| = 0.070611
||y|| = 467.832
FGMRES iteration : 277 || r || = 0.00582798
||xi|| = 381.502
||eta|| = 0.281003
||yp|| = 419.946
||yphi|| = 0.250945
||BtYp|| = 2.33362
||ru|| = 2.33474
||yu|| = 128.232
||GtYphi|| = 1.68977
||KtYu|| = 13.2583
||rj|| = 14.0812
||yj|| = 0.886172
||rphi|| = 0.00225471
||rp|| = 0.0743472
||y|| = 439.089
FGMRES iteration : 278 || r || = 0.00562672
||xi|| = 373.296
||eta|| = 0.326941
||yp|| = 410.939
||yphi|| = 0.201665
||BtYp|| = 2.17018
||ru|| = 2.17107
||yu|| = 120.352
||GtYphi|| = 1.87223
||KtYu|| = 11.5894
||rj|| = 12.3871
||yj|| = 0.728628
||rphi|| = 0.00190641
||rp|| = 0.0715569
||y|| = 428.201
FGMRES iteration : 279 || r || = 0.00555732
||xi|| = 412.789
||eta|| = 0.501896
||yp|| = 454.485
||yphi|| = 0.157014
||BtYp|| = 2.46686
||ru|| = 2.46855
||yu|| = 146.686
||GtYphi|| = 1.63476
||KtYu|| = 14.0134
||rj|| = 14.841
||yj|| = 0.958972
||rphi|| = 0.0013797
||rp|| = 0.0843946
||y|| = 477.571
FGMRES iteration : 280 || r || = 0.00551575
||xi|| = 345.792
||eta|| = 0.415991
||yp|| = 380.734
||yphi|| = 0.246821
||BtYp|| = 2.02715
||ru|| = 2.02847
||yu|| = 124.561
||GtYphi|| = 1.96913
||KtYu|| = 12.3976
||rj|| = 13.2227
||yj|| = 0.850554
||rphi|| = 0.00207073
||rp|| = 0.0690264
||y|| = 400.592
FGMRES iteration : 281 || r || = 0.00550196
||xi|| = 409.914
||eta|| = 0.658144
||yp|| = 451.366
||yphi|| = 0.162965
||BtYp|| = 2.33234
||ru|| = 2.33016
||yu|| = 145.61
||GtYphi|| = 1.75749
||KtYu|| = 13.1983
||rj|| = 13.9737
||yj|| = 0.858252
||rphi|| = 0.00139269
||rp|| = 0.0761154
||y|| = 474.273
FGMRES iteration : 282 || r || = 0.00549497
||xi|| = 427.296
||eta|| = 0.475052
||yp|| = 470.403
||yphi|| = 0.298681
||BtYp|| = 2.79163
||ru|| = 2.79239
||yu|| = 159.65
||GtYphi|| = 1.71801
||KtYu|| = 14.6818
||rj|| = 15.4456
||yj|| = 0.986878
||rphi|| = 0.00232774
||rp|| = 0.0938555
||y|| = 496.757
FGMRES iteration : 283 || r || = 0.00548984
||xi|| = 475.785
||eta|| = 0.414608
||yp|| = 523.682
||yphi|| = 0.246646
||BtYp|| = 3.24504
||ru|| = 3.24704
||yu|| = 158.321
||GtYphi|| = 1.87488
||KtYu|| = 13.3432
||rj|| = 14.1181
||yj|| = 0.859017
||rphi|| = 0.00197517
||rp|| = 0.0979773
||y|| = 547.091
FGMRES iteration : 284 || r || = 0.00548696
||xi|| = 428.595
||eta|| = 0.380634
||yp|| = 471.783
||yphi|| = 0.21462
||BtYp|| = 3.08784
||ru|| = 3.0895
||yu|| = 154.089
||GtYphi|| = 1.93593
||KtYu|| = 13.3747
||rj|| = 14.2031
||yj|| = 0.883284
||rphi|| = 0.00187288
||rp|| = 0.0986315
||y|| = 496.31
FGMRES iteration : 285 || r || = 0.00548473
||xi|| = 391.506
||eta|| = 0.430133
||yp|| = 431.051
||yphi|| = 0.31459
||BtYp|| = 2.66186
||ru|| = 2.66371
||yu|| = 148.386
||GtYphi|| = 1.79835
||KtYu|| = 13.6706
||rj|| = 14.4316
||yj|| = 0.937066
||rphi|| = 0.00240054
||rp|| = 0.0947884
||y|| = 455.877
FGMRES iteration : 286 || r || = 0.00548426
||xi|| = 430.033
||eta|| = 0.469646
||yp|| = 473.5
||yphi|| = 0.294825
||BtYp|| = 2.73598
||ru|| = 2.73462
||yu|| = 164.867
||GtYphi|| = 2.16038
||KtYu|| = 13.4246
||rj|| = 14.2451
||yj|| = 0.879629
||rphi|| = 0.00233699
||rp|| = 0.0959495
||y|| = 501.382
FGMRES iteration : 287 || r || = 0.00548334
||xi|| = 415.243
||eta|| = 0.608796
||yp|| = 457.254
||yphi|| = 0.189903
||BtYp|| = 3.0665
||ru|| = 3.06842
||yu|| = 177.099
||GtYphi|| = 1.53581
||KtYu|| = 13.9002
||rj|| = 14.7084
||yj|| = 0.969345
||rphi|| = 0.00139936
||rp|| = 0.111477
||y|| = 490.353
FGMRES iteration : 288 || r || = 0.00548041
||xi|| = 396.042
||eta|| = 0.531936
||yp|| = 436.002
||yphi|| = 0.191794
||BtYp|| = 2.91726
||ru|| = 2.91776
||yu|| = 155.723
||GtYphi|| = 1.74284
||KtYu|| = 12.9752
||rj|| = 13.741
||yj|| = 0.859511
||rphi|| = 0.00147663
||rp|| = 0.103958
||y|| = 462.977
FGMRES iteration : 289 || r || = 0.00547635
||xi|| = 492.164
||eta|| = 0.442178
||yp|| = 541.752
||yphi|| = 0.198591
||BtYp|| = 3.41629
||ru|| = 3.41719
||yu|| = 177.974
||GtYphi|| = 1.9174
||KtYu|| = 13.51
||rj|| = 14.3475
||yj|| = 0.857079
||rphi|| = 0.00164761
||rp|| = 0.114768
||y|| = 570.237
FGMRES iteration : 290 || r || = 0.00546078
||xi|| = 463.565
||eta|| = 0.608965
||yp|| = 510.42
||yphi|| = 0.145238
||BtYp|| = 3.30879
||ru|| = 3.30958
||yu|| = 193.118
||GtYphi|| = 1.60166
||KtYu|| = 13.769
||rj|| = 14.5685
||yj|| = 0.936656
||rphi|| = 0.00139623
||rp|| = 0.120168
||y|| = 545.733
FGMRES iteration : 291 || r || = 0.00542706
||xi|| = 518.209
||eta|| = 0.619996
||yp|| = 570.506
||yphi|| = 0.181985
||BtYp|| = 3.30977
||ru|| = 3.31077
||yu|| = 190.28
||GtYphi|| = 1.73487
||KtYu|| = 13.4803
||rj|| = 14.2347
||yj|| = 0.870454
||rphi|| = 0.00133425
||rp|| = 0.111376
||y|| = 601.402
FGMRES iteration : 292 || r || = 0.00535085
||xi|| = 425.71
||eta|| = 0.408764
||yp|| = 468.666
||yphi|| = 0.298324
||BtYp|| = 2.77709
||ru|| = 2.7778
||yu|| = 163.454
||GtYphi|| = 1.84156
||KtYu|| = 12.7747
||rj|| = 13.5287
||yj|| = 0.810997
||rphi|| = 0.00240962
||rp|| = 0.0991525
||y|| = 496.352
FGMRES iteration : 293 || r || = 0.00523124
||xi|| = 445.266
||eta|| = 0.345864
||yp|| = 490.168
||yphi|| = 0.214311
||BtYp|| = 3.32109
||ru|| = 3.32237
||yu|| = 168.964
||GtYphi|| = 1.50685
||KtYu|| = 14.6784
||rj|| = 15.5006
||yj|| = 0.985571
||rphi|| = 0.00173514
||rp|| = 0.111333
||y|| = 518.473
FGMRES iteration : 294 || r || = 0.00500343
||xi|| = 427.603
||eta|| = 0.440092
||yp|| = 470.721
||yphi|| = 0.307715
||BtYp|| = 2.65038
||ru|| = 2.65083
||yu|| = 139.562
||GtYphi|| = 1.98355
||KtYu|| = 11.6813
||rj|| = 12.4286
||yj|| = 0.753228
||rphi|| = 0.00260093
||rp|| = 0.0857924
||y|| = 490.976
FGMRES iteration : 295 || r || = 0.00479681
||xi|| = 425.54
||eta|| = 0.419075
||yp|| = 468.443
||yphi|| = 0.222934
||BtYp|| = 2.73818
||ru|| = 2.73897
||yu|| = 163.19
||GtYphi|| = 1.6055
||KtYu|| = 13.9984
||rj|| = 14.819
||yj|| = 0.939006
||rphi|| = 0.00187041
||rp|| = 0.0957951
||y|| = 496.056
FGMRES iteration : 296 || r || = 0.00461258
||xi|| = 431.331
||eta|| = 0.439085
||yp|| = 474.803
||yphi|| = 0.169643
||BtYp|| = 2.72084
||ru|| = 2.72205
||yu|| = 151.188
||GtYphi|| = 1.68096
||KtYu|| = 13.5048
||rj|| = 14.2223
||yj|| = 0.930995
||rphi|| = 0.00139173
||rp|| = 0.0893697
||y|| = 498.293
FGMRES iteration : 297 || r || = 0.00449724
||xi|| = 456.913
||eta|| = 0.401605
||yp|| = 502.929
||yphi|| = 0.22545
||BtYp|| = 2.68592
||ru|| = 2.68673
||yu|| = 143.143
||GtYphi|| = 1.86223
||KtYu|| = 13.0075
||rj|| = 13.8026
||yj|| = 0.740861
||rphi|| = 0.00205104
||rp|| = 0.0787954
||y|| = 522.904
FGMRES iteration : 298 || r || = 0.00442006
||xi|| = 506.714
||eta|| = 0.516532
||yp|| = 557.719
||yphi|| = 0.197751
||BtYp|| = 3.19725
||ru|| = 3.19746
||yu|| = 169.592
||GtYphi|| = 1.77693
||KtYu|| = 14.5852
||rj|| = 15.2385
||yj|| = 0.873218
||rphi|| = 0.00149464
||rp|| = 0.0924956
||y|| = 582.934
FGMRES iteration : 299 || r || = 0.00438319
||xi|| = 401.332
||eta|| = 0.416789
||yp|| = 441.84
||yphi|| = 0.180595
||BtYp|| = 2.4025
||ru|| = 2.40373
||yu|| = 140.031
||GtYphi|| = 1.78324
||KtYu|| = 13.7212
||rj|| = 14.5369
||yj|| = 0.936315
||rphi|| = 0.00165499
||rp|| = 0.0797124
||y|| = 463.499
FGMRES iteration : 300 || r || = 0.00436685
||xi|| = 466.369
||eta|| = 0.521949
||yp|| = 513.37
||yphi|| = 0.177578
||BtYp|| = 2.78131
||ru|| = 2.7829
||yu|| = 154.867
||GtYphi|| = 1.73141
||KtYu|| = 13.9277
||rj|| = 14.7211
||yj|| = 0.857489
||rphi|| = 0.00141253
||rp|| = 0.0830892
||y|| = 536.221
FGMRES iteration : 301 || r || = 0.00436113
||xi|| = 386.803
||eta|| = 0.387375
||yp|| = 425.767
||yphi|| = 0.250653
||BtYp|| = 2.13154
||ru|| = 2.13228
||yu|| = 121.917
||GtYphi|| = 2.03979
||KtYu|| = 12.3482
||rj|| = 13.0896
||yj|| = 0.790902
||rphi|| = 0.00199924
||rp|| = 0.0674894
||y|| = 442.879
FGMRES iteration : 302 || r || = 0.00435959
||xi|| = 393.797
||eta|| = 0.648092
||yp|| = 433.588
||yphi|| = 0.155633
||BtYp|| = 2.36616
||ru|| = 2.36753
||yu|| = 146.871
||GtYphi|| = 1.70908
||KtYu|| = 14.6785
||rj|| = 15.4967
||yj|| = 1.02288
||rphi|| = 0.00125763
||rp|| = 0.0814913
||y|| = 457.789
FGMRES iteration : 303 || r || = 0.00435919
||xi|| = 413.536
||eta|| = 0.484755
||yp|| = 455.254
||yphi|| = 0.179652
||BtYp|| = 2.5188
||ru|| = 2.5205
||yu|| = 136.657
||GtYphi|| = 2.02105
||KtYu|| = 13.3817
||rj|| = 14.1803
||yj|| = 0.840662
||rphi|| = 0.00154708
||rp|| = 0.0775548
||y|| = 475.323
FGMRES iteration : 304 || r || = 0.00435918
||xi|| = 475.151
||eta|| = 0.493529
||yp|| = 523.093
||yphi|| = 0.193225
||BtYp|| = 2.93094
||ru|| = 2.93221
||yu|| = 154.448
||GtYphi|| = 1.97223
||KtYu|| = 13.4545
||rj|| = 14.2374
||yj|| = 0.861468
||rphi|| = 0.0015328
||rp|| = 0.0838315
||y|| = 545.418
FGMRES iteration : 305 || r || = 0.00435904
||xi|| = 476.059
||eta|| = 0.481062
||yp|| = 524.03
||yphi|| = 0.154812
||BtYp|| = 3.06383
||ru|| = 3.06557
||yu|| = 161.101
||GtYphi|| = 1.67628
||KtYu|| = 14.6262
||rj|| = 15.3847
||yj|| = 0.963408
||rphi|| = 0.00127136
||rp|| = 0.0907945
||y|| = 548.235
FGMRES iteration : 306 || r || = 0.00435844
||xi|| = 450.99
||eta|| = 0.434719
||yp|| = 496.448
||yphi|| = 0.227731
||BtYp|| = 2.54131
||ru|| = 2.54384
||yu|| = 138.602
||GtYphi|| = 2.05006
||KtYu|| = 12.4008
||rj|| = 13.2072
||yj|| = 0.763585
||rphi|| = 0.00168626
||rp|| = 0.0732021
||y|| = 515.434
FGMRES iteration : 307 || r || = 0.00435631
||xi|| = 549.176
||eta|| = 0.425123
||yp|| = 604.546
||yphi|| = 0.161184
||BtYp|| = 3.41849
||ru|| = 3.41794
||yu|| = 188.225
||GtYphi|| = 1.66617
||KtYu|| = 15.1438
||rj|| = 15.932
||yj|| = 1.01374
||rphi|| = 0.00156687
||rp|| = 0.0966654
||y|| = 633.171
FGMRES iteration : 308 || r || = 0.00435108
||xi|| = 393.97
||eta|| = 0.408988
||yp|| = 433.678
||yphi|| = 0.20528
||BtYp|| = 2.33946
||ru|| = 2.34436
||yu|| = 137.039
||GtYphi|| = 1.85114
||KtYu|| = 13.5921
||rj|| = 14.3475
||yj|| = 0.894044
||rphi|| = 0.00169093
||rp|| = 0.0747995
||y|| = 454.816
FGMRES iteration : 309 || r || = 0.0043386
||xi|| = 415.746
||eta|| = 0.433252
||yp|| = 457.646
||yphi|| = 0.224963
||BtYp|| = 2.2628
||ru|| = 2.26347
||yu|| = 125.102
||GtYphi|| = 2.0843
||KtYu|| = 13.1091
||rj|| = 13.9326
||yj|| = 0.84196
||rphi|| = 0.00201908
||rp|| = 0.0676675
||y|| = 474.437
FGMRES iteration : 310 || r || = 0.00431433
||xi|| = 405.827
||eta|| = 0.567473
||yp|| = 446.768
||yphi|| = 0.147
||BtYp|| = 2.30351
||ru|| = 2.30638
||yu|| = 144.001
||GtYphi|| = 1.5582
||KtYu|| = 14.9517
||rj|| = 15.7313
||yj|| = 1.02293
||rphi|| = 0.00133856
||rp|| = 0.0774182
||y|| = 469.402
FGMRES iteration : 311 || r || = 0.00426454
||xi|| = 491.114
||eta|| = 0.550224
||yp|| = 540.61
||yphi|| = 0.166302
||BtYp|| = 2.59349
||ru|| = 2.59465
||yu|| = 144.244
||GtYphi|| = 1.77892
||KtYu|| = 14.19
||rj|| = 15.0068
||yj|| = 0.880096
||rphi|| = 0.00140147
||rp|| = 0.0765239
||y|| = 559.523
FGMRES iteration : 312 || r || = 0.00415501
||xi|| = 399.216
||eta|| = 0.411782
||yp|| = 439.45
||yphi|| = 0.2018
||BtYp|| = 2.24
||ru|| = 2.24127
||yu|| = 129.306
||GtYphi|| = 1.82702
||KtYu|| = 13.6926
||rj|| = 14.5133
||yj|| = 0.859188
||rphi|| = 0.00161051
||rp|| = 0.0676948
||y|| = 458.08
FGMRES iteration : 313 || r || = 0.00399398
||xi|| = 380.593
||eta|| = 0.383148
||yp|| = 418.963
||yphi|| = 0.157799
||BtYp|| = 2.12834
||ru|| = 2.12894
||yu|| = 126.571
||GtYphi|| = 1.58799
||KtYu|| = 13.3115
||rj|| = 14.0094
||yj|| = 0.888701
||rphi|| = 0.00124691
||rp|| = 0.0681636
||y|| = 437.665
FGMRES iteration : 314 || r || = 0.00383928
||xi|| = 454.582
||eta|| = 0.508326
||yp|| = 500.428
||yphi|| = 0.189596
||BtYp|| = 2.53775
||ru|| = 2.53727
||yu|| = 136.576
||GtYphi|| = 1.96429
||KtYu|| = 13.0041
||rj|| = 13.8702
||yj|| = 0.79604
||rphi|| = 0.00154973
||rp|| = 0.0704378
||y|| = 518.731
FGMRES iteration : 315 || r || = 0.00373903
||xi|| = 409.925
||eta|| = 0.410957
||yp|| = 451.245
||yphi|| = 0.197436
||BtYp|| = 2.17548
||ru|| = 2.17715
||yu|| = 123.421
||GtYphi|| = 1.69081
||KtYu|| = 13.5699
||rj|| = 14.3554
||yj|| = 0.900875
||rphi|| = 0.00163851
||rp|| = 0.0643086
||y|| = 467.821
FGMRES iteration : 316 || r || = 0.00367304
||xi|| = 455.927
||eta|| = 0.362845
||yp|| = 501.85
||yphi|| = 0.176256
||BtYp|| = 2.50194
||ru|| = 2.5041
||yu|| = 133.113
||GtYphi|| = 1.80348
||KtYu|| = 14.4344
||rj|| = 15.2233
||yj|| = 0.946351
||rphi|| = 0.00134938
||rp|| = 0.0703875
||y|| = 519.205
FGMRES iteration : 317 || r || = 0.00364066
||xi|| = 432.61
||eta|| = 0.332638
||yp|| = 476.172
||yphi|| = 0.234162
||BtYp|| = 2.50793
||ru|| = 2.50853
||yu|| = 125.522
||GtYphi|| = 2.13349
||KtYu|| = 12.4839
||rj|| = 13.3268
||yj|| = 0.779965
||rphi|| = 0.00197546
||rp|| = 0.069144
||y|| = 492.439
FGMRES iteration : 318 || r || = 0.00363213
||xi|| = 474.769
||eta|| = 0.404182
||yp|| = 522.623
||yphi|| = 0.147365
||BtYp|| = 2.74548
||ru|| = 2.74744
||yu|| = 155.493
||GtYphi|| = 1.64186
||KtYu|| = 15.3082
||rj|| = 16.1208
||yj|| = 1.01395
||rphi|| = 0.0011043
||rp|| = 0.080193
||y|| = 545.265
FGMRES iteration : 319 || r || = 0.00362403
||xi|| = 419.155
||eta|| = 0.371315
||yp|| = 461.369
||yphi|| = 0.205519
||BtYp|| = 2.45304
||ru|| = 2.45397
||yu|| = 131.702
||GtYphi|| = 1.84142
||KtYu|| = 12.6345
||rj|| = 13.4087
||yj|| = 0.766392
||rphi|| = 0.00152052
||rp|| = 0.072523
||y|| = 479.799
FGMRES iteration : 320 || r || = 0.00361708
||xi|| = 465.647
||eta|| = 0.470477
||yp|| = 512.549
||yphi|| = 0.33791
||BtYp|| = 2.81518
||ru|| = 2.81736
||yu|| = 150.791
||GtYphi|| = 1.87261
||KtYu|| = 14.8023
||rj|| = 15.5493
||yj|| = 0.914966
||rphi|| = 0.00284414
||rp|| = 0.0828118
||y|| = 534.271
FGMRES iteration : 321 || r || = 0.00361376
||xi|| = 434.454
||eta|| = 0.443387
||yp|| = 478.249
||yphi|| = 0.17844
||BtYp|| = 2.56272
||ru|| = 2.56327
||yu|| = 150.789
||GtYphi|| = 1.75504
||KtYu|| = 15.0187
||rj|| = 15.8129
||yj|| = 0.981327
||rphi|| = 0.00156809
||rp|| = 0.0807478
||y|| = 501.458
FGMRES iteration : 322 || r || = 0.0036119
||xi|| = 474.008
||eta|| = 0.62315
||yp|| = 521.797
||yphi|| = 0.193205
||BtYp|| = 2.53576
||ru|| = 2.53688
||yu|| = 139.964
||GtYphi|| = 1.90056
||KtYu|| = 13.3184
||rj|| = 14.0551
||yj|| = 0.850501
||rphi|| = 0.00169689
||rp|| = 0.0748891
||y|| = 540.243
FGMRES iteration : 323 || r || = 0.00361045
||xi|| = 565.245
||eta|| = 0.667361
||yp|| = 622.334
||yphi|| = 0.192777
||BtYp|| = 3.65187
||ru|| = 3.65149
||yu|| = 198.004
||GtYphi|| = 1.81422
||KtYu|| = 15.8956
||rj|| = 16.6628
||yj|| = 1.08659
||rphi|| = 0.00166296
||rp|| = 0.102742
||y|| = 653.075
FGMRES iteration : 324 || r || = 0.00360878
||xi|| = 493.138
||eta|| = 0.383787
||yp|| = 542.751
||yphi|| = 0.185746
||BtYp|| = 2.78448
||ru|| = 2.78708
||yu|| = 150.54
||GtYphi|| = 1.91706
||KtYu|| = 14.182
||rj|| = 14.9418
||yj|| = 0.91719
||rphi|| = 0.00148656
||rp|| = 0.0826528
||y|| = 563.243
FGMRES iteration : 325 || r || = 0.00360606
||xi|| = 539.077
||eta|| = 0.390379
||yp|| = 593.322
||yphi|| = 0.188573
||BtYp|| = 2.83381
||ru|| = 2.83349
||yu|| = 156.427
||GtYphi|| = 1.6127
||KtYu|| = 14.2452
||rj|| = 14.962
||yj|| = 0.82378
||rphi|| = 0.0014608
||rp|| = 0.0801949
||y|| = 613.596
FGMRES iteration : 326 || r || = 0.00360256
||xi|| = 515.383
||eta|| = 0.556583
||yp|| = 567.377
||yphi|| = 0.130083
||BtYp|| = 3.11823
||ru|| = 3.12067
||yu|| = 175.708
||GtYphi|| = 1.52089
||KtYu|| = 15.3542
||rj|| = 16.1328
||yj|| = 1.00845
||rphi|| = 0.00112555
||rp|| = 0.092122
||y|| = 593.962
FGMRES iteration : 327 || r || = 0.00359794
||xi|| = 469.369
||eta|| = 0.544797
||yp|| = 516.732
||yphi|| = 0.158317
||BtYp|| = 2.59276
||ru|| = 2.59409
||yu|| = 149.301
||GtYphi|| = 1.73109
||KtYu|| = 13.7003
||rj|| = 14.4974
||yj|| = 0.83895
||rphi|| = 0.00130415
||rp|| = 0.0781022
||y|| = 537.869
FGMRES iteration : 328 || r || = 0.00359259
||xi|| = 467.055
||eta|| = 0.472259
||yp|| = 514.076
||yphi|| = 0.193923
||BtYp|| = 2.48044
||ru|| = 2.48006
||yu|| = 138.209
||GtYphi|| = 2.00923
||KtYu|| = 13.9183
||rj|| = 14.6212
||yj|| = 0.83341
||rphi|| = 0.00153343
||rp|| = 0.0746977
||y|| = 532.331
FGMRES iteration : 329 || r || = 0.00357579
||xi|| = 425.086
||eta|| = 0.595172
||yp|| = 467.941
||yphi|| = 0.184126
||BtYp|| = 2.51469
||ru|| = 2.51624
||yu|| = 142.928
||GtYphi|| = 1.95062
||KtYu|| = 14.7063
||rj|| = 15.5688
||yj|| = 1.00185
||rphi|| = 0.00142441
||rp|| = 0.0785774
||y|| = 489.283
FGMRES iteration : 330 || r || = 0.00352129
||xi|| = 503.299
||eta|| = 0.487915
||yp|| = 553.936
||yphi|| = 0.200325
||BtYp|| = 2.68845
||ru|| = 2.68975
||yu|| = 151.9
||GtYphi|| = 1.93999
||KtYu|| = 14.5736
||rj|| = 15.3069
||yj|| = 0.912889
||rphi|| = 0.00162745
||rp|| = 0.0806493
||y|| = 574.386
FGMRES iteration : 331 || r || = 0.00340038
||xi|| = 444.904
||eta|| = 0.623369
||yp|| = 489.736
||yphi|| = 0.202863
||BtYp|| = 2.71044
||ru|| = 2.71189
||yu|| = 153.699
||GtYphi|| = 1.83988
||KtYu|| = 14.1219
||rj|| = 14.929
||yj|| = 0.861803
||rphi|| = 0.00156401
||rp|| = 0.0842188
||y|| = 513.289
FGMRES iteration : 332 || r || = 0.003206
||xi|| = 474.861
||eta|| = 0.478058
||yp|| = 522.769
||yphi|| = 0.159662
||BtYp|| = 2.89172
||ru|| = 2.89227
||yu|| = 153.566
||GtYphi|| = 1.49809
||KtYu|| = 13.8737
||rj|| = 14.6168
||yj|| = 0.93145
||rphi|| = 0.00124435
||rp|| = 0.0822247
||y|| = 544.858
FGMRES iteration : 333 || r || = 0.00301346
||xi|| = 455.006
||eta|| = 0.514498
||yp|| = 500.823
||yphi|| = 0.152003
||BtYp|| = 2.65492
||ru|| = 2.65558
||yu|| = 147.487
||GtYphi|| = 1.58324
||KtYu|| = 13.8034
||rj|| = 14.5155
||yj|| = 0.859772
||rphi|| = 0.00113442
||rp|| = 0.0771625
||y|| = 522.089
FGMRES iteration : 334 || r || = 0.00288807
||xi|| = 481.778
||eta|| = 0.440004
||yp|| = 530.327
||yphi|| = 0.185862
||BtYp|| = 2.52855
||ru|| = 2.52916
||yu|| = 135.163
||GtYphi|| = 1.89008
||KtYu|| = 12.9436
||rj|| = 13.7702
||yj|| = 0.753969
||rphi|| = 0.00141714
||rp|| = 0.0704231
||y|| = 547.281
FGMRES iteration : 335 || r || = 0.00282121
||xi|| = 429.537
||eta|| = 0.412006
||yp|| = 472.825
||yphi|| = 0.189291
||BtYp|| = 2.44373
||ru|| = 2.44582
||yu|| = 135.735
||GtYphi|| = 1.46106
||KtYu|| = 14.478
||rj|| = 15.2377
||yj|| = 0.989156
||rphi|| = 0.00147164
||rp|| = 0.0711585
||y|| = 491.923
FGMRES iteration : 336 || r || = 0.00276582
||xi|| = 439.717
||eta|| = 0.359061
||yp|| = 484.011
||yphi|| = 0.179491
||BtYp|| = 2.54336
||ru|| = 2.54473
||yu|| = 129.207
||GtYphi|| = 1.83416
||KtYu|| = 13.9384
||rj|| = 14.7392
||yj|| = 0.875433
||rphi|| = 0.00140023
||rp|| = 0.0707711
||y|| = 500.961
FGMRES iteration : 337 || r || = 0.00274078
||xi|| = 424.951
||eta|| = 0.622555
||yp|| = 467.823
||yphi|| = 0.146028
||BtYp|| = 2.21306
||ru|| = 2.21476
||yu|| = 129.458
||GtYphi|| = 1.70173
||KtYu|| = 13.3714
||rj|| = 14.0004
||yj|| = 0.844701
||rphi|| = 0.00110856
||rp|| = 0.0673105
||y|| = 485.406
FGMRES iteration : 338 || r || = 0.00273296
||xi|| = 438.198
||eta|| = 0.32373
||yp|| = 482.332
||yphi|| = 0.175457
||BtYp|| = 2.59172
||ru|| = 2.59365
||yu|| = 139.724
||GtYphi|| = 1.55527
||KtYu|| = 15.3961
||rj|| = 16.2233
||yj|| = 0.999575
||rphi|| = 0.00149969
||rp|| = 0.0754375
||y|| = 502.164
FGMRES iteration : 339 || r || = 0.0027298
||xi|| = 461.808
||eta|| = 0.533346
||yp|| = 508.347
||yphi|| = 0.162675
||BtYp|| = 2.51403
||ru|| = 2.51391
||yu|| = 131.262
||GtYphi|| = 1.93968
||KtYu|| = 12.1108
||rj|| = 12.8816
||yj|| = 0.755779
||rphi|| = 0.00144475
||rp|| = 0.0695001
||y|| = 525.021
FGMRES iteration : 340 || r || = 0.00272913
||xi|| = 448.842
||eta|| = 0.414415
||yp|| = 494.041
||yphi|| = 0.188425
||BtYp|| = 2.53248
||ru|| = 2.53399
||yu|| = 135.019
||GtYphi|| = 1.81428
||KtYu|| = 14.5881
||rj|| = 15.3448
||yj|| = 0.935787
||rphi|| = 0.00149252
||rp|| = 0.0711797
||y|| = 512.16
FGMRES iteration : 341 || r || = 0.00272884
||xi|| = 509.296
||eta|| = 0.534989
||yp|| = 560.578
||yphi|| = 0.19437
||BtYp|| = 3.13601
||ru|| = 3.1364
||yu|| = 168.293
||GtYphi|| = 1.72787
||KtYu|| = 15.7694
||rj|| = 16.519
||yj|| = 1.06528
||rphi|| = 0.00153832
||rp|| = 0.0893529
||y|| = 585.296
FGMRES iteration : 342 || r || = 0.00272749
||xi|| = 423.925
||eta|| = 0.397785
||yp|| = 466.63
||yphi|| = 0.219777
||BtYp|| = 2.37291
||ru|| = 2.37491
||yu|| = 126.16
||GtYphi|| = 2.14904
||KtYu|| = 12.8682
||rj|| = 13.6719
||yj|| = 0.767132
||rphi|| = 0.0016278
||rp|| = 0.0672951
||y|| = 483.384
FGMRES iteration : 343 || r || = 0.00272673
||xi|| = 482.675
||eta|| = 0.437639
||yp|| = 531.341
||yphi|| = 0.17347
||BtYp|| = 2.85228
||ru|| = 2.85473
||yu|| = 154.432
||GtYphi|| = 1.72081
||KtYu|| = 15.6948
||rj|| = 16.4648
||yj|| = 0.991863
||rphi|| = 0.00138478
||rp|| = 0.0819948
||y|| = 553.33
FGMRES iteration : 344 || r || = 0.00272607
||xi|| = 473.179
||eta|| = 0.408004
||yp|| = 520.838
||yphi|| = 0.172498
||BtYp|| = 2.63181
||ru|| = 2.63126
||yu|| = 138.678
||GtYphi|| = 1.85061
||KtYu|| = 13.4513
||rj|| = 14.2008
||yj|| = 0.826693
||rphi|| = 0.00144072
||rp|| = 0.0762351
||y|| = 538.985
FGMRES iteration : 345 || r || = 0.00272323
||xi|| = 497.36
||eta|| = 0.586135
||yp|| = 547.403
||yphi|| = 0.177281
||BtYp|| = 2.96137
||ru|| = 2.96307
||yu|| = 159.349
||GtYphi|| = 1.93923
||KtYu|| = 14.958
||rj|| = 15.7549
||yj|| = 0.893499
||rphi|| = 0.0012633
||rp|| = 0.0839628
||y|| = 570.126
FGMRES iteration : 346 || r || = 0.00271989
||xi|| = 423.28
||eta|| = 0.442049
||yp|| = 465.94
||yphi|| = 0.186428
||BtYp|| = 2.40551
||ru|| = 2.40676
||yu|| = 133.82
||GtYphi|| = 1.80928
||KtYu|| = 14.798
||rj|| = 15.5379
||yj|| = 0.997704
||rphi|| = 0.00146433
||rp|| = 0.0746118
||y|| = 484.778
FGMRES iteration : 347 || r || = 0.00271461
||xi|| = 381.402
||eta|| = 0.471937
||yp|| = 419.832
||yphi|| = 0.22588
||BtYp|| = 2.02849
||ru|| = 2.02965
||yu|| = 117.728
||GtYphi|| = 2.062
||KtYu|| = 13.2548
||rj|| = 14.1574
||yj|| = 0.820939
||rphi|| = 0.00161719
||rp|| = 0.0643005
||y|| = 436.027
FGMRES iteration : 348 || r || = 0.00269905
||xi|| = 493.125
||eta|| = 0.658818
||yp|| = 542.726
||yphi|| = 0.183095
||BtYp|| = 2.76023
||ru|| = 2.76095
||yu|| = 143.72
||GtYphi|| = 1.88577
||KtYu|| = 13.9775
||rj|| = 14.7485
||yj|| = 0.798553
||rphi|| = 0.00140401
||rp|| = 0.0763231
||y|| = 561.433
FGMRES iteration : 349 || r || = 0.002665
||xi|| = 493.045
||eta|| = 0.708974
||yp|| = 542.767
||yphi|| = 0.17112
||BtYp|| = 2.96535
||ru|| = 2.9675
||yu|| = 171.216
||GtYphi|| = 1.5985
||KtYu|| = 15.7237
||rj|| = 16.4375
||yj|| = 1.04603
||rphi|| = 0.00146411
||rp|| = 0.0904688
||y|| = 569.133
FGMRES iteration : 350 || r || = 0.00260432
||xi|| = 445.437
||eta|| = 0.426384
||yp|| = 490.288
||yphi|| = 0.175632
||BtYp|| = 2.47256
||ru|| = 2.47425
||yu|| = 131.29
||GtYphi|| = 1.8869
||KtYu|| = 14.0703
||rj|| = 14.8801
||yj|| = 0.849026
||rphi|| = 0.00140133
||rp|| = 0.0692948
||y|| = 507.563
FGMRES iteration : 351 || r || = 0.00247281
||xi|| = 433.431
||eta|| = 0.427711
||yp|| = 477.097
||yphi|| = 0.142006
||BtYp|| = 2.33512
||ru|| = 2.33667
||yu|| = 123.218
||GtYphi|| = 1.80884
||KtYu|| = 11.7534
||rj|| = 12.4701
||yj|| = 0.733901
||rphi|| = 0.00108565
||rp|| = 0.0657785
||y|| = 492.752
FGMRES iteration : 352 || r || = 0.00232176
||xi|| = 426.075
||eta|| = 0.427326
||yp|| = 469.048
||yphi|| = 0.151054
||BtYp|| = 2.46826
||ru|| = 2.47036
||yu|| = 144.076
||GtYphi|| = 1.49065
||KtYu|| = 15.043
||rj|| = 15.8162
||yj|| = 1.03135
||rphi|| = 0.00135359
||rp|| = 0.0745089
||y|| = 490.678
FGMRES iteration : 353 || r || = 0.00215403
||xi|| = 471.15
||eta|| = 0.326839
||yp|| = 518.57
||yphi|| = 0.158192
||BtYp|| = 2.74954
||ru|| = 2.75116
||yu|| = 137.562
||GtYphi|| = 1.69417
||KtYu|| = 13.0709
||rj|| = 13.7599
||yj|| = 0.852722
||rphi|| = 0.00120894
||rp|| = 0.0740912
||y|| = 536.506
FGMRES iteration : 354 || r || = 0.00202642
FGMRES iteration : 354 || r || = 0.00202642
Relative L2 Norm for current density: 0.00461232
Relative L2 Norm for electric potential: 0.00185073
Relative L2 Norm for velocity: 0.000500912
Relative L2 Norm for pressure: 0.0014246
