$MeshFormat
2.2 0 8
$EndMeshFormat
$PhysicalNames
7
2 1 "front"
2 2 "right"
2 3 "top"
2 4 "left"
2 5 "bottom"
2 6 "back"
3 1 "cuboid"
$EndPhysicalNames
$Nodes
785
1 0 0 0
2 0 6.283185307179586 0
3 6.283185307179586 6.283185307179586 0
4 6.283185307179586 0 0
5 0 0 12.56637061435917
6 0 6.283185307179586 12.56637061435917
7 6.283185307179586 6.283185307179586 12.56637061435917
8 6.283185307179586 0 12.56637061435917
9 0 0.8975979010238273 0
10 0 1.795195802046973 0
11 0 2.692793703070237 0
12 0 3.590391604095756 0
13 0 4.487989505123815 0
14 0 5.385587406151701 0
15 0.8975979010238273 6.283185307179586 0
16 1.795195802046973 6.283185307179586 0
17 2.692793703070237 6.283185307179586 0
18 3.590391604095756 6.283185307179586 0
19 4.487989505123815 6.283185307179586 0
20 5.385587406151701 6.283185307179586 0
21 6.283185307179586 5.385587406155789 0
22 6.283185307179586 4.487989505132859 0
23 6.283185307179586 3.590391604109347 0
24 6.283185307179586 2.692793703083829 0
25 6.283185307179586 1.795195802055771 0
26 6.283185307179586 0.8975979010278854 0
27 5.385587406155789 0 0
28 4.487989505132859 0 0
29 3.590391604109347 0 0
30 2.692793703083829 0 0
31 1.795195802055771 0 0
32 0.8975979010278854 0 0
33 6.283185307179586 6.283185307179586 0.9666438934103346
34 6.283185307179586 6.283185307179586 1.933287786820451
35 6.283185307179586 6.283185307179586 2.89993168022996
36 6.283185307179586 6.283185307179586 3.866575573639488
37 6.283185307179586 6.283185307179586 4.83321946704925
38 6.283185307179586 6.283185307179586 5.799863360458877
39 6.283185307179586 6.283185307179586 6.766507253871094
40 6.283185307179586 6.283185307179586 7.733151147285727
41 6.283185307179586 6.283185307179586 8.699795040700561
42 6.283185307179586 6.283185307179586 9.666438934114968
43 6.283185307179586 6.283185307179586 10.63308282752993
44 6.283185307179586 6.283185307179586 11.59972672094421
45 0 6.283185307179586 0.9666438934103346
46 0 6.283185307179586 1.933287786820451
47 0 6.283185307179586 2.89993168022996
48 0 6.283185307179586 3.866575573639488
49 0 6.283185307179586 4.83321946704925
50 0 6.283185307179586 5.799863360458877
51 0 6.283185307179586 6.766507253871094
52 0 6.283185307179586 7.733151147285727
53 0 6.283185307179586 8.699795040700561
54 0 6.283185307179586 9.666438934114968
55 0 6.283185307179586 10.63308282752993
56 0 6.283185307179586 11.59972672094421
57 0 0 0.9666438934103346
58 0 0 1.933287786820451
59 0 0 2.89993168022996
60 0 0 3.866575573639488
61 0 0 4.83321946704925
62 0 0 5.799863360458877
63 0 0 6.766507253871094
64 0 0 7.733151147285727
65 0 0 8.699795040700561
66 0 0 9.666438934114968
67 0 0 10.63308282752993
68 0 0 11.59972672094421
69 6.283185307179586 0 0.9666438934103346
70 6.283185307179586 0 1.933287786820451
71 6.283185307179586 0 2.89993168022996
72 6.283185307179586 0 3.866575573639488
73 6.283185307179586 0 4.83321946704925
74 6.283185307179586 0 5.799863360458877
75 6.283185307179586 0 6.766507253871094
76 6.283185307179586 0 7.733151147285727
77 6.283185307179586 0 8.699795040700561
78 6.283185307179586 0 9.666438934114968
79 6.283185307179586 0 10.63308282752993
80 6.283185307179586 0 11.59972672094421
81 0.8975979010238273 6.283185307179586 12.56637061435917
82 1.795195802046973 6.283185307179586 12.56637061435917
83 2.692793703070237 6.283185307179586 12.56637061435917
84 3.590391604095756 6.283185307179586 12.56637061435917
85 4.487989505123815 6.283185307179586 12.56637061435917
86 5.385587406151701 6.283185307179586 12.56637061435917
87 6.283185307179586 5.385587406155789 12.56637061435917
88 6.283185307179586 4.487989505132859 12.56637061435917
89 6.283185307179586 3.590391604109347 12.56637061435917
90 6.283185307179586 2.692793703083829 12.56637061435917
91 6.283185307179586 1.795195802055771 12.56637061435917
92 6.283185307179586 0.8975979010278854 12.56637061435917
93 5.385587406155789 0 12.56637061435917
94 4.487989505132859 0 12.56637061435917
95 3.590391604109347 0 12.56637061435917
96 2.692793703083829 0 12.56637061435917
97 1.795195802055771 0 12.56637061435917
98 0.8975979010278854 0 12.56637061435917
99 0 0.8975979010238273 12.56637061435917
100 0 1.795195802046973 12.56637061435917
101 0 2.692793703070237 12.56637061435917
102 0 3.590391604095756 12.56637061435917
103 0 4.487989505123815 12.56637061435917
104 0 5.385587406151701 12.56637061435917
105 0.8694063415384026 3.056268431483071 0
106 5.509658963707239 3.134982729945462 0
107 3.173423989872415 0.853807131917356 0
108 3.153829739866466 5.487920818360267 0
109 4.835009121516463 5.477866239491188 0
110 5.525885275231081 1.381111571176484 0
111 0.7573000319475561 4.902073736003202 0
112 1.38111157117637 0.7573000319475578 0
113 5.509819188161217 2.248678885233748 0
114 4.729798922311649 2.692472737919845 0
115 4.756418605616849 3.595712415891356 0
116 3.963917931470971 3.156093290690142 0
117 3.953500746959798 2.246358031227973 0
118 3.176332230510114 2.69560435571294 0
119 3.184252078145223 3.606944148387749 0
120 2.419059574846438 3.180202410554524 0
121 2.396472383824968 4.039190554628368 0
122 2.310731827737353 2.274177520421946 0
123 3.177364388058616 4.535591789578255 0
124 2.396472383826925 4.936788455653927 0
125 4.004091638143976 4.972485883814102 0
126 1.626444104642417 3.617988417383833 0
127 3.984449682583906 4.058554726496217 0
128 4.776599489570757 4.503815191139624 0
129 4.733110303941535 1.802102663022766 0
130 3.966923450282771 1.366056351840512 0
131 4.823540647744232 0.8296620623057471 0
132 2.226724276889073 0.7703717394275742 0
133 1.795195802055769 1.554685169346046 0
134 0.8258668678386282 1.462555525609774 0
135 1.357362665761706 2.249461741221756 0
136 0.8013059412457422 4.023783533202248 0
137 1.579038621579144 4.485307966109397 0
138 1.476025685966453 5.45594037716874 0
139 3.183922839742122 1.815406915745869 0
140 5.526655898852245 4.038605385774749 0
141 5.550887719859452 4.918740868429849 0
142 2.249487793021547 5.674943829196184 0
143 0.6059962722100309 2.247698981199254 0
144 4.039190554605197 0.6012765817801818 0
145 2.522624793090285 1.456438103354485 0
146 4.039190554609785 5.727841094286592 0
147 5.626098038859299 5.626098038860394 0
148 5.626098038860395 0.6570872683202865 0
149 0.6570872683191966 5.626098038859305 0
150 0.6570872683202817 0.6570872683191944 0
151 1.728893639584402 2.890053668469266 0
152 3.213008688102795 6.283185307179586 0.8609827910005963
153 3.225659151399945 6.283185307179586 11.67049176728779
154 5.480621471769577 6.283185307179586 4.353348837152357
155 0.8383165755972437 6.283185307179586 7.261040843816037
156 5.462043801248195 6.283185307179586 8.219647877036028
157 0.8399887577763977 6.283185307179586 4.363143502379615
158 0.8348466813179403 6.283185307179586 9.186022797586681
159 5.462227225417561 6.283185307179586 6.286655283745965
160 5.52753909241688 6.283185307179586 2.380848140925757
161 5.470587687224102 6.283185307179586 10.14746218979194
162 0.8403114874040638 6.283185307179586 2.440957968200865
163 0.8020446498950703 6.283185307179586 11.06727330702345
164 1.369041479947369 6.283185307179586 0.6973392812159362
165 4.875525475346365 6.283185307179586 11.7068217887602
166 4.844443948952118 6.283185307179586 0.8030759855107391
167 0.8215545178534872 6.283185307179586 10.14152406497384
168 1.656269328283043 6.283185307179586 9.666768043136294
169 1.667712118205301 6.283185307179586 8.711110939763765
170 2.492833869515663 6.283185307179586 9.19148331557728
171 2.498040960849789 6.283185307179586 8.235337788292075
172 3.323854956846396 6.283185307179586 8.718465478081519
173 3.330258805405438 6.283185307179586 7.759403217625644
174 3.319092410141981 6.283185307179586 9.674077300505708
175 2.500877373332296 6.283185307179586 7.275897593911751
176 3.335692905758063 6.283185307179586 6.797779370166392
177 2.504996864515001 6.283185307179586 6.312532807969141
178 3.340596553887665 6.283185307179586 5.833782544577822
179 2.50747072103447 6.283185307179586 5.347976239909677
180 3.344248208000155 6.283185307179586 4.869086774254779
181 2.512019563183435 6.283185307179586 4.382894425684734
182 3.346414782539577 6.283185307179586 3.905484659239429
183 2.518900816211551 6.283185307179586 3.421215737915685
184 3.350484684380603 6.283185307179586 2.948301081400627
185 2.525675760740274 6.283185307179586 2.468227122972103
186 4.146852148042002 6.283185307179586 9.202631392948613
187 4.16663407580358 6.283185307179586 7.283585489440625
188 1.673864074540817 6.283185307179586 5.825221707246365
189 4.160830544179309 6.283185307179586 3.423163797601944
190 4.178141887578914 6.283185307179586 5.355327186405756
191 4.142201805714901 6.283185307179586 10.15525368120375
192 4.145214075371999 6.283185307179586 2.440959531478526
193 3.291712340574823 6.283185307179586 10.6367536019741
194 4.061326692225798 6.283185307179586 11.1163474014221
195 2.442009279064277 6.283185307179586 11.0805037734422
196 1.685266553152652 6.283185307179586 2.931910639773321
197 1.701739189250811 6.283185307179586 2.026876729726851
198 2.478946473059577 6.283185307179586 1.560798669851807
199 3.311415306719356 6.283185307179586 1.942583987292091
200 4.04771558542806 6.283185307179586 1.322347147075208
201 0.8417102612742746 6.283185307179586 3.399163907347816
202 0.8356559316436579 6.283185307179586 8.224059173567877
203 5.482065849338589 6.283185307179586 9.189497482873501
204 5.512417753176402 6.283185307179586 3.379407165531027
205 4.143871929748205 6.283185307179586 4.38587650009338
206 2.471798095249965 6.283185307179586 10.1465812039977
207 1.676768486428575 6.283185307179586 4.858803285813484
208 5.470322514150908 6.283185307179586 7.254917510024089
209 5.472011322515295 6.283185307179586 5.321892606034667
210 1.679109073004481 6.283185307179586 3.892855249819109
211 4.173386764388015 6.283185307179586 6.319462298640828
212 4.15661376746544 6.283185307179586 8.245077576871905
213 1.669498069587752 6.283185307179586 7.749908393542411
214 0.8380865996675901 6.283185307179586 5.32928670497558
215 1.670908539472143 6.283185307179586 6.786678375565264
216 0.8368626315462989 6.283185307179586 6.294766374322202
217 1.640036448524936 6.283185307179586 10.60813214607483
218 4.822600731151781 6.283185307179586 1.872000763289314
219 1.520783433174526 6.283185307179586 11.65671311772561
220 0.8811799306768184 6.283185307179586 1.453284458367649
221 5.557549663433324 6.283185307179586 11.10352542103783
222 2.243994752558605 6.283185307179586 0.7205345583451466
223 5.552575940599105 6.283185307179586 1.411323642238775
224 4.048178485638336 6.283185307179586 11.92528043723769
225 4.816555682558779 6.283185307179586 10.65191907251314
226 2.358740926493939 6.283185307179586 11.87254915287137
227 4.803811345592058 6.283185307179586 9.680262035445521
228 4.807085903731369 6.283185307179586 8.718001393003791
229 4.809480420067811 6.283185307179586 7.754520903631803
230 4.832810556858793 6.283185307179586 2.899931680229935
231 4.821418348778409 6.283185307179586 3.885922488886611
232 4.801078488979407 6.283185307179586 6.80007831618896
233 4.804329189033727 6.283185307179586 4.867732032486433
234 4.803364189765841 6.283185307179586 5.834893446441753
235 0.7016056986162353 6.283185307179586 11.84829954441311
236 4.037418634417445 6.283185307179586 0.5815417752074804
237 5.639143377960375 6.283185307179586 0.6646189983608695
238 0.6402731696135258 6.283185307179586 0.6539032883000018
239 5.639143377961331 6.283185307179586 11.90175161599775
240 1.734980365098636 6.283185307179586 1.291766739501478
241 6.283185307179586 3.213008688111302 0.8609827910020553
242 6.283185307179586 3.225659151409207 11.67049176728931
243 6.283185307179586 5.480608129472695 4.352912678038379
244 6.283185307179586 0.8384020138674781 7.261090843240488
245 6.283185307179586 5.462065585050961 8.219613951874297
246 6.283185307179586 0.8398712661485683 4.363242542459123
247 6.283185307179586 0.8348466813179695 9.186022797586668
248 6.283185307179586 5.462227225417529 6.286655283745995
249 6.283185307179586 0.8403114874037165 2.440957968200801
250 6.283185307179586 5.527539092416882 2.380848140928418
251 6.283185307179586 5.470587687224144 10.14746218979187
252 6.283185307179586 0.8020446498960723 11.06727330702368
253 6.283185307179586 4.875525475351226 11.70682178876153
254 6.283185307179586 4.844443948957889 0.8030759855146122
255 6.283185307179586 1.369041479954253 0.6973392812159045
256 6.283185307179586 0.8215545178545695 10.14152406497388
257 6.283185307179586 1.656269328283771 9.666768043136919
258 6.283185307179586 1.667712118205327 8.711110939763708
259 6.283185307179586 2.49283386951546 9.191483315577914
260 6.283185307179586 2.498040960849733 8.235337788292007
261 6.283185307179586 3.323932255977046 8.718334072140673
262 6.283185307179586 3.330348987724449 7.75924991069456
263 6.283185307179586 3.319098983197252 9.674066126531301
264 6.283185307179586 2.500877373332147 7.275897593911585
265 6.283185307179586 3.335700574322402 6.797766333862476
266 6.283185307179586 2.504998142608833 6.312530635251699
267 6.283185307179586 3.34059761896574 5.833780733979816
268 6.283185307179586 2.507355259376495 5.347975110523256
269 6.283185307179586 3.343687102529451 4.868070205135017
270 6.283185307179586 2.512214078548072 4.382664489038099
271 6.283185307179586 3.345811644814426 3.904260829156007
272 6.283185307179586 2.518832712484335 3.420973443460584
273 6.283185307179586 3.350372810804721 2.948056727310713
274 6.283185307179586 2.525645764522602 2.468146014881151
275 6.283185307179586 4.146852148042099 9.202631392948247
276 6.283185307179586 4.166634075803438 7.283585489440241
277 6.283185307179586 1.673812990589424 5.8253701963997
278 6.283185307179586 4.160658426330972 3.422835607138182
279 6.283185307179586 4.178141887578514 5.355327186405371
280 6.283185307179586 4.142201805715119 10.15525368120337
281 6.283185307179586 4.145196826135962 2.440924755935617
282 6.283185307179586 3.291713436086234 10.63675173964718
283 6.283185307179586 4.061326874815362 11.11634709103454
284 6.283185307179586 2.442009461654981 11.08050346305605
285 6.283185307179586 1.685250203161428 2.931856739348948
286 6.283185307179586 1.701731464884687 2.026854228307578
287 6.283185307179586 2.47894018630095 1.560781401599894
288 6.283185307179586 3.311395615556241 1.942539046105667
289 6.283185307179586 4.047712444245358 1.322340368447702
290 6.283185307179586 0.8416879543376093 3.399171430623653
291 6.283185307179586 0.8356701713553628 8.224067506805264
292 6.283185307179586 5.482067613627843 9.189486781530825
293 6.283185307179586 5.512416164807608 3.379355241827299
294 6.283185307179586 4.142152019270775 4.382235895049875
295 6.283185307179586 2.471799403777166 10.14657897955
296 6.283185307179586 1.676751926675171 4.85890553526005
297 6.283185307179586 5.470354397502224 7.254873537482327
298 6.283185307179586 5.464585598243285 5.320122241161648
299 6.283185307179586 1.679101356892531 3.892802363365075
300 6.283185307179586 4.173386764387737 6.319462298640445
301 6.283185307179586 4.157077562249417 8.244289141227148
302 6.283185307179586 1.669514682584692 7.749918115652659
303 6.283185307179586 0.8381411820490877 5.32939500084662
304 6.283185307179586 1.671002685310656 6.786762714651475
305 6.283185307179586 0.8368931453027741 6.294831561578041
306 6.283185307179586 1.640036697045122 10.60813172360281
307 6.283185307179586 4.822597332749573 1.871993837596225
308 6.283185307179586 1.520783494766681 11.65671301303222
309 6.283185307179586 5.557549663434889 11.10352542103842
310 6.283185307179586 0.8811791424786486 1.453282162304706
311 6.283185307179586 2.243994752569801 0.7205345583419713
312 6.283185307179586 5.552575651620291 1.411323053322233
313 6.283185307179586 4.0481785221636 11.92528037516075
314 6.283185307179586 4.816555712991526 10.65191902078205
315 6.283185307179586 2.358740939222959 11.87254913126447
316 6.283185307179586 4.803811435944613 9.680249812147503
317 6.283185307179586 4.807250999886576 8.717745505632253
318 6.283185307179586 4.809594179750022 7.754333866845029
319 6.283185307179586 4.832810556858266 2.899931680229932
320 6.283185307179586 4.822611481698493 3.879253595303489
321 6.283185307179586 4.802047145311471 4.865130669863317
322 6.283185307179586 4.80108733513068 6.800064285009745
323 6.283185307179586 4.805253126564201 5.832295241909026
324 6.283185307179586 0.7016056986165446 11.84829954441364
325 6.283185307179586 4.037418185685566 0.5815408068344726
326 6.283185307179586 0.6402731285822231 0.6539031687652104
327 6.283185307179586 5.639143377964555 0.6646189983580596
328 6.283185307179586 5.639143377965515 11.90175161600056
329 6.283185307179586 1.734977405237668 1.291758326354011
330 3.182150312309806 0 0.7159194363707684
331 3.057700617050984 0 11.67109967914373
332 5.445110576346193 0 4.356547615091
333 5.445390601144837 0 7.260444976545834
334 0.8125897701579741 0 5.318639835094196
335 0.8210350662306525 0 8.219500622789933
336 5.448338625861648 0 9.186022797586679
337 0.83713816810574 0 3.383253626934724
338 0.8126758987208952 0 10.14770606795358
339 5.44336276548042 0 2.441723700237698
340 5.481208550389779 0 11.06716598904496
341 0.7198671831000786 0 1.452467046592403
342 4.914438421761748 0 0.6983057853640515
343 1.3902760216356 0 11.7306518749797
344 5.461644089757758 0 10.1415061825122
345 4.626951921000209 0 9.666820695092284
346 4.615473188974289 0 8.711110939763763
347 3.790147882610222 0 9.191627045217952
348 3.784811366277734 0 8.234526968395796
349 2.958292800596592 0 8.718056308024932
350 2.952208214852896 0 7.75806925147575
351 2.963944712199387 0 9.675256150111814
352 3.782642968434081 0 7.273904842878887
353 2.947701534628295 0 6.7951100234721
354 3.779001989578895 0 6.309973512249433
355 2.943721255624015 0 5.830280191527437
356 3.777189174854563 0 5.345384404934602
357 2.941115133363851 0 4.865759841617269
358 3.772614538204035 0 4.381668902157585
359 2.937602642146683 0 3.902784762617287
360 3.76623177386753 0 3.421448601151721
361 2.940783903049788 0 2.944798291339232
362 3.761343200616257 0 2.469213343129245
363 2.110407287246802 0 6.316644498113913
364 2.135206220402675 0 9.203654869901822
365 4.610577141172994 0 5.822950422421145
366 2.12354665872629 0 4.382606748231638
367 2.140812705051801 0 10.15665826428098
368 2.912791940221487 0 2.046716097457558
369 2.137040696293659 0 2.469125954971472
370 2.151969434171001 0 1.550905298840277
371 2.991674801399892 0 10.63771952428277
372 2.199868567785356 0 11.11440900781815
373 3.841257748834193 0 11.08076094074329
374 3.69531337862603 0 1.515643489635937
375 4.599710345970642 0 2.933480605656293
376 0.7752706817557546 0 2.421880817089529
377 2.14761715949828 0 3.411087875364244
378 5.447616344533878 0 8.223958352392913
379 4.572408229564923 0 2.026949236307812
380 5.442599555205442 0 3.399060485190314
381 0.8011353685219522 0 9.189757403831685
382 0.8176923374921492 0 4.349988559726404
383 3.811383823131362 0 10.14701426133457
384 2.143209532867687 0 5.346146208281322
385 4.603607281607915 0 3.894029423041984
386 4.608500875000514 0 4.856499385885141
387 2.123144656668085 0 8.243282594642148
388 0.8136296037932037 0 7.254223773170372
389 0.8114160386856226 0 6.287928119087643
390 2.116342602849102 0 7.280603498855565
391 5.4463243023204 0 5.327199206435517
392 4.613961002078707 0 7.748956312872785
393 4.613160051575507 0 6.78505750911263
394 5.447174282920381 0 6.293888185207605
395 4.643247344772668 0 10.60812777025386
396 4.762368206412496 0 11.6567738005864
397 5.401343460079026 0 1.453749447282051
398 0.7228969237456627 0 11.10789757468081
399 1.399828342926213 0 0.8625666199960743
400 4.039190554621102 0 0.7235814346385492
401 2.332508236565898 0 0.7453662092623704
402 2.227166942322308 0 11.92978035813199
403 1.459664703812642 0 10.65688049919212
404 3.924098122164702 0 11.87280395030527
405 1.47849641423812 0 9.681863474253733
406 1.474803571605416 0 8.71740883546962
407 1.457528451295861 0 2.893739989488719
408 1.440250798257094 0 1.941780954496412
409 1.466363696541948 0 3.866575573639512
410 1.472804703211978 0 7.752915780566935
411 1.468422496360978 0 6.78776895492634
412 1.467427313639323 0 5.8150578470921
413 1.461977244747653 0 4.836677139623552
414 5.581579608563354 0 11.8482995444131
415 5.642893014185555 0 0.6539778141778295
416 0.6440419292182552 0 11.90175161599775
417 4.524538808930565 0 1.28364587864568
418 0.6413009638847639 0 0.6620738162645843
419 2.802935015639612 0 1.332639794662394
420 0 3.182150312301447 0.7159194363708324
421 0 3.057700617041723 11.67109967914527
422 0 5.445110576346355 4.356547615090998
423 0 5.44539060114491 7.26044497654582
424 0 0.8125897701579992 5.318639835094167
425 0 0.8210350662306382 8.219500622789894
426 0 5.448338625861614 9.186022797586666
427 0 0.83713816810574 3.383253626934724
428 0 5.443362765480765 2.441723700237656
429 0 0.8126758987208516 10.14770606795351
430 0 0.7198671830983898 1.452467046591619
431 0 5.481208550388776 11.06716598904518
432 0 1.390276021630353 11.73065187498177
433 0 4.914438421754758 0.6983057853640925
434 0 5.461644089756666 10.14150618251224
435 0 4.626951920999471 9.666820695092923
436 0 4.615473188974256 8.71111093976371
437 0 3.790147882610422 9.191627045218606
438 0 3.784811366277799 8.234526968395775
439 0 2.958292800596603 8.718056308024828
440 0 2.95220821485298 7.758069251475503
441 0 2.963944712199371 9.675256150111849
442 0 3.782642968434222 7.273904842878736
443 0 2.947701534628501 6.795110023471834
444 0 3.77900198957915 6.309973512249273
445 0 2.943721255624347 5.830280191527166
446 0 3.777189174854959 5.345384404934441
447 0 2.941115133364314 4.865759841616997
448 0 3.772614538204558 4.381668902157427
449 0 2.937602642147274 3.90278476261702
450 0 3.766231773868178 3.421448601151572
451 0 2.940783903050532 2.944798291338967
452 0 3.761343200617032 2.469213343129122
453 0 2.110407287247072 6.316644498113535
454 0 2.135206220402568 9.203654869901452
455 0 4.610577141173271 5.822950422421091
456 0 2.123546658726821 4.382606748231295
457 0 2.140812705051571 10.15665826428059
458 0 2.912791940221982 2.046716097458016
459 0 2.13704069629447 2.469125954971148
460 0 2.151969434168111 1.550905298840552
461 0 2.991674801397689 10.63771952428496
462 0 2.199868567781916 11.11440900781849
463 0 3.841257748828343 11.08076094074534
464 0 3.695313378623005 1.515643489636112
465 0 4.599710345971281 2.933480605656234
466 0 0.7752706817555998 2.42188081708929
467 0 2.147617159498937 3.411087875363897
468 0 5.447616344533888 8.223958352392891
469 0 4.572408229562495 2.026949236307875
470 0 5.442599555205729 3.39906048519029
471 0 0.8011353685219046 9.189757403831603
472 0 0.8176923374921907 4.349988559726402
473 0 3.811383823129037 10.1470142613355
474 0 2.143209532868056 5.346146208280983
475 0 4.603607281608428 3.894029423041924
476 0 4.608500875000855 4.856499385885078
477 0 2.123144656668097 8.243282594641769
478 0 0.8136296037931913 7.254223773170313
479 0 0.8114160386856196 6.28792811908758
480 0 2.116342602849238 7.280603498855184
481 0 5.446324302320573 5.327199206435502
482 0 4.613961002078769 7.748956312872733
483 0 4.613160051575684 6.785057509112563
484 0 5.447174282920562 6.293888185207607
485 0 4.643247344770773 10.60812777025464
486 0 4.762368206406451 11.65677380058746
487 0 0.7228969237440485 11.10789757468152
488 0 5.401343460076292 1.453749447282347
489 0 1.399828342921092 0.8625666199952484
490 0 4.039190554609785 0.7235814346355585
491 0 2.332508236559215 0.7453662092629281
492 0 2.22716694231424 11.92978035813278
493 0 1.459664703810838 10.65688049919249
494 0 3.924098122147541 11.8728039503083
495 0 1.478496414237758 9.681863474253483
496 0 1.474803571605309 8.717408835469358
497 0 1.457528451296282 2.893739989488499
498 0 1.440250798255657 1.941780954496059
499 0 1.466363696542473 3.866575573639513
500 0 1.47280470321197 7.752915780566672
501 0 1.468422496361043 6.787768954926072
502 0 1.467427313639512 5.815057847091921
503 0 1.461977244748027 4.836677139623513
504 0 5.581579608563043 11.84829954441364
505 0 5.642893014181743 0.6539778141799254
506 0 0.6440419292141677 11.90175161600048
507 0 4.524538808925267 1.283645878645197
508 0 0.6413009638808888 0.6620738162620619
509 0 2.802935015637272 1.332639794664942
510 0.8694063415384026 3.056268431483071 12.56637061435917
511 5.509658963707239 3.134982729945462 12.56637061435917
512 3.173423989872415 0.853807131917356 12.56637061435917
513 3.153829739866466 5.487920818360267 12.56637061435917
514 4.835009121516463 5.477866239491188 12.56637061435917
515 5.525885275231081 1.381111571176484 12.56637061435917
516 1.38111157117637 0.7573000319475578 12.56637061435917
517 0.7573000319475561 4.902073736003202 12.56637061435917
518 5.509819188161217 2.248678885233748 12.56637061435917
519 4.729798922311649 2.692472737919845 12.56637061435917
520 4.756418605616849 3.595712415891356 12.56637061435917
521 3.963917931470971 3.156093290690142 12.56637061435917
522 3.953500746959798 2.246358031227973 12.56637061435917
523 3.176332230510114 2.69560435571294 12.56637061435917
524 3.184252078145223 3.606944148387749 12.56637061435917
525 2.419059574846438 3.180202410554524 12.56637061435917
526 2.396472383824968 4.039190554628368 12.56637061435917
527 2.310731827737353 2.274177520421946 12.56637061435917
528 3.177364388058616 4.535591789578255 12.56637061435917
529 2.396472383826925 4.936788455653927 12.56637061435917
530 4.004091638143976 4.972485883814102 12.56637061435917
531 1.626444104642417 3.617988417383833 12.56637061435917
532 3.984449682583906 4.058554726496217 12.56637061435917
533 4.776599489570757 4.503815191139624 12.56637061435917
534 4.733110303941535 1.802102663022766 12.56637061435917
535 3.966923450282771 1.366056351840512 12.56637061435917
536 4.823540647744232 0.8296620623057471 12.56637061435917
537 2.226724276889073 0.7703717394275742 12.56637061435917
538 1.795195802055769 1.554685169346046 12.56637061435917
539 0.8258668678386282 1.462555525609774 12.56637061435917
540 1.357362665761706 2.249461741221756 12.56637061435917
541 0.8013059412457422 4.023783533202248 12.56637061435917
542 1.579038621579144 4.485307966109397 12.56637061435917
543 1.476025685966453 5.45594037716874 12.56637061435917
544 3.183922839742122 1.815406915745869 12.56637061435917
545 5.526655898852245 4.038605385774749 12.56637061435917
546 5.550887719859452 4.918740868429849 12.56637061435917
547 2.249487793021547 5.674943829196184 12.56637061435917
548 0.6059962722100309 2.247698981199254 12.56637061435917
549 4.039190554605197 0.6012765817801818 12.56637061435917
550 2.522624793090285 1.456438103354485 12.56637061435917
551 4.039190554609785 5.727841094286592 12.56637061435917
552 5.626098038859299 5.626098038860394 12.56637061435917
553 5.626098038860395 0.6570872683202865 12.56637061435917
554 0.6570872683191966 5.626098038859305 12.56637061435917
555 0.6570872683202817 0.6570872683191944 12.56637061435917
556 1.728893639584402 2.890053668469266 12.56637061435917
557 3.141578033047353 3.141594616459753 8.237695868869499
558 3.141493751309031 3.141493751309034 4.383535006886696
559 3.982185481639558 2.700956840656997 2.270853499387917
560 4.006042744351874 2.700683656227768 10.31741966817764
561 4.009906418190603 2.273354776105865 6.310619169501801
562 2.273350948942623 4.009910137666358 6.310611697575832
563 2.208971802612315 4.074600708258634 2.235183709114721
564 2.222090365121169 4.061126649615711 10.32973194415549
565 2.067750932475327 2.067750932475421 2.910623634956463
566 2.098726462443711 2.05506645800891 9.707084547282662
567 4.251060737336018 4.251067042225293 6.88298983005147
568 2.032424800363811 2.0324309672324 6.882887950963463
569 4.327253038264393 4.327253038264391 9.262481943618555
570 4.321793743161447 4.32179389548077 3.337553119667723
571 1.861012916874105 1.861012916874007 4.988945497893328
572 4.423001083758983 1.860184223420599 8.699653126153942
573 1.81208153323826 4.471103773941345 8.230776251407985
574 4.419137900303059 1.864096446170498 3.888768655662165
575 1.812375627542471 4.471184282087274 4.376155021448587
576 4.067386260666699 4.503372231028801 5.110229218088814
577 3.968088341859113 4.402323663856068 1.722981125294781
578 3.794955449110091 4.51980393252747 10.90356670064529
579 2.871072840287802 1.603132865123451 1.578697856251651
580 1.570310522163298 2.77611817064952 1.577467975800296
581 4.745993684657633 1.533113830238789 1.548209717601073
582 1.563957276618744 2.704728421230499 8.301464739529212
583 2.731337735065139 1.559623759837396 8.283236809242565
584 4.696549138688537 3.001640458451589 5.023494925025275
585 2.604902782132144 2.706545673954546 11.06297643740474
586 4.723289246795317 3.308526963004784 8.098719166728092
587 3.359363075178321 4.740969410871174 8.088042339352338
588 3.406284534591729 1.513969871304598 5.056868035081447
589 1.533772000686319 3.002612486841011 4.010226737204899
590 4.83964564358658 1.443558192324514 10.10444694312559
591 4.842069487016365 1.4414208870993 7.288808475410036
592 3.024052968612227 4.737320865451061 3.378450264050414
593 1.391497872335886 4.886522864898352 1.370666419049245
594 1.475897699989325 1.655407533818317 11.06056404906509
595 3.53340607738847 1.517516215263905 11.12788357692461
596 2.950065723545411 3.176933023021858 1.367073508256616
597 4.882058089612203 1.402021110040356 5.341306901522013
598 3.383617409466433 1.405452062649532 2.946037944338518
599 4.897889889545667 3.567389177189023 11.10268065928548
600 1.405669618613955 3.175966215591681 5.465122918021367
601 4.899504590008597 3.543774923816006 1.472006270627032
602 3.414892599605393 1.399906109074909 9.666621076762883
603 2.7731350519033 2.773136340044518 5.738344304103839
604 4.867103611734659 4.867072351687597 8.03572634379892
605 3.024311108250439 4.891785457812707 9.476218281894091
606 1.391757904326409 4.89142862049801 9.524544254117441
607 1.459548476787829 1.345373314119337 1.391861444265783
608 1.391877329744578 4.89175327789926 3.076407862496284
609 1.378360813720144 4.90481819171416 6.951542705353079
610 1.354119640718302 4.929010935047065 11.12693874194258
611 4.933595218889968 3.038990253615154 3.273144674958242
612 1.346095649395528 1.315937713231732 8.235426978104771
613 2.908549875864869 3.166163162621712 3.016158514348264
614 1.344394125430158 3.207115955820158 11.28550947341574
615 1.314608467781211 3.408081874074247 9.486460929174262
616 1.313799466957481 3.339685613139296 7.078952046064619
617 2.741547220677633 4.900786192730605 5.334324031072115
618 3.237376052224897 1.345630492576669 7.004015771504676
619 3.225670477805279 3.534232355325581 9.55224529561149
620 4.989223311335796 2.906301563612713 9.383040431347217
621 5.0332973210706 2.169536175928108 11.32766558957973
622 1.313897105776912 4.969904476762915 5.568948418285212
623 4.992672860828078 3.230349769105518 6.343632015562534
624 3.296075924822382 3.278902826390786 6.890686090128969
625 2.46305374891349 1.268372301954401 3.930154678682834
626 5.009401737172379 1.274124971605387 2.838122727531533
627 1.258379392581241 3.308283375793002 2.75043469726832
628 3.107812191927841 4.95588670659123 6.782509082138134
629 4.962147050540277 4.962062120695603 5.996655909480723
630 5.028249442695389 5.02824944269432 11.19231461285572
631 5.006585649526045 5.004923000848322 4.279751158555453
632 5.024320889206548 5.024321179825817 1.309993596109386
633 1.297297375609911 1.297297375609962 6.053471327132873
634 1.237988993764235 1.237988993764235 3.481543277935168
635 3.888525228817024 2.294397892544611 7.601206306815929
636 3.66016600532506 3.343512582592291 11.35174899462951
637 2.649325580417815 5.022906515418779 1.509388025749152
638 4.289352385828138 2.560419813425717 1.113996709547775
639 2.556645454732565 1.201731860740827 5.944347208887866
640 3.8090061452247 3.472002257963681 5.767343469498162
641 5.08074088717798 5.080738802301997 9.934633452440474
642 1.206036821781035 1.206036821780933 9.476146121609069
643 2.499175964878604 1.159675246090716 10.50039404921127
644 2.655889895489544 4.487989505140582 11.42532163857149
645 5.059262300420888 5.059262300420806 2.591404893361405
646 1.859701635339319 3.830285992462173 1.135979603572229
647 5.152499464918334 2.534424581223952 2.068321906875262
648 3.806405379150597 5.144138966199804 4.104293826313556
649 5.128930647972936 3.795419257133251 4.207364492212996
650 2.411827943345054 3.755814602360663 5.139874940774062
651 2.367120732888589 3.692901479747906 7.515702368508386
652 4.246641923467936 1.100906108163426 6.308911441714073
653 5.182408644198521 2.037249560966543 6.309182702201739
654 1.14133581437917 2.515607686500403 10.28156226989785
655 3.497689986049174 2.457525558563537 9.13783932761722
656 2.058665102252895 3.888678177690158 3.385729423417935
657 5.141145422252328 3.899100687761023 9.99876162432775
658 3.915376314668959 1.12742886025167 7.936556874716904
659 2.282959115050362 3.615787159745936 8.869589598649544
660 3.27758877730065 2.100782898602215 3.875873478357516
661 5.235425002536264 1.047682160470964 11.49576304879156
662 1.076176352932847 1.70168029463848 2.428869614519387
663 5.244818435054309 1.038366872125264 8.705219024914605
664 1.104593675253937 2.470043096995446 6.337431950534362
665 3.806129765341806 1.059962178170686 1.093075993391189
666 2.529025208134367 5.172615178109138 10.49197698647373
667 5.135775491097932 2.552429767761219 7.336455240287618
668 5.136270143361734 4.023734275101342 5.341936568727178
669 1.089195432655339 1.089195432655325 4.615741840766725
670 3.083297798164624 4.290611333953404 4.373666043614018
671 1.080082480001491 4.142721460886277 10.33271790990639
672 3.833387562582174 5.253575088827266 5.945627131032485
673 5.23303479643371 1.05300845407823 3.944701277435656
674 1.112425546246695 4.021885853247422 6.180446776847773
675 2.413147446502906 1.091159539333611 2.470355434482418
676 3.797731231713719 5.167327917501225 2.679399402997042
677 3.734433630838127 3.777082852639717 2.533402542134478
678 2.432003023526223 5.218282939595333 7.650611111741692
679 1.094547141980472 1.094547141980469 7.151340933882731
680 3.900278665259752 3.609005412270429 1.005542788462516
681 3.65273781662713 1.044134689839286 3.977865752303232
682 5.273360929833312 4.060863395994858 8.722488223798322
683 1.026938093944967 3.955999611396353 1.870056266817243
684 3.881937629497993 3.312100686464394 3.556719531630597
685 5.041110744908802 3.915727352525435 2.545195915263062
686 4.096800607690758 5.276843921677641 8.727991784831447
687 2.422651619473123 1.083136114128018 9.250542095394001
688 5.218572461433704 3.837165750093973 7.251233404944141
689 3.96557139669513 5.183458622154817 10.01421820944144
690 5.340621938429038 2.691800234890212 0.9598021691118586
691 2.49869704907484 1.687761389316292 11.48371638501615
692 5.250370408068148 2.136414285513904 4.58401718834655
693 2.172932559279732 5.222013950518828 6.237369423018477
694 1.051604840008725 5.23152225872442 8.52010260677025
695 5.221518512113916 5.221520118148923 7.044795124637059
696 1.093440162105036 2.159833737767018 7.458370742064078
697 2.159685603755264 1.093095770009784 7.456625528955599
698 1.027971106355057 3.961274988629018 3.783861497689089
699 4.127633787290434 1.001868899515969 2.265670316136141
700 2.747219296650835 2.493665753251004 2.182604798013138
701 1.07570269455643 3.681152919284896 8.446639213247684
702 1.055199334624992 5.229689888628318 4.080617076444658
703 2.189445291585699 5.276244086893129 8.875238559432985
704 1.096705550410193 2.271724240131042 9.204561777503551
705 2.32168768780078 5.28103545576867 2.515252260269603
706 3.691819177733824 2.572069889280611 5.146442360823067
707 0.997061699905375 4.084184569325664 5.002053413435328
708 4.056502666683707 5.20137769389918 7.384705630991192
709 2.407509403067915 3.032793835236507 10.05097151376206
710 5.278667314293986 2.794478396870856 10.43071968572387
711 5.360282454641521 0.9893144293061986 0.9330430120826969
712 4.080004003592846 3.771672568531335 10.17413995424605
713 0.9724683927962131 2.455352884683595 4.769426942838513
714 2.874162563738586 4.1501467898158 0.9440959439342571
715 2.808453261616877 2.363691496307059 7.561824107518594
716 1.046615927416624 2.382650072020389 3.26921462273745
717 3.834909399704718 3.825868407026418 7.779934101072251
718 4.304825397843691 0.9457025303098852 9.259685148616434
719 4.097329153255182 3.325638048149213 8.971150502757766
720 3.063414338109439 2.220741788950876 10.23908938183892
721 2.475343145185369 2.564204497498994 8.842923524248313
722 2.374313298960082 2.359422767053421 1.045077121746858
723 5.358169583979784 1.970137631161448 8.200752020397893
724 3.697299478089431 5.324458882984186 11.60296275688637
725 2.567073699977073 5.221150388605422 4.300199075771475
726 0.9501740621462166 0.950174062149382 11.61359442990989
727 5.328844956189813 1.910689026119997 9.293886365092145
728 2.43650701392926 0.9268864040482804 4.930463092779591
729 5.281533068751799 5.281536281003651 8.915957187141069
730 0.9608447062503558 2.328548574616295 11.61890569518644
731 0.9819587902236334 2.129521278645154 0.9429618319762719
732 2.292000360984566 3.034213526051842 6.700385164403624
733 0.8936106943150933 3.608807763523173 0.9281011861932438
734 4.306876650750191 3.155999196213765 7.129886209521213
735 2.372896084900166 2.43797067665704 4.280909933222055
736 5.331393312151414 2.08162161501936 3.422360749815984
737 2.279340908954638 3.535035361450455 11.59950774406936
738 0.925188255653296 4.182978313002025 7.547951934695629
739 4.041591535661706 3.640904365705549 4.530098497207561
740 3.822883276838463 1.89339419942218 1.698915973833061
741 5.27155004899851 1.012356221275417 6.446921089502564
742 3.913974895330555 2.370492741181446 11.54979043652276
743 3.220496010235063 4.284054392769679 6.008114367947946
744 3.677337881377105 5.30597850484422 1.037221280298523
745 3.141065549673318 3.691235926644143 10.55162702973288
746 0.9750368848202723 0.9750368848203089 10.45992191373468
747 4.244991943208833 1.940802819657576 2.891083415443967
748 4.224628427365966 0.9453355676688422 11.6203557646574
749 0.990237581903388 5.292660660333849 2.222389102411577
750 3.360223181559999 2.25617765017222 0.8848645481892188
751 3.025212577099675 2.244683513286299 6.572853307114342
752 2.320162326607388 0.9864520661100658 0.9883661823624917
753 1.934237447443296 0.8933396328411352 11.63292804037776
754 3.364830948433067 0.9298247956249344 8.767294018267352
755 4.400898586911965 4.244938172699979 11.66444025926313
756 2.135869355197213 5.330267139401467 11.6241960818145
757 5.387611146013168 0.8951277953353934 1.986943815785387
758 5.377092741777735 4.231529159117765 11.62576265160464
759 5.323837400004974 4.526584463414366 3.428384823864131
760 0.9522015967000564 4.103233462255958 11.56377753258375
761 4.018614573830196 1.013538980512484 10.49172158559543
762 4.174095083661106 0.9065505521765415 4.826795559574006
763 4.548472970488059 5.338532881304037 3.430325839765151
764 1.914398195753011 2.482527058770442 11.70608888095234
765 3.048422253563624 4.601013117387573 2.316291601442543
766 1.506334440942057 1.998959515346102 4.064230529286382
767 1.965703349833741 2.220000482552249 5.909464472971577
768 4.616029591956187 5.33891885623654 5.137542760244671
769 3.410675615150129 3.968973835762288 8.691956981263242
770 3.465788552782398 0.8343266666099174 5.768885547393159
771 1.963317149353386 1.965937255907583 1.947915762944415
772 4.221055222295558 2.03546198236513 9.637493761058153
773 4.224904784802951 0.8483786958723366 3.218916569967036
774 4.263293982867046 4.489746479725354 0.8228992317797412
775 4.115627154109901 2.702823619351993 4.279518195586443
776 0.9641660449204608 5.319013360970967 10.30655215050023
777 0.8864950612271959 2.61096676486145 2.219225641408189
778 3.548094592279551 5.344331716067571 5.020297348055273
779 2.068265626619497 3.141816158498042 2.292656071554526
780 2.03793839990023 5.370017961165947 0.872804036097059
781 4.453570464329573 3.100566659366642 11.7755991529548
782 1.968896073587308 1.957091246400613 7.843563794824662
783 5.454053414148289 2.872063765392558 8.543391384797401
784 1.982312393444663 5.396952827379424 3.523413025693319
785 5.381104927566912 2.700441811286545 5.635214196636985
$EndNodes
$Elements
4049
1 2 2 1 1 1 9 150
2 2 2 1 1 32 1 150
3 2 2 1 1 14 2 149
4 2 2 1 1 2 15 149
5 2 2 1 1 20 3 147
6 2 2 1 1 3 21 147
7 2 2 1 1 26 4 148
8 2 2 1 1 4 27 148
9 2 2 1 1 9 10 134
10 2 2 1 1 9 134 150
11 2 2 1 1 10 11 143
12 2 2 1 1 134 10 143
13 2 2 1 1 11 12 105
14 2 2 1 1 11 105 143
15 2 2 1 1 12 13 136
16 2 2 1 1 105 12 136
17 2 2 1 1 13 14 111
18 2 2 1 1 13 111 136
19 2 2 1 1 111 14 149
20 2 2 1 1 15 16 138
21 2 2 1 1 15 138 149
22 2 2 1 1 16 17 142
23 2 2 1 1 138 16 142
24 2 2 1 1 17 18 108
25 2 2 1 1 17 108 142
26 2 2 1 1 18 19 146
27 2 2 1 1 108 18 146
28 2 2 1 1 19 20 109
29 2 2 1 1 19 109 146
30 2 2 1 1 109 20 147
31 2 2 1 1 21 22 141
32 2 2 1 1 21 141 147
33 2 2 1 1 22 23 140
34 2 2 1 1 22 140 141
35 2 2 1 1 23 24 106
36 2 2 1 1 23 106 140
37 2 2 1 1 24 25 113
38 2 2 1 1 106 24 113
39 2 2 1 1 25 26 110
40 2 2 1 1 25 110 113
41 2 2 1 1 110 26 148
42 2 2 1 1 27 28 131
43 2 2 1 1 27 131 148
44 2 2 1 1 28 29 144
45 2 2 1 1 131 28 144
46 2 2 1 1 29 30 107
47 2 2 1 1 29 107 144
48 2 2 1 1 30 31 132
49 2 2 1 1 107 30 132
50 2 2 1 1 31 32 112
51 2 2 1 1 31 112 132
52 2 2 1 1 112 32 150
53 2 2 1 1 126 105 136
54 2 2 1 1 105 126 151
55 2 2 1 1 105 135 143
56 2 2 1 1 135 105 151
57 2 2 1 1 106 113 114
58 2 2 1 1 106 114 115
59 2 2 1 1 106 115 140
60 2 2 1 1 130 107 139
61 2 2 1 1 107 130 144
62 2 2 1 1 107 132 145
63 2 2 1 1 139 107 145
64 2 2 1 1 108 123 124
65 2 2 1 1 123 108 125
66 2 2 1 1 108 124 142
67 2 2 1 1 125 108 146
68 2 2 1 1 125 109 128
69 2 2 1 1 109 125 146
70 2 2 1 1 128 109 141
71 2 2 1 1 141 109 147
72 2 2 1 1 113 110 129
73 2 2 1 1 129 110 131
74 2 2 1 1 131 110 148
75 2 2 1 1 136 111 137
76 2 2 1 1 137 111 138
77 2 2 1 1 138 111 149
78 2 2 1 1 132 112 133
79 2 2 1 1 133 112 134
80 2 2 1 1 134 112 150
81 2 2 1 1 114 113 129
82 2 2 1 1 115 114 116
83 2 2 1 1 116 114 117
84 2 2 1 1 117 114 129
85 2 2 1 1 115 116 127
86 2 2 1 1 115 127 128
87 2 2 1 1 115 128 140
88 2 2 1 1 116 117 118
89 2 2 1 1 116 118 119
90 2 2 1 1 116 119 127
91 2 2 1 1 118 117 139
92 2 2 1 1 117 129 130
93 2 2 1 1 117 130 139
94 2 2 1 1 119 118 120
95 2 2 1 1 120 118 122
96 2 2 1 1 122 118 139
97 2 2 1 1 119 120 121
98 2 2 1 1 119 121 123
99 2 2 1 1 119 123 127
100 2 2 1 1 121 120 126
101 2 2 1 1 120 122 151
102 2 2 1 1 126 120 151
103 2 2 1 1 123 121 124
104 2 2 1 1 124 121 137
105 2 2 1 1 121 126 137
106 2 2 1 1 122 133 135
107 2 2 1 1 133 122 145
108 2 2 1 1 122 135 151
109 2 2 1 1 122 139 145
110 2 2 1 1 123 125 127
111 2 2 1 1 124 137 138
112 2 2 1 1 124 138 142
113 2 2 1 1 127 125 128
114 2 2 1 1 126 136 137
115 2 2 1 1 140 128 141
116 2 2 1 1 130 129 131
117 2 2 1 1 130 131 144
118 2 2 1 1 132 133 145
119 2 2 1 1 133 134 135
120 2 2 1 1 135 134 143
121 2 2 2 2 2 15 238
122 2 2 2 2 45 2 238
123 2 2 2 2 20 3 237
124 2 2 2 2 3 33 237
125 2 2 2 2 6 56 235
126 2 2 2 2 81 6 235
127 2 2 2 2 44 7 239
128 2 2 2 2 7 86 239
129 2 2 2 2 15 16 164
130 2 2 2 2 15 164 238
131 2 2 2 2 16 17 222
132 2 2 2 2 164 16 222
133 2 2 2 2 17 18 152
134 2 2 2 2 17 152 222
135 2 2 2 2 18 19 236
136 2 2 2 2 152 18 236
137 2 2 2 2 19 20 166
138 2 2 2 2 19 166 236
139 2 2 2 2 166 20 237
140 2 2 2 2 33 34 223
141 2 2 2 2 33 223 237
142 2 2 2 2 34 35 160
143 2 2 2 2 34 160 223
144 2 2 2 2 35 36 204
145 2 2 2 2 160 35 204
146 2 2 2 2 36 37 154
147 2 2 2 2 36 154 204
148 2 2 2 2 37 38 209
149 2 2 2 2 154 37 209
150 2 2 2 2 38 39 159
151 2 2 2 2 38 159 209
152 2 2 2 2 39 40 208
153 2 2 2 2 159 39 208
154 2 2 2 2 40 41 156
155 2 2 2 2 40 156 208
156 2 2 2 2 41 42 203
157 2 2 2 2 156 41 203
158 2 2 2 2 42 43 161
159 2 2 2 2 42 161 203
160 2 2 2 2 43 44 221
161 2 2 2 2 161 43 221
162 2 2 2 2 221 44 239
163 2 2 2 2 46 45 220
164 2 2 2 2 220 45 238
165 2 2 2 2 47 46 162
166 2 2 2 2 162 46 220
167 2 2 2 2 48 47 201
168 2 2 2 2 47 162 201
169 2 2 2 2 49 48 157
170 2 2 2 2 157 48 201
171 2 2 2 2 50 49 214
172 2 2 2 2 49 157 214
173 2 2 2 2 51 50 216
174 2 2 2 2 50 214 216
175 2 2 2 2 52 51 155
176 2 2 2 2 155 51 216
177 2 2 2 2 53 52 202
178 2 2 2 2 52 155 202
179 2 2 2 2 54 53 158
180 2 2 2 2 158 53 202
181 2 2 2 2 55 54 167
182 2 2 2 2 54 158 167
183 2 2 2 2 56 55 163
184 2 2 2 2 163 55 167
185 2 2 2 2 56 163 235
186 2 2 2 2 82 81 219
187 2 2 2 2 219 81 235
188 2 2 2 2 83 82 226
189 2 2 2 2 82 219 226
190 2 2 2 2 84 83 153
191 2 2 2 2 153 83 226
192 2 2 2 2 85 84 224
193 2 2 2 2 84 153 224
194 2 2 2 2 86 85 165
195 2 2 2 2 165 85 224
196 2 2 2 2 86 165 239
197 2 2 2 2 198 152 199
198 2 2 2 2 152 198 222
199 2 2 2 2 199 152 200
200 2 2 2 2 200 152 236
201 2 2 2 2 153 193 194
202 2 2 2 2 193 153 195
203 2 2 2 2 153 194 224
204 2 2 2 2 195 153 226
205 2 2 2 2 204 154 231
206 2 2 2 2 154 209 233
207 2 2 2 2 231 154 233
208 2 2 2 2 202 155 213
209 2 2 2 2 213 155 215
210 2 2 2 2 215 155 216
211 2 2 2 2 156 203 228
212 2 2 2 2 208 156 229
213 2 2 2 2 156 228 229
214 2 2 2 2 157 201 210
215 2 2 2 2 207 157 210
216 2 2 2 2 157 207 214
217 2 2 2 2 167 158 168
218 2 2 2 2 168 158 169
219 2 2 2 2 169 158 202
220 2 2 2 2 159 208 232
221 2 2 2 2 209 159 234
222 2 2 2 2 159 232 234
223 2 2 2 2 160 204 230
224 2 2 2 2 160 218 223
225 2 2 2 2 218 160 230
226 2 2 2 2 203 161 227
227 2 2 2 2 161 221 225
228 2 2 2 2 161 225 227
229 2 2 2 2 196 162 197
230 2 2 2 2 162 196 201
231 2 2 2 2 197 162 220
232 2 2 2 2 163 167 217
233 2 2 2 2 163 217 219
234 2 2 2 2 163 219 235
235 2 2 2 2 164 220 238
236 2 2 2 2 220 164 240
237 2 2 2 2 164 222 240
238 2 2 2 2 194 165 224
239 2 2 2 2 165 194 225
240 2 2 2 2 221 165 225
241 2 2 2 2 165 221 239
242 2 2 2 2 200 166 218
243 2 2 2 2 166 200 236
244 2 2 2 2 218 166 223
245 2 2 2 2 223 166 237
246 2 2 2 2 167 168 217
247 2 2 2 2 168 169 170
248 2 2 2 2 168 170 206
249 2 2 2 2 168 206 217
250 2 2 2 2 170 169 171
251 2 2 2 2 171 169 213
252 2 2 2 2 169 202 213
253 2 2 2 2 170 171 172
254 2 2 2 2 170 172 174
255 2 2 2 2 170 174 206
256 2 2 2 2 172 171 173
257 2 2 2 2 173 171 175
258 2 2 2 2 175 171 213
259 2 2 2 2 172 173 212
260 2 2 2 2 174 172 186
261 2 2 2 2 186 172 212
262 2 2 2 2 173 175 176
263 2 2 2 2 173 176 187
264 2 2 2 2 173 187 212
265 2 2 2 2 174 186 191
266 2 2 2 2 174 191 193
267 2 2 2 2 174 193 206
268 2 2 2 2 176 175 177
269 2 2 2 2 177 175 215
270 2 2 2 2 175 213 215
271 2 2 2 2 176 177 178
272 2 2 2 2 176 178 211
273 2 2 2 2 187 176 211
274 2 2 2 2 178 177 179
275 2 2 2 2 179 177 188
276 2 2 2 2 188 177 215
277 2 2 2 2 178 179 180
278 2 2 2 2 178 180 190
279 2 2 2 2 178 190 211
280 2 2 2 2 180 179 181
281 2 2 2 2 181 179 207
282 2 2 2 2 179 188 207
283 2 2 2 2 180 181 182
284 2 2 2 2 180 182 205
285 2 2 2 2 190 180 205
286 2 2 2 2 182 181 183
287 2 2 2 2 183 181 210
288 2 2 2 2 181 207 210
289 2 2 2 2 182 183 184
290 2 2 2 2 182 184 189
291 2 2 2 2 182 189 205
292 2 2 2 2 184 183 185
293 2 2 2 2 185 183 196
294 2 2 2 2 196 183 210
295 2 2 2 2 184 185 199
296 2 2 2 2 189 184 192
297 2 2 2 2 192 184 199
298 2 2 2 2 185 196 197
299 2 2 2 2 185 197 198
300 2 2 2 2 185 198 199
301 2 2 2 2 191 186 227
302 2 2 2 2 186 212 228
303 2 2 2 2 227 186 228
304 2 2 2 2 187 211 232
305 2 2 2 2 212 187 229
306 2 2 2 2 229 187 232
307 2 2 2 2 207 188 214
308 2 2 2 2 214 188 216
309 2 2 2 2 188 215 216
310 2 2 2 2 189 192 230
311 2 2 2 2 205 189 231
312 2 2 2 2 189 230 231
313 2 2 2 2 190 205 233
314 2 2 2 2 211 190 234
315 2 2 2 2 190 233 234
316 2 2 2 2 193 191 194
317 2 2 2 2 194 191 225
318 2 2 2 2 225 191 227
319 2 2 2 2 192 199 200
320 2 2 2 2 192 200 218
321 2 2 2 2 192 218 230
322 2 2 2 2 193 195 206
323 2 2 2 2 206 195 217
324 2 2 2 2 217 195 219
325 2 2 2 2 219 195 226
326 2 2 2 2 201 196 210
327 2 2 2 2 198 197 240
328 2 2 2 2 197 220 240
329 2 2 2 2 222 198 240
330 2 2 2 2 203 227 228
331 2 2 2 2 230 204 231
332 2 2 2 2 205 231 233
333 2 2 2 2 208 229 232
334 2 2 2 2 233 209 234
335 2 2 2 2 232 211 234
336 2 2 2 2 228 212 229
337 2 2 3 3 3 21 327
338 2 2 3 3 33 3 327
339 2 2 3 3 26 4 326
340 2 2 3 3 4 69 326
341 2 2 3 3 7 44 328
342 2 2 3 3 87 7 328
343 2 2 3 3 80 8 324
344 2 2 3 3 8 92 324
345 2 2 3 3 21 22 254
346 2 2 3 3 21 254 327
347 2 2 3 3 22 23 325
348 2 2 3 3 254 22 325
349 2 2 3 3 23 24 241
350 2 2 3 3 23 241 325
351 2 2 3 3 24 25 311
352 2 2 3 3 241 24 311
353 2 2 3 3 25 26 255
354 2 2 3 3 25 255 311
355 2 2 3 3 255 26 326
356 2 2 3 3 34 33 312
357 2 2 3 3 312 33 327
358 2 2 3 3 35 34 250
359 2 2 3 3 250 34 312
360 2 2 3 3 36 35 293
361 2 2 3 3 35 250 293
362 2 2 3 3 37 36 243
363 2 2 3 3 243 36 293
364 2 2 3 3 38 37 298
365 2 2 3 3 37 243 298
366 2 2 3 3 39 38 248
367 2 2 3 3 248 38 298
368 2 2 3 3 40 39 297
369 2 2 3 3 39 248 297
370 2 2 3 3 41 40 245
371 2 2 3 3 245 40 297
372 2 2 3 3 42 41 292
373 2 2 3 3 41 245 292
374 2 2 3 3 43 42 251
375 2 2 3 3 251 42 292
376 2 2 3 3 44 43 309
377 2 2 3 3 43 251 309
378 2 2 3 3 44 309 328
379 2 2 3 3 69 70 310
380 2 2 3 3 69 310 326
381 2 2 3 3 70 71 249
382 2 2 3 3 70 249 310
383 2 2 3 3 71 72 290
384 2 2 3 3 249 71 290
385 2 2 3 3 72 73 246
386 2 2 3 3 72 246 290
387 2 2 3 3 73 74 303
388 2 2 3 3 246 73 303
389 2 2 3 3 74 75 305
390 2 2 3 3 303 74 305
391 2 2 3 3 75 76 244
392 2 2 3 3 75 244 305
393 2 2 3 3 76 77 291
394 2 2 3 3 244 76 291
395 2 2 3 3 77 78 247
396 2 2 3 3 77 247 291
397 2 2 3 3 78 79 256
398 2 2 3 3 247 78 256
399 2 2 3 3 79 80 252
400 2 2 3 3 79 252 256
401 2 2 3 3 252 80 324
402 2 2 3 3 88 87 253
403 2 2 3 3 253 87 328
404 2 2 3 3 89 88 313
405 2 2 3 3 88 253 313
406 2 2 3 3 90 89 242
407 2 2 3 3 242 89 313
408 2 2 3 3 91 90 315
409 2 2 3 3 90 242 315
410 2 2 3 3 92 91 308
411 2 2 3 3 308 91 315
412 2 2 3 3 92 308 324
413 2 2 3 3 241 287 288
414 2 2 3 3 287 241 311
415 2 2 3 3 241 288 289
416 2 2 3 3 241 289 325
417 2 2 3 3 282 242 283
418 2 2 3 3 242 282 284
419 2 2 3 3 283 242 313
420 2 2 3 3 242 284 315
421 2 2 3 3 243 293 320
422 2 2 3 3 298 243 321
423 2 2 3 3 243 320 321
424 2 2 3 3 244 291 302
425 2 2 3 3 244 302 304
426 2 2 3 3 244 304 305
427 2 2 3 3 292 245 317
428 2 2 3 3 245 297 318
429 2 2 3 3 317 245 318
430 2 2 3 3 290 246 299
431 2 2 3 3 246 296 299
432 2 2 3 3 296 246 303
433 2 2 3 3 247 256 257
434 2 2 3 3 247 257 258
435 2 2 3 3 247 258 291
436 2 2 3 3 297 248 322
437 2 2 3 3 248 298 323
438 2 2 3 3 322 248 323
439 2 2 3 3 249 285 286
440 2 2 3 3 285 249 290
441 2 2 3 3 249 286 310
442 2 2 3 3 293 250 319
443 2 2 3 3 307 250 312
444 2 2 3 3 250 307 319
445 2 2 3 3 251 292 316
446 2 2 3 3 309 251 314
447 2 2 3 3 314 251 316
448 2 2 3 3 256 252 306
449 2 2 3 3 306 252 308
450 2 2 3 3 308 252 324
451 2 2 3 3 253 283 313
452 2 2 3 3 283 253 314
453 2 2 3 3 253 309 314
454 2 2 3 3 309 253 328
455 2 2 3 3 254 289 307
456 2 2 3 3 289 254 325
457 2 2 3 3 254 307 312
458 2 2 3 3 254 312 327
459 2 2 3 3 310 255 326
460 2 2 3 3 255 310 329
461 2 2 3 3 311 255 329
462 2 2 3 3 257 256 306
463 2 2 3 3 258 257 259
464 2 2 3 3 259 257 295
465 2 2 3 3 295 257 306
466 2 2 3 3 258 259 260
467 2 2 3 3 258 260 302
468 2 2 3 3 291 258 302
469 2 2 3 3 260 259 261
470 2 2 3 3 261 259 263
471 2 2 3 3 263 259 295
472 2 2 3 3 260 261 262
473 2 2 3 3 260 262 264
474 2 2 3 3 260 264 302
475 2 2 3 3 262 261 301
476 2 2 3 3 261 263 275
477 2 2 3 3 261 275 301
478 2 2 3 3 264 262 265
479 2 2 3 3 265 262 276
480 2 2 3 3 276 262 301
481 2 2 3 3 275 263 280
482 2 2 3 3 280 263 282
483 2 2 3 3 282 263 295
484 2 2 3 3 264 265 266
485 2 2 3 3 264 266 304
486 2 2 3 3 302 264 304
487 2 2 3 3 266 265 267
488 2 2 3 3 267 265 300
489 2 2 3 3 265 276 300
490 2 2 3 3 266 267 268
491 2 2 3 3 266 268 277
492 2 2 3 3 266 277 304
493 2 2 3 3 268 267 269
494 2 2 3 3 269 267 279
495 2 2 3 3 279 267 300
496 2 2 3 3 268 269 270
497 2 2 3 3 268 270 296
498 2 2 3 3 277 268 296
499 2 2 3 3 270 269 271
500 2 2 3 3 271 269 294
501 2 2 3 3 269 279 294
502 2 2 3 3 270 271 272
503 2 2 3 3 270 272 299
504 2 2 3 3 296 270 299
505 2 2 3 3 272 271 273
506 2 2 3 3 273 271 278
507 2 2 3 3 278 271 294
508 2 2 3 3 272 273 274
509 2 2 3 3 272 274 285
510 2 2 3 3 272 285 299
511 2 2 3 3 274 273 288
512 2 2 3 3 273 278 281
513 2 2 3 3 273 281 288
514 2 2 3 3 285 274 286
515 2 2 3 3 286 274 287
516 2 2 3 3 287 274 288
517 2 2 3 3 275 280 316
518 2 2 3 3 301 275 317
519 2 2 3 3 275 316 317
520 2 2 3 3 300 276 322
521 2 2 3 3 276 301 318
522 2 2 3 3 276 318 322
523 2 2 3 3 277 296 303
524 2 2 3 3 277 303 305
525 2 2 3 3 304 277 305
526 2 2 3 3 281 278 319
527 2 2 3 3 278 294 320
528 2 2 3 3 319 278 320
529 2 2 3 3 294 279 321
530 2 2 3 3 279 300 323
531 2 2 3 3 321 279 323
532 2 2 3 3 280 282 283
533 2 2 3 3 280 283 314
534 2 2 3 3 280 314 316
535 2 2 3 3 288 281 289
536 2 2 3 3 289 281 307
537 2 2 3 3 307 281 319
538 2 2 3 3 284 282 295
539 2 2 3 3 284 295 306
540 2 2 3 3 284 306 308
541 2 2 3 3 284 308 315
542 2 2 3 3 285 290 299
543 2 2 3 3 286 287 329
544 2 2 3 3 310 286 329
545 2 2 3 3 287 311 329
546 2 2 3 3 316 292 317
547 2 2 3 3 293 319 320
548 2 2 3 3 320 294 321
549 2 2 3 3 318 297 322
550 2 2 3 3 298 321 323
551 2 2 3 3 300 322 323
552 2 2 3 3 301 317 318
553 2 2 4 4 1 32 418
554 2 2 4 4 57 1 418
555 2 2 4 4 27 4 415
556 2 2 4 4 4 69 415
557 2 2 4 4 5 68 416
558 2 2 4 4 98 5 416
559 2 2 4 4 80 8 414
560 2 2 4 4 8 93 414
561 2 2 4 4 28 27 342
562 2 2 4 4 342 27 415
563 2 2 4 4 29 28 400
564 2 2 4 4 28 342 400
565 2 2 4 4 30 29 330
566 2 2 4 4 330 29 400
567 2 2 4 4 31 30 401
568 2 2 4 4 30 330 401
569 2 2 4 4 32 31 399
570 2 2 4 4 399 31 401
571 2 2 4 4 32 399 418
572 2 2 4 4 58 57 341
573 2 2 4 4 341 57 418
574 2 2 4 4 59 58 376
575 2 2 4 4 58 341 376
576 2 2 4 4 60 59 337
577 2 2 4 4 337 59 376
578 2 2 4 4 61 60 382
579 2 2 4 4 60 337 382
580 2 2 4 4 62 61 334
581 2 2 4 4 334 61 382
582 2 2 4 4 63 62 389
583 2 2 4 4 62 334 389
584 2 2 4 4 64 63 388
585 2 2 4 4 388 63 389
586 2 2 4 4 65 64 335
587 2 2 4 4 335 64 388
588 2 2 4 4 66 65 381
589 2 2 4 4 65 335 381
590 2 2 4 4 67 66 338
591 2 2 4 4 338 66 381
592 2 2 4 4 68 67 398
593 2 2 4 4 67 338 398
594 2 2 4 4 68 398 416
595 2 2 4 4 69 70 397
596 2 2 4 4 69 397 415
597 2 2 4 4 70 71 339
598 2 2 4 4 70 339 397
599 2 2 4 4 71 72 380
600 2 2 4 4 339 71 380
601 2 2 4 4 72 73 332
602 2 2 4 4 72 332 380
603 2 2 4 4 73 74 391
604 2 2 4 4 332 73 391
605 2 2 4 4 74 75 394
606 2 2 4 4 391 74 394
607 2 2 4 4 75 76 333
608 2 2 4 4 75 333 394
609 2 2 4 4 76 77 378
610 2 2 4 4 333 76 378
611 2 2 4 4 77 78 336
612 2 2 4 4 77 336 378
613 2 2 4 4 78 79 344
614 2 2 4 4 336 78 344
615 2 2 4 4 79 80 340
616 2 2 4 4 79 340 344
617 2 2 4 4 340 80 414
618 2 2 4 4 93 94 396
619 2 2 4 4 93 396 414
620 2 2 4 4 94 95 404
621 2 2 4 4 396 94 404
622 2 2 4 4 95 96 331
623 2 2 4 4 95 331 404
624 2 2 4 4 96 97 402
625 2 2 4 4 331 96 402
626 2 2 4 4 97 98 343
627 2 2 4 4 97 343 402
628 2 2 4 4 343 98 416
629 2 2 4 4 374 330 400
630 2 2 4 4 330 374 419
631 2 2 4 4 401 330 419
632 2 2 4 4 371 331 372
633 2 2 4 4 331 371 373
634 2 2 4 4 372 331 402
635 2 2 4 4 331 373 404
636 2 2 4 4 380 332 385
637 2 2 4 4 385 332 386
638 2 2 4 4 386 332 391
639 2 2 4 4 333 378 392
640 2 2 4 4 333 392 393
641 2 2 4 4 333 393 394
642 2 2 4 4 334 382 413
643 2 2 4 4 389 334 412
644 2 2 4 4 412 334 413
645 2 2 4 4 381 335 406
646 2 2 4 4 335 388 410
647 2 2 4 4 406 335 410
648 2 2 4 4 336 344 345
649 2 2 4 4 336 345 346
650 2 2 4 4 336 346 378
651 2 2 4 4 337 376 407
652 2 2 4 4 382 337 409
653 2 2 4 4 337 407 409
654 2 2 4 4 338 381 405
655 2 2 4 4 398 338 403
656 2 2 4 4 403 338 405
657 2 2 4 4 339 375 379
658 2 2 4 4 375 339 380
659 2 2 4 4 339 379 397
660 2 2 4 4 344 340 395
661 2 2 4 4 395 340 396
662 2 2 4 4 396 340 414
663 2 2 4 4 376 341 408
664 2 2 4 4 341 399 408
665 2 2 4 4 399 341 418
666 2 2 4 4 397 342 415
667 2 2 4 4 342 397 417
668 2 2 4 4 400 342 417
669 2 2 4 4 343 372 402
670 2 2 4 4 372 343 403
671 2 2 4 4 343 398 403
672 2 2 4 4 398 343 416
673 2 2 4 4 345 344 395
674 2 2 4 4 346 345 347
675 2 2 4 4 347 345 383
676 2 2 4 4 383 345 395
677 2 2 4 4 346 347 348
678 2 2 4 4 346 348 392
679 2 2 4 4 378 346 392
680 2 2 4 4 348 347 349
681 2 2 4 4 349 347 351
682 2 2 4 4 351 347 383
683 2 2 4 4 348 349 350
684 2 2 4 4 348 350 352
685 2 2 4 4 348 352 392
686 2 2 4 4 350 349 387
687 2 2 4 4 349 351 364
688 2 2 4 4 349 364 387
689 2 2 4 4 352 350 353
690 2 2 4 4 353 350 390
691 2 2 4 4 350 387 390
692 2 2 4 4 364 351 367
693 2 2 4 4 367 351 371
694 2 2 4 4 371 351 383
695 2 2 4 4 352 353 354
696 2 2 4 4 352 354 393
697 2 2 4 4 392 352 393
698 2 2 4 4 354 353 355
699 2 2 4 4 355 353 363
700 2 2 4 4 363 353 390
701 2 2 4 4 354 355 356
702 2 2 4 4 354 356 365
703 2 2 4 4 354 365 393
704 2 2 4 4 356 355 357
705 2 2 4 4 357 355 384
706 2 2 4 4 355 363 384
707 2 2 4 4 356 357 358
708 2 2 4 4 356 358 386
709 2 2 4 4 365 356 386
710 2 2 4 4 358 357 359
711 2 2 4 4 359 357 366
712 2 2 4 4 366 357 384
713 2 2 4 4 358 359 360
714 2 2 4 4 358 360 385
715 2 2 4 4 358 385 386
716 2 2 4 4 360 359 361
717 2 2 4 4 361 359 377
718 2 2 4 4 359 366 377
719 2 2 4 4 360 361 362
720 2 2 4 4 360 362 375
721 2 2 4 4 360 375 385
722 2 2 4 4 362 361 368
723 2 2 4 4 368 361 369
724 2 2 4 4 369 361 377
725 2 2 4 4 362 368 374
726 2 2 4 4 362 374 379
727 2 2 4 4 375 362 379
728 2 2 4 4 384 363 412
729 2 2 4 4 363 390 411
730 2 2 4 4 363 411 412
731 2 2 4 4 364 367 405
732 2 2 4 4 387 364 406
733 2 2 4 4 364 405 406
734 2 2 4 4 365 386 391
735 2 2 4 4 365 391 394
736 2 2 4 4 393 365 394
737 2 2 4 4 377 366 409
738 2 2 4 4 366 384 413
739 2 2 4 4 409 366 413
740 2 2 4 4 367 371 372
741 2 2 4 4 367 372 403
742 2 2 4 4 367 403 405
743 2 2 4 4 368 369 370
744 2 2 4 4 368 370 419
745 2 2 4 4 374 368 419
746 2 2 4 4 370 369 408
747 2 2 4 4 369 377 407
748 2 2 4 4 369 407 408
749 2 2 4 4 370 399 401
750 2 2 4 4 399 370 408
751 2 2 4 4 370 401 419
752 2 2 4 4 373 371 383
753 2 2 4 4 373 383 395
754 2 2 4 4 373 395 396
755 2 2 4 4 373 396 404
756 2 2 4 4 379 374 417
757 2 2 4 4 374 400 417
758 2 2 4 4 375 380 385
759 2 2 4 4 407 376 408
760 2 2 4 4 407 377 409
761 2 2 4 4 397 379 417
762 2 2 4 4 405 381 406
763 2 2 4 4 382 409 413
764 2 2 4 4 384 412 413
765 2 2 4 4 390 387 410
766 2 2 4 4 387 406 410
767 2 2 4 4 388 389 411
768 2 2 4 4 410 388 411
769 2 2 4 4 411 389 412
770 2 2 4 4 390 410 411
771 2 2 5 5 1 9 508
772 2 2 5 5 57 1 508
773 2 2 5 5 14 2 505
774 2 2 5 5 2 45 505
775 2 2 5 5 5 68 506
776 2 2 5 5 99 5 506
777 2 2 5 5 56 6 504
778 2 2 5 5 6 104 504
779 2 2 5 5 9 10 489
780 2 2 5 5 9 489 508
781 2 2 5 5 10 11 491
782 2 2 5 5 489 10 491
783 2 2 5 5 11 12 420
784 2 2 5 5 11 420 491
785 2 2 5 5 12 13 490
786 2 2 5 5 420 12 490
787 2 2 5 5 13 14 433
788 2 2 5 5 13 433 490
789 2 2 5 5 433 14 505
790 2 2 5 5 45 46 488
791 2 2 5 5 45 488 505
792 2 2 5 5 46 47 428
793 2 2 5 5 46 428 488
794 2 2 5 5 47 48 470
795 2 2 5 5 428 47 470
796 2 2 5 5 48 49 422
797 2 2 5 5 48 422 470
798 2 2 5 5 49 50 481
799 2 2 5 5 422 49 481
800 2 2 5 5 50 51 484
801 2 2 5 5 481 50 484
802 2 2 5 5 51 52 423
803 2 2 5 5 51 423 484
804 2 2 5 5 52 53 468
805 2 2 5 5 423 52 468
806 2 2 5 5 53 54 426
807 2 2 5 5 53 426 468
808 2 2 5 5 54 55 434
809 2 2 5 5 426 54 434
810 2 2 5 5 55 56 431
811 2 2 5 5 55 431 434
812 2 2 5 5 431 56 504
813 2 2 5 5 58 57 430
814 2 2 5 5 430 57 508
815 2 2 5 5 59 58 466
816 2 2 5 5 58 430 466
817 2 2 5 5 60 59 427
818 2 2 5 5 427 59 466
819 2 2 5 5 61 60 472
820 2 2 5 5 60 427 472
821 2 2 5 5 62 61 424
822 2 2 5 5 424 61 472
823 2 2 5 5 63 62 479
824 2 2 5 5 62 424 479
825 2 2 5 5 64 63 478
826 2 2 5 5 478 63 479
827 2 2 5 5 65 64 425
828 2 2 5 5 425 64 478
829 2 2 5 5 66 65 471
830 2 2 5 5 65 425 471
831 2 2 5 5 67 66 429
832 2 2 5 5 429 66 471
833 2 2 5 5 68 67 487
834 2 2 5 5 67 429 487
835 2 2 5 5 68 487 506
836 2 2 5 5 100 99 432
837 2 2 5 5 432 99 506
838 2 2 5 5 101 100 492
839 2 2 5 5 100 432 492
840 2 2 5 5 102 101 421
841 2 2 5 5 421 101 492
842 2 2 5 5 103 102 494
843 2 2 5 5 102 421 494
844 2 2 5 5 104 103 486
845 2 2 5 5 486 103 494
846 2 2 5 5 104 486 504
847 2 2 5 5 464 420 490
848 2 2 5 5 420 464 509
849 2 2 5 5 491 420 509
850 2 2 5 5 461 421 462
851 2 2 5 5 421 461 463
852 2 2 5 5 462 421 492
853 2 2 5 5 421 463 494
854 2 2 5 5 470 422 475
855 2 2 5 5 475 422 476
856 2 2 5 5 476 422 481
857 2 2 5 5 423 468 482
858 2 2 5 5 423 482 483
859 2 2 5 5 423 483 484
860 2 2 5 5 424 472 503
861 2 2 5 5 479 424 502
862 2 2 5 5 502 424 503
863 2 2 5 5 471 425 496
864 2 2 5 5 425 478 500
865 2 2 5 5 496 425 500
866 2 2 5 5 426 434 435
867 2 2 5 5 426 435 436
868 2 2 5 5 426 436 468
869 2 2 5 5 427 466 497
870 2 2 5 5 472 427 499
871 2 2 5 5 427 497 499
872 2 2 5 5 428 465 469
873 2 2 5 5 465 428 470
874 2 2 5 5 428 469 488
875 2 2 5 5 429 471 495
876 2 2 5 5 487 429 493
877 2 2 5 5 493 429 495
878 2 2 5 5 466 430 498
879 2 2 5 5 430 489 498
880 2 2 5 5 489 430 508
881 2 2 5 5 434 431 485
882 2 2 5 5 485 431 486
883 2 2 5 5 486 431 504
884 2 2 5 5 432 462 492
885 2 2 5 5 462 432 493
886 2 2 5 5 432 487 493
887 2 2 5 5 487 432 506
888 2 2 5 5 488 433 505
889 2 2 5 5 433 488 507
890 2 2 5 5 490 433 507
891 2 2 5 5 435 434 485
892 2 2 5 5 436 435 437
893 2 2 5 5 437 435 473
894 2 2 5 5 473 435 485
895 2 2 5 5 436 437 438
896 2 2 5 5 436 438 482
897 2 2 5 5 468 436 482
898 2 2 5 5 438 437 439
899 2 2 5 5 439 437 441
900 2 2 5 5 441 437 473
901 2 2 5 5 438 439 440
902 2 2 5 5 438 440 442
903 2 2 5 5 438 442 482
904 2 2 5 5 440 439 477
905 2 2 5 5 439 441 454
906 2 2 5 5 439 454 477
907 2 2 5 5 442 440 443
908 2 2 5 5 443 440 480
909 2 2 5 5 440 477 480
910 2 2 5 5 454 441 457
911 2 2 5 5 457 441 461
912 2 2 5 5 461 441 473
913 2 2 5 5 442 443 444
914 2 2 5 5 442 444 483
915 2 2 5 5 482 442 483
916 2 2 5 5 444 443 445
917 2 2 5 5 445 443 453
918 2 2 5 5 453 443 480
919 2 2 5 5 444 445 446
920 2 2 5 5 444 446 455
921 2 2 5 5 444 455 483
922 2 2 5 5 446 445 447
923 2 2 5 5 447 445 474
924 2 2 5 5 445 453 474
925 2 2 5 5 446 447 448
926 2 2 5 5 446 448 476
927 2 2 5 5 455 446 476
928 2 2 5 5 448 447 449
929 2 2 5 5 449 447 456
930 2 2 5 5 456 447 474
931 2 2 5 5 448 449 450
932 2 2 5 5 448 450 475
933 2 2 5 5 448 475 476
934 2 2 5 5 450 449 451
935 2 2 5 5 451 449 467
936 2 2 5 5 449 456 467
937 2 2 5 5 450 451 452
938 2 2 5 5 450 452 465
939 2 2 5 5 450 465 475
940 2 2 5 5 452 451 458
941 2 2 5 5 458 451 459
942 2 2 5 5 459 451 467
943 2 2 5 5 452 458 464
944 2 2 5 5 452 464 469
945 2 2 5 5 465 452 469
946 2 2 5 5 474 453 502
947 2 2 5 5 453 480 501
948 2 2 5 5 453 501 502
949 2 2 5 5 454 457 495
950 2 2 5 5 477 454 496
951 2 2 5 5 454 495 496
952 2 2 5 5 455 476 481
953 2 2 5 5 455 481 484
954 2 2 5 5 483 455 484
955 2 2 5 5 467 456 499
956 2 2 5 5 456 474 503
957 2 2 5 5 499 456 503
958 2 2 5 5 457 461 462
959 2 2 5 5 457 462 493
960 2 2 5 5 457 493 495
961 2 2 5 5 458 459 460
962 2 2 5 5 458 460 509
963 2 2 5 5 464 458 509
964 2 2 5 5 460 459 498
965 2 2 5 5 459 467 497
966 2 2 5 5 459 497 498
967 2 2 5 5 460 489 491
968 2 2 5 5 489 460 498
969 2 2 5 5 460 491 509
970 2 2 5 5 463 461 473
971 2 2 5 5 463 473 485
972 2 2 5 5 463 485 486
973 2 2 5 5 463 486 494
974 2 2 5 5 469 464 507
975 2 2 5 5 464 490 507
976 2 2 5 5 465 470 475
977 2 2 5 5 497 466 498
978 2 2 5 5 497 467 499
979 2 2 5 5 488 469 507
980 2 2 5 5 495 471 496
981 2 2 5 5 472 499 503
982 2 2 5 5 474 502 503
983 2 2 5 5 480 477 500
984 2 2 5 5 477 496 500
985 2 2 5 5 478 479 501
986 2 2 5 5 500 478 501
987 2 2 5 5 501 479 502
988 2 2 5 5 480 500 501
989 2 2 6 6 98 5 555
990 2 2 6 6 5 99 555
991 2 2 6 6 6 81 554
992 2 2 6 6 104 6 554
993 2 2 6 6 86 7 552
994 2 2 6 6 7 87 552
995 2 2 6 6 92 8 553
996 2 2 6 6 8 93 553
997 2 2 6 6 81 82 543
998 2 2 6 6 81 543 554
999 2 2 6 6 82 83 547
1000 2 2 6 6 543 82 547
1001 2 2 6 6 83 84 513
1002 2 2 6 6 83 513 547
1003 2 2 6 6 84 85 551
1004 2 2 6 6 513 84 551
1005 2 2 6 6 85 86 514
1006 2 2 6 6 85 514 551
1007 2 2 6 6 514 86 552
1008 2 2 6 6 87 88 546
1009 2 2 6 6 87 546 552
1010 2 2 6 6 88 89 545
1011 2 2 6 6 88 545 546
1012 2 2 6 6 89 90 511
1013 2 2 6 6 89 511 545
1014 2 2 6 6 90 91 518
1015 2 2 6 6 511 90 518
1016 2 2 6 6 91 92 515
1017 2 2 6 6 91 515 518
1018 2 2 6 6 515 92 553
1019 2 2 6 6 93 94 536
1020 2 2 6 6 93 536 553
1021 2 2 6 6 94 95 549
1022 2 2 6 6 536 94 549
1023 2 2 6 6 95 96 512
1024 2 2 6 6 95 512 549
1025 2 2 6 6 96 97 537
1026 2 2 6 6 512 96 537
1027 2 2 6 6 97 98 516
1028 2 2 6 6 97 516 537
1029 2 2 6 6 516 98 555
1030 2 2 6 6 99 100 539
1031 2 2 6 6 99 539 555
1032 2 2 6 6 100 101 548
1033 2 2 6 6 539 100 548
1034 2 2 6 6 101 102 510
1035 2 2 6 6 101 510 548
1036 2 2 6 6 102 103 541
1037 2 2 6 6 510 102 541
1038 2 2 6 6 103 104 517
1039 2 2 6 6 103 517 541
1040 2 2 6 6 517 104 554
1041 2 2 6 6 531 510 541
1042 2 2 6 6 510 531 556
1043 2 2 6 6 510 540 548
1044 2 2 6 6 540 510 556
1045 2 2 6 6 511 518 519
1046 2 2 6 6 511 519 520
1047 2 2 6 6 511 520 545
1048 2 2 6 6 535 512 544
1049 2 2 6 6 512 535 549
1050 2 2 6 6 512 537 550
1051 2 2 6 6 544 512 550
1052 2 2 6 6 513 528 529
1053 2 2 6 6 528 513 530
1054 2 2 6 6 513 529 547
1055 2 2 6 6 530 513 551
1056 2 2 6 6 530 514 533
1057 2 2 6 6 514 530 551
1058 2 2 6 6 533 514 546
1059 2 2 6 6 546 514 552
1060 2 2 6 6 518 515 534
1061 2 2 6 6 534 515 536
1062 2 2 6 6 536 515 553
1063 2 2 6 6 537 516 538
1064 2 2 6 6 538 516 539
1065 2 2 6 6 539 516 555
1066 2 2 6 6 541 517 542
1067 2 2 6 6 542 517 543
1068 2 2 6 6 543 517 554
1069 2 2 6 6 519 518 534
1070 2 2 6 6 520 519 521
1071 2 2 6 6 521 519 522
1072 2 2 6 6 522 519 534
1073 2 2 6 6 520 521 532
1074 2 2 6 6 520 532 533
1075 2 2 6 6 520 533 545
1076 2 2 6 6 521 522 523
1077 2 2 6 6 521 523 524
1078 2 2 6 6 521 524 532
1079 2 2 6 6 523 522 544
1080 2 2 6 6 522 534 535
1081 2 2 6 6 522 535 544
1082 2 2 6 6 524 523 525
1083 2 2 6 6 525 523 527
1084 2 2 6 6 527 523 544
1085 2 2 6 6 524 525 526
1086 2 2 6 6 524 526 528
1087 2 2 6 6 524 528 532
1088 2 2 6 6 526 525 531
1089 2 2 6 6 525 527 556
1090 2 2 6 6 531 525 556
1091 2 2 6 6 528 526 529
1092 2 2 6 6 529 526 542
1093 2 2 6 6 526 531 542
1094 2 2 6 6 527 538 540
1095 2 2 6 6 538 527 550
1096 2 2 6 6 527 540 556
1097 2 2 6 6 527 544 550
1098 2 2 6 6 528 530 532
1099 2 2 6 6 529 542 543
1100 2 2 6 6 529 543 547
1101 2 2 6 6 532 530 533
1102 2 2 6 6 531 541 542
1103 2 2 6 6 545 533 546
1104 2 2 6 6 535 534 536
1105 2 2 6 6 535 536 549
1106 2 2 6 6 537 538 550
1107 2 2 6 6 538 539 540
1108 2 2 6 6 540 539 548
1109 4 2 1 1 564 606 605 659
1110 4 2 1 1 300 629 623 688
1111 4 2 1 1 256 247 344 590
1112 4 2 1 1 559 613 598 747
1113 4 2 1 1 378 291 244 591
1114 4 2 1 1 336 344 247 590
1115 4 2 1 1 378 291 591 663
1116 4 2 1 1 333 378 244 591
1117 4 2 1 1 598 613 559 700
1118 4 2 1 1 247 336 590 663
1119 4 2 1 1 465 608 627 683
1120 4 2 1 1 376 607 466 662
1121 4 2 1 1 518 511 315 621
1122 4 2 1 1 613 660 598 747
1123 4 2 1 1 511 242 621 781
1124 4 2 1 1 430 376 341 607
1125 4 2 1 1 466 376 430 607
1126 4 2 1 1 505 149 238 593
1127 4 2 1 1 300 623 629 668
1128 4 2 1 1 575 207 622 725
1129 4 2 1 1 368 579 675 699
1130 4 2 1 1 567 640 629 668
1131 4 2 1 1 617 622 207 725
1132 4 2 1 1 605 659 606 703
1133 4 2 1 1 567 576 629 640
1134 4 2 1 1 433 593 507 733
1135 4 2 1 1 433 111 593 733
1136 4 2 1 1 465 627 452 683
1137 4 2 1 1 629 640 576 668
1138 4 2 1 1 589 613 565 779
1139 4 2 1 1 433 507 490 733
1140 4 2 1 1 465 627 608 698
1141 4 2 1 1 566 687 612 721
1142 4 2 1 1 575 622 207 702
1143 4 2 1 1 391 597 246 673
1144 4 2 1 1 558 589 650 656
1145 4 2 1 1 633 669 474 713
1146 4 2 1 1 271 649 611 692
1147 4 2 1 1 164 238 149 593
1148 4 2 1 1 612 687 583 721
1149 4 2 1 1 149 505 433 593
1150 4 2 1 1 303 246 391 597
1151 4 2 1 1 511 599 242 781
1152 4 2 1 1 433 490 111 733
1153 4 2 1 1 391 246 332 673
1154 4 2 1 1 315 511 242 621
1155 4 2 1 1 155 423 609 694
1156 4 2 1 1 437 436 606 701
1157 4 2 1 1 368 665 579 699
1158 4 2 1 1 592 670 613 684
1159 4 2 1 1 437 606 615 701
1160 4 2 1 1 613 589 656 779
1161 4 2 1 1 589 565 627 779
1162 4 2 1 1 149 433 111 593
1163 4 2 1 1 575 702 207 725
1164 4 2 1 1 418 150 508 607
1165 4 2 1 1 599 621 242 781
1166 4 2 1 1 528 532 636 755
1167 4 2 1 1 612 704 566 721
1168 4 2 1 1 271 611 270 692
1169 4 2 1 1 601 632 140 774
1170 4 2 1 1 407 662 634 675
1171 4 2 1 1 627 656 589 779
1172 4 2 1 1 528 636 644 755
1173 4 2 1 1 612 721 583 782
1174 4 2 1 1 628 651 624 717
1175 4 2 1 1 573 703 659 769
1176 4 2 1 1 344 256 590 661
1177 4 2 1 1 474 633 502 669
1178 4 2 1 1 207 617 179 622
1179 4 2 1 1 408 662 407 675
1180 4 2 1 1 587 703 573 769
1181 4 2 1 1 597 692 574 775
1182 4 2 1 1 564 671 615 709
1183 4 2 1 1 574 597 588 762
1184 4 2 1 1 592 613 677 684
1185 4 2 1 1 561 584 597 706
1186 4 2 1 1 597 706 692 775
1187 4 2 1 1 615 671 614 709
1188 4 2 1 1 659 703 605 769
1189 4 2 1 1 561 597 584 785
1190 4 2 1 1 559 684 613 747
1191 4 2 1 1 503 474 502 669
1192 4 2 1 1 562 609 651 678
1193 4 2 1 1 587 651 628 717
1194 4 2 1 1 613 684 660 747
1195 4 2 1 1 564 614 671 709
1196 4 2 1 1 614 654 615 709
1197 4 2 1 1 587 605 172 703
1198 4 2 1 1 150 418 112 607
1199 4 2 1 1 448 589 707 713
1200 4 2 1 1 270 692 611 736
1201 4 2 1 1 213 155 609 694
1202 4 2 1 1 474 664 633 713
1203 4 2 1 1 505 238 220 593
1204 4 2 1 1 363 639 633 697
1205 4 2 1 1 412 669 633 728
1206 4 2 1 1 524 528 532 636
1207 4 2 1 1 437 615 606 671
1208 4 2 1 1 344 340 256 661
1209 4 2 1 1 558 656 650 670
1210 4 2 1 1 252 256 340 661
1211 4 2 1 1 567 623 640 668
1212 4 2 1 1 465 452 627 698
1213 4 2 1 1 578 641 630 657
1214 4 2 1 1 704 721 612 782
1215 4 2 1 1 213 609 678 694
1216 4 2 1 1 171 587 172 703
1217 4 2 1 1 629 688 300 695
1218 4 2 1 1 437 606 435 671
1219 4 2 1 1 412 413 669 728
1220 4 2 1 1 592 656 613 670
1221 4 2 1 1 270 611 271 736
1222 4 2 1 1 578 630 599 657
1223 4 2 1 1 200 632 218 676
1224 4 2 1 1 572 635 583 655
1225 4 2 1 1 575 650 589 656
1226 4 2 1 1 615 654 614 671
1227 4 2 1 1 508 430 418 607
1228 4 2 1 1 437 436 435 606
1229 4 2 1 1 578 644 636 755
1230 4 2 1 1 562 651 628 678
1231 4 2 1 1 578 641 657 712
1232 4 2 1 1 172 605 587 686
1233 4 2 1 1 528 636 524 644
1234 4 2 1 1 363 633 411 697
1235 4 2 1 1 368 675 598 699
1236 4 2 1 1 571 603 588 735
1237 4 2 1 1 623 629 567 688
1238 4 2 1 1 563 613 596 677
1239 4 2 1 1 321 668 629 768
1240 4 2 1 1 322 300 688 695
1241 4 2 1 1 376 466 634 662
1242 4 2 1 1 436 694 606 701
1243 4 2 1 1 448 589 698 707
1244 4 2 1 1 216 609 484 622
1245 4 2 1 1 211 695 232 708
1246 4 2 1 1 455 484 609 622
1247 4 2 1 1 179 622 617 693
1248 4 2 1 1 632 645 218 676
1249 4 2 1 1 378 591 392 663
1250 4 2 1 1 128 140 632 774
1251 4 2 1 1 331 691 643 753
1252 4 2 1 1 136 111 490 733
1253 4 2 1 1 168 666 606 703
1254 4 2 1 1 591 663 291 723
1255 4 2 1 1 600 650 603 735
1256 4 2 1 1 587 605 703 769
1257 4 2 1 1 376 634 407 662
1258 4 2 1 1 565 613 589 735
1259 4 2 1 1 592 677 570 684
1260 4 2 1 1 247 663 590 727
1261 4 2 1 1 171 678 587 703
1262 4 2 1 1 329 581 690 711
1263 4 2 1 1 584 649 269 692
1264 4 2 1 1 578 657 599 712
1265 4 2 1 1 374 665 368 699
1266 4 2 1 1 302 591 291 723
1267 4 2 1 1 211 629 232 695
1268 4 2 1 1 604 682 569 717
1269 4 2 1 1 368 419 579 665
1270 4 2 1 1 592 570 670 684
1271 4 2 1 1 455 484 483 609
1272 4 2 1 1 322 629 300 695
1273 4 2 1 1 455 622 609 674
1274 4 2 1 1 572 583 635 658
1275 4 2 1 1 562 678 628 693
1276 4 2 1 1 582 721 704 782
1277 4 2 1 1 562 609 678 693
1278 4 2 1 1 214 622 481 702
1279 4 2 1 1 578 689 666 724
1280 4 2 1 1 466 607 498 662
1281 4 2 1 1 607 662 408 675
1282 4 2 1 1 115 601 140 774
1283 4 2 1 1 600 603 571 735
1284 4 2 1 1 474 669 503 713
1285 4 2 1 1 471 381 335 612
1286 4 2 1 1 335 425 471 612
1287 4 2 1 1 448 707 447 713
1288 4 2 1 1 581 638 129 665
1289 4 2 1 1 466 430 498 607
1290 4 2 1 1 588 603 571 639
1291 4 2 1 1 321 629 298 768
1292 4 2 1 1 207 179 617 725
1293 4 2 1 1 633 679 411 697
1294 4 2 1 1 331 595 643 691
1295 4 2 1 1 590 663 336 718
1296 4 2 1 1 564 615 606 659
1297 4 2 1 1 571 639 603 767
1298 4 2 1 1 518 519 511 621
1299 4 2 1 1 129 690 581 711
1300 4 2 1 1 352 591 652 658
1301 4 2 1 1 455 609 483 674
1302 4 2 1 1 418 430 341 607
1303 4 2 1 1 585 594 566 643
1304 4 2 1 1 449 589 448 713
1305 4 2 1 1 583 612 387 687
1306 4 2 1 1 333 392 378 591
1307 4 2 1 1 345 590 336 718
1308 4 2 1 1 586 569 682 717
1309 4 2 1 1 302 244 291 591
1310 4 2 1 1 571 669 633 713
1311 4 2 1 1 561 653 597 785
1312 4 2 1 1 256 257 247 590
1313 4 2 1 1 345 344 336 590
1314 4 2 1 1 650 656 575 670
1315 4 2 1 1 573 651 587 769
1316 4 2 1 1 408 607 376 662
1317 4 2 1 1 412 384 413 728
1318 4 2 1 1 247 590 257 727
1319 4 2 1 1 598 675 579 699
1320 4 2 1 1 381 612 471 642
1321 4 2 1 1 561 597 588 706
1322 4 2 1 1 566 594 585 654
1323 4 2 1 1 573 606 615 659
1324 4 2 1 1 242 621 599 710
1325 4 2 1 1 129 113 690 711
1326 4 2 1 1 352 591 393 652
1327 4 2 1 1 220 488 505 593
1328 4 2 1 1 558 656 613 735
1329 4 2 1 1 651 715 582 732
1330 4 2 1 1 573 615 606 701
1331 4 2 1 1 566 642 612 687
1332 4 2 1 1 408 376 407 662
1333 4 2 1 1 206 666 168 703
1334 4 2 1 1 582 612 477 696
1335 4 2 1 1 321 631 668 768
1336 4 2 1 1 640 670 650 743
1337 4 2 1 1 650 670 640 739
1338 4 2 1 1 596 613 563 779
1339 4 2 1 1 576 640 567 743
1340 4 2 1 1 603 706 588 735
1341 4 2 1 1 350 618 583 658
1342 4 2 1 1 573 659 615 701
1343 4 2 1 1 561 751 588 770
1344 4 2 1 1 289 632 601 685
1345 4 2 1 1 582 732 715 782
1346 4 2 1 1 477 612 582 704
1347 4 2 1 1 194 689 630 724
1348 4 2 1 1 576 567 629 672
1349 4 2 1 1 172 171 173 587
1350 4 2 1 1 573 659 651 769
1351 4 2 1 1 512 595 331 691
1352 4 2 1 1 523 691 585 742
1353 4 2 1 1 311 113 110 711
1354 4 2 1 1 558 650 640 739
1355 4 2 1 1 243 298 209 631
1356 4 2 1 1 298 209 631 768
1357 4 2 1 1 149 138 164 593
1358 4 2 1 1 630 657 314 758
1359 4 2 1 1 567 629 623 668
1360 4 2 1 1 612 642 566 704
1361 4 2 1 1 616 732 582 782
1362 4 2 1 1 329 581 647 690
1363 4 2 1 1 341 376 408 607
1364 4 2 1 1 519 511 621 781
1365 4 2 1 1 129 110 113 711
1366 4 2 1 1 649 692 584 775
1367 4 2 1 1 586 635 572 719
1368 4 2 1 1 377 634 625 675
1369 4 2 1 1 586 682 604 717
1370 4 2 1 1 581 665 129 711
1371 4 2 1 1 209 154 243 631
1372 4 2 1 1 582 616 440 701
1373 4 2 1 1 609 622 216 693
1374 4 2 1 1 558 613 656 670
1375 4 2 1 1 585 643 566 720
1376 4 2 1 1 576 567 672 743
1377 4 2 1 1 611 692 649 775
1378 4 2 1 1 193 666 689 724
1379 4 2 1 1 633 713 664 767
1380 4 2 1 1 362 368 598 699
1381 4 2 1 1 640 576 670 743
1382 4 2 1 1 115 140 128 774
1383 4 2 1 1 359 598 361 625
1384 4 2 1 1 588 597 561 652
1385 4 2 1 1 635 655 572 719
1386 4 2 1 1 164 220 238 593
1387 4 2 1 1 465 450 452 698
1388 4 2 1 1 558 670 650 739
1389 4 2 1 1 115 106 140 601
1390 4 2 1 1 188 207 179 622
1391 4 2 1 1 188 622 179 693
1392 4 2 1 1 311 690 113 711
1393 4 2 1 1 567 628 624 717
1394 4 2 1 1 575 622 617 725
1395 4 2 1 1 433 505 488 593
1396 4 2 1 1 450 627 452 698
1397 4 2 1 1 171 173 587 678
1398 4 2 1 1 387 612 583 697
1399 4 2 1 1 624 628 562 651
1400 4 2 1 1 591 658 392 663
1401 4 2 1 1 578 605 712 745
1402 4 2 1 1 151 731 580 733
1403 4 2 1 1 571 713 633 767
1404 4 2 1 1 583 618 350 697
1405 4 2 1 1 329 690 311 711
1406 4 2 1 1 598 625 359 681
1407 4 2 1 1 583 655 635 715
1408 4 2 1 1 622 650 562 674
1409 4 2 1 1 150 489 508 607
1410 4 2 1 1 616 651 582 732
1411 4 2 1 1 582 704 612 782
1412 4 2 1 1 584 692 597 706
1413 4 2 1 1 246 597 296 673
1414 4 2 1 1 251 221 161 630
1415 4 2 1 1 221 251 309 630
1416 4 2 1 1 311 110 255 711
1417 4 2 1 1 392 591 352 658
1418 4 2 1 1 650 674 622 707
1419 4 2 1 1 575 589 650 707
1420 4 2 1 1 449 448 447 713
1421 4 2 1 1 151 646 580 722
1422 4 2 1 1 578 666 605 745
1423 4 2 1 1 283 314 657 758
1424 4 2 1 1 359 361 598 681
1425 4 2 1 1 352 392 393 591
1426 4 2 1 1 600 650 589 707
1427 4 2 1 1 440 616 582 696
1428 4 2 1 1 614 737 564 760
1429 4 2 1 1 361 625 598 675
1430 4 2 1 1 558 589 656 735
1431 4 2 1 1 589 650 600 735
1432 4 2 1 1 423 484 216 609
1433 4 2 1 1 558 613 670 684
1434 4 2 1 1 418 399 112 607
1435 4 2 1 1 427 337 466 634
1436 4 2 1 1 155 423 216 609
1437 4 2 1 1 627 698 449 716
1438 4 2 1 1 573 678 609 694
1439 4 2 1 1 512 691 331 753
1440 4 2 1 1 251 630 161 641
1441 4 2 1 1 270 271 272 736
1442 4 2 1 1 557 635 655 715
1443 4 2 1 1 376 466 337 634
1444 4 2 1 1 606 666 168 776
1445 4 2 1 1 613 656 589 735
1446 4 2 1 1 367 643 642 746
1447 4 2 1 1 563 677 596 765
1448 4 2 1 1 197 637 593 780
1449 4 2 1 1 577 645 632 676
1450 4 2 1 1 630 689 578 724
1451 4 2 1 1 473 654 615 671
1452 4 2 1 1 465 608 683 749
1453 4 2 1 1 578 689 641 712
1454 4 2 1 1 303 296 246 597
1455 4 2 1 1 583 572 655 754
1456 4 2 1 1 588 751 639 770
1457 4 2 1 1 151 120 646 722
1458 4 2 1 1 329 311 255 711
1459 4 2 1 1 606 659 573 703
1460 4 2 1 1 451 450 449 627
1461 4 2 1 1 676 677 577 685
1462 4 2 1 1 481 622 476 702
1463 4 2 1 1 450 449 627 698
1464 4 2 1 1 214 207 622 702
1465 4 2 1 1 353 639 363 697
1466 4 2 1 1 642 643 367 687
1467 4 2 1 1 449 448 589 698
1468 4 2 1 1 570 677 676 685
1469 4 2 1 1 585 594 643 691
1470 4 2 1 1 151 580 646 733
1471 4 2 1 1 564 605 619 659
1472 4 2 1 1 568 732 616 782
1473 4 2 1 1 542 644 737 760
1474 4 2 1 1 197 593 637 705
1475 4 2 1 1 312 250 223 632
1476 4 2 1 1 451 627 449 716
1477 4 2 1 1 561 706 588 751
1478 4 2 1 1 562 622 617 650
1479 4 2 1 1 563 593 683 749
1480 4 2 1 1 178 617 672 693
1481 4 2 1 1 570 631 648 739
1482 4 2 1 1 578 605 689 712
1483 4 2 1 1 289 307 632 685
1484 4 2 1 1 562 609 616 651
1485 4 2 1 1 286 329 581 647
1486 4 2 1 1 468 155 202 694
1487 4 2 1 1 215 609 216 693
1488 4 2 1 1 628 651 587 678
1489 4 2 1 1 561 618 591 635
1490 4 2 1 1 588 706 603 751
1491 4 2 1 1 572 583 658 754
1492 4 2 1 1 155 468 423 694
1493 4 2 1 1 640 670 576 739
1494 4 2 1 1 178 672 628 693
1495 4 2 1 1 571 603 600 767
1496 4 2 1 1 601 632 577 685
1497 4 2 1 1 596 677 577 765
1498 4 2 1 1 603 639 588 751
1499 4 2 1 1 523 636 585 737
1500 4 2 1 1 558 650 589 735
1501 4 2 1 1 557 655 635 719
1502 4 2 1 1 618 639 353 697
1503 4 2 1 1 566 654 585 709
1504 4 2 1 1 590 710 295 727
1505 4 2 1 1 150 112 134 607
1506 4 2 1 1 271 611 272 736
1507 4 2 1 1 321 298 631 768
1508 4 2 1 1 130 129 638 665
1509 4 2 1 1 188 216 622 693
1510 4 2 1 1 591 618 561 652
1511 4 2 1 1 440 439 477 582
1512 4 2 1 1 504 554 517 610
1513 4 2 1 1 407 634 377 675
1514 4 2 1 1 605 666 206 703
1515 4 2 1 1 576 648 631 739
1516 4 2 1 1 156 245 604 695
1517 4 2 1 1 441 615 473 654
1518 4 2 1 1 586 572 635 723
1519 4 2 1 1 577 714 596 765
1520 4 2 1 1 352 652 618 658
1521 4 2 1 1 443 664 444 674
1522 4 2 1 1 613 656 592 765
1523 4 2 1 1 117 130 638 750
1524 4 2 1 1 593 563 705 749
1525 4 2 1 1 160 223 250 632
1526 4 2 1 1 350 387 349 583
1527 4 2 1 1 417 342 665 711
1528 4 2 1 1 642 643 566 746
1529 4 2 1 1 170 605 206 703
1530 4 2 1 1 632 645 577 685
1531 4 2 1 1 602 655 583 721
1532 4 2 1 1 602 583 687 721
1533 4 2 1 1 443 616 664 674
1534 4 2 1 1 563 683 608 749
1535 4 2 1 1 645 676 577 685
1536 4 2 1 1 278 611 271 649
1537 4 2 1 1 586 635 667 723
1538 4 2 1 1 368 374 419 665
1539 4 2 1 1 445 444 664 674
1540 4 2 1 1 564 671 614 760
1541 4 2 1 1 573 651 609 678
1542 4 2 1 1 214 481 157 702
1543 4 2 1 1 368 579 419 752
1544 4 2 1 1 361 362 368 598
1545 4 2 1 1 361 598 368 675
1546 4 2 1 1 563 627 608 683
1547 4 2 1 1 592 677 613 765
1548 4 2 1 1 131 129 665 711
1549 4 2 1 1 619 712 605 745
1550 4 2 1 1 605 606 564 666
1551 4 2 1 1 625 634 409 669
1552 4 2 1 1 387 612 406 687
1553 4 2 1 1 377 625 361 675
1554 4 2 1 1 323 629 321 668
1555 4 2 1 1 481 422 157 702
1556 4 2 1 1 597 673 386 762
1557 4 2 1 1 633 639 568 697
1558 4 2 1 1 611 649 278 759
1559 4 2 1 1 594 566 643 746
1560 4 2 1 1 366 625 409 669
1561 4 2 1 1 562 628 624 743
1562 4 2 1 1 457 642 654 746
1563 4 2 1 1 298 321 323 629
1564 4 2 1 1 590 621 306 710
1565 4 2 1 1 523 544 691 742
1566 4 2 1 1 565 660 613 735
1567 4 2 1 1 584 692 706 775
1568 4 2 1 1 182 592 184 648
1569 4 2 1 1 559 596 677 680
1570 4 2 1 1 285 647 626 736
1571 4 2 1 1 474 502 633 664
1572 4 2 1 1 150 134 489 607
1573 4 2 1 1 194 225 630 689
1574 4 2 1 1 440 582 477 696
1575 4 2 1 1 350 583 349 754
1576 4 2 1 1 250 160 632 645
1577 4 2 1 1 242 284 621 710
1578 4 2 1 1 129 638 581 690
1579 4 2 1 1 177 178 628 693
1580 4 2 1 1 563 656 613 765
1581 4 2 1 1 596 714 563 765
1582 4 2 1 1 561 618 751 770
1583 4 2 1 1 141 128 140 632
1584 4 2 1 1 350 658 583 754
1585 4 2 1 1 293 759 631 763
1586 4 2 1 1 316 657 641 682
1587 4 2 1 1 509 733 458 777
1588 4 2 1 1 368 675 579 752
1589 4 2 1 1 349 583 387 687
1590 4 2 1 1 331 595 371 643
1591 4 2 1 1 504 235 554 610
1592 4 2 1 1 473 461 654 671
1593 4 2 1 1 387 583 350 697
1594 4 2 1 1 209 154 631 768
1595 4 2 1 1 286 626 285 647
1596 4 2 1 1 616 651 609 738
1597 4 2 1 1 557 635 586 719
1598 4 2 1 1 599 657 630 758
1599 4 2 1 1 192 200 218 676
1600 4 2 1 1 559 677 601 680
1601 4 2 1 1 596 677 613 700
1602 4 2 1 1 316 275 657 682
1603 4 2 1 1 582 651 557 715
1604 4 2 1 1 204 293 631 763
1605 4 2 1 1 367 642 405 746
1606 4 2 1 1 457 495 642 746
1607 4 2 1 1 130 129 117 638
1608 4 2 1 1 596 559 677 700
1609 4 2 1 1 439 582 440 701
1610 4 2 1 1 542 610 644 760
1611 4 2 1 1 594 585 654 764
1612 4 2 1 1 589 449 698 716
1613 4 2 1 1 120 596 646 722
1614 4 2 1 1 111 138 149 593
1615 4 2 1 1 523 524 636 737
1616 4 2 1 1 616 696 568 782
1617 4 2 1 1 439 477 582 704
1618 4 2 1 1 570 676 645 685
1619 4 2 1 1 633 669 571 728
1620 4 2 1 1 213 694 678 703
1621 4 2 1 1 575 617 622 650
1622 4 2 1 1 630 641 314 657
1623 4 2 1 1 283 657 599 758
1624 4 2 1 1 523 585 636 742
1625 4 2 1 1 443 445 444 664
1626 4 2 1 1 569 717 586 719
1627 4 2 1 1 566 602 687 721
1628 4 2 1 1 606 610 564 666
1629 4 2 1 1 188 215 216 693
1630 4 2 1 1 298 248 209 629
1631 4 2 1 1 307 645 632 685
1632 4 2 1 1 273 647 611 685
1633 4 2 1 1 248 159 209 629
1634 4 2 1 1 511 520 758 781
1635 4 2 1 1 278 273 271 611
1636 4 2 1 1 424 633 334 669
1637 4 2 1 1 130 665 638 750
1638 4 2 1 1 286 626 647 757
1639 4 2 1 1 295 590 306 710
1640 4 2 1 1 214 216 484 622
1641 4 2 1 1 214 484 481 622
1642 4 2 1 1 624 628 567 743
1643 4 2 1 1 585 709 614 737
1644 4 2 1 1 605 666 564 745
1645 4 2 1 1 173 678 628 708
1646 4 2 1 1 106 241 601 690
1647 4 2 1 1 296 673 597 692
1648 4 2 1 1 621 748 595 761
1649 4 2 1 1 582 696 616 782
1650 4 2 1 1 608 705 563 749
1651 4 2 1 1 372 331 643 753
1652 4 2 1 1 471 425 496 612
1653 4 2 1 1 197 593 240 780
1654 4 2 1 1 564 610 671 760
1655 4 2 1 1 277 692 597 785
1656 4 2 1 1 471 612 496 642
1657 4 2 1 1 273 611 278 759
1658 4 2 1 1 570 649 631 739
1659 4 2 1 1 614 709 564 737
1660 4 2 1 1 482 423 468 694
1661 4 2 1 1 306 295 257 727
1662 4 2 1 1 625 728 588 735
1663 4 2 1 1 614 654 461 671
1664 4 2 1 1 445 664 600 674
1665 4 2 1 1 405 642 367 687
1666 4 2 1 1 318 301 604 688
1667 4 2 1 1 213 202 155 694
1668 4 2 1 1 476 702 622 707
1669 4 2 1 1 406 612 642 687
1670 4 2 1 1 458 733 683 777
1671 4 2 1 1 306 257 590 727
1672 4 2 1 1 417 342 400 665
1673 4 2 1 1 306 590 295 727
1674 4 2 1 1 443 444 616 674
1675 4 2 1 1 391 303 597 741
1676 4 2 1 1 315 242 284 621
1677 4 2 1 1 242 599 511 758
1678 4 2 1 1 172 587 173 686
1679 4 2 1 1 424 502 633 669
1680 4 2 1 1 334 633 412 669
1681 4 2 1 1 184 648 592 676
1682 4 2 1 1 559 598 700 740
1683 4 2 1 1 342 131 665 711
1684 4 2 1 1 508 489 430 607
1685 4 2 1 1 243 154 204 631
1686 4 2 1 1 560 595 720 772
1687 4 2 1 1 584 692 269 785
1688 4 2 1 1 277 296 597 692
1689 4 2 1 1 301 682 604 688
1690 4 2 1 1 571 588 728 735
1691 4 2 1 1 497 634 466 662
1692 4 2 1 1 589 627 565 716
1693 4 2 1 1 349 583 687 754
1694 4 2 1 1 600 674 650 707
1695 4 2 1 1 666 724 195 756
1696 4 2 1 1 509 580 733 777
1697 4 2 1 1 335 381 406 612
1698 4 2 1 1 561 652 618 770
1699 4 2 1 1 586 682 262 688
1700 4 2 1 1 277 296 692 785
1701 4 2 1 1 605 619 569 712
1702 4 2 1 1 151 722 580 731
1703 4 2 1 1 316 682 641 729
1704 4 2 1 1 306 621 590 661
1705 4 2 1 1 518 315 308 621
1706 4 2 1 1 585 654 614 709
1707 4 2 1 1 298 629 209 768
1708 4 2 1 1 406 612 381 642
1709 4 2 1 1 561 623 584 640
1710 4 2 1 1 457 642 495 704
1711 4 2 1 1 334 424 479 633
1712 4 2 1 1 389 334 479 633
1713 4 2 1 1 105 731 151 733
1714 4 2 1 1 173 587 678 708
1715 4 2 1 1 457 654 642 704
1716 4 2 1 1 170 206 168 703
1717 4 2 1 1 566 655 602 721
1718 4 2 1 1 114 115 638 690
1719 4 2 1 1 239 328 552 630
1720 4 2 1 1 217 168 666 776
1721 4 2 1 1 417 665 581 711
1722 4 2 1 1 600 713 589 735
1723 4 2 1 1 331 595 512 748
1724 4 2 1 1 614 654 585 764
1725 4 2 1 1 346 392 658 663
1726 4 2 1 1 328 546 552 630
1727 4 2 1 1 581 647 626 757
1728 4 2 1 1 465 683 469 749
1729 4 2 1 1 558 603 640 650
1730 4 2 1 1 605 569 689 712
1731 4 2 1 1 564 610 606 671
1732 4 2 1 1 524 644 636 737
1733 4 2 1 1 174 605 172 686
1734 4 2 1 1 631 649 294 668
1735 4 2 1 1 563 608 627 656
1736 4 2 1 1 441 473 461 654
1737 4 2 1 1 595 621 560 742
1738 4 2 1 1 201 608 470 749
1739 4 2 1 1 571 713 600 735
1740 4 2 1 1 606 694 573 701
1741 4 2 1 1 243 204 293 631
1742 4 2 1 1 197 593 705 749
1743 4 2 1 1 145 722 579 750
1744 4 2 1 1 557 651 582 659
1745 4 2 1 1 596 700 613 779
1746 4 2 1 1 173 686 587 708
1747 4 2 1 1 525 585 523 764
1748 4 2 1 1 179 617 178 693
1749 4 2 1 1 511 758 599 781
1750 4 2 1 1 273 685 611 759
1751 4 2 1 1 625 669 366 728
1752 4 2 1 1 139 579 665 750
1753 4 2 1 1 419 579 665 752
1754 4 2 1 1 115 638 601 680
1755 4 2 1 1 227 686 641 689
1756 4 2 1 1 321 631 294 668
1757 4 2 1 1 629 672 567 708
1758 4 2 1 1 523 585 525 737
1759 4 2 1 1 567 688 629 695
1760 4 2 1 1 596 577 677 680
1761 4 2 1 1 440 701 616 738
1762 4 2 1 1 606 666 605 703
1763 4 2 1 1 297 245 208 695
1764 4 2 1 1 585 560 636 742
1765 4 2 1 1 267 623 300 668
1766 4 2 1 1 575 650 622 707
1767 4 2 1 1 156 208 245 695
1768 4 2 1 1 554 235 543 610
1769 4 2 1 1 210 207 702 725
1770 4 2 1 1 501 633 664 679
1771 4 2 1 1 124 646 714 780
1772 4 2 1 1 427 472 337 634
1773 4 2 1 1 214 157 207 702
1774 4 2 1 1 174 666 605 689
1775 4 2 1 1 382 337 472 634
1776 4 2 1 1 561 584 623 785
1777 4 2 1 1 286 647 581 757
1778 4 2 1 1 573 609 651 738
1779 4 2 1 1 477 496 612 704
1780 4 2 1 1 254 325 289 632
1781 4 2 1 1 262 682 586 783
1782 4 2 1 1 145 579 139 750
1783 4 2 1 1 600 674 616 732
1784 4 2 1 1 600 707 589 713
1785 4 2 1 1 572 620 586 719
1786 4 2 1 1 371 602 351 643
1787 4 2 1 1 630 641 578 689
1788 4 2 1 1 369 408 407 675
1789 4 2 1 1 481 476 422 702
1790 4 2 1 1 599 630 578 755
1791 4 2 1 1 601 638 115 690
1792 4 2 1 1 611 647 559 685
1793 4 2 1 1 625 634 565 675
1794 4 2 1 1 509 464 458 733
1795 4 2 1 1 304 591 302 667
1796 4 2 1 1 573 587 651 678
1797 4 2 1 1 595 761 720 772
1798 4 2 1 1 445 600 664 713
1799 4 2 1 1 174 605 686 689
1800 4 2 1 1 501 679 664 696
1801 4 2 1 1 123 637 714 744
1802 4 2 1 1 560 585 720 742
1803 4 2 1 1 445 664 474 713
1804 4 2 1 1 571 728 625 735
1805 4 2 1 1 554 543 517 610
1806 4 2 1 1 357 681 588 762
1807 4 2 1 1 137 646 593 733
1808 4 2 1 1 274 611 273 647
1809 4 2 1 1 660 747 684 775
1810 4 2 1 1 694 701 436 738
1811 4 2 1 1 637 199 705 765
1812 4 2 1 1 559 601 677 685
1813 4 2 1 1 371 602 643 761
1814 4 2 1 1 645 759 293 763
1815 4 2 1 1 582 651 616 701
1816 4 2 1 1 357 588 681 728
1817 4 2 1 1 561 588 652 770
1818 4 2 1 1 601 559 647 685
1819 4 2 1 1 227 641 686 729
1820 4 2 1 1 580 731 509 733
1821 4 2 1 1 562 624 603 743
1822 4 2 1 1 431 163 504 610
1823 4 2 1 1 605 666 578 689
1824 4 2 1 1 376 337 407 634
1825 4 2 1 1 427 466 497 634
1826 4 2 1 1 298 243 321 631
1827 4 2 1 1 596 638 559 750
1828 4 2 1 1 617 622 562 693
1829 4 2 1 1 610 666 606 776
1830 4 2 1 1 185 676 184 705
1831 4 2 1 1 417 581 665 699
1832 4 2 1 1 106 601 115 690
1833 4 2 1 1 628 672 617 693
1834 4 2 1 1 559 638 596 680
1835 4 2 1 1 418 341 399 607
1836 4 2 1 1 582 659 651 701
1837 4 2 1 1 562 616 609 674
1838 4 2 1 1 425 612 335 679
1839 4 2 1 1 318 688 604 695
1840 4 2 1 1 213 609 215 678
1841 4 2 1 1 439 701 615 704
1842 4 2 1 1 145 579 722 752
1843 4 2 1 1 586 620 572 783
1844 4 2 1 1 274 647 285 736
1845 4 2 1 1 620 657 263 682
1846 4 2 1 1 215 678 609 693
1847 4 2 1 1 204 645 293 763
1848 4 2 1 1 164 593 138 780
1849 4 2 1 1 439 582 701 704
1850 4 2 1 1 116 114 115 638
1851 4 2 1 1 301 262 682 688
1852 4 2 1 1 227 186 686 689
1853 4 2 1 1 542 644 610 756
1854 4 2 1 1 600 562 674 732
1855 4 2 1 1 464 683 458 733
1856 4 2 1 1 124 137 646 780
1857 4 2 1 1 557 582 715 721
1858 4 2 1 1 588 706 660 735
1859 4 2 1 1 589 698 627 716
1860 4 2 1 1 176 628 173 678
1861 4 2 1 1 559 677 611 685
1862 4 2 1 1 286 581 329 757
1863 4 2 1 1 283 314 280 657
1864 4 2 1 1 200 676 199 744
1865 4 2 1 1 567 587 628 717
1866 4 2 1 1 558 603 650 735
1867 4 2 1 1 585 691 643 720
1868 4 2 1 1 613 677 559 700
1869 4 2 1 1 600 603 562 732
1870 4 2 1 1 447 707 600 713
1871 4 2 1 1 177 179 178 693
1872 4 2 1 1 123 637 124 714
1873 4 2 1 1 561 635 591 667
1874 4 2 1 1 550 691 512 753
1875 4 2 1 1 124 646 121 714
1876 4 2 1 1 518 308 515 661
1877 4 2 1 1 644 724 666 756
1878 4 2 1 1 593 683 507 733
1879 4 2 1 1 611 647 274 736
1880 4 2 1 1 175 176 173 678
1881 4 2 1 1 572 658 591 663
1882 4 2 1 1 604 688 586 717
1883 4 2 1 1 426 606 158 776
1884 4 2 1 1 523 525 524 737
1885 4 2 1 1 581 711 329 757
1886 4 2 1 1 514 630 530 724
1887 4 2 1 1 530 630 514 755
1888 4 2 1 1 569 641 689 712
1889 4 2 1 1 417 711 581 757
1890 4 2 1 1 590 560 621 710
1891 4 2 1 1 212 686 173 708
1892 4 2 1 1 472 382 634 669
1893 4 2 1 1 530 724 630 755
1894 4 2 1 1 593 646 137 780
1895 4 2 1 1 598 565 625 660
1896 4 2 1 1 683 733 580 777
1897 4 2 1 1 329 647 287 690
1898 4 2 1 1 601 577 677 685
1899 4 2 1 1 175 628 176 678
1900 4 2 1 1 424 503 502 669
1901 4 2 1 1 413 334 412 669
1902 4 2 1 1 225 641 630 689
1903 4 2 1 1 676 705 199 765
1904 4 2 1 1 566 704 615 721
1905 4 2 1 1 417 379 581 699
1906 4 2 1 1 288 647 273 685
1907 4 2 1 1 600 562 650 674
1908 4 2 1 1 660 574 747 775
1909 4 2 1 1 600 616 664 732
1910 4 2 1 1 596 559 740 750
1911 4 2 1 1 277 268 296 785
1912 4 2 1 1 269 649 584 668
1913 4 2 1 1 360 598 361 681
1914 4 2 1 1 368 419 370 752
1915 4 2 1 1 172 605 170 703
1916 4 2 1 1 169 694 213 703
1917 4 2 1 1 651 717 587 769
1918 4 2 1 1 318 604 245 695
1919 4 2 1 1 156 604 229 695
1920 4 2 1 1 116 638 115 680
1921 4 2 1 1 562 603 600 650
1922 4 2 1 1 557 659 582 721
1923 4 2 1 1 235 504 163 610
1924 4 2 1 1 570 648 592 670
1925 4 2 1 1 618 639 751 770
1926 4 2 1 1 615 709 566 721
1927 4 2 1 1 120 646 596 714
1928 4 2 1 1 174 193 666 689
1929 4 2 1 1 638 740 559 750
1930 4 2 1 1 588 660 625 735
1931 4 2 1 1 403 643 746 753
1932 4 2 1 1 568 715 732 782
1933 4 2 1 1 445 600 446 674
1934 4 2 1 1 327 237 147 632
1935 4 2 1 1 570 648 670 739
1936 4 2 1 1 569 717 719 769
1937 4 2 1 1 594 746 643 753
1938 4 2 1 1 560 585 636 745
1939 4 2 1 1 558 640 603 706
1940 4 2 1 1 176 177 178 628
1941 4 2 1 1 557 586 635 717
1942 4 2 1 1 192 218 645 676
1943 4 2 1 1 195 666 193 724
1944 4 2 1 1 346 663 658 718
1945 4 2 1 1 499 716 456 766
1946 4 2 1 1 601 677 577 680
1947 4 2 1 1 720 761 602 772
1948 4 2 1 1 197 240 198 780
1949 4 2 1 1 518 621 308 661
1950 4 2 1 1 333 591 244 741
1951 4 2 1 1 182 184 189 648
1952 4 2 1 1 173 628 176 708
1953 4 2 1 1 576 631 649 739
1954 4 2 1 1 607 675 370 752
1955 4 2 1 1 570 670 684 739
1956 4 2 1 1 185 199 676 705
1957 4 2 1 1 629 567 695 708
1958 4 2 1 1 567 628 587 708
1959 4 2 1 1 377 359 361 625
1960 4 2 1 1 560 621 599 781
1961 4 2 1 1 354 618 352 652
1962 4 2 1 1 624 640 603 743
1963 4 2 1 1 379 417 581 757
1964 4 2 1 1 124 137 121 646
1965 4 2 1 1 390 353 363 697
1966 4 2 1 1 647 740 581 747
1967 4 2 1 1 327 147 141 632
1968 4 2 1 1 591 635 618 658
1969 4 2 1 1 182 183 184 592
1970 4 2 1 1 224 514 551 724
1971 4 2 1 1 395 661 590 761
1972 4 2 1 1 368 370 675 752
1973 4 2 1 1 194 193 689 724
1974 4 2 1 1 124 637 123 744
1975 4 2 1 1 596 559 700 740
1976 4 2 1 1 618 652 591 658
1977 4 2 1 1 558 706 603 735
1978 4 2 1 1 130 131 129 665
1979 4 2 1 1 499 456 669 766
1980 4 2 1 1 350 352 618 658
1981 4 2 1 1 268 692 296 785
1982 4 2 1 1 265 623 266 667
1983 4 2 1 1 377 409 625 634
1984 4 2 1 1 569 657 641 712
1985 4 2 1 1 357 681 359 728
1986 4 2 1 1 158 169 168 606
1987 4 2 1 1 426 435 436 606
1988 4 2 1 1 638 665 581 740
1989 4 2 1 1 290 339 380 626
1990 4 2 1 1 197 198 637 780
1991 4 2 1 1 388 478 425 679
1992 4 2 1 1 391 597 365 741
1993 4 2 1 1 165 630 514 724
1994 4 2 1 1 475 698 702 707
1995 4 2 1 1 567 688 604 717
1996 4 2 1 1 616 701 651 738
1997 4 2 1 1 169 606 158 694
1998 4 2 1 1 426 606 436 694
1999 4 2 1 1 574 692 611 775
2000 4 2 1 1 564 619 605 745
2001 4 2 1 1 176 672 211 708
2002 4 2 1 1 607 722 133 731
2003 4 2 1 1 388 425 335 679
2004 4 2 1 1 175 678 215 693
2005 4 2 1 1 153 195 724 756
2006 4 2 1 1 574 660 588 775
2007 4 2 1 1 573 694 609 738
2008 4 2 1 1 286 285 274 647
2009 4 2 1 1 277 597 303 741
2010 4 2 1 1 183 592 182 725
2011 4 2 1 1 359 681 625 728
2012 4 2 1 1 579 700 598 740
2013 4 2 1 1 184 676 592 705
2014 4 2 1 1 269 668 584 785
2015 4 2 1 1 550 512 537 753
2016 4 2 1 1 184 189 648 676
2017 4 2 1 1 328 239 221 630
2018 4 2 1 1 290 249 339 626
2019 4 2 1 1 151 135 722 731
2020 4 2 1 1 611 692 574 736
2021 4 2 1 1 628 678 587 708
2022 4 2 1 1 164 240 593 780
2023 4 2 1 1 637 714 646 780
2024 4 2 1 1 170 174 206 605
2025 4 2 1 1 496 642 612 704
2026 4 2 1 1 220 164 240 593
2027 4 2 1 1 304 653 591 667
2028 4 2 1 1 426 158 606 694
2029 4 2 1 1 156 604 245 729
2030 4 2 1 1 262 667 586 688
2031 4 2 1 1 561 640 584 706
2032 4 2 1 1 633 568 679 697
2033 4 2 1 1 357 358 681 762
2034 4 2 1 1 591 635 572 723
2035 4 2 1 1 572 663 591 723
2036 4 2 1 1 597 652 588 770
2037 4 2 1 1 499 467 456 716
2038 4 2 1 1 176 628 672 708
2039 4 2 1 1 534 742 621 748
2040 4 2 1 1 272 611 274 736
2041 4 2 1 1 560 720 585 745
2042 4 2 1 1 443 616 440 696
2043 4 2 1 1 574 673 597 762
2044 4 2 1 1 316 275 682 729
2045 4 2 1 1 620 560 710 712
2046 4 2 1 1 486 504 517 610
2047 4 2 1 1 606 615 564 671
2048 4 2 1 1 300 629 323 668
2049 4 2 1 1 581 626 647 747
2050 4 2 1 1 542 644 526 737
2051 4 2 1 1 108 124 123 744
2052 4 2 1 1 151 646 126 733
2053 4 2 1 1 544 595 512 691
2054 4 2 1 1 634 662 565 675
2055 4 2 1 1 475 702 476 707
2056 4 2 1 1 557 717 651 769
2057 4 2 1 1 561 591 653 667
2058 4 2 1 1 501 633 453 664
2059 4 2 1 1 586 667 262 783
2060 4 2 1 1 474 453 502 664
2061 4 2 1 1 250 312 307 632
2062 4 2 1 1 160 218 223 632
2063 4 2 1 1 552 165 239 630
2064 4 2 1 1 475 608 470 702
2065 4 2 1 1 651 659 573 701
2066 4 2 1 1 165 514 224 724
2067 4 2 1 1 350 618 353 697
2068 4 2 1 1 597 673 574 692
2069 4 2 1 1 590 560 710 772
2070 4 2 1 1 559 601 638 680
2071 4 2 1 1 651 701 573 738
2072 4 2 1 1 470 475 465 608
2073 4 2 1 1 566 643 642 687
2074 4 2 1 1 589 575 698 707
2075 4 2 1 1 253 546 328 630
2076 4 2 1 1 579 598 699 740
2077 4 2 1 1 408 370 607 675
2078 4 2 1 1 372 331 371 643
2079 4 2 1 1 597 653 277 785
2080 4 2 1 1 597 588 762 770
2081 4 2 1 1 573 587 678 703
2082 4 2 1 1 673 681 385 762
2083 4 2 1 1 559 598 740 747
2084 4 2 1 1 174 206 605 666
2085 4 2 1 1 359 360 361 681
2086 4 2 1 1 119 596 118 680
2087 4 2 1 1 161 221 225 630
2088 4 2 1 1 309 251 314 630
2089 4 2 1 1 615 704 582 721
2090 4 2 1 1 586 572 723 783
2091 4 2 1 1 576 617 670 743
2092 4 2 1 1 559 740 647 747
2093 4 2 1 1 598 625 565 675
2094 4 2 1 1 353 639 618 770
2095 4 2 1 1 570 592 676 677
2096 4 2 1 1 449 713 456 716
2097 4 2 1 1 201 470 428 749
2098 4 2 1 1 225 161 630 641
2099 4 2 1 1 314 630 251 641
2100 4 2 1 1 174 170 172 605
2101 4 2 1 1 412 633 363 639
2102 4 2 1 1 276 688 318 695
2103 4 2 1 1 175 628 678 693
2104 4 2 1 1 525 737 585 764
2105 4 2 1 1 618 635 583 658
2106 4 2 1 1 385 681 673 773
2107 4 2 1 1 465 608 475 698
2108 4 2 1 1 637 646 593 780
2109 4 2 1 1 596 118 680 750
2110 4 2 1 1 174 686 186 689
2111 4 2 1 1 589 713 449 716
2112 4 2 1 1 594 726 538 730
2113 4 2 1 1 221 309 328 630
2114 4 2 1 1 650 670 617 743
2115 4 2 1 1 578 644 666 745
2116 4 2 1 1 606 671 610 776
2117 4 2 1 1 392 333 393 591
2118 4 2 1 1 499 634 716 766
2119 4 2 1 1 602 655 566 720
2120 4 2 1 1 302 667 591 723
2121 4 2 1 1 357 762 588 770
2122 4 2 1 1 302 304 244 591
2123 4 2 1 1 300 623 265 688
2124 4 2 1 1 307 250 632 645
2125 4 2 1 1 160 218 632 645
2126 4 2 1 1 592 648 182 725
2127 4 2 1 1 433 488 507 593
2128 4 2 1 1 557 651 659 769
2129 4 2 1 1 266 623 653 667
2130 4 2 1 1 665 740 638 750
2131 4 2 1 1 571 588 639 728
2132 4 2 1 1 162 201 428 749
2133 4 2 1 1 593 563 637 705
2134 4 2 1 1 133 722 607 752
2135 4 2 1 1 185 199 184 676
2136 4 2 1 1 268 269 692 785
2137 4 2 1 1 213 155 215 609
2138 4 2 1 1 175 177 628 693
2139 4 2 1 1 584 597 692 785
2140 4 2 1 1 220 593 240 749
2141 4 2 1 1 439 615 441 704
2142 4 2 1 1 176 628 178 672
2143 4 2 1 1 509 731 580 777
2144 4 2 1 1 559 611 684 747
2145 4 2 1 1 268 269 270 692
2146 4 2 1 1 559 611 677 684
2147 4 2 1 1 423 483 484 609
2148 4 2 1 1 603 650 562 743
2149 4 2 1 1 619 659 605 769
2150 4 2 1 1 577 632 601 774
2151 4 2 1 1 240 593 197 749
2152 4 2 1 1 201 470 608 702
2153 4 2 1 1 402 537 331 753
2154 4 2 1 1 446 600 447 707
2155 4 2 1 1 168 606 169 703
2156 4 2 1 1 678 694 573 703
2157 4 2 1 1 215 155 216 609
2158 4 2 1 1 627 656 608 698
2159 4 2 1 1 507 593 488 749
2160 4 2 1 1 565 625 660 735
2161 4 2 1 1 596 740 700 750
2162 4 2 1 1 482 694 436 738
2163 4 2 1 1 440 616 442 738
2164 4 2 1 1 560 599 636 781
2165 4 2 1 1 483 609 423 738
2166 4 2 1 1 228 212 604 686
2167 4 2 1 1 596 577 680 714
2168 4 2 1 1 456 713 669 766
2169 4 2 1 1 317 604 301 682
2170 4 2 1 1 213 678 171 703
2171 4 2 1 1 578 666 644 724
2172 4 2 1 1 318 301 317 604
2173 4 2 1 1 591 667 635 723
2174 4 2 1 1 212 229 228 604
2175 4 2 1 1 242 599 282 710
2176 4 2 1 1 620 710 657 712
2177 4 2 1 1 161 203 251 641
2178 4 2 1 1 307 289 281 685
2179 4 2 1 1 483 423 482 738
2180 4 2 1 1 473 615 437 671
2181 4 2 1 1 616 674 562 732
2182 4 2 1 1 603 640 650 743
2183 4 2 1 1 275 263 657 682
2184 4 2 1 1 406 642 364 687
2185 4 2 1 1 598 675 565 700
2186 4 2 1 1 289 325 241 601
2187 4 2 1 1 571 639 633 728
2188 4 2 1 1 537 512 331 753
2189 4 2 1 1 283 282 599 657
2190 4 2 1 1 583 635 618 715
2191 4 2 1 1 539 538 726 730
2192 4 2 1 1 579 675 598 700
2193 4 2 1 1 274 272 273 611
2194 4 2 1 1 210 725 702 784
2195 4 2 1 1 371 643 595 761
2196 4 2 1 1 379 581 699 757
2197 4 2 1 1 593 637 563 646
2198 4 2 1 1 169 606 694 703
2199 4 2 1 1 354 353 618 770
2200 4 2 1 1 419 665 330 752
2201 4 2 1 1 583 655 602 754
2202 4 2 1 1 203 292 251 641
2203 4 2 1 1 456 716 713 766
2204 4 2 1 1 546 514 552 630
2205 4 2 1 1 560 742 621 781
2206 4 2 1 1 507 469 593 749
2207 4 2 1 1 619 720 560 745
2208 4 2 1 1 475 698 608 702
2209 4 2 1 1 391 394 303 741
2210 4 2 1 1 602 655 572 754
2211 4 2 1 1 206 217 168 666
2212 4 2 1 1 197 637 198 705
2213 4 2 1 1 470 608 465 749
2214 4 2 1 1 135 133 722 731
2215 4 2 1 1 305 303 394 741
2216 4 2 1 1 183 592 725 784
2217 4 2 1 1 196 608 201 749
2218 4 2 1 1 552 514 165 630
2219 4 2 1 1 352 354 353 618
2220 4 2 1 1 664 713 600 767
2221 4 2 1 1 514 630 533 755
2222 4 2 1 1 542 737 531 760
2223 4 2 1 1 331 373 371 595
2224 4 2 1 1 473 437 435 671
2225 4 2 1 1 304 302 264 667
2226 4 2 1 1 499 669 634 766
2227 4 2 1 1 312 237 327 632
2228 4 2 1 1 611 570 677 684
2229 4 2 1 1 603 624 562 732
2230 4 2 1 1 594 493 654 746
2231 4 2 1 1 212 229 604 708
2232 4 2 1 1 463 614 461 671
2233 4 2 1 1 364 387 406 687
2234 4 2 1 1 560 599 621 710
2235 4 2 1 1 731 771 580 777
2236 4 2 1 1 498 662 607 731
2237 4 2 1 1 569 586 682 719
2238 4 2 1 1 568 639 618 697
2239 4 2 1 1 613 677 563 765
2240 4 2 1 1 447 446 445 600
2241 4 2 1 1 615 659 709 721
2242 4 2 1 1 362 361 360 598
2243 4 2 1 1 351 643 602 687
2244 4 2 1 1 318 276 301 688
2245 4 2 1 1 442 616 444 674
2246 4 2 1 1 153 195 193 724
2247 4 2 1 1 374 368 362 699
2248 4 2 1 1 212 604 686 708
2249 4 2 1 1 429 338 381 642
2250 4 2 1 1 501 664 453 696
2251 4 2 1 1 568 664 633 679
2252 4 2 1 1 501 453 480 696
2253 4 2 1 1 116 680 118 750
2254 4 2 1 1 442 616 674 738
2255 4 2 1 1 587 567 708 717
2256 4 2 1 1 664 679 568 696
2257 4 2 1 1 530 514 533 755
2258 4 2 1 1 676 677 592 765
2259 4 2 1 1 595 720 585 742
2260 4 2 1 1 395 748 661 761
2261 4 2 1 1 580 646 596 722
2262 4 2 1 1 362 598 360 773
2263 4 2 1 1 429 381 471 642
2264 4 2 1 1 390 363 411 697
2265 4 2 1 1 393 591 333 741
2266 4 2 1 1 569 619 605 769
2267 4 2 1 1 445 446 444 674
2268 4 2 1 1 576 649 631 668
2269 4 2 1 1 641 657 569 682
2270 4 2 1 1 438 701 440 738
2271 4 2 1 1 462 594 493 654
2272 4 2 1 1 530 528 724 755
2273 4 2 1 1 304 244 591 741
2274 4 2 1 1 288 601 647 685
2275 4 2 1 1 595 691 544 742
2276 4 2 1 1 297 318 245 695
2277 4 2 1 1 208 156 229 695
2278 4 2 1 1 585 691 595 742
2279 4 2 1 1 493 594 462 726
2280 4 2 1 1 354 618 652 770
2281 4 2 1 1 457 654 493 746
2282 4 2 1 1 235 219 543 610
2283 4 2 1 1 564 615 659 709
2284 4 2 1 1 710 727 590 772
2285 4 2 1 1 611 677 570 685
2286 4 2 1 1 567 640 623 734
2287 4 2 1 1 220 488 593 749
2288 4 2 1 1 613 660 558 735
2289 4 2 1 1 584 640 623 668
2290 4 2 1 1 323 321 279 668
2291 4 2 1 1 513 724 644 756
2292 4 2 1 1 227 686 186 729
2293 4 2 1 1 557 635 624 717
2294 4 2 1 1 212 172 173 686
2295 4 2 1 1 289 601 288 685
2296 4 2 1 1 660 706 558 735
2297 4 2 1 1 286 287 329 647
2298 4 2 1 1 587 708 604 717
2299 4 2 1 1 600 664 616 674
2300 4 2 1 1 443 664 616 696
2301 4 2 1 1 439 437 615 701
2302 4 2 1 1 527 525 523 764
2303 4 2 1 1 498 460 662 731
2304 4 2 1 1 120 596 119 714
2305 4 2 1 1 442 674 483 738
2306 4 2 1 1 620 727 710 772
2307 4 2 1 1 228 229 156 604
2308 4 2 1 1 453 633 502 664
2309 4 2 1 1 318 317 245 604
2310 4 2 1 1 605 686 569 769
2311 4 2 1 1 403 643 367 746
2312 4 2 1 1 201 702 608 784
2313 4 2 1 1 662 771 731 777
2314 4 2 1 1 107 330 665 752
2315 4 2 1 1 462 594 654 730
2316 4 2 1 1 412 363 384 639
2317 4 2 1 1 477 612 500 696
2318 4 2 1 1 264 265 266 667
2319 4 2 1 1 209 233 154 768
2320 4 2 1 1 288 274 273 647
2321 4 2 1 1 561 635 667 734
2322 4 2 1 1 523 544 527 691
2323 4 2 1 1 293 320 631 759
2324 4 2 1 1 561 653 623 667
2325 4 2 1 1 460 662 731 777
2326 4 2 1 1 280 314 641 657
2327 4 2 1 1 572 635 591 658
2328 4 2 1 1 560 712 620 719
2329 4 2 1 1 576 668 640 739
2330 4 2 1 1 194 191 225 689
2331 4 2 1 1 617 725 179 778
2332 4 2 1 1 389 633 479 679
2333 4 2 1 1 640 668 584 739
2334 4 2 1 1 175 177 176 628
2335 4 2 1 1 120 118 596 722
2336 4 2 1 1 635 624 717 734
2337 4 2 1 1 231 204 154 631
2338 4 2 1 1 561 667 623 734
2339 4 2 1 1 404 331 512 748
2340 4 2 1 1 243 293 320 631
2341 4 2 1 1 237 166 147 632
2342 4 2 1 1 228 604 156 729
2343 4 2 1 1 160 250 293 645
2344 4 2 1 1 204 160 293 645
2345 4 2 1 1 245 604 317 729
2346 4 2 1 1 347 351 383 602
2347 4 2 1 1 312 223 237 632
2348 4 2 1 1 604 682 586 688
2349 4 2 1 1 592 656 608 705
2350 4 2 1 1 169 213 171 703
2351 4 2 1 1 500 612 425 679
2352 4 2 1 1 599 710 560 712
2353 4 2 1 1 407 377 369 675
2354 4 2 1 1 588 660 574 681
2355 4 2 1 1 622 702 575 707
2356 4 2 1 1 357 356 762 770
2357 4 2 1 1 507 593 469 683
2358 4 2 1 1 211 234 232 629
2359 4 2 1 1 109 632 166 744
2360 4 2 1 1 445 447 600 713
2361 4 2 1 1 561 623 640 734
2362 4 2 1 1 465 452 469 683
2363 4 2 1 1 353 350 352 618
2364 4 2 1 1 257 256 306 590
2365 4 2 1 1 395 344 345 590
2366 4 2 1 1 174 172 186 686
2367 4 2 1 1 562 674 609 693
2368 4 2 1 1 322 323 300 629
2369 4 2 1 1 535 512 544 595
2370 4 2 1 1 608 656 563 705
2371 4 2 1 1 564 666 644 745
2372 4 2 1 1 420 509 731 733
2373 4 2 1 1 262 265 667 688
2374 4 2 1 1 562 622 674 693
2375 4 2 1 1 120 118 119 596
2376 4 2 1 1 231 204 631 763
2377 4 2 1 1 660 706 588 775
2378 4 2 1 1 619 709 720 745
2379 4 2 1 1 436 701 438 738
2380 4 2 1 1 626 673 290 736
2381 4 2 1 1 582 659 615 721
2382 4 2 1 1 560 636 742 781
2383 4 2 1 1 207 181 179 725
2384 4 2 1 1 461 654 614 730
2385 4 2 1 1 442 444 483 674
2386 4 2 1 1 434 158 167 776
2387 4 2 1 1 623 667 265 688
2388 4 2 1 1 267 265 300 623
2389 4 2 1 1 180 179 725 778
2390 4 2 1 1 346 658 348 718
2391 4 2 1 1 145 722 133 752
2392 4 2 1 1 563 596 646 714
2393 4 2 1 1 391 386 365 597
2394 4 2 1 1 575 656 592 670
2395 4 2 1 1 641 682 569 729
2396 4 2 1 1 152 744 637 780
2397 4 2 1 1 534 535 742 748
2398 4 2 1 1 178 672 617 778
2399 4 2 1 1 262 261 682 783
2400 4 2 1 1 335 612 410 679
2401 4 2 1 1 296 303 277 597
2402 4 2 1 1 579 699 665 740
2403 4 2 1 1 254 327 141 632
2404 4 2 1 1 586 717 557 719
2405 4 2 1 1 564 659 619 709
2406 4 2 1 1 586 635 717 734
2407 4 2 1 1 428 470 465 749
2408 4 2 1 1 437 441 439 615
2409 4 2 1 1 168 158 606 776
2410 4 2 1 1 285 626 290 736
2411 4 2 1 1 426 435 606 776
2412 4 2 1 1 196 201 162 749
2413 4 2 1 1 426 158 434 776
2414 4 2 1 1 585 566 709 720
2415 4 2 1 1 626 736 647 747
2416 4 2 1 1 565 735 589 766
2417 4 2 1 1 560 636 599 712
2418 4 2 1 1 383 347 602 718
2419 4 2 1 1 566 615 654 709
2420 4 2 1 1 108 744 152 780
2421 4 2 1 1 442 443 444 616
2422 4 2 1 1 596 646 580 779
2423 4 2 1 1 196 201 608 784
2424 4 2 1 1 489 607 134 731
2425 4 2 1 1 624 567 640 743
2426 4 2 1 1 538 594 730 764
2427 4 2 1 1 567 624 640 734
2428 4 2 1 1 306 621 284 710
2429 4 2 1 1 575 592 656 784
2430 4 2 1 1 600 603 732 767
2431 4 2 1 1 604 708 567 717
2432 4 2 1 1 409 366 377 625
2433 4 2 1 1 185 637 199 705
2434 4 2 1 1 530 532 528 755
2435 4 2 1 1 565 777 627 779
2436 4 2 1 1 116 638 680 750
2437 4 2 1 1 295 710 620 727
2438 4 2 1 1 259 295 620 727
2439 4 2 1 1 115 680 601 774
2440 4 2 1 1 587 686 605 769
2441 4 2 1 1 611 647 736 747
2442 4 2 1 1 571 669 625 728
2443 4 2 1 1 572 620 719 772
2444 4 2 1 1 662 675 607 771
2445 4 2 1 1 109 632 744 774
2446 4 2 1 1 512 595 535 748
2447 4 2 1 1 639 751 603 767
2448 4 2 1 1 159 629 248 695
2449 4 2 1 1 373 595 331 748
2450 4 2 1 1 452 683 627 777
2451 4 2 1 1 189 648 676 763
2452 4 2 1 1 178 617 179 778
2453 4 2 1 1 194 630 165 724
2454 4 2 1 1 600 446 674 707
2455 4 2 1 1 615 701 582 704
2456 4 2 1 1 458 683 452 777
2457 4 2 1 1 372 643 403 753
2458 4 2 1 1 573 701 694 738
2459 4 2 1 1 611 559 647 747
2460 4 2 1 1 126 151 120 646
2461 4 2 1 1 373 371 595 761
2462 4 2 1 1 655 720 709 721
2463 4 2 1 1 145 139 722 750
2464 4 2 1 1 567 604 688 695
2465 4 2 1 1 298 323 248 629
2466 4 2 1 1 620 712 657 719
2467 4 2 1 1 234 209 159 629
2468 4 2 1 1 269 267 668 785
2469 4 2 1 1 574 681 673 762
2470 4 2 1 1 119 118 116 680
2471 4 2 1 1 569 641 686 689
2472 4 2 1 1 609 674 622 693
2473 4 2 1 1 134 112 133 607
2474 4 2 1 1 561 652 597 653
2475 4 2 1 1 203 292 641 729
2476 4 2 1 1 579 752 675 771
2477 4 2 1 1 588 728 357 770
2478 4 2 1 1 301 262 261 682
2479 4 2 1 1 308 621 306 661
2480 4 2 1 1 561 623 653 785
2481 4 2 1 1 561 640 624 734
2482 4 2 1 1 483 674 609 738
2483 4 2 1 1 200 192 199 676
2484 4 2 1 1 619 655 560 720
2485 4 2 1 1 581 647 638 740
2486 4 2 1 1 614 730 594 764
2487 4 2 1 1 120 121 646 714
2488 4 2 1 1 599 636 578 712
2489 4 2 1 1 560 719 620 772
2490 4 2 1 1 574 588 681 762
2491 4 2 1 1 545 511 520 758
2492 4 2 1 1 147 166 109 632
2493 4 2 1 1 217 666 610 776
2494 4 2 1 1 475 448 698 707
2495 4 2 1 1 597 652 365 741
2496 4 2 1 1 112 607 399 752
2497 4 2 1 1 277 653 597 741
2498 4 2 1 1 261 263 275 682
2499 4 2 1 1 493 462 432 726
2500 4 2 1 1 201 210 702 784
2501 4 2 1 1 594 654 614 764
2502 4 2 1 1 636 737 644 745
2503 4 2 1 1 545 313 242 758
2504 4 2 1 1 658 663 572 718
2505 4 2 1 1 569 657 712 719
2506 4 2 1 1 563 646 596 779
2507 4 2 1 1 649 684 611 775
2508 4 2 1 1 544 512 550 691
2509 4 2 1 1 571 625 669 766
2510 4 2 1 1 507 488 469 749
2511 4 2 1 1 455 481 484 622
2512 4 2 1 1 322 688 276 695
2513 4 2 1 1 290 626 380 673
2514 4 2 1 1 410 612 387 697
2515 4 2 1 1 513 528 644 724
2516 4 2 1 1 317 604 682 729
2517 4 2 1 1 176 211 187 708
2518 4 2 1 1 317 682 275 729
2519 4 2 1 1 607 731 662 771
2520 4 2 1 1 478 388 479 679
2521 4 2 1 1 188 216 214 622
2522 4 2 1 1 513 153 724 756
2523 4 2 1 1 575 656 608 784
2524 4 2 1 1 569 686 641 729
2525 4 2 1 1 389 479 388 679
2526 4 2 1 1 560 720 595 742
2527 4 2 1 1 186 686 228 729
2528 4 2 1 1 220 240 197 749
2529 4 2 1 1 133 607 112 752
2530 4 2 1 1 600 732 664 767
2531 4 2 1 1 295 263 259 620
2532 4 2 1 1 566 654 615 704
2533 4 2 1 1 217 610 666 756
2534 4 2 1 1 572 719 655 772
2535 4 2 1 1 565 771 777 779
2536 4 2 1 1 438 440 442 738
2537 4 2 1 1 517 610 542 760
2538 4 2 1 1 560 655 619 719
2539 4 2 1 1 469 683 593 749
2540 4 2 1 1 185 198 637 705
2541 4 2 1 1 559 638 601 647
2542 4 2 1 1 609 674 616 738
2543 4 2 1 1 623 668 267 785
2544 4 2 1 1 496 500 477 612
2545 4 2 1 1 543 542 517 610
2546 4 2 1 1 213 215 175 678
2547 4 2 1 1 348 718 658 754
2548 4 2 1 1 614 654 594 730
2549 4 2 1 1 111 137 138 593
2550 4 2 1 1 567 672 628 708
2551 4 2 1 1 604 228 686 729
2552 4 2 1 1 634 669 625 766
2553 4 2 1 1 227 186 228 729
2554 4 2 1 1 538 726 594 753
2555 4 2 1 1 283 280 282 657
2556 4 2 1 1 316 317 275 729
2557 4 2 1 1 502 479 424 633
2558 4 2 1 1 389 412 334 633
2559 4 2 1 1 636 644 578 745
2560 4 2 1 1 559 638 647 740
2561 4 2 1 1 546 533 514 630
2562 4 2 1 1 105 420 731 733
2563 4 2 1 1 561 591 652 653
2564 4 2 1 1 599 657 710 712
2565 4 2 1 1 263 620 295 710
2566 4 2 1 1 627 565 716 777
2567 4 2 1 1 570 649 611 759
2568 4 2 1 1 625 681 588 728
2569 4 2 1 1 475 476 448 707
2570 4 2 1 1 147 109 141 632
2571 4 2 1 1 383 718 602 761
2572 4 2 1 1 380 673 626 773
2573 4 2 1 1 182 725 648 778
2574 4 2 1 1 565 625 735 766
2575 4 2 1 1 621 661 534 748
2576 4 2 1 1 576 670 648 739
2577 4 2 1 1 673 681 574 773
2578 4 2 1 1 365 597 386 762
2579 4 2 1 1 545 242 511 758
2580 4 2 1 1 558 660 613 684
2581 4 2 1 1 675 752 607 771
2582 4 2 1 1 619 655 709 721
2583 4 2 1 1 482 436 438 738
2584 4 2 1 1 467 449 456 716
2585 4 2 1 1 563 646 637 714
2586 4 2 1 1 356 365 762 770
2587 4 2 1 1 351 602 347 754
2588 4 2 1 1 608 656 592 784
2589 4 2 1 1 304 264 653 667
2590 4 2 1 1 180 725 182 778
2591 4 2 1 1 322 300 276 688
2592 4 2 1 1 229 695 604 708
2593 4 2 1 1 496 454 642 704
2594 4 2 1 1 232 629 159 695
2595 4 2 1 1 211 232 187 708
2596 4 2 1 1 442 440 443 616
2597 4 2 1 1 210 181 207 725
2598 4 2 1 1 307 281 645 685
2599 4 2 1 1 205 648 631 768
2600 4 2 1 1 222 142 108 780
2601 4 2 1 1 649 739 684 775
2602 4 2 1 1 196 705 608 749
2603 4 2 1 1 294 649 269 668
2604 4 2 1 1 248 629 322 695
2605 4 2 1 1 558 640 706 739
2606 4 2 1 1 294 649 631 759
2607 4 2 1 1 615 654 441 704
2608 4 2 1 1 367 643 351 687
2609 4 2 1 1 393 652 591 741
2610 4 2 1 1 181 180 179 725
2611 4 2 1 1 129 114 638 690
2612 4 2 1 1 610 644 564 666
2613 4 2 1 1 211 234 629 672
2614 4 2 1 1 366 669 413 728
2615 4 2 1 1 526 644 524 737
2616 4 2 1 1 591 653 304 741
2617 4 2 1 1 631 648 205 763
2618 4 2 1 1 535 595 544 742
2619 4 2 1 1 560 619 712 719
2620 4 2 1 1 625 660 588 681
2621 4 2 1 1 709 720 566 721
2622 4 2 1 1 560 655 719 772
2623 4 2 1 1 655 566 720 721
2624 4 2 1 1 123 744 714 774
2625 4 2 1 1 578 636 599 755
2626 4 2 1 1 489 498 607 731
2627 4 2 1 1 619 709 655 720
2628 4 2 1 1 282 599 657 710
2629 4 2 1 1 592 648 570 676
2630 4 2 1 1 429 338 642 746
2631 4 2 1 1 382 409 337 634
2632 4 2 1 1 427 499 472 634
2633 4 2 1 1 580 700 596 779
2634 4 2 1 1 473 441 437 615
2635 4 2 1 1 533 630 546 758
2636 4 2 1 1 308 284 306 621
2637 4 2 1 1 174 193 206 666
2638 4 2 1 1 355 639 353 770
2639 4 2 1 1 461 462 654 730
2640 4 2 1 1 360 598 681 773
2641 4 2 1 1 232 234 159 629
2642 4 2 1 1 538 730 540 764
2643 4 2 1 1 481 455 476 622
2644 4 2 1 1 288 647 601 690
2645 4 2 1 1 596 700 580 722
2646 4 2 1 1 538 691 594 764
2647 4 2 1 1 602 687 583 754
2648 4 2 1 1 501 502 453 633
2649 4 2 1 1 411 363 412 633
2650 4 2 1 1 592 705 608 784
2651 4 2 1 1 611 649 570 684
2652 4 2 1 1 467 634 497 716
2653 4 2 1 1 207 188 214 622
2654 4 2 1 1 248 323 322 629
2655 4 2 1 1 284 308 315 621
2656 4 2 1 1 517 486 610 760
2657 4 2 1 1 290 673 299 736
2658 4 2 1 1 406 405 364 642
2659 4 2 1 1 496 454 495 642
2660 4 2 1 1 260 262 667 783
2661 4 2 1 1 581 699 626 747
2662 4 2 1 1 576 649 668 739
2663 4 2 1 1 409 634 382 669
2664 4 2 1 1 472 634 499 669
2665 4 2 1 1 199 185 198 637
2666 4 2 1 1 391 365 394 741
2667 4 2 1 1 379 699 626 757
2668 4 2 1 1 499 634 467 716
2669 4 2 1 1 350 348 658 754
2670 4 2 1 1 262 265 264 667
2671 4 2 1 1 233 631 154 768
2672 4 2 1 1 395 590 345 761
2673 4 2 1 1 234 209 629 768
2674 4 2 1 1 273 272 271 611
2675 4 2 1 1 468 155 52 202
2676 4 2 1 1 378 76 244 291
2677 4 2 1 1 281 289 288 685
2678 4 2 1 1 242 282 284 710
2679 4 2 1 1 51 216 423 484
2680 4 2 1 1 472 60 427 337
2681 4 2 1 1 518 534 519 621
2682 4 2 1 1 519 621 534 742
2683 4 2 1 1 300 323 279 668
2684 4 2 1 1 163 219 235 610
2685 4 2 1 1 486 431 504 610
2686 4 2 1 1 423 155 52 468
2687 4 2 1 1 244 333 76 378
2688 4 2 1 1 337 472 60 382
2689 4 2 1 1 51 216 155 423
2690 4 2 1 1 455 476 622 707
2691 4 2 1 1 503 669 456 713
2692 4 2 1 1 214 50 481 484
2693 4 2 1 1 621 742 595 748
2694 4 2 1 1 457 462 493 654
2695 4 2 1 1 538 594 691 753
2696 4 2 1 1 74 391 394 303
2697 4 2 1 1 430 489 498 607
2698 4 2 1 1 570 611 685 759
2699 4 2 1 1 642 654 566 704
2700 4 2 1 1 50 214 216 484
2701 4 2 1 1 277 303 305 741
2702 4 2 1 1 512 549 404 748
2703 4 2 1 1 74 394 305 303
2704 4 2 1 1 386 673 385 762
2705 4 2 1 1 266 653 264 667
2706 4 2 1 1 567 628 672 743
2707 4 2 1 1 364 642 405 687
2708 4 2 1 1 286 285 626 757
2709 4 2 1 1 539 540 538 730
2710 4 2 1 1 54 158 167 434
2711 4 2 1 1 247 256 344 78
2712 4 2 1 1 620 710 560 772
2713 4 2 1 1 375 380 626 773
2714 4 2 1 1 634 662 497 716
2715 4 2 1 1 285 290 299 736
2716 4 2 1 1 481 157 49 214
2717 4 2 1 1 303 73 391 246
2718 4 2 1 1 422 157 49 481
2719 4 2 1 1 375 626 379 699
2720 4 2 1 1 249 339 626 757
2721 4 2 1 1 332 391 73 246
2722 4 2 1 1 279 267 300 668
2723 4 2 1 1 283 599 242 758
2724 4 2 1 1 408 369 370 675
2725 4 2 1 1 263 657 620 710
2726 4 2 1 1 320 294 631 759
2727 4 2 1 1 542 526 531 737
2728 4 2 1 1 158 54 426 434
2729 4 2 1 1 336 247 344 78
2730 4 2 1 1 575 656 589 698
2731 4 2 1 1 375 379 626 757
2732 4 2 1 1 581 740 699 747
2733 4 2 1 1 123 714 127 774
2734 4 2 1 1 421 494 510 760
2735 4 2 1 1 231 631 205 763
2736 4 2 1 1 569 686 605 689
2737 4 2 1 1 646 683 580 779
2738 4 2 1 1 561 635 624 751
2739 4 2 1 1 196 210 201 784
2740 4 2 1 1 513 644 529 756
2741 4 2 1 1 580 731 722 771
2742 4 2 1 1 513 226 153 756
2743 4 2 1 1 479 633 501 679
2744 4 2 1 1 389 411 633 679
2745 4 2 1 1 364 405 367 687
2746 4 2 1 1 392 348 346 658
2747 4 2 1 1 118 596 722 750
2748 4 2 1 1 417 665 374 699
2749 4 2 1 1 334 382 472 669
2750 4 2 1 1 424 334 472 669
2751 4 2 1 1 612 679 500 696
2752 4 2 1 1 357 358 359 681
2753 4 2 1 1 565 589 716 766
2754 4 2 1 1 565 634 625 766
2755 4 2 1 1 528 524 526 644
2756 4 2 1 1 127 714 680 774
2757 4 2 1 1 559 677 613 684
2758 4 2 1 1 575 670 592 725
2759 4 2 1 1 299 673 296 692
2760 4 2 1 1 133 134 607 731
2761 4 2 1 1 362 699 598 773
2762 4 2 1 1 576 668 631 768
2763 4 2 1 1 388 335 410 679
2764 4 2 1 1 500 425 478 679
2765 4 2 1 1 421 510 614 760
2766 4 2 1 1 225 191 641 689
2767 4 2 1 1 563 714 637 765
2768 4 2 1 1 425 388 64 478
2769 4 2 1 1 463 614 671 760
2770 4 2 1 1 563 593 646 683
2771 4 2 1 1 557 624 651 717
2772 4 2 1 1 596 680 638 750
2773 4 2 1 1 61 472 334 382
2774 4 2 1 1 424 61 472 334
2775 4 2 1 1 557 624 635 715
2776 4 2 1 1 495 642 454 704
2777 4 2 1 1 461 614 421 730
2778 4 2 1 1 463 461 473 671
2779 4 2 1 1 316 280 641 657
2780 4 2 1 1 568 618 639 751
2781 4 2 1 1 455 622 674 707
2782 4 2 1 1 388 425 64 335
2783 4 2 1 1 209 38 248 298
2784 4 2 1 1 297 245 40 208
2785 4 2 1 1 403 746 726 753
2786 4 2 1 1 159 38 248 209
2787 4 2 1 1 410 406 387 612
2788 4 2 1 1 443 440 480 696
2789 4 2 1 1 245 156 40 208
2790 4 2 1 1 478 388 63 479
2791 4 2 1 1 628 617 672 743
2792 4 2 1 1 194 165 224 724
2793 4 2 1 1 197 705 196 749
2794 4 2 1 1 590 718 345 761
2795 4 2 1 1 390 350 353 697
2796 4 2 1 1 334 424 62 479
2797 4 2 1 1 389 334 62 479
2798 4 2 1 1 585 594 691 764
2799 4 2 1 1 388 389 63 479
2800 4 2 1 1 191 194 193 689
2801 4 2 1 1 39 159 248 695
2802 4 2 1 1 604 569 682 729
2803 4 2 1 1 425 471 65 335
2804 4 2 1 1 335 471 65 381
2805 4 2 1 1 242 283 282 599
2806 4 2 1 1 264 260 262 667
2807 4 2 1 1 163 610 431 776
2808 4 2 1 1 522 534 535 742
2809 4 2 1 1 624 635 561 734
2810 4 2 1 1 575 702 698 707
2811 4 2 1 1 715 721 582 782
2812 4 2 1 1 39 248 297 695
2813 4 2 1 1 159 39 208 695
2814 4 2 1 1 638 647 581 690
2815 4 2 1 1 380 290 71 339
2816 4 2 1 1 47 428 201 470
2817 4 2 1 1 417 397 711 757
2818 4 2 1 1 616 664 568 696
2819 4 2 1 1 570 684 649 739
2820 4 2 1 1 452 450 451 627
2821 4 2 1 1 346 378 392 663
2822 4 2 1 1 229 187 695 708
2823 4 2 1 1 523 636 521 742
2824 4 2 1 1 297 208 39 695
2825 4 2 1 1 168 167 158 776
2826 4 2 1 1 426 434 435 776
2827 4 2 1 1 265 267 266 623
2828 4 2 1 1 585 737 636 745
2829 4 2 1 1 541 510 494 760
2830 4 2 1 1 602 643 566 687
2831 4 2 1 1 298 209 37 243
2832 4 2 1 1 435 671 606 776
2833 4 2 1 1 249 626 285 757
2834 4 2 1 1 620 682 586 719
2835 4 2 1 1 375 626 339 757
2836 4 2 1 1 569 604 686 729
2837 4 2 1 1 604 695 567 708
2838 4 2 1 1 124 714 637 780
2839 4 2 1 1 161 42 251 203
2840 4 2 1 1 290 71 339 249
2841 4 2 1 1 47 428 162 201
2842 4 2 1 1 138 593 137 780
2843 4 2 1 1 358 357 356 762
2844 4 2 1 1 105 135 151 731
2845 4 2 1 1 585 595 691 720
2846 4 2 1 1 561 618 635 751
2847 4 2 1 1 279 321 294 668
2848 4 2 1 1 205 631 233 768
2849 4 2 1 1 566 643 602 720
2850 4 2 1 1 243 209 37 154
2851 4 2 1 1 499 497 467 634
2852 4 2 1 1 377 407 409 634
2853 4 2 1 1 337 466 59 427
2854 4 2 1 1 513 528 529 644
2855 4 2 1 1 755 758 520 781
2856 4 2 1 1 585 720 709 745
2857 4 2 1 1 535 595 742 748
2858 4 2 1 1 543 542 610 756
2859 4 2 1 1 410 679 612 697
2860 4 2 1 1 171 172 170 703
2861 4 2 1 1 529 644 542 756
2862 4 2 1 1 351 687 602 754
2863 4 2 1 1 466 337 59 376
2864 4 2 1 1 385 673 380 773
2865 4 2 1 1 338 66 429 381
2866 4 2 1 1 203 42 251 292
2867 4 2 1 1 602 572 718 754
2868 4 2 1 1 403 367 405 746
2869 4 2 1 1 457 493 495 746
2870 4 2 1 1 524 532 521 636
2871 4 2 1 1 222 108 152 780
2872 4 2 1 1 122 135 133 722
2873 4 2 1 1 596 680 119 714
2874 4 2 1 1 451 452 627 777
2875 4 2 1 1 363 353 355 639
2876 4 2 1 1 253 546 630 758
2877 4 2 1 1 493 594 726 746
2878 4 2 1 1 592 575 725 784
2879 4 2 1 1 266 304 264 653
2880 4 2 1 1 229 187 232 695
2881 4 2 1 1 471 429 66 381
2882 4 2 1 1 294 269 279 668
2883 4 2 1 1 543 610 219 756
2884 4 2 1 1 205 231 233 631
2885 4 2 1 1 354 352 393 652
2886 4 2 1 1 322 276 318 695
2887 4 2 1 1 175 215 177 693
2888 4 2 1 1 499 456 503 669
2889 4 2 1 1 413 366 409 669
2890 4 2 1 1 349 387 364 687
2891 4 2 1 1 521 636 532 781
2892 4 2 1 1 521 523 524 636
2893 4 2 1 1 563 683 646 779
2894 4 2 1 1 557 651 624 715
2895 4 2 1 1 221 239 165 630
2896 4 2 1 1 328 309 253 630
2897 4 2 1 1 618 697 583 715
2898 4 2 1 1 714 744 577 774
2899 4 2 1 1 232 695 187 708
2900 4 2 1 1 568 697 618 715
2901 4 2 1 1 571 600 713 767
2902 4 2 1 1 441 654 457 704
2903 4 2 1 1 366 359 625 728
2904 4 2 1 1 152 637 198 780
2905 4 2 1 1 519 534 522 742
2906 4 2 1 1 294 321 320 631
2907 4 2 1 1 425 500 496 612
2908 4 2 1 1 109 744 125 774
2909 4 2 1 1 263 259 620 783
2910 4 2 1 1 557 655 619 721
2911 4 2 1 1 477 454 496 704
2912 4 2 1 1 579 700 740 750
2913 4 2 1 1 722 731 607 771
2914 4 2 1 1 191 227 641 689
2915 4 2 1 1 451 458 452 777
2916 4 2 1 1 575 617 650 670
2917 4 2 1 1 105 420 491 731
2918 4 2 1 1 509 491 420 731
2919 4 2 1 1 448 446 447 707
2920 4 2 1 1 266 653 623 785
2921 4 2 1 1 266 623 267 785
2922 4 2 1 1 568 664 616 732
2923 4 2 1 1 557 619 659 721
2924 4 2 1 1 529 526 542 644
2925 4 2 1 1 587 686 604 708
2926 4 2 1 1 621 742 519 781
2927 4 2 1 1 722 752 579 771
2928 4 2 1 1 572 655 602 772
2929 4 2 1 1 126 646 137 733
2930 4 2 1 1 116 117 638 750
2931 4 2 1 1 439 454 477 704
2932 4 2 1 1 702 725 575 784
2933 4 2 1 1 109 128 141 632
2934 4 2 1 1 636 755 532 781
2935 4 2 1 1 256 344 79 340
2936 4 2 1 1 619 709 659 721
2937 4 2 1 1 620 727 572 783
2938 4 2 1 1 445 453 474 664
2939 4 2 1 1 316 275 280 657
2940 4 2 1 1 629 672 234 768
2941 4 2 1 1 580 777 771 779
2942 4 2 1 1 340 79 256 252
2943 4 2 1 1 347 602 718 754
2944 4 2 1 1 548 539 492 730
2945 4 2 1 1 445 474 447 713
2946 4 2 1 1 226 513 547 756
2947 4 2 1 1 286 249 285 757
2948 4 2 1 1 455 674 446 707
2949 4 2 1 1 568 639 633 767
2950 4 2 1 1 199 637 152 744
2951 4 2 1 1 615 659 582 701
2952 4 2 1 1 166 632 200 744
2953 4 2 1 1 241 288 601 690
2954 4 2 1 1 599 758 755 781
2955 4 2 1 1 589 713 716 766
2956 4 2 1 1 551 514 530 724
2957 4 2 1 1 577 714 637 744
2958 4 2 1 1 119 680 127 714
2959 4 2 1 1 143 105 491 731
2960 4 2 1 1 457 495 454 704
2961 4 2 1 1 350 348 352 658
2962 4 2 1 1 411 412 389 633
2963 4 2 1 1 502 501 479 633
2964 4 2 1 1 535 544 522 742
2965 4 2 1 1 158 426 53 694
2966 4 2 1 1 204 243 36 154
2967 4 2 1 1 571 633 639 767
2968 4 2 1 1 608 656 575 698
2969 4 2 1 1 627 683 580 777
2970 4 2 1 1 574 660 598 681
2971 4 2 1 1 531 737 614 760
2972 4 2 1 1 380 339 375 626
2973 4 2 1 1 375 339 379 757
2974 4 2 1 1 251 221 43 161
2975 4 2 1 1 309 221 43 251
2976 4 2 1 1 225 191 227 641
2977 4 2 1 1 316 280 314 641
2978 4 2 1 1 290 285 249 626
2979 4 2 1 1 558 684 670 739
2980 4 2 1 1 145 122 133 722
2981 4 2 1 1 299 246 296 673
2982 4 2 1 1 586 723 667 783
2983 4 2 1 1 332 385 386 673
2984 4 2 1 1 607 752 722 771
2985 4 2 1 1 144 330 400 665
2986 4 2 1 1 151 135 122 722
2987 4 2 1 1 643 691 595 720
2988 4 2 1 1 580 683 627 779
2989 4 2 1 1 598 660 574 747
2990 4 2 1 1 244 75 333 741
2991 4 2 1 1 663 718 590 727
2992 4 2 1 1 217 666 195 756
2993 4 2 1 1 375 385 380 773
2994 4 2 1 1 726 746 594 753
2995 4 2 1 1 480 500 679 696
2996 4 2 1 1 592 705 676 765
2997 4 2 1 1 410 390 679 697
2998 4 2 1 1 276 262 301 688
2999 4 2 1 1 329 711 310 757
3000 4 2 1 1 531 614 510 760
3001 4 2 1 1 556 730 614 764
3002 4 2 1 1 439 440 438 701
3003 4 2 1 1 106 115 114 690
3004 4 2 1 1 454 441 457 704
3005 4 2 1 1 509 460 731 777
3006 4 2 1 1 48 470 201 702
3007 4 2 1 1 700 722 596 750
3008 4 2 1 1 586 682 620 783
3009 4 2 1 1 426 468 53 694
3010 4 2 1 1 158 53 202 694
3011 4 2 1 1 36 293 243 204
3012 4 2 1 1 264 667 302 723
3013 4 2 1 1 282 657 263 710
3014 4 2 1 1 644 737 564 745
3015 4 2 1 1 406 410 335 612
3016 4 2 1 1 565 771 662 777
3017 4 2 1 1 370 399 607 752
3018 4 2 1 1 577 744 632 774
3019 4 2 1 1 565 675 662 771
3020 4 2 1 1 152 199 198 637
3021 4 2 1 1 293 645 319 759
3022 4 2 1 1 489 460 498 731
3023 4 2 1 1 598 574 681 773
3024 4 2 1 1 288 287 647 690
3025 4 2 1 1 359 377 366 625
3026 4 2 1 1 598 747 574 773
3027 4 2 1 1 132 112 399 752
3028 4 2 1 1 630 724 578 755
3029 4 2 1 1 501 480 679 696
3030 4 2 1 1 485 671 610 760
3031 4 2 1 1 390 411 679 697
3032 4 2 1 1 422 470 48 702
3033 4 2 1 1 180 181 182 725
3034 4 2 1 1 269 267 279 668
3035 4 2 1 1 194 225 165 630
3036 4 2 1 1 510 421 614 730
3037 4 2 1 1 628 693 617 743
3038 4 2 1 1 501 480 500 679
3039 4 2 1 1 410 390 411 679
3040 4 2 1 1 254 312 327 632
3041 4 2 1 1 223 166 237 632
3042 4 2 1 1 48 201 157 702
3043 4 2 1 1 377 361 369 675
3044 4 2 1 1 646 683 593 733
3045 4 2 1 1 130 144 131 665
3046 4 2 1 1 586 667 635 734
3047 4 2 1 1 510 614 556 730
3048 4 2 1 1 293 35 250 160
3049 4 2 1 1 35 293 204 160
3050 4 2 1 1 348 347 718 754
3051 4 2 1 1 645 685 281 759
3052 4 2 1 1 565 700 675 771
3053 4 2 1 1 576 743 672 778
3054 4 2 1 1 336 663 346 718
3055 4 2 1 1 579 675 700 771
3056 4 2 1 1 263 261 259 783
3057 4 2 1 1 123 119 127 714
3058 4 2 1 1 333 75 394 741
3059 4 2 1 1 402 96 331 537
3060 4 2 1 1 575 617 670 725
3061 4 2 1 1 576 617 743 778
3062 4 2 1 1 624 715 651 732
3063 4 2 1 1 305 75 244 741
3064 4 2 1 1 579 722 700 750
3065 4 2 1 1 109 128 632 774
3066 4 2 1 1 468 202 53 694
3067 4 2 1 1 608 698 575 702
3068 4 2 1 1 699 740 598 747
3069 4 2 1 1 577 601 680 774
3070 4 2 1 1 417 374 379 699
3071 4 2 1 1 662 716 565 777
3072 4 2 1 1 556 614 531 737
3073 4 2 1 1 574 611 736 747
3074 4 2 1 1 401 330 107 752
3075 4 2 1 1 341 430 58 376
3076 4 2 1 1 466 58 430 376
3077 4 2 1 1 230 645 204 763
3078 4 2 1 1 48 157 422 702
3079 4 2 1 1 586 717 688 734
3080 4 2 1 1 346 348 347 718
3081 4 2 1 1 688 717 567 734
3082 4 2 1 1 433 490 13 111
3083 4 2 1 1 608 702 575 784
3084 4 2 1 1 584 739 649 775
3085 4 2 1 1 572 727 723 783
3086 4 2 1 1 404 373 331 748
3087 4 2 1 1 635 715 624 751
3088 4 2 1 1 589 735 713 766
3089 4 2 1 1 672 743 617 778
3090 4 2 1 1 497 662 459 716
3091 4 2 1 1 492 421 548 730
3092 4 2 1 1 562 651 616 732
3093 4 2 1 1 372 367 403 643
3094 4 2 1 1 563 613 656 779
3095 4 2 1 1 608 705 196 784
3096 4 2 1 1 562 617 693 743
3097 4 2 1 1 120 121 126 646
3098 4 2 1 1 145 139 122 722
3099 4 2 1 1 713 735 571 766
3100 4 2 1 1 345 336 346 718
3101 4 2 1 1 358 385 681 762
3102 4 2 1 1 617 562 650 743
3103 4 2 1 1 187 173 176 708
3104 4 2 1 1 192 676 645 763
3105 4 2 1 1 576 670 617 778
3106 4 2 1 1 667 723 260 783
3107 4 2 1 1 114 117 129 638
3108 4 2 1 1 299 673 692 736
3109 4 2 1 1 341 408 399 607
3110 4 2 1 1 437 438 436 701
3111 4 2 1 1 144 107 330 665
3112 4 2 1 1 120 119 121 714
3113 4 2 1 1 401 107 132 752
3114 4 2 1 1 319 645 281 759
3115 4 2 1 1 325 140 23 106
3116 4 2 1 1 533 755 630 758
3117 4 2 1 1 630 755 599 758
3118 4 2 1 1 139 665 130 750
3119 4 2 1 1 584 668 623 785
3120 4 2 1 1 222 152 198 780
3121 4 2 1 1 562 624 651 732
3122 4 2 1 1 192 645 230 763
3123 4 2 1 1 205 648 768 778
3124 4 2 1 1 421 461 463 614
3125 4 2 1 1 560 712 619 745
3126 4 2 1 1 227 203 161 641
3127 4 2 1 1 251 292 316 641
3128 4 2 1 1 565 613 700 779
3129 4 2 1 1 129 113 114 690
3130 4 2 1 1 163 217 610 776
3131 4 2 1 1 431 610 485 776
3132 4 2 1 1 557 619 655 719
3133 4 2 1 1 250 319 293 645
3134 4 2 1 1 230 160 204 645
3135 4 2 1 1 589 656 627 698
3136 4 2 1 1 562 693 628 743
3137 4 2 1 1 510 531 556 614
3138 4 2 1 1 568 751 639 767
3139 4 2 1 1 151 126 105 733
3140 4 2 1 1 560 636 712 745
3141 4 2 1 1 290 380 72 673
3142 4 2 1 1 419 374 330 665
3143 4 2 1 1 580 683 646 733
3144 4 2 1 1 312 250 34 223
3145 4 2 1 1 598 660 625 681
3146 4 2 1 1 109 146 125 744
3147 4 2 1 1 539 726 432 730
3148 4 2 1 1 178 179 180 778
3149 4 2 1 1 467 497 459 716
3150 4 2 1 1 219 610 217 756
3151 4 2 1 1 332 72 380 673
3152 4 2 1 1 291 663 258 723
3153 4 2 1 1 568 696 679 782
3154 4 2 1 1 644 666 610 756
3155 4 2 1 1 264 260 667 723
3156 4 2 1 1 355 357 728 770
3157 4 2 1 1 568 679 697 782
3158 4 2 1 1 450 465 475 698
3159 4 2 1 1 290 72 246 673
3160 4 2 1 1 163 217 219 610
3161 4 2 1 1 431 486 485 610
3162 4 2 1 1 246 72 332 673
3163 4 2 1 1 602 718 572 772
3164 4 2 1 1 570 631 649 759
3165 4 2 1 1 401 132 399 752
3166 4 2 1 1 300 265 276 688
3167 4 2 1 1 259 723 727 783
3168 4 2 1 1 355 728 639 770
3169 4 2 1 1 577 637 714 765
3170 4 2 1 1 461 421 462 730
3171 4 2 1 1 614 737 556 764
3172 4 2 1 1 126 137 136 733
3173 4 2 1 1 595 748 373 761
3174 4 2 1 1 399 408 370 607
3175 4 2 1 1 394 75 305 741
3176 4 2 1 1 584 668 649 739
3177 4 2 1 1 454 439 441 704
3178 4 2 1 1 658 718 572 754
3179 4 2 1 1 289 241 288 601
3180 4 2 1 1 247 77 336 663
3181 4 2 1 1 458 464 452 683
3182 4 2 1 1 113 25 311 110
3183 4 2 1 1 295 306 284 710
3184 4 2 1 1 366 357 359 728
3185 4 2 1 1 563 627 683 779
3186 4 2 1 1 255 311 25 110
3187 4 2 1 1 384 639 355 728
3188 4 2 1 1 259 723 258 727
3189 4 2 1 1 384 363 355 639
3190 4 2 1 1 270 299 692 736
3191 4 2 1 1 531 510 541 760
3192 4 2 1 1 367 371 351 643
3193 4 2 1 1 485 610 486 760
3194 4 2 1 1 183 182 181 725
3195 4 2 1 1 576 629 668 768
3196 4 2 1 1 203 641 227 729
3197 4 2 1 1 292 316 641 729
3198 4 2 1 1 77 291 378 663
3199 4 2 1 1 680 714 577 774
3200 4 2 1 1 160 34 250 223
3201 4 2 1 1 77 378 336 663
3202 4 2 1 1 247 291 77 663
3203 4 2 1 1 370 369 368 675
3204 4 2 1 1 233 231 154 631
3205 4 2 1 1 573 694 606 703
3206 4 2 1 1 372 402 331 753
3207 4 2 1 1 570 676 648 763
3208 4 2 1 1 187 212 173 708
3209 4 2 1 1 631 648 576 768
3210 4 2 1 1 243 320 321 631
3211 4 2 1 1 247 258 663 727
3212 4 2 1 1 136 13 490 111
3213 4 2 1 1 485 671 435 776
3214 4 2 1 1 572 718 727 772
3215 4 2 1 1 245 41 156 729
3216 4 2 1 1 449 450 448 698
3217 4 2 1 1 492 539 432 730
3218 4 2 1 1 375 626 699 773
3219 4 2 1 1 302 291 258 723
3220 4 2 1 1 191 186 227 689
3221 4 2 1 1 626 673 574 773
3222 4 2 1 1 405 406 381 642
3223 4 2 1 1 495 471 496 642
3224 4 2 1 1 405 381 338 642
3225 4 2 1 1 429 471 495 642
3226 4 2 1 1 367 351 364 687
3227 4 2 1 1 393 365 652 741
3228 4 2 1 1 304 653 277 741
3229 4 2 1 1 421 101 492 548
3230 4 2 1 1 185 197 198 705
3231 4 2 1 1 280 275 263 657
3232 4 2 1 1 253 630 314 758
3233 4 2 1 1 390 387 350 697
3234 4 2 1 1 590 727 718 772
3235 4 2 1 1 480 440 477 696
3236 4 2 1 1 612 696 582 782
3237 4 2 1 1 459 662 460 777
3238 4 2 1 1 278 649 294 759
3239 4 2 1 1 421 614 463 760
3240 4 2 1 1 259 260 723 783
3241 4 2 1 1 190 234 672 768
3242 4 2 1 1 132 133 112 752
3243 4 2 1 1 294 278 271 649
3244 4 2 1 1 482 468 436 694
3245 4 2 1 1 169 202 213 694
3246 4 2 1 1 140 22 141 325
3247 4 2 1 1 583 715 697 782
3248 4 2 1 1 537 96 331 512
3249 4 2 1 1 455 444 446 674
3250 4 2 1 1 568 697 715 782
3251 4 2 1 1 351 349 687 754
3252 4 2 1 1 258 259 260 723
3253 4 2 1 1 488 220 46 749
3254 4 2 1 1 516 726 538 753
3255 4 2 1 1 618 715 635 751
3256 4 2 1 1 631 570 648 763
3257 4 2 1 1 568 715 618 751
3258 4 2 1 1 207 157 210 702
3259 4 2 1 1 254 289 307 632
3260 4 2 1 1 200 166 218 632
3261 4 2 1 1 139 107 130 665
3262 4 2 1 1 558 706 660 775
3263 4 2 1 1 583 697 612 782
3264 4 2 1 1 557 659 619 769
3265 4 2 1 1 475 422 476 702
3266 4 2 1 1 563 656 627 779
3267 4 2 1 1 565 662 634 716
3268 4 2 1 1 569 712 619 719
3269 4 2 1 1 507 683 464 733
3270 4 2 1 1 280 263 282 657
3271 4 2 1 1 116 117 114 638
3272 4 2 1 1 354 652 365 770
3273 4 2 1 1 132 401 30 107
3274 4 2 1 1 601 647 638 690
3275 4 2 1 1 116 118 117 750
3276 4 2 1 1 212 187 229 708
3277 4 2 1 1 127 680 115 774
3278 4 2 1 1 222 142 17 108
3279 4 2 1 1 444 455 483 674
3280 4 2 1 1 247 257 258 727
3281 4 2 1 1 597 653 652 741
3282 4 2 1 1 203 156 41 729
3283 4 2 1 1 245 292 41 729
3284 4 2 1 1 107 401 30 330
3285 4 2 1 1 499 427 497 634
3286 4 2 1 1 337 409 407 634
3287 4 2 1 1 584 706 640 739
3288 4 2 1 1 521 742 636 781
3289 4 2 1 1 403 726 343 753
3290 4 2 1 1 610 671 485 776
3291 4 2 1 1 179 177 188 693
3292 4 2 1 1 120 122 118 722
3293 4 2 1 1 31 112 399 132
3294 4 2 1 1 451 627 716 777
3295 4 2 1 1 619 719 557 769
3296 4 2 1 1 144 400 28 342
3297 4 2 1 1 395 396 661 748
3298 4 2 1 1 350 349 348 754
3299 4 2 1 1 269 294 271 649
3300 4 2 1 1 558 660 684 775
3301 4 2 1 1 578 712 636 745
3302 4 2 1 1 572 718 663 727
3303 4 2 1 1 310 326 415 711
3304 4 2 1 1 193 174 191 689
3305 4 2 1 1 166 200 236 744
3306 4 2 1 1 122 120 151 722
3307 4 2 1 1 580 722 700 771
3308 4 2 1 1 565 716 634 766
3309 4 2 1 1 523 522 544 742
3310 4 2 1 1 431 55 163 776
3311 4 2 1 1 383 345 718 761
3312 4 2 1 1 510 548 421 730
3313 4 2 1 1 626 699 581 757
3314 4 2 1 1 174 186 191 689
3315 4 2 1 1 338 405 642 746
3316 4 2 1 1 429 642 495 746
3317 4 2 1 1 125 744 123 774
3318 4 2 1 1 181 725 210 784
3319 4 2 1 1 623 688 567 734
3320 4 2 1 1 176 178 211 672
3321 4 2 1 1 568 633 664 767
3322 4 2 1 1 652 653 591 741
3323 4 2 1 1 583 721 715 782
3324 4 2 1 1 266 277 653 785
3325 4 2 1 1 625 571 735 766
3326 4 2 1 1 485 463 671 760
3327 4 2 1 1 189 205 648 763
3328 4 2 1 1 648 725 670 778
3329 4 2 1 1 536 534 661 748
3330 4 2 1 1 288 273 281 685
3331 4 2 1 1 392 352 348 658
3332 4 2 1 1 360 681 385 773
3333 4 2 1 1 451 716 459 777
3334 4 2 1 1 195 153 226 756
3335 4 2 1 1 220 162 46 749
3336 4 2 1 1 91 308 515 518
3337 4 2 1 1 567 717 624 734
3338 4 2 1 1 428 488 46 749
3339 4 2 1 1 313 545 88 758
3340 4 2 1 1 171 175 173 678
3341 4 2 1 1 307 281 319 645
3342 4 2 1 1 230 192 218 645
3343 4 2 1 1 401 31 399 132
3344 4 2 1 1 572 727 620 772
3345 4 2 1 1 358 385 360 681
3346 4 2 1 1 574 673 626 736
3347 4 2 1 1 259 727 620 783
3348 4 2 1 1 203 41 292 729
3349 4 2 1 1 576 648 670 778
3350 4 2 1 1 379 397 417 757
3351 4 2 1 1 560 720 655 772
3352 4 2 1 1 121 137 126 646
3353 4 2 1 1 577 677 676 765
3354 4 2 1 1 679 696 612 782
3355 4 2 1 1 489 143 491 731
3356 4 2 1 1 102 494 541 510
3357 4 2 1 1 669 713 571 766
3358 4 2 1 1 241 325 23 106
3359 4 2 1 1 122 722 139 750
3360 4 2 1 1 395 373 748 761
3361 4 2 1 1 569 719 619 769
3362 4 2 1 1 286 329 310 757
3363 4 2 1 1 679 612 697 782
3364 4 2 1 1 523 521 522 742
3365 4 2 1 1 539 538 516 726
3366 4 2 1 1 167 163 55 776
3367 4 2 1 1 434 55 431 776
3368 4 2 1 1 398 726 403 746
3369 4 2 1 1 493 726 487 746
3370 4 2 1 1 354 355 353 770
3371 4 2 1 1 165 225 221 630
3372 4 2 1 1 314 253 309 630
3373 4 2 1 1 479 501 478 679
3374 4 2 1 1 389 388 411 679
3375 4 2 1 1 272 274 285 736
3376 4 2 1 1 518 91 308 315
3377 4 2 1 1 270 272 299 736
3378 4 2 1 1 670 725 617 778
3379 4 2 1 1 439 438 437 701
3380 4 2 1 1 211 190 234 672
3381 4 2 1 1 667 688 623 734
3382 4 2 1 1 568 664 732 767
3383 4 2 1 1 225 227 161 641
3384 4 2 1 1 316 314 251 641
3385 4 2 1 1 205 182 189 648
3386 4 2 1 1 459 716 662 777
3387 4 2 1 1 124 108 142 780
3388 4 2 1 1 205 768 190 778
3389 4 2 1 1 619 564 709 745
3390 4 2 1 1 84 224 551 724
3391 4 2 1 1 129 131 110 711
3392 4 2 1 1 592 670 648 725
3393 4 2 1 1 356 354 365 770
3394 4 2 1 1 576 672 629 768
3395 4 2 1 1 11 491 143 105
3396 4 2 1 1 462 457 461 654
3397 4 2 1 1 512 535 549 748
3398 4 2 1 1 103 486 541 494
3399 4 2 1 1 264 302 260 723
3400 4 2 1 1 134 143 489 731
3401 4 2 1 1 492 548 100 539
3402 4 2 1 1 532 755 520 781
3403 4 2 1 1 574 692 673 736
3404 4 2 1 1 545 546 88 758
3405 4 2 1 1 541 517 486 103
3406 4 2 1 1 312 254 307 632
3407 4 2 1 1 218 166 223 632
3408 4 2 1 1 356 365 386 762
3409 4 2 1 1 602 761 718 772
3410 4 2 1 1 491 489 10 143
3411 4 2 1 1 718 761 590 772
3412 4 2 1 1 626 574 747 773
3413 4 2 1 1 185 196 705 784
3414 4 2 1 1 557 719 717 769
3415 4 2 1 1 603 624 732 751
3416 4 2 1 1 643 691 594 753
3417 4 2 1 1 101 421 510 548
3418 4 2 1 1 517 541 486 760
3419 4 2 1 1 586 688 667 734
3420 4 2 1 1 486 541 494 760
3421 4 2 1 1 274 287 286 647
3422 4 2 1 1 494 102 421 510
3423 4 2 1 1 415 397 310 711
3424 4 2 1 1 170 168 169 703
3425 4 2 1 1 459 498 460 662
3426 4 2 1 1 551 224 85 514
3427 4 2 1 1 417 397 342 711
3428 4 2 1 1 238 220 45 505
3429 4 2 1 1 310 69 415 326
3430 4 2 1 1 259 257 295 727
3431 4 2 1 1 364 351 349 687
3432 4 2 1 1 393 394 365 741
3433 4 2 1 1 556 540 730 764
3434 4 2 1 1 390 410 387 697
3435 4 2 1 1 443 453 445 664
3436 4 2 1 1 480 477 500 696
3437 4 2 1 1 540 510 556 730
3438 4 2 1 1 398 67 487 746
3439 4 2 1 1 305 304 277 741
3440 4 2 1 1 489 134 10 143
3441 4 2 1 1 455 446 476 707
3442 4 2 1 1 655 720 602 772
3443 4 2 1 1 428 46 162 749
3444 4 2 1 1 361 368 369 675
3445 4 2 1 1 579 740 665 750
3446 4 2 1 1 441 461 457 654
3447 4 2 1 1 253 314 283 758
3448 4 2 1 1 434 167 55 776
3449 4 2 1 1 570 645 676 763
3450 4 2 1 1 522 519 742 781
3451 4 2 1 1 118 722 122 750
3452 4 2 1 1 307 319 250 645
3453 4 2 1 1 160 230 218 645
3454 4 2 1 1 254 141 22 325
3455 4 2 1 1 538 527 691 764
3456 4 2 1 1 196 162 197 749
3457 4 2 1 1 117 139 130 750
3458 4 2 1 1 519 520 511 781
3459 4 2 1 1 133 135 134 731
3460 4 2 1 1 329 287 311 690
3461 4 2 1 1 152 222 17 108
3462 4 2 1 1 131 144 28 342
3463 4 2 1 1 127 116 115 680
3464 4 2 1 1 185 183 196 784
3465 4 2 1 1 467 459 451 716
3466 4 2 1 1 469 428 465 749
3467 4 2 1 1 639 728 588 770
3468 4 2 1 1 456 449 447 713
3469 4 2 1 1 266 268 277 785
3470 4 2 1 1 29 400 144 330
3471 4 2 1 1 398 338 67 746
3472 4 2 1 1 67 429 487 746
3473 4 2 1 1 467 451 449 716
3474 4 2 1 1 527 544 550 691
3475 4 2 1 1 383 345 347 718
3476 4 2 1 1 538 691 550 753
3477 4 2 1 1 556 737 525 764
3478 4 2 1 1 490 507 464 733
3479 4 2 1 1 581 665 699 740
3480 4 2 1 1 536 534 515 661
3481 4 2 1 1 521 532 520 781
3482 4 2 1 1 585 737 614 764
3483 4 2 1 1 503 472 499 669
3484 4 2 1 1 413 409 382 669
3485 4 2 1 1 599 755 636 781
3486 4 2 1 1 574 736 626 747
3487 4 2 1 1 241 287 288 690
3488 4 2 1 1 308 306 252 661
3489 4 2 1 1 396 340 395 661
3490 4 2 1 1 384 355 357 728
3491 4 2 1 1 109 125 128 774
3492 4 2 1 1 474 503 456 713
3493 4 2 1 1 648 576 768 778
3494 4 2 1 1 533 520 755 758
3495 4 2 1 1 487 726 398 746
3496 4 2 1 1 171 213 175 678
3497 4 2 1 1 313 283 242 758
3498 4 2 1 1 190 672 178 778
3499 4 2 1 1 338 429 67 746
3500 4 2 1 1 276 265 262 688
3501 4 2 1 1 11 491 105 420
3502 4 2 1 1 320 278 294 759
3503 4 2 1 1 715 732 624 751
3504 4 2 1 1 197 185 196 705
3505 4 2 1 1 183 725 181 784
3506 4 2 1 1 580 771 700 779
3507 4 2 1 1 421 463 494 760
3508 4 2 1 1 393 365 354 652
3509 4 2 1 1 189 231 205 763
3510 4 2 1 1 266 277 304 653
3511 4 2 1 1 526 524 525 737
3512 4 2 1 1 315 511 518 90
3513 4 2 1 1 144 107 29 330
3514 4 2 1 1 189 676 192 763
3515 4 2 1 1 497 466 498 662
3516 4 2 1 1 394 393 333 741
3517 4 2 1 1 538 527 550 691
3518 4 2 1 1 188 177 215 693
3519 4 2 1 1 153 224 84 724
3520 4 2 1 1 533 545 520 758
3521 4 2 1 1 304 305 244 741
3522 4 2 1 1 270 296 268 692
3523 4 2 1 1 419 330 401 752
3524 4 2 1 1 84 551 513 724
3525 4 2 1 1 113 24 106 690
3526 4 2 1 1 563 637 705 765
3527 4 2 1 1 398 343 403 726
3528 4 2 1 1 432 487 493 726
3529 4 2 1 1 603 751 732 767
3530 4 2 1 1 349 351 347 754
3531 4 2 1 1 505 220 45 488
3532 4 2 1 1 310 69 397 415
3533 4 2 1 1 568 732 751 767
3534 4 2 1 1 229 232 208 695
3535 4 2 1 1 19 166 236 146
3536 4 2 1 1 372 371 367 643
3537 4 2 1 1 297 322 318 695
3538 4 2 1 1 512 549 95 404
3539 4 2 1 1 217 206 195 666
3540 4 2 1 1 536 553 414 661
3541 4 2 1 1 358 386 385 762
3542 4 2 1 1 258 723 663 727
3543 4 2 1 1 547 513 529 756
3544 4 2 1 1 414 252 340 661
3545 4 2 1 1 565 700 771 779
3546 4 2 1 1 299 296 270 692
3547 4 2 1 1 165 85 224 514
3548 4 2 1 1 269 268 267 785
3549 4 2 1 1 517 542 541 760
3550 4 2 1 1 292 317 316 729
3551 4 2 1 1 228 203 227 729
3552 4 2 1 1 288 287 274 647
3553 4 2 1 1 118 122 139 750
3554 4 2 1 1 435 485 473 671
3555 4 2 1 1 522 742 521 781
3556 4 2 1 1 97 537 402 753
3557 4 2 1 1 125 123 127 774
3558 4 2 1 1 553 515 324 661
3559 4 2 1 1 627 777 580 779
3560 4 2 1 1 190 768 672 778
3561 4 2 1 1 516 416 555 726
3562 4 2 1 1 169 158 202 694
3563 4 2 1 1 426 436 468 694
3564 4 2 1 1 388 410 411 679
3565 4 2 1 1 478 501 500 679
3566 4 2 1 1 97 516 537 753
3567 4 2 1 1 570 685 645 759
3568 4 2 1 1 462 492 432 730
3569 4 2 1 1 135 105 143 731
3570 4 2 1 1 395 345 383 761
3571 4 2 1 1 195 219 217 756
3572 4 2 1 1 415 148 342 711
3573 4 2 1 1 422 475 470 702
3574 4 2 1 1 16 222 164 780
3575 4 2 1 1 570 631 759 763
3576 4 2 1 1 282 263 295 710
3577 4 2 1 1 157 201 210 702
3578 4 2 1 1 145 132 107 752
3579 4 2 1 1 95 331 512 404
3580 4 2 1 1 525 556 531 737
3581 4 2 1 1 360 359 358 681
3582 4 2 1 1 373 383 371 761
3583 4 2 1 1 547 226 83 513
3584 4 2 1 1 400 374 417 665
3585 4 2 1 1 324 252 414 661
3586 4 2 1 1 547 219 226 756
3587 4 2 1 1 503 424 472 669
3588 4 2 1 1 413 382 334 669
3589 4 2 1 1 193 194 153 724
3590 4 2 1 1 208 232 159 695
3591 4 2 1 1 374 400 330 665
3592 4 2 1 1 416 487 506 726
3593 4 2 1 1 297 248 322 695
3594 4 2 1 1 217 167 168 776
3595 4 2 1 1 434 485 435 776
3596 4 2 1 1 432 492 100 539
3597 4 2 1 1 529 528 526 644
3598 4 2 1 1 542 531 541 760
3599 4 2 1 1 362 375 699 773
3600 4 2 1 1 342 148 131 711
3601 4 2 1 1 90 315 511 242
3602 4 2 1 1 113 311 24 690
3603 4 2 1 1 536 535 534 748
3604 4 2 1 1 548 540 539 730
3605 4 2 1 1 513 530 528 724
3606 4 2 1 1 397 310 711 757
3607 4 2 1 1 370 401 399 752
3608 4 2 1 1 127 119 116 680
3609 4 2 1 1 206 193 195 666
3610 4 2 1 1 172 212 186 686
3611 4 2 1 1 558 739 706 775
3612 4 2 1 1 374 362 379 699
3613 4 2 1 1 16 164 138 780
3614 4 2 1 1 107 144 130 665
3615 4 2 1 1 183 181 210 784
3616 4 2 1 1 355 356 357 770
3617 4 2 1 1 404 549 396 748
3618 4 2 1 1 319 281 278 759
3619 4 2 1 1 16 142 222 780
3620 4 2 1 1 366 413 384 728
3621 4 2 1 1 255 110 148 711
3622 4 2 1 1 385 332 380 673
3623 4 2 1 1 153 84 513 724
3624 4 2 1 1 485 486 463 760
3625 4 2 1 1 522 521 519 781
3626 4 2 1 1 205 190 180 778
3627 4 2 1 1 416 398 487 726
3628 4 2 1 1 275 301 261 682
3629 4 2 1 1 299 290 246 673
3630 4 2 1 1 584 706 739 775
3631 4 2 1 1 549 94 404 396
3632 4 2 1 1 700 722 579 771
3633 4 2 1 1 513 226 83 153
3634 4 2 1 1 663 723 572 727
3635 4 2 1 1 568 732 715 751
3636 4 2 1 1 219 82 547 226
3637 4 2 1 1 189 192 230 763
3638 4 2 1 1 178 190 211 672
3639 4 2 1 1 166 19 109 146
3640 4 2 1 1 402 343 97 753
3641 4 2 1 1 336 378 346 663
3642 4 2 1 1 247 258 291 663
3643 4 2 1 1 464 507 469 683
3644 4 2 1 1 189 184 192 676
3645 4 2 1 1 516 97 343 753
3646 4 2 1 1 450 475 448 698
3647 4 2 1 1 549 94 396 536
3648 4 2 1 1 543 529 542 756
3649 4 2 1 1 127 115 128 774
3650 4 2 1 1 504 431 56 163
3651 4 2 1 1 340 414 80 252
3652 4 2 1 1 293 319 320 759
3653 4 2 1 1 396 549 536 748
3654 4 2 1 1 197 162 220 749
3655 4 2 1 1 372 403 343 753
3656 4 2 1 1 24 241 106 690
3657 4 2 1 1 308 324 515 661
3658 4 2 1 1 180 190 178 778
3659 4 2 1 1 255 148 326 711
3660 4 2 1 1 469 488 428 749
3661 4 2 1 1 86 165 239 552
3662 4 2 1 1 414 396 536 661
3663 4 2 1 1 506 432 555 726
3664 4 2 1 1 170 169 171 703
3665 4 2 1 1 184 199 192 676
3666 4 2 1 1 146 236 18 744
3667 4 2 1 1 395 373 396 748
3668 4 2 1 1 543 219 547 756
3669 4 2 1 1 338 403 405 746
3670 4 2 1 1 429 495 493 746
3671 4 2 1 1 16 138 142 780
3672 4 2 1 1 699 747 598 773
3673 4 2 1 1 375 379 362 699
3674 4 2 1 1 221 44 239 328
3675 4 2 1 1 416 98 516 555
3676 4 2 1 1 490 12 136 733
3677 4 2 1 1 255 310 329 711
3678 4 2 1 1 150 9 508 489
3679 4 2 1 1 121 123 124 714
3680 4 2 1 1 235 504 56 163
3681 4 2 1 1 414 324 80 252
3682 4 2 1 1 570 759 645 763
3683 4 2 1 1 516 343 416 726
3684 4 2 1 1 485 463 473 671
3685 4 2 1 1 490 420 12 733
3686 4 2 1 1 506 416 68 487
3687 4 2 1 1 310 397 70 757
3688 4 2 1 1 539 555 432 726
3689 4 2 1 1 476 446 448 707
3690 4 2 1 1 32 150 418 112
3691 4 2 1 1 442 483 482 738
3692 4 2 1 1 626 747 699 773
3693 4 2 1 1 543 219 82 547
3694 4 2 1 1 234 233 209 768
3695 4 2 1 1 86 165 552 514
3696 4 2 1 1 233 190 205 768
3697 4 2 1 1 20 147 237 166
3698 4 2 1 1 430 418 57 508
3699 4 2 1 1 328 221 44 309
3700 4 2 1 1 420 105 12 733
3701 4 2 1 1 460 509 458 777
3702 4 2 1 1 509 420 464 733
3703 4 2 1 1 464 469 452 683
3704 4 2 1 1 231 230 204 763
3705 4 2 1 1 533 546 545 758
3706 4 2 1 1 108 123 125 744
3707 4 2 1 1 487 416 68 398
3708 4 2 1 1 275 317 301 682
3709 4 2 1 1 105 136 12 733
3710 4 2 1 1 343 726 516 753
3711 4 2 1 1 132 145 133 752
3712 4 2 1 1 396 536 661 748
3713 4 2 1 1 538 550 537 753
3714 4 2 1 1 106 114 113 690
3715 4 2 1 1 9 150 134 489
3716 4 2 1 1 24 311 241 690
3717 4 2 1 1 147 20 109 166
3718 4 2 1 1 18 108 146 744
3719 4 2 1 1 163 167 217 776
3720 4 2 1 1 434 431 485 776
3721 4 2 1 1 110 26 255 148
3722 4 2 1 1 70 339 249 757
3723 4 2 1 1 553 324 414 661
3724 4 2 1 1 418 430 57 341
3725 4 2 1 1 432 99 506 555
3726 4 2 1 1 672 768 576 778
3727 4 2 1 1 147 141 21 327
3728 4 2 1 1 14 149 433 111
3729 4 2 1 1 228 186 212 686
3730 4 2 1 1 149 505 14 433
3731 4 2 1 1 442 482 438 738
3732 4 2 1 1 148 26 255 326
3733 4 2 1 1 124 138 137 780
3734 4 2 1 1 200 199 152 744
3735 4 2 1 1 553 414 93 536
3736 4 2 1 1 498 459 497 662
3737 4 2 1 1 526 525 531 737
3738 4 2 1 1 236 152 18 744
3739 4 2 1 1 327 312 33 237
3740 4 2 1 1 228 156 203 729
3741 4 2 1 1 292 245 317 729
3742 4 2 1 1 310 70 249 757
3743 4 2 1 1 259 258 257 727
3744 4 2 1 1 462 421 492 730
3745 4 2 1 1 70 397 339 757
3746 4 2 1 1 474 456 447 713
3747 4 2 1 1 99 432 539 555
3748 4 2 1 1 235 554 543 81
3749 4 2 1 1 87 552 328 546
3750 4 2 1 1 556 525 527 764
3751 4 2 1 1 123 121 119 714
3752 4 2 1 1 538 540 527 764
3753 4 2 1 1 516 343 98 416
3754 4 2 1 1 491 509 460 731
3755 4 2 1 1 299 272 285 736
3756 4 2 1 1 558 684 739 775
3757 4 2 1 1 112 418 32 399
3758 4 2 1 1 540 548 510 730
3759 4 2 1 1 491 460 489 731
3760 4 2 1 1 345 346 347 718
3761 4 2 1 1 536 515 553 661
3762 4 2 1 1 347 348 349 754
3763 4 2 1 1 261 262 260 783
3764 4 2 1 1 415 326 148 711
3765 4 2 1 1 223 33 312 237
3766 4 2 1 1 266 267 268 785
3767 4 2 1 1 516 538 537 753
3768 4 2 1 1 136 105 126 733
3769 4 2 1 1 415 342 397 711
3770 4 2 1 1 362 360 375 773
3771 4 2 1 1 451 459 458 777
3772 4 2 1 1 152 108 18 744
3773 4 2 1 1 284 282 295 710
3774 4 2 1 1 260 302 258 723
3775 4 2 1 1 240 222 198 780
3776 4 2 1 1 143 134 135 731
3777 4 2 1 1 254 21 141 327
3778 4 2 1 1 533 532 530 755
3779 4 2 1 1 253 87 328 546
3780 4 2 1 1 520 532 533 755
3781 4 2 1 1 310 249 286 757
3782 4 2 1 1 415 27 342 148
3783 4 2 1 1 339 397 379 757
3784 4 2 1 1 396 93 414 536
3785 4 2 1 1 386 358 356 762
3786 4 2 1 1 238 15 164 149
3787 4 2 1 1 506 555 416 726
3788 4 2 1 1 366 384 357 728
3789 4 2 1 1 310 69 70 397
3790 4 2 1 1 46 45 220 488
3791 4 2 1 1 459 460 458 777
3792 4 2 1 1 60 59 427 337
3793 4 2 1 1 27 131 342 148
3794 4 2 1 1 543 235 81 219
3795 4 2 1 1 53 54 426 158
3796 4 2 1 1 247 336 77 78
3797 4 2 1 1 52 53 468 202
3798 4 2 1 1 378 77 76 291
3799 4 2 1 1 52 51 155 423
3800 4 2 1 1 244 333 75 76
3801 4 2 1 1 481 49 50 214
3802 4 2 1 1 74 73 391 303
3803 4 2 1 1 513 551 530 724
3804 4 2 1 1 51 50 216 484
3805 4 2 1 1 75 394 305 74
3806 4 2 1 1 49 48 157 422
3807 4 2 1 1 246 73 332 72
3808 4 2 1 1 194 224 153 724
3809 4 2 1 1 72 380 290 71
3810 4 2 1 1 201 48 47 470
3811 4 2 1 1 183 210 196 784
3812 4 2 1 1 164 222 240 780
3813 4 2 1 1 553 324 515 92
3814 4 2 1 1 195 226 219 756
3815 4 2 1 1 373 395 383 761
3816 4 2 1 1 55 54 167 434
3817 4 2 1 1 79 344 256 78
3818 4 2 1 1 360 385 375 773
3819 4 2 1 1 15 164 149 138
3820 4 2 1 1 102 101 421 510
3821 4 2 1 1 234 190 233 768
3822 4 2 1 1 398 403 338 746
3823 4 2 1 1 493 487 429 746
3824 4 2 1 1 554 517 104 504
3825 4 2 1 1 283 313 253 758
3826 4 2 1 1 512 96 331 95
3827 4 2 1 1 39 38 248 159
3828 4 2 1 1 40 41 156 245
3829 4 2 1 1 425 65 64 335
3830 4 2 1 1 486 494 463 760
3831 4 2 1 1 308 515 324 92
3832 4 2 1 1 535 536 549 748
3833 4 2 1 1 259 261 260 783
3834 4 2 1 1 472 61 60 382
3835 4 2 1 1 419 401 370 752
3836 4 2 1 1 251 43 42 161
3837 4 2 1 1 464 420 490 733
3838 4 2 1 1 339 71 70 249
3839 4 2 1 1 428 46 47 162
3840 4 2 1 1 37 38 209 298
3841 4 2 1 1 66 67 338 429
3842 4 2 1 1 388 63 64 478
3843 4 2 1 1 543 547 529 756
3844 4 2 1 1 404 396 373 748
3845 4 2 1 1 516 555 539 726
3846 4 2 1 1 40 39 297 208
3847 4 2 1 1 517 486 104 504
3848 4 2 1 1 424 62 61 334
3849 4 2 1 1 389 62 63 479
3850 4 2 1 1 131 148 110 711
3851 4 2 1 1 255 326 310 711
3852 4 2 1 1 278 320 319 759
3853 4 2 1 1 80 79 340 252
3854 4 2 1 1 55 56 431 163
3855 4 2 1 1 311 287 241 690
3856 4 2 1 1 354 356 355 770
3857 4 2 1 1 511 90 242 89
3858 4 2 1 1 94 93 396 536
3859 4 2 1 1 41 42 203 292
3860 4 2 1 1 139 117 118 750
3861 4 2 1 1 66 65 471 381
3862 4 2 1 1 37 36 243 154
3863 4 2 1 1 414 340 396 661
3864 4 2 1 1 308 252 324 661
3865 4 2 1 1 165 86 85 514
3866 4 2 1 1 520 519 521 781
3867 4 2 1 1 231 189 230 763
3868 4 2 1 1 10 9 134 489
3869 4 2 1 1 372 343 402 753
3870 4 2 1 1 92 308 515 91
3871 4 2 1 1 219 81 543 82
3872 4 2 1 1 84 513 83 153
3873 4 2 1 1 241 23 24 106
3874 4 2 1 1 100 99 432 539
3875 4 2 1 1 104 486 517 103
3876 4 2 1 1 556 527 540 764
3877 4 2 1 1 109 20 19 166
3878 4 2 1 1 255 25 26 110
3879 4 2 1 1 112 32 31 399
3880 4 2 1 1 98 343 516 97
3881 4 2 1 1 108 125 146 744
3882 4 2 1 1 343 398 416 726
3883 4 2 1 1 432 506 487 726
3884 4 2 1 1 6 554 504 235
3885 4 2 1 1 8 553 324 414
3886 4 2 1 1 107 30 29 330
3887 4 2 1 1 152 17 18 108
3888 4 2 1 1 253 88 87 546
3889 4 2 1 1 124 142 138 780
3890 4 2 1 1 131 28 27 342
3891 4 2 1 1 59 58 466 376
3892 4 2 1 1 327 3 147 237
3893 4 2 1 1 506 5 416 555
3894 4 2 1 1 7 239 328 552
3895 4 2 1 1 150 508 1 418
3896 4 2 1 1 433 13 14 111
3897 4 2 1 1 505 2 238 149
3898 4 2 1 1 148 415 4 326
3899 4 2 1 1 105 12 11 420
3900 4 2 1 1 490 12 13 136
3901 4 2 1 1 22 21 141 254
3902 4 2 1 1 164 15 16 138
3903 4 2 1 1 401 30 31 132
3904 4 2 1 1 127 128 125 774
3905 4 2 1 1 36 35 293 204
3906 4 2 1 1 113 25 24 311
3907 4 2 1 1 518 91 315 90
3908 4 2 1 1 541 103 494 102
3909 4 2 1 1 250 35 34 160
3910 4 2 1 1 89 313 545 88
3911 4 2 1 1 312 34 33 223
3912 4 2 1 1 221 43 44 309
3913 4 2 1 1 140 23 22 325
3914 4 2 1 1 152 236 200 744
3915 4 2 1 1 504 56 6 235
3916 4 2 1 1 324 80 8 414
3917 4 2 1 1 68 67 487 398
3918 4 2 1 1 96 402 97 537
3919 4 2 1 1 58 57 430 341
3920 4 2 1 1 14 2 505 149
3921 4 2 1 1 148 4 26 326
3922 4 2 1 1 491 10 11 143
3923 4 2 1 1 400 28 29 144
3924 4 2 1 1 327 33 3 237
3925 4 2 1 1 68 5 416 506
3926 4 2 1 1 239 44 7 328
3927 4 2 1 1 508 57 1 418
3928 4 2 1 1 21 3 147 327
3929 4 2 1 1 5 98 416 555
3930 4 2 1 1 3 20 147 237
3931 4 2 1 1 239 7 86 552
3932 4 2 1 1 552 328 7 87
3933 4 2 1 1 506 99 5 555
3934 4 2 1 1 1 32 150 418
3935 4 2 1 1 508 1 9 150
3936 4 2 1 1 238 45 2 505
3937 4 2 1 1 415 69 4 326
3938 4 2 1 1 4 27 415 148
3939 4 2 1 1 2 15 238 149
3940 4 2 1 1 8 553 414 93
3941 4 2 1 1 554 104 6 504
3942 4 2 1 1 235 6 554 81
3943 4 2 1 1 324 553 8 92
3944 4 2 1 1 101 492 548 100
3945 4 2 1 1 17 16 142 222
3946 4 2 1 1 549 94 95 404
3947 4 2 1 1 82 547 226 83
3948 4 2 1 1 84 551 224 85
3949 4 2 1 1 18 19 236 146
3950 4 2 1 1 601 325 632 289
3951 4 2 1 1 601 632 325 140
3952 4 2 1 1 673 391 386 332
3953 4 2 1 1 673 386 391 597
3954 4 2 1 1 692 271 269 270
3955 4 2 1 1 692 269 271 649
3956 4 2 1 1 598 613 565 660
3957 4 2 1 1 565 613 598 700
3958 4 2 1 1 708 629 211 695
3959 4 2 1 1 708 211 629 672
3960 4 2 1 1 733 111 137 136
3961 4 2 1 1 733 137 111 593
3962 4 2 1 1 661 344 395 590
3963 4 2 1 1 661 395 344 340
3964 4 2 1 1 661 256 306 252
3965 4 2 1 1 661 306 256 590
3966 4 2 1 1 644 755 724 528
3967 4 2 1 1 724 755 644 578
3968 4 2 1 1 728 412 639 633
3969 4 2 1 1 728 639 412 384
3970 4 2 1 1 744 676 632 200
3971 4 2 1 1 744 632 676 577
3972 4 2 1 1 655 715 721 557
3973 4 2 1 1 721 715 655 583
3974 4 2 1 1 588 775 597 574
3975 4 2 1 1 597 775 588 706
3976 4 2 1 1 772 595 590 560
3977 4 2 1 1 772 590 595 761
3978 4 2 1 1 621 590 595 560
3979 4 2 1 1 621 595 590 761
3980 4 2 1 1 746 566 654 594
3981 4 2 1 1 746 654 566 642
3982 4 2 1 1 661 518 534 515
3983 4 2 1 1 661 534 518 621
3984 4 2 1 1 145 579 665 139
3985 4 2 1 1 665 579 145 752
3986 4 2 1 1 665 107 145 139
3987 4 2 1 1 145 107 665 752
3988 4 2 1 1 737 709 745 585
3989 4 2 1 1 737 745 709 564
3990 4 2 1 1 523 764 691 527
3991 4 2 1 1 691 764 523 585
3992 4 2 1 1 760 644 564 610
3993 4 2 1 1 760 564 644 737
3994 4 2 1 1 624 751 640 561
3995 4 2 1 1 624 640 751 603
3996 4 2 1 1 706 640 751 561
3997 4 2 1 1 706 751 640 603
3998 4 2 1 1 769 686 717 587
3999 4 2 1 1 769 717 686 569
4000 4 2 1 1 604 717 686 587
4001 4 2 1 1 604 686 717 569
4002 4 2 1 1 577 765 744 637
4003 4 2 1 1 577 744 765 676
4004 4 2 1 1 199 744 765 637
4005 4 2 1 1 199 765 744 676
4006 4 2 1 1 738 423 694 609
4007 4 2 1 1 738 694 423 482
4008 4 2 1 1 747 775 611 684
4009 4 2 1 1 611 775 747 574
4010 4 2 1 1 761 661 621 748
4011 4 2 1 1 761 621 661 590
4012 4 2 1 1 765 656 705 563
4013 4 2 1 1 765 705 656 592
4014 4 2 1 1 759 273 281 278
4015 4 2 1 1 759 281 273 685
4016 4 2 1 1 770 597 365 762
4017 4 2 1 1 770 365 597 652
4018 4 2 1 1 780 744 124 108
4019 4 2 1 1 780 124 744 637
4020 4 2 1 1 696 453 443 664
4021 4 2 1 1 696 443 453 480
4022 4 2 1 1 602 383 371 351
4023 4 2 1 1 602 371 383 761
4024 4 2 1 1 726 462 730 594
4025 4 2 1 1 726 730 462 432
4026 4 2 1 1 719 657 682 569
4027 4 2 1 1 719 682 657 620
4028 4 2 1 1 242 545 89 313
4029 4 2 1 1 89 545 242 511
4030 4 2 1 1 720 761 643 602
4031 4 2 1 1 643 761 720 595
4032 4 2 1 1 783 263 682 620
4033 4 2 1 1 783 682 263 261
4034 4 2 1 1 325 106 601 140
4035 4 2 1 1 601 106 325 241
4036 4 2 1 1 144 342 665 400
4037 4 2 1 1 665 342 144 131
4038 4 2 1 1 325 141 632 254
4039 4 2 1 1 325 632 141 140
4040 4 2 1 1 182 778 205 180
4041 4 2 1 1 205 778 182 648
4042 4 2 1 1 88 758 253 313
4043 4 2 1 1 253 758 88 546
4044 4 2 1 1 166 146 744 236
4045 4 2 1 1 744 146 166 109
4046 4 2 1 1 185 183 705 184
4047 4 2 1 1 185 705 183 784
4048 4 2 1 1 592 705 183 184
4049 4 2 1 1 592 183 705 784
$EndElements
